rel.group,area,year,season,program,length,lendist
1,5,1990,3,RTTP,2,0
1,5,1990,3,RTTP,4,0
1,5,1990,3,RTTP,6,0
1,5,1990,3,RTTP,8,0
1,5,1990,3,RTTP,10,0
1,5,1990,3,RTTP,12,0
1,5,1990,3,RTTP,14,0
1,5,1990,3,RTTP,16,0
1,5,1990,3,RTTP,18,0
1,5,1990,3,RTTP,20,0.485677704940117
1,5,1990,3,RTTP,22,0
1,5,1990,3,RTTP,24,0
1,5,1990,3,RTTP,26,0.485677704940117
1,5,1990,3,RTTP,28,3.88542163952094
1,5,1990,3,RTTP,30,40.7969272149698
1,5,1990,3,RTTP,32,122.390781644909
1,5,1990,3,RTTP,34,143.760600662275
1,5,1990,3,RTTP,36,246.724274109579
1,5,1990,3,RTTP,38,371.057766574249
1,5,1990,3,RTTP,40,380.285642968112
1,5,1990,3,RTTP,42,229.239876731735
1,5,1990,3,RTTP,44,165.61609738458
1,5,1990,3,RTTP,46,137.932468202993
1,5,1990,3,RTTP,48,135.504079678293
1,5,1990,3,RTTP,50,160.759320335179
1,5,1990,3,RTTP,52,126.27620328443
1,5,1990,3,RTTP,54,116.076971480688
1,5,1990,3,RTTP,56,92.2787639386222
1,5,1990,3,RTTP,58,101.020962627544
1,5,1990,3,RTTP,60,39.3398941001495
1,5,1990,3,RTTP,62,4.37109934446105
1,5,1990,3,RTTP,64,2.42838852470058
1,5,1990,3,RTTP,66,0
1,5,1990,3,RTTP,68,0.485677704940117
1,5,1990,3,RTTP,70,0
1,5,1990,3,RTTP,72,0
1,5,1990,3,RTTP,74,0
1,5,1990,3,RTTP,76,0
1,5,1990,3,RTTP,78,0
1,5,1990,3,RTTP,80,0
1,5,1990,3,RTTP,82,0
1,5,1990,3,RTTP,84,0
1,5,1990,3,RTTP,86,0
1,5,1990,3,RTTP,88,0
1,5,1990,3,RTTP,90,0
1,5,1990,3,RTTP,92,0
1,5,1990,3,RTTP,94,0
1,5,1990,3,RTTP,96,0
1,5,1990,3,RTTP,98,0
1,5,1990,3,RTTP,100,0
1,5,1990,3,RTTP,102,0
1,5,1990,3,RTTP,104,0
1,5,1990,3,RTTP,106,0
1,5,1990,3,RTTP,108,0
2,5,1991,1,RTTP,2,0
2,5,1991,1,RTTP,4,0
2,5,1991,1,RTTP,6,0
2,5,1991,1,RTTP,8,0
2,5,1991,1,RTTP,10,0
2,5,1991,1,RTTP,12,0
2,5,1991,1,RTTP,14,0
2,5,1991,1,RTTP,16,0
2,5,1991,1,RTTP,18,0
2,5,1991,1,RTTP,20,0
2,5,1991,1,RTTP,22,4.52615494114024
2,5,1991,1,RTTP,24,6.78923241171036
2,5,1991,1,RTTP,26,42.2441127839756
2,5,1991,1,RTTP,28,70.9097607445305
2,5,1991,1,RTTP,30,127.486697508784
2,5,1991,1,RTTP,32,454.124212427738
2,5,1991,1,RTTP,34,800.375065424966
2,5,1991,1,RTTP,36,570.295522583671
2,5,1991,1,RTTP,38,493.350888584287
2,5,1991,1,RTTP,40,252.710317546997
2,5,1991,1,RTTP,42,72.4184790582439
2,5,1991,1,RTTP,44,60.3487325485366
2,5,1991,1,RTTP,46,94.2948946070884
2,5,1991,1,RTTP,48,92.0318171365183
2,5,1991,1,RTTP,50,113.908232685363
2,5,1991,1,RTTP,52,81.4707889405244
2,5,1991,1,RTTP,54,81.4707889405244
2,5,1991,1,RTTP,56,85.2425847248079
2,5,1991,1,RTTP,58,47.5246268819726
2,5,1991,1,RTTP,60,29.4200071174116
2,5,1991,1,RTTP,62,8.29795072542378
2,5,1991,1,RTTP,64,12.0697465097073
2,5,1991,1,RTTP,66,21.1220563919878
2,5,1991,1,RTTP,68,14.3328239802774
2,5,1991,1,RTTP,70,3.01743662742683
2,5,1991,1,RTTP,72,0
2,5,1991,1,RTTP,74,0.754359156856707
2,5,1991,1,RTTP,76,0
2,5,1991,1,RTTP,78,0
2,5,1991,1,RTTP,80,0
2,5,1991,1,RTTP,82,0
2,5,1991,1,RTTP,84,0
2,5,1991,1,RTTP,86,0
2,5,1991,1,RTTP,88,0
2,5,1991,1,RTTP,90,0
2,5,1991,1,RTTP,92,0
2,5,1991,1,RTTP,94,0
2,5,1991,1,RTTP,96,0
2,5,1991,1,RTTP,98,0
2,5,1991,1,RTTP,100,0
2,5,1991,1,RTTP,102,0
2,5,1991,1,RTTP,104,0
2,5,1991,1,RTTP,106,0
2,5,1991,1,RTTP,108,0
3,5,1991,2,RTTP,2,0
3,5,1991,2,RTTP,4,0
3,5,1991,2,RTTP,6,0
3,5,1991,2,RTTP,8,0
3,5,1991,2,RTTP,10,0
3,5,1991,2,RTTP,12,0
3,5,1991,2,RTTP,14,0
3,5,1991,2,RTTP,16,0
3,5,1991,2,RTTP,18,0
3,5,1991,2,RTTP,20,0
3,5,1991,2,RTTP,22,0
3,5,1991,2,RTTP,24,2.85938670182213
3,5,1991,2,RTTP,26,6.29065074400868
3,5,1991,2,RTTP,28,9.72191478619523
3,5,1991,2,RTTP,30,36.0282724429588
3,5,1991,2,RTTP,32,340.838894857197
3,5,1991,2,RTTP,34,515.833361008711
3,5,1991,2,RTTP,36,385.445327405622
3,5,1991,2,RTTP,38,316.248169221527
3,5,1991,2,RTTP,40,289.941811564763
3,5,1991,2,RTTP,42,135.534929666369
3,5,1991,2,RTTP,44,124.669260199445
3,5,1991,2,RTTP,46,67.4815261630022
3,5,1991,2,RTTP,48,66.3377714822733
3,5,1991,2,RTTP,50,99.50665722341
3,5,1991,2,RTTP,52,113.803590732521
3,5,1991,2,RTTP,54,136.678684347098
3,5,1991,2,RTTP,56,90.3566197775792
3,5,1991,2,RTTP,58,53.1845926538915
3,5,1991,2,RTTP,60,16.5844428705683
3,5,1991,2,RTTP,62,5.71877340364425
3,5,1991,2,RTTP,64,1.14375468072885
3,5,1991,2,RTTP,66,0.571877340364425
3,5,1991,2,RTTP,68,1.71563202109328
3,5,1991,2,RTTP,70,0
3,5,1991,2,RTTP,72,0.571877340364425
3,5,1991,2,RTTP,74,0
3,5,1991,2,RTTP,76,0
3,5,1991,2,RTTP,78,0
3,5,1991,2,RTTP,80,0
3,5,1991,2,RTTP,82,0
3,5,1991,2,RTTP,84,0
3,5,1991,2,RTTP,86,0
3,5,1991,2,RTTP,88,0
3,5,1991,2,RTTP,90,0
3,5,1991,2,RTTP,92,0
3,5,1991,2,RTTP,94,0
3,5,1991,2,RTTP,96,0
3,5,1991,2,RTTP,98,0
3,5,1991,2,RTTP,100,0
3,5,1991,2,RTTP,102,0
3,5,1991,2,RTTP,104,0
3,5,1991,2,RTTP,106,0
3,5,1991,2,RTTP,108,0
4,5,1992,2,RTTP,2,0
4,5,1992,2,RTTP,4,0
4,5,1992,2,RTTP,6,0
4,5,1992,2,RTTP,8,0
4,5,1992,2,RTTP,10,0
4,5,1992,2,RTTP,12,0
4,5,1992,2,RTTP,14,0
4,5,1992,2,RTTP,16,0
4,5,1992,2,RTTP,18,0
4,5,1992,2,RTTP,20,0.826795277752677
4,5,1992,2,RTTP,22,38.8593780543758
4,5,1992,2,RTTP,24,16.5359055550535
4,5,1992,2,RTTP,26,3.30718111101071
4,5,1992,2,RTTP,28,16.5359055550535
4,5,1992,2,RTTP,30,8.26795277752677
4,5,1992,2,RTTP,32,0.826795277752677
4,5,1992,2,RTTP,34,0
4,5,1992,2,RTTP,36,0
4,5,1992,2,RTTP,38,0
4,5,1992,2,RTTP,40,0
4,5,1992,2,RTTP,42,0
4,5,1992,2,RTTP,44,0
4,5,1992,2,RTTP,46,0
4,5,1992,2,RTTP,48,0
4,5,1992,2,RTTP,50,0
4,5,1992,2,RTTP,52,0
4,5,1992,2,RTTP,54,0
4,5,1992,2,RTTP,56,0
4,5,1992,2,RTTP,58,0
4,5,1992,2,RTTP,60,0
4,5,1992,2,RTTP,62,0
4,5,1992,2,RTTP,64,0
4,5,1992,2,RTTP,66,0
4,5,1992,2,RTTP,68,0
4,5,1992,2,RTTP,70,0
4,5,1992,2,RTTP,72,0
4,5,1992,2,RTTP,74,0
4,5,1992,2,RTTP,76,0
4,5,1992,2,RTTP,78,0
4,5,1992,2,RTTP,80,0
4,5,1992,2,RTTP,82,0
4,5,1992,2,RTTP,84,0
4,5,1992,2,RTTP,86,0
4,5,1992,2,RTTP,88,0
4,5,1992,2,RTTP,90,0
4,5,1992,2,RTTP,92,0
4,5,1992,2,RTTP,94,0
4,5,1992,2,RTTP,96,0
4,5,1992,2,RTTP,98,0
4,5,1992,2,RTTP,100,0
4,5,1992,2,RTTP,102,0
4,5,1992,2,RTTP,104,0
4,5,1992,2,RTTP,106,0
4,5,1992,2,RTTP,108,0
5,5,1992,3,RTTP,2,0
5,5,1992,3,RTTP,4,0
5,5,1992,3,RTTP,6,0
5,5,1992,3,RTTP,8,0
5,5,1992,3,RTTP,10,0
5,5,1992,3,RTTP,12,0
5,5,1992,3,RTTP,14,0
5,5,1992,3,RTTP,16,0
5,5,1992,3,RTTP,18,0
5,5,1992,3,RTTP,20,0
5,5,1992,3,RTTP,22,20.2195269521592
5,5,1992,3,RTTP,24,112.185762444238
5,5,1992,3,RTTP,26,148.059116714198
5,5,1992,3,RTTP,28,234.155166962101
5,5,1992,3,RTTP,30,247.200023060268
5,5,1992,3,RTTP,32,343.079715381797
5,5,1992,3,RTTP,34,415.478666726625
5,5,1992,3,RTTP,36,517.228544292329
5,5,1992,3,RTTP,38,330.687102088538
5,5,1992,3,RTTP,40,256.983665133894
5,5,1992,3,RTTP,42,174.148828910532
5,5,1992,3,RTTP,44,134.362017811122
5,5,1992,3,RTTP,46,63.9197948810193
5,5,1992,3,RTTP,48,31.9598974405096
5,5,1992,3,RTTP,50,10.4358848785338
5,5,1992,3,RTTP,52,3.91345682945016
5,5,1992,3,RTTP,54,1.30448560981672
5,5,1992,3,RTTP,56,0
5,5,1992,3,RTTP,58,0.65224280490836
5,5,1992,3,RTTP,60,0.65224280490836
5,5,1992,3,RTTP,62,0
5,5,1992,3,RTTP,64,0
5,5,1992,3,RTTP,66,0
5,5,1992,3,RTTP,68,0
5,5,1992,3,RTTP,70,0
5,5,1992,3,RTTP,72,0
5,5,1992,3,RTTP,74,0
5,5,1992,3,RTTP,76,0
5,5,1992,3,RTTP,78,0
5,5,1992,3,RTTP,80,0
5,5,1992,3,RTTP,82,0
5,5,1992,3,RTTP,84,0
5,5,1992,3,RTTP,86,0
5,5,1992,3,RTTP,88,0
5,5,1992,3,RTTP,90,0
5,5,1992,3,RTTP,92,0
5,5,1992,3,RTTP,94,0
5,5,1992,3,RTTP,96,0
5,5,1992,3,RTTP,98,0
5,5,1992,3,RTTP,100,0
5,5,1992,3,RTTP,102,0
5,5,1992,3,RTTP,104,0
5,5,1992,3,RTTP,106,0
5,5,1992,3,RTTP,108,0
6,5,1992,4,RTTP,2,0
6,5,1992,4,RTTP,4,0
6,5,1992,4,RTTP,6,0
6,5,1992,4,RTTP,8,0
6,5,1992,4,RTTP,10,0
6,5,1992,4,RTTP,12,0
6,5,1992,4,RTTP,14,0
6,5,1992,4,RTTP,16,0
6,5,1992,4,RTTP,18,0
6,5,1992,4,RTTP,20,1.35828706871894
6,5,1992,4,RTTP,22,4.7540047405163
6,5,1992,4,RTTP,24,51.6149086113198
6,5,1992,4,RTTP,26,57.0480568861956
6,5,1992,4,RTTP,28,67.2352099015876
6,5,1992,4,RTTP,30,88.9678030010907
6,5,1992,4,RTTP,32,126.999840925221
6,5,1992,4,RTTP,34,129.037271528299
6,5,1992,4,RTTP,36,126.320697390862
6,5,1992,4,RTTP,38,80.818080588777
6,5,1992,4,RTTP,40,38.0320379241304
6,5,1992,4,RTTP,42,27.1657413743788
6,5,1992,4,RTTP,44,9.50800948103259
6,5,1992,4,RTTP,46,2.71657413743788
6,5,1992,4,RTTP,48,10.1871530153921
6,5,1992,4,RTTP,50,2.03743060307841
6,5,1992,4,RTTP,52,0.679143534359471
6,5,1992,4,RTTP,54,0
6,5,1992,4,RTTP,56,0
6,5,1992,4,RTTP,58,0.679143534359471
6,5,1992,4,RTTP,60,0
6,5,1992,4,RTTP,62,0
6,5,1992,4,RTTP,64,0
6,5,1992,4,RTTP,66,0
6,5,1992,4,RTTP,68,0
6,5,1992,4,RTTP,70,0
6,5,1992,4,RTTP,72,0
6,5,1992,4,RTTP,74,0
6,5,1992,4,RTTP,76,0
6,5,1992,4,RTTP,78,0
6,5,1992,4,RTTP,80,0
6,5,1992,4,RTTP,82,0
6,5,1992,4,RTTP,84,0
6,5,1992,4,RTTP,86,0
6,5,1992,4,RTTP,88,0
6,5,1992,4,RTTP,90,0
6,5,1992,4,RTTP,92,0
6,5,1992,4,RTTP,94,0
6,5,1992,4,RTTP,96,0
6,5,1992,4,RTTP,98,0
6,5,1992,4,RTTP,100,0
6,5,1992,4,RTTP,102,0
6,5,1992,4,RTTP,104,0
6,5,1992,4,RTTP,106,0
6,5,1992,4,RTTP,108,0
7,6,1989,3,RTTP,2,0
7,6,1989,3,RTTP,4,0
7,6,1989,3,RTTP,6,0
7,6,1989,3,RTTP,8,0
7,6,1989,3,RTTP,10,0
7,6,1989,3,RTTP,12,0
7,6,1989,3,RTTP,14,0
7,6,1989,3,RTTP,16,0
7,6,1989,3,RTTP,18,0
7,6,1989,3,RTTP,20,0
7,6,1989,3,RTTP,22,0
7,6,1989,3,RTTP,24,0
7,6,1989,3,RTTP,26,0
7,6,1989,3,RTTP,28,0
7,6,1989,3,RTTP,30,0
7,6,1989,3,RTTP,32,0
7,6,1989,3,RTTP,34,0
7,6,1989,3,RTTP,36,1.35738281444028
7,6,1989,3,RTTP,38,5.42953125776112
7,6,1989,3,RTTP,40,15.8361328351366
7,6,1989,3,RTTP,42,25.3378125362186
7,6,1989,3,RTTP,44,61.0822266498126
7,6,1989,3,RTTP,46,59.7248438353724
7,6,1989,3,RTTP,48,44.7936328765293
7,6,1989,3,RTTP,50,110.852929845956
7,6,1989,3,RTTP,52,431.195274053863
7,6,1989,3,RTTP,54,512.185781982133
7,6,1989,3,RTTP,56,300.886523867596
7,6,1989,3,RTTP,58,143.430117392523
7,6,1989,3,RTTP,60,59.2723828972256
7,6,1989,3,RTTP,62,32.12472660842
7,6,1989,3,RTTP,64,10.8590625155222
7,6,1989,3,RTTP,66,9.50167970108197
7,6,1989,3,RTTP,68,0.904921876293521
7,6,1989,3,RTTP,70,0
7,6,1989,3,RTTP,72,0.45246093814676
7,6,1989,3,RTTP,74,0
7,6,1989,3,RTTP,76,0
7,6,1989,3,RTTP,78,0
7,6,1989,3,RTTP,80,0
7,6,1989,3,RTTP,82,0
7,6,1989,3,RTTP,84,0
7,6,1989,3,RTTP,86,0
7,6,1989,3,RTTP,88,0
7,6,1989,3,RTTP,90,0
7,6,1989,3,RTTP,92,0
7,6,1989,3,RTTP,94,0
7,6,1989,3,RTTP,96,0
7,6,1989,3,RTTP,98,0
7,6,1989,3,RTTP,100,0
7,6,1989,3,RTTP,102,0
7,6,1989,3,RTTP,104,0
7,6,1989,3,RTTP,106,0
7,6,1989,3,RTTP,108,0
8,6,1989,4,RTTP,2,0
8,6,1989,4,RTTP,4,0
8,6,1989,4,RTTP,6,0
8,6,1989,4,RTTP,8,0
8,6,1989,4,RTTP,10,0
8,6,1989,4,RTTP,12,0
8,6,1989,4,RTTP,14,0
8,6,1989,4,RTTP,16,0
8,6,1989,4,RTTP,18,0
8,6,1989,4,RTTP,20,0
8,6,1989,4,RTTP,22,0
8,6,1989,4,RTTP,24,0.652021753478253
8,6,1989,4,RTTP,26,2.60808701391301
8,6,1989,4,RTTP,28,5.21617402782602
8,6,1989,4,RTTP,30,11.0843698091303
8,6,1989,4,RTTP,32,2.60808701391301
8,6,1989,4,RTTP,34,10.432348055652
8,6,1989,4,RTTP,36,11.0843698091303
8,6,1989,4,RTTP,38,5.21617402782602
8,6,1989,4,RTTP,40,3.91213052086952
8,6,1989,4,RTTP,42,0.652021753478253
8,6,1989,4,RTTP,44,49.5536532643472
8,6,1989,4,RTTP,46,86.0668714591294
8,6,1989,4,RTTP,48,29.9930006599996
8,6,1989,4,RTTP,50,11.7363915626085
8,6,1989,4,RTTP,52,36.5132181947822
8,6,1989,4,RTTP,54,50.2056750178255
8,6,1989,4,RTTP,56,41.0773704691299
8,6,1989,4,RTTP,58,22.1687396182606
8,6,1989,4,RTTP,60,5.21617402782602
8,6,1989,4,RTTP,62,0
8,6,1989,4,RTTP,64,0.652021753478253
8,6,1989,4,RTTP,66,0
8,6,1989,4,RTTP,68,0
8,6,1989,4,RTTP,70,0
8,6,1989,4,RTTP,72,0
8,6,1989,4,RTTP,74,0
8,6,1989,4,RTTP,76,0
8,6,1989,4,RTTP,78,0
8,6,1989,4,RTTP,80,0
8,6,1989,4,RTTP,82,0
8,6,1989,4,RTTP,84,0
8,6,1989,4,RTTP,86,0
8,6,1989,4,RTTP,88,0
8,6,1989,4,RTTP,90,0
8,6,1989,4,RTTP,92,0
8,6,1989,4,RTTP,94,0
8,6,1989,4,RTTP,96,0
8,6,1989,4,RTTP,98,0
8,6,1989,4,RTTP,100,0
8,6,1989,4,RTTP,102,0
8,6,1989,4,RTTP,104,0
8,6,1989,4,RTTP,106,0
8,6,1989,4,RTTP,108,0
9,6,1990,1,RTTP,2,0
9,6,1990,1,RTTP,4,0
9,6,1990,1,RTTP,6,0
9,6,1990,1,RTTP,8,0
9,6,1990,1,RTTP,10,0
9,6,1990,1,RTTP,12,0
9,6,1990,1,RTTP,14,0
9,6,1990,1,RTTP,16,0
9,6,1990,1,RTTP,18,0
9,6,1990,1,RTTP,20,0
9,6,1990,1,RTTP,22,0
9,6,1990,1,RTTP,24,3.20997269200255
9,6,1990,1,RTTP,26,6.41994538400509
9,6,1990,1,RTTP,28,6.41994538400509
9,6,1990,1,RTTP,30,8.34592899920662
9,6,1990,1,RTTP,32,73.8293719160586
9,6,1990,1,RTTP,34,272.205684281816
9,6,1990,1,RTTP,36,334.479154506665
9,6,1990,1,RTTP,38,369.788854118693
9,6,1990,1,RTTP,40,355.664974273882
9,6,1990,1,RTTP,42,373.640821349096
9,6,1990,1,RTTP,44,883.384484839101
9,6,1990,1,RTTP,46,851.284757919075
9,6,1990,1,RTTP,48,455.174127725961
9,6,1990,1,RTTP,50,130.324891295303
9,6,1990,1,RTTP,52,49.4335794568392
9,6,1990,1,RTTP,54,52.6435521488418
9,6,1990,1,RTTP,56,45.5816122264362
9,6,1990,1,RTTP,58,70.619399224056
9,6,1990,1,RTTP,60,43.0136340728341
9,6,1990,1,RTTP,62,21.8278143056173
9,6,1990,1,RTTP,64,32.0997269200255
9,6,1990,1,RTTP,66,19.9018306904158
9,6,1990,1,RTTP,68,11.5559016912092
9,6,1990,1,RTTP,70,3.20997269200255
9,6,1990,1,RTTP,72,0.641994538400509
9,6,1990,1,RTTP,74,0
9,6,1990,1,RTTP,76,0
9,6,1990,1,RTTP,78,0
9,6,1990,1,RTTP,80,0
9,6,1990,1,RTTP,82,0
9,6,1990,1,RTTP,84,0
9,6,1990,1,RTTP,86,0
9,6,1990,1,RTTP,88,0
9,6,1990,1,RTTP,90,0
9,6,1990,1,RTTP,92,0
9,6,1990,1,RTTP,94,0
9,6,1990,1,RTTP,96,0
9,6,1990,1,RTTP,98,0
9,6,1990,1,RTTP,100,0
9,6,1990,1,RTTP,102,0
9,6,1990,1,RTTP,104,0
9,6,1990,1,RTTP,106,0
9,6,1990,1,RTTP,108,0
10,6,1990,2,RTTP,2,0
10,6,1990,2,RTTP,4,0
10,6,1990,2,RTTP,6,0
10,6,1990,2,RTTP,8,0
10,6,1990,2,RTTP,10,0
10,6,1990,2,RTTP,12,0
10,6,1990,2,RTTP,14,0
10,6,1990,2,RTTP,16,0
10,6,1990,2,RTTP,18,0
10,6,1990,2,RTTP,20,0
10,6,1990,2,RTTP,22,0
10,6,1990,2,RTTP,24,0
10,6,1990,2,RTTP,26,0
10,6,1990,2,RTTP,28,0
10,6,1990,2,RTTP,30,0
10,6,1990,2,RTTP,32,0
10,6,1990,2,RTTP,34,27.0931318472304
10,6,1990,2,RTTP,36,129.393060718669
10,6,1990,2,RTTP,38,234.962850330291
10,6,1990,2,RTTP,40,409.666838448639
10,6,1990,2,RTTP,42,564.284539163005
10,6,1990,2,RTTP,44,721.237854691788
10,6,1990,2,RTTP,46,675.92692729211
10,6,1990,2,RTTP,48,606.325605822501
10,6,1990,2,RTTP,50,395.65314956214
10,6,1990,2,RTTP,52,155.551946640133
10,6,1990,2,RTTP,54,97.6286992426061
10,6,1990,2,RTTP,56,28.4945007358802
10,6,1990,2,RTTP,58,5.60547555459939
10,6,1990,2,RTTP,60,13.0794429607319
10,6,1990,2,RTTP,62,21.487656292631
10,6,1990,2,RTTP,64,12.6123199978486
10,6,1990,2,RTTP,66,3.73698370306626
10,6,1990,2,RTTP,68,1.40136888864985
10,6,1990,2,RTTP,70,0.467122962883283
10,6,1990,2,RTTP,72,0
10,6,1990,2,RTTP,74,0
10,6,1990,2,RTTP,76,0
10,6,1990,2,RTTP,78,0
10,6,1990,2,RTTP,80,0
10,6,1990,2,RTTP,82,0
10,6,1990,2,RTTP,84,0
10,6,1990,2,RTTP,86,0
10,6,1990,2,RTTP,88,0
10,6,1990,2,RTTP,90,0
10,6,1990,2,RTTP,92,0
10,6,1990,2,RTTP,94,0
10,6,1990,2,RTTP,96,0
10,6,1990,2,RTTP,98,0
10,6,1990,2,RTTP,100,0
10,6,1990,2,RTTP,102,0
10,6,1990,2,RTTP,104,0
10,6,1990,2,RTTP,106,0
10,6,1990,2,RTTP,108,0
11,6,1991,1,RTTP,2,0
11,6,1991,1,RTTP,4,0
11,6,1991,1,RTTP,6,0
11,6,1991,1,RTTP,8,0
11,6,1991,1,RTTP,10,0
11,6,1991,1,RTTP,12,0
11,6,1991,1,RTTP,14,0
11,6,1991,1,RTTP,16,0
11,6,1991,1,RTTP,18,0
11,6,1991,1,RTTP,20,0
11,6,1991,1,RTTP,22,0
11,6,1991,1,RTTP,24,0.645307845118736
11,6,1991,1,RTTP,26,1.93592353535621
11,6,1991,1,RTTP,28,3.87184707071242
11,6,1991,1,RTTP,30,1.93592353535621
11,6,1991,1,RTTP,32,36.1372393266492
11,6,1991,1,RTTP,34,74.8557100337734
11,6,1991,1,RTTP,36,25.8123138047494
11,6,1991,1,RTTP,38,10.9702333670185
11,6,1991,1,RTTP,40,84.5353277105544
11,6,1991,1,RTTP,42,132.93341609446
11,6,1991,1,RTTP,44,274.255834175463
11,6,1991,1,RTTP,46,596.264448889712
11,6,1991,1,RTTP,48,822.767502526388
11,6,1991,1,RTTP,50,1151.87450353694
11,6,1991,1,RTTP,52,412.351713030872
11,6,1991,1,RTTP,54,202.626663367283
11,6,1991,1,RTTP,56,174.878426027177
11,6,1991,1,RTTP,58,161.326961279684
11,6,1991,1,RTTP,60,123.253798417679
11,6,1991,1,RTTP,62,52.9152432997363
11,6,1991,1,RTTP,64,86.4712512459106
11,6,1991,1,RTTP,66,44.5262413131928
11,6,1991,1,RTTP,68,9.67961767678104
11,6,1991,1,RTTP,70,1.93592353535621
11,6,1991,1,RTTP,72,0.645307845118736
11,6,1991,1,RTTP,74,0
11,6,1991,1,RTTP,76,0
11,6,1991,1,RTTP,78,0
11,6,1991,1,RTTP,80,0
11,6,1991,1,RTTP,82,0
11,6,1991,1,RTTP,84,0
11,6,1991,1,RTTP,86,0
11,6,1991,1,RTTP,88,0
11,6,1991,1,RTTP,90,0
11,6,1991,1,RTTP,92,0
11,6,1991,1,RTTP,94,0
11,6,1991,1,RTTP,96,0
11,6,1991,1,RTTP,98,0
11,6,1991,1,RTTP,100,0
11,6,1991,1,RTTP,102,0
11,6,1991,1,RTTP,104,0
11,6,1991,1,RTTP,106,0
11,6,1991,1,RTTP,108,0
12,6,1991,2,RTTP,2,0
12,6,1991,2,RTTP,4,0
12,6,1991,2,RTTP,6,0
12,6,1991,2,RTTP,8,0
12,6,1991,2,RTTP,10,0
12,6,1991,2,RTTP,12,0
12,6,1991,2,RTTP,14,0
12,6,1991,2,RTTP,16,0
12,6,1991,2,RTTP,18,0
12,6,1991,2,RTTP,20,0
12,6,1991,2,RTTP,22,0
12,6,1991,2,RTTP,24,0
12,6,1991,2,RTTP,26,0
12,6,1991,2,RTTP,28,0
12,6,1991,2,RTTP,30,0.468611517440624
12,6,1991,2,RTTP,32,1.87444606976249
12,6,1991,2,RTTP,34,24.8364104243531
12,6,1991,2,RTTP,36,283.509968051577
12,6,1991,2,RTTP,38,390.82200554548
12,6,1991,2,RTTP,40,146.675404958915
12,6,1991,2,RTTP,42,39.3633674650124
12,6,1991,2,RTTP,44,69.8231160986529
12,6,1991,2,RTTP,46,192.599333668096
12,6,1991,2,RTTP,48,312.563882132896
12,6,1991,2,RTTP,50,410.972300795427
12,6,1991,2,RTTP,52,139.646232197306
12,6,1991,2,RTTP,54,44.9867056742999
12,6,1991,2,RTTP,56,83.412850104431
12,6,1991,2,RTTP,58,77.3209003777029
12,6,1991,2,RTTP,60,22.0247413197093
12,6,1991,2,RTTP,62,1.40583455232187
12,6,1991,2,RTTP,64,0.468611517440624
12,6,1991,2,RTTP,66,0
12,6,1991,2,RTTP,68,0
12,6,1991,2,RTTP,70,0
12,6,1991,2,RTTP,72,0
12,6,1991,2,RTTP,74,0
12,6,1991,2,RTTP,76,0
12,6,1991,2,RTTP,78,0
12,6,1991,2,RTTP,80,0
12,6,1991,2,RTTP,82,0
12,6,1991,2,RTTP,84,0
12,6,1991,2,RTTP,86,0
12,6,1991,2,RTTP,88,0
12,6,1991,2,RTTP,90,0
12,6,1991,2,RTTP,92,0
12,6,1991,2,RTTP,94,0
12,6,1991,2,RTTP,96,0
12,6,1991,2,RTTP,98,0
12,6,1991,2,RTTP,100,0
12,6,1991,2,RTTP,102,0
12,6,1991,2,RTTP,104,0
12,6,1991,2,RTTP,106,0
12,6,1991,2,RTTP,108,0
13,6,1991,3,RTTP,2,0
13,6,1991,3,RTTP,4,0
13,6,1991,3,RTTP,6,0
13,6,1991,3,RTTP,8,0
13,6,1991,3,RTTP,10,0
13,6,1991,3,RTTP,12,0
13,6,1991,3,RTTP,14,0
13,6,1991,3,RTTP,16,0
13,6,1991,3,RTTP,18,0
13,6,1991,3,RTTP,20,0
13,6,1991,3,RTTP,22,0
13,6,1991,3,RTTP,24,0
13,6,1991,3,RTTP,26,0
13,6,1991,3,RTTP,28,0
13,6,1991,3,RTTP,30,0
13,6,1991,3,RTTP,32,0
13,6,1991,3,RTTP,34,0.417170756136695
13,6,1991,3,RTTP,36,0.417170756136695
13,6,1991,3,RTTP,38,0
13,6,1991,3,RTTP,40,1.66868302454678
13,6,1991,3,RTTP,42,1.66868302454678
13,6,1991,3,RTTP,44,9.17775663500728
13,6,1991,3,RTTP,46,47.1402954434465
13,6,1991,3,RTTP,48,151.43298447762
13,6,1991,3,RTTP,50,249.468112169743
13,6,1991,3,RTTP,52,164.365277917858
13,6,1991,3,RTTP,54,102.20683525349
13,6,1991,3,RTTP,56,30.036294441842
13,6,1991,3,RTTP,58,9.17775663500728
13,6,1991,3,RTTP,60,7.9262443665972
13,6,1991,3,RTTP,62,3.33736604909356
13,6,1991,3,RTTP,64,1.66868302454678
13,6,1991,3,RTTP,66,1
13,6,1991,3,RTTP,68,0
13,6,1991,3,RTTP,70,0
13,6,1991,3,RTTP,72,0
13,6,1991,3,RTTP,74,0
13,6,1991,3,RTTP,76,0
13,6,1991,3,RTTP,78,0.417170756136695
13,6,1991,3,RTTP,80,0
13,6,1991,3,RTTP,82,0
13,6,1991,3,RTTP,84,0
13,6,1991,3,RTTP,86,0
13,6,1991,3,RTTP,88,0
13,6,1991,3,RTTP,90,0
13,6,1991,3,RTTP,92,0
13,6,1991,3,RTTP,94,0
13,6,1991,3,RTTP,96,0
13,6,1991,3,RTTP,98,0
13,6,1991,3,RTTP,100,0
13,6,1991,3,RTTP,102,0
13,6,1991,3,RTTP,104,0
13,6,1991,3,RTTP,106,0
13,6,1991,3,RTTP,108,0
14,6,1991,4,RTTP,2,0
14,6,1991,4,RTTP,4,0
14,6,1991,4,RTTP,6,0
14,6,1991,4,RTTP,8,0
14,6,1991,4,RTTP,10,0
14,6,1991,4,RTTP,12,0
14,6,1991,4,RTTP,14,0
14,6,1991,4,RTTP,16,0
14,6,1991,4,RTTP,18,0
14,6,1991,4,RTTP,20,0
14,6,1991,4,RTTP,22,0
14,6,1991,4,RTTP,24,0
14,6,1991,4,RTTP,26,0
14,6,1991,4,RTTP,28,0
14,6,1991,4,RTTP,30,0
14,6,1991,4,RTTP,32,3.48255707418931
14,6,1991,4,RTTP,34,1.30595890282099
14,6,1991,4,RTTP,36,4.35319634273664
14,6,1991,4,RTTP,38,46.1438812330083
14,6,1991,4,RTTP,40,131.466529550646
14,6,1991,4,RTTP,42,188.493401640496
14,6,1991,4,RTTP,44,340.855273636279
14,6,1991,4,RTTP,46,306.900342162933
14,6,1991,4,RTTP,48,218.095136771105
14,6,1991,4,RTTP,50,384.387237063645
14,6,1991,4,RTTP,52,362.621255349962
14,6,1991,4,RTTP,54,194.587876520328
14,6,1991,4,RTTP,56,61.8153880668602
14,6,1991,4,RTTP,58,28.2957762277881
14,6,1991,4,RTTP,60,27.4251369592408
14,6,1991,4,RTTP,62,18.7187442737675
14,6,1991,4,RTTP,64,19.1540639080412
14,6,1991,4,RTTP,66,7.40043378265228
14,6,1991,4,RTTP,68,2.17659817136832
14,6,1991,4,RTTP,70,0.870639268547327
14,6,1991,4,RTTP,72,0
14,6,1991,4,RTTP,74,0
14,6,1991,4,RTTP,76,0
14,6,1991,4,RTTP,78,0
14,6,1991,4,RTTP,80,0
14,6,1991,4,RTTP,82,0
14,6,1991,4,RTTP,84,0
14,6,1991,4,RTTP,86,0
14,6,1991,4,RTTP,88,0
14,6,1991,4,RTTP,90,0
14,6,1991,4,RTTP,92,0
14,6,1991,4,RTTP,94,0
14,6,1991,4,RTTP,96,0
14,6,1991,4,RTTP,98,0
14,6,1991,4,RTTP,100,0
14,6,1991,4,RTTP,102,0
14,6,1991,4,RTTP,104,0
14,6,1991,4,RTTP,106,0
14,6,1991,4,RTTP,108,0
15,6,1992,3,RTTP,2,0
15,6,1992,3,RTTP,4,0
15,6,1992,3,RTTP,6,0
15,6,1992,3,RTTP,8,0
15,6,1992,3,RTTP,10,0
15,6,1992,3,RTTP,12,0
15,6,1992,3,RTTP,14,0
15,6,1992,3,RTTP,16,0
15,6,1992,3,RTTP,18,0
15,6,1992,3,RTTP,20,0
15,6,1992,3,RTTP,22,0
15,6,1992,3,RTTP,24,0
15,6,1992,3,RTTP,26,0
15,6,1992,3,RTTP,28,0
15,6,1992,3,RTTP,30,0
15,6,1992,3,RTTP,32,0
15,6,1992,3,RTTP,34,2.62554889642248
15,6,1992,3,RTTP,36,8.53303391337306
15,6,1992,3,RTTP,38,13.784131706218
15,6,1992,3,RTTP,40,14.4405189303236
15,6,1992,3,RTTP,42,9.18942113747867
15,6,1992,3,RTTP,44,13.1277444821124
15,6,1992,3,RTTP,46,5.90748501695058
15,6,1992,3,RTTP,48,5.90748501695058
15,6,1992,3,RTTP,50,1.96916167231686
15,6,1992,3,RTTP,52,1.96916167231686
15,6,1992,3,RTTP,54,0
15,6,1992,3,RTTP,56,0.65638722410562
15,6,1992,3,RTTP,58,4.59471056873934
15,6,1992,3,RTTP,60,0.65638722410562
15,6,1992,3,RTTP,62,0
15,6,1992,3,RTTP,64,0
15,6,1992,3,RTTP,66,0
15,6,1992,3,RTTP,68,0
15,6,1992,3,RTTP,70,0
15,6,1992,3,RTTP,72,0
15,6,1992,3,RTTP,74,0
15,6,1992,3,RTTP,76,0
15,6,1992,3,RTTP,78,0
15,6,1992,3,RTTP,80,0
15,6,1992,3,RTTP,82,0
15,6,1992,3,RTTP,84,0
15,6,1992,3,RTTP,86,0
15,6,1992,3,RTTP,88,0
15,6,1992,3,RTTP,90,0
15,6,1992,3,RTTP,92,0
15,6,1992,3,RTTP,94,0
15,6,1992,3,RTTP,96,0
15,6,1992,3,RTTP,98,0
15,6,1992,3,RTTP,100,0
15,6,1992,3,RTTP,102,0
15,6,1992,3,RTTP,104,0
15,6,1992,3,RTTP,106,0
15,6,1992,3,RTTP,108,0
16,6,1992,4,RTTP,2,0
16,6,1992,4,RTTP,4,0
16,6,1992,4,RTTP,6,0
16,6,1992,4,RTTP,8,0
16,6,1992,4,RTTP,10,0
16,6,1992,4,RTTP,12,0
16,6,1992,4,RTTP,14,0
16,6,1992,4,RTTP,16,0
16,6,1992,4,RTTP,18,0
16,6,1992,4,RTTP,20,0
16,6,1992,4,RTTP,22,0
16,6,1992,4,RTTP,24,0
16,6,1992,4,RTTP,26,0.362879537707828
16,6,1992,4,RTTP,28,0
16,6,1992,4,RTTP,30,0
16,6,1992,4,RTTP,32,0
16,6,1992,4,RTTP,34,0
16,6,1992,4,RTTP,36,0
16,6,1992,4,RTTP,38,0.725759075415656
16,6,1992,4,RTTP,40,5.44319306561742
16,6,1992,4,RTTP,42,21.4098927247618
16,6,1992,4,RTTP,44,34.4735560822436
16,6,1992,4,RTTP,46,46.0857012888941
16,6,1992,4,RTTP,48,44.271303600355
16,6,1992,4,RTTP,50,25.0386881018401
16,6,1992,4,RTTP,52,14.5151815083131
16,6,1992,4,RTTP,54,3.99167491478611
16,6,1992,4,RTTP,56,0.362879537707828
16,6,1992,4,RTTP,58,0
16,6,1992,4,RTTP,60,0
16,6,1992,4,RTTP,62,0
16,6,1992,4,RTTP,64,0
16,6,1992,4,RTTP,66,0
16,6,1992,4,RTTP,68,0
16,6,1992,4,RTTP,70,0
16,6,1992,4,RTTP,72,0
16,6,1992,4,RTTP,74,0
16,6,1992,4,RTTP,76,0
16,6,1992,4,RTTP,78,0
16,6,1992,4,RTTP,80,0
16,6,1992,4,RTTP,82,0
16,6,1992,4,RTTP,84,0
16,6,1992,4,RTTP,86,0
16,6,1992,4,RTTP,88,0
16,6,1992,4,RTTP,90,0
16,6,1992,4,RTTP,92,0
16,6,1992,4,RTTP,94,0
16,6,1992,4,RTTP,96,0
16,6,1992,4,RTTP,98,0
16,6,1992,4,RTTP,100,0
16,6,1992,4,RTTP,102,0
16,6,1992,4,RTTP,104,0
16,6,1992,4,RTTP,106,0
16,6,1992,4,RTTP,108,0
17,7,1990,2,RTTP,2,0
17,7,1990,2,RTTP,4,0
17,7,1990,2,RTTP,6,0
17,7,1990,2,RTTP,8,0
17,7,1990,2,RTTP,10,0
17,7,1990,2,RTTP,12,0
17,7,1990,2,RTTP,14,0
17,7,1990,2,RTTP,16,0
17,7,1990,2,RTTP,18,0
17,7,1990,2,RTTP,20,0
17,7,1990,2,RTTP,22,0
17,7,1990,2,RTTP,24,0
17,7,1990,2,RTTP,26,0
17,7,1990,2,RTTP,28,0
17,7,1990,2,RTTP,30,0
17,7,1990,2,RTTP,32,0
17,7,1990,2,RTTP,34,1
17,7,1990,2,RTTP,36,8.65178116432862
17,7,1990,2,RTTP,38,14.6414758165561
17,7,1990,2,RTTP,40,35.2726462853398
17,7,1990,2,RTTP,42,55.9038167541234
17,7,1990,2,RTTP,44,58.5659032662245
17,7,1990,2,RTTP,46,95.8351144356401
17,7,1990,2,RTTP,48,156.39758258594
17,7,1990,2,RTTP,50,107.814503740095
17,7,1990,2,RTTP,52,41.2623409375673
17,7,1990,2,RTTP,54,17.9690839566825
17,7,1990,2,RTTP,56,5.98969465222751
17,7,1990,2,RTTP,58,1.33104325605056
17,7,1990,2,RTTP,60,1.99656488407584
17,7,1990,2,RTTP,62,0
17,7,1990,2,RTTP,64,0.665521628025279
17,7,1990,2,RTTP,66,0
17,7,1990,2,RTTP,68,0
17,7,1990,2,RTTP,70,0
17,7,1990,2,RTTP,72,0
17,7,1990,2,RTTP,74,0
17,7,1990,2,RTTP,76,0
17,7,1990,2,RTTP,78,0
17,7,1990,2,RTTP,80,0
17,7,1990,2,RTTP,82,0
17,7,1990,2,RTTP,84,0
17,7,1990,2,RTTP,86,0
17,7,1990,2,RTTP,88,0
17,7,1990,2,RTTP,90,0
17,7,1990,2,RTTP,92,0
17,7,1990,2,RTTP,94,0
17,7,1990,2,RTTP,96,0
17,7,1990,2,RTTP,98,0
17,7,1990,2,RTTP,100,0
17,7,1990,2,RTTP,102,0
17,7,1990,2,RTTP,104,0
17,7,1990,2,RTTP,106,0
17,7,1990,2,RTTP,108,0
18,7,1990,3,RTTP,2,0
18,7,1990,3,RTTP,4,0
18,7,1990,3,RTTP,6,0
18,7,1990,3,RTTP,8,0
18,7,1990,3,RTTP,10,0
18,7,1990,3,RTTP,12,0
18,7,1990,3,RTTP,14,0
18,7,1990,3,RTTP,16,0
18,7,1990,3,RTTP,18,0
18,7,1990,3,RTTP,20,0
18,7,1990,3,RTTP,22,0
18,7,1990,3,RTTP,24,0
18,7,1990,3,RTTP,26,14.5201181342666
18,7,1990,3,RTTP,28,17.1129963725285
18,7,1990,3,RTTP,30,12.9643911913095
18,7,1990,3,RTTP,32,24.3730554396619
18,7,1990,3,RTTP,34,92.3064652821237
18,7,1990,3,RTTP,36,140.534000513795
18,7,1990,3,RTTP,38,173.722841963547
18,7,1990,3,RTTP,40,104.752280825781
18,7,1990,3,RTTP,42,35.7817196880142
18,7,1990,3,RTTP,44,10.3715129530476
18,7,1990,3,RTTP,46,11.9272398960047
18,7,1990,3,RTTP,48,26.9659336779238
18,7,1990,3,RTTP,50,128.088184970138
18,7,1990,3,RTTP,52,173.204266315895
18,7,1990,3,RTTP,54,119.272398960047
18,7,1990,3,RTTP,56,31.1145388591428
18,7,1990,3,RTTP,58,11.9272398960047
18,7,1990,3,RTTP,60,6.74148341948094
18,7,1990,3,RTTP,62,2.5928782382619
18,7,1990,3,RTTP,64,1.55572694295714
18,7,1990,3,RTTP,66,0
18,7,1990,3,RTTP,68,0
18,7,1990,3,RTTP,70,0
18,7,1990,3,RTTP,72,0
18,7,1990,3,RTTP,74,0
18,7,1990,3,RTTP,76,0
18,7,1990,3,RTTP,78,0
18,7,1990,3,RTTP,80,0
18,7,1990,3,RTTP,82,0
18,7,1990,3,RTTP,84,0
18,7,1990,3,RTTP,86,0
18,7,1990,3,RTTP,88,0
18,7,1990,3,RTTP,90,0
18,7,1990,3,RTTP,92,0
18,7,1990,3,RTTP,94,0
18,7,1990,3,RTTP,96,0
18,7,1990,3,RTTP,98,0
18,7,1990,3,RTTP,100,0
18,7,1990,3,RTTP,102,0
18,7,1990,3,RTTP,104,0
18,7,1990,3,RTTP,106,0
18,7,1990,3,RTTP,108,0
19,7,1991,1,RTTP,2,0
19,7,1991,1,RTTP,4,0
19,7,1991,1,RTTP,6,0
19,7,1991,1,RTTP,8,0
19,7,1991,1,RTTP,10,0
19,7,1991,1,RTTP,12,0
19,7,1991,1,RTTP,14,0
19,7,1991,1,RTTP,16,0
19,7,1991,1,RTTP,18,0
19,7,1991,1,RTTP,20,0
19,7,1991,1,RTTP,22,0
19,7,1991,1,RTTP,24,0
19,7,1991,1,RTTP,26,0
19,7,1991,1,RTTP,28,0
19,7,1991,1,RTTP,30,0
19,7,1991,1,RTTP,32,0
19,7,1991,1,RTTP,34,0
19,7,1991,1,RTTP,36,0
19,7,1991,1,RTTP,38,1.06121144595262
19,7,1991,1,RTTP,40,3.18363433785786
19,7,1991,1,RTTP,42,6.89787439869202
19,7,1991,1,RTTP,44,10.6121144595262
19,7,1991,1,RTTP,46,14.3263545203603
19,7,1991,1,RTTP,48,28.6527090407207
19,7,1991,1,RTTP,50,77.4684355545411
19,7,1991,1,RTTP,52,66.8563210950149
19,7,1991,1,RTTP,54,86.4887328451384
19,7,1991,1,RTTP,56,92.3253957978778
19,7,1991,1,RTTP,58,39.2648235002469
19,7,1991,1,RTTP,60,13.795748797384
19,7,1991,1,RTTP,62,7.42848012166833
19,7,1991,1,RTTP,64,2.65302861488155
19,7,1991,1,RTTP,66,1.59181716892893
19,7,1991,1,RTTP,68,0
19,7,1991,1,RTTP,70,0
19,7,1991,1,RTTP,72,0
19,7,1991,1,RTTP,74,0
19,7,1991,1,RTTP,76,0
19,7,1991,1,RTTP,78,0
19,7,1991,1,RTTP,80,0
19,7,1991,1,RTTP,82,0
19,7,1991,1,RTTP,84,0
19,7,1991,1,RTTP,86,0
19,7,1991,1,RTTP,88,0
19,7,1991,1,RTTP,90,0
19,7,1991,1,RTTP,92,0
19,7,1991,1,RTTP,94,0
19,7,1991,1,RTTP,96,0
19,7,1991,1,RTTP,98,0
19,7,1991,1,RTTP,100,0
19,7,1991,1,RTTP,102,0
19,7,1991,1,RTTP,104,0
19,7,1991,1,RTTP,106,0
19,7,1991,1,RTTP,108,0
20,7,1991,2,RTTP,2,0
20,7,1991,2,RTTP,4,0
20,7,1991,2,RTTP,6,0
20,7,1991,2,RTTP,8,0
20,7,1991,2,RTTP,10,0
20,7,1991,2,RTTP,12,0
20,7,1991,2,RTTP,14,0
20,7,1991,2,RTTP,16,0
20,7,1991,2,RTTP,18,0
20,7,1991,2,RTTP,20,0
20,7,1991,2,RTTP,22,0
20,7,1991,2,RTTP,24,0
20,7,1991,2,RTTP,26,0
20,7,1991,2,RTTP,28,0
20,7,1991,2,RTTP,30,0
20,7,1991,2,RTTP,32,0
20,7,1991,2,RTTP,34,0
20,7,1991,2,RTTP,36,0
20,7,1991,2,RTTP,38,1.42329610241576
20,7,1991,2,RTTP,40,2.13494415362364
20,7,1991,2,RTTP,42,26.3309778946915
20,7,1991,2,RTTP,44,138.771369985536
20,7,1991,2,RTTP,46,157.985867368149
20,7,1991,2,RTTP,48,76.146341479243
20,7,1991,2,RTTP,50,88.9560064009849
20,7,1991,2,RTTP,52,31.3125142531467
20,7,1991,2,RTTP,54,14.9446090753655
20,7,1991,2,RTTP,56,30.6008662019388
20,7,1991,2,RTTP,58,12.8096649217418
20,7,1991,2,RTTP,60,19.2144973826127
20,7,1991,2,RTTP,62,16.3679051777812
20,7,1991,2,RTTP,64,10.6747207681182
20,7,1991,2,RTTP,66,0.711648051207879
20,7,1991,2,RTTP,68,0
20,7,1991,2,RTTP,70,0
20,7,1991,2,RTTP,72,0
20,7,1991,2,RTTP,74,0
20,7,1991,2,RTTP,76,0
20,7,1991,2,RTTP,78,0
20,7,1991,2,RTTP,80,0
20,7,1991,2,RTTP,82,0
20,7,1991,2,RTTP,84,0
20,7,1991,2,RTTP,86,0
20,7,1991,2,RTTP,88,0
20,7,1991,2,RTTP,90,0
20,7,1991,2,RTTP,92,0
20,7,1991,2,RTTP,94,0
20,7,1991,2,RTTP,96,0
20,7,1991,2,RTTP,98,0
20,7,1991,2,RTTP,100,0
20,7,1991,2,RTTP,102,0
20,7,1991,2,RTTP,104,0
20,7,1991,2,RTTP,106,0
20,7,1991,2,RTTP,108,0
21,7,1991,3,RTTP,2,0
21,7,1991,3,RTTP,4,0
21,7,1991,3,RTTP,6,0
21,7,1991,3,RTTP,8,0
21,7,1991,3,RTTP,10,0
21,7,1991,3,RTTP,12,0
21,7,1991,3,RTTP,14,0
21,7,1991,3,RTTP,16,0
21,7,1991,3,RTTP,18,0
21,7,1991,3,RTTP,20,0
21,7,1991,3,RTTP,22,0
21,7,1991,3,RTTP,24,0
21,7,1991,3,RTTP,26,0
21,7,1991,3,RTTP,28,0.751021770717972
21,7,1991,3,RTTP,30,3.75510885358986
21,7,1991,3,RTTP,32,6.75919593646175
21,7,1991,3,RTTP,34,10.5143047900516
21,7,1991,3,RTTP,36,32.2939361408728
21,7,1991,3,RTTP,38,169.730920182262
21,7,1991,3,RTTP,40,210.286095801032
21,7,1991,3,RTTP,42,158.465593621492
21,7,1991,3,RTTP,44,119.412461544158
21,7,1991,3,RTTP,46,83.3634165496949
21,7,1991,3,RTTP,48,145.698223519287
21,7,1991,3,RTTP,50,387.527233690473
21,7,1991,3,RTTP,52,253.094336731957
21,7,1991,3,RTTP,54,364.245558798216
21,7,1991,3,RTTP,56,511.445825858939
21,7,1991,3,RTTP,58,404.049712646269
21,7,1991,3,RTTP,60,453.617149513655
21,7,1991,3,RTTP,62,144.196179977851
21,7,1991,3,RTTP,64,30.0408708287189
21,7,1991,3,RTTP,66,57.0776545745659
21,7,1991,3,RTTP,68,172.735007265134
21,7,1991,3,RTTP,70,168.979898411544
21,7,1991,3,RTTP,72,25.534740204411
21,7,1991,3,RTTP,74,3.75510885358986
21,7,1991,3,RTTP,76,0
21,7,1991,3,RTTP,78,0
21,7,1991,3,RTTP,80,0
21,7,1991,3,RTTP,82,0
21,7,1991,3,RTTP,84,0
21,7,1991,3,RTTP,86,0
21,7,1991,3,RTTP,88,0
21,7,1991,3,RTTP,90,0
21,7,1991,3,RTTP,92,0
21,7,1991,3,RTTP,94,0
21,7,1991,3,RTTP,96,0
21,7,1991,3,RTTP,98,0
21,7,1991,3,RTTP,100,0
21,7,1991,3,RTTP,102,0
21,7,1991,3,RTTP,104,0
21,7,1991,3,RTTP,106,0
21,7,1991,3,RTTP,108,0
22,7,1992,1,RTTP,2,0
22,7,1992,1,RTTP,4,0
22,7,1992,1,RTTP,6,0
22,7,1992,1,RTTP,8,0
22,7,1992,1,RTTP,10,0
22,7,1992,1,RTTP,12,0
22,7,1992,1,RTTP,14,0
22,7,1992,1,RTTP,16,0
22,7,1992,1,RTTP,18,0
22,7,1992,1,RTTP,20,0
22,7,1992,1,RTTP,22,0
22,7,1992,1,RTTP,24,0
22,7,1992,1,RTTP,26,0
22,7,1992,1,RTTP,28,0
22,7,1992,1,RTTP,30,0
22,7,1992,1,RTTP,32,0
22,7,1992,1,RTTP,34,0
22,7,1992,1,RTTP,36,0.49982137642792
22,7,1992,1,RTTP,38,0
22,7,1992,1,RTTP,40,0.49982137642792
22,7,1992,1,RTTP,42,2.4991068821396
22,7,1992,1,RTTP,44,9.49660615213048
22,7,1992,1,RTTP,46,15.4944626692655
22,7,1992,1,RTTP,48,13.4951771635538
22,7,1992,1,RTTP,50,15.4944626692655
22,7,1992,1,RTTP,52,5.99785651713504
22,7,1992,1,RTTP,54,2.99892825856752
22,7,1992,1,RTTP,56,0.999642752855839
22,7,1992,1,RTTP,58,0.49982137642792
22,7,1992,1,RTTP,60,0
22,7,1992,1,RTTP,62,0.49982137642792
22,7,1992,1,RTTP,64,0
22,7,1992,1,RTTP,66,0
22,7,1992,1,RTTP,68,0
22,7,1992,1,RTTP,70,0
22,7,1992,1,RTTP,72,0
22,7,1992,1,RTTP,74,0
22,7,1992,1,RTTP,76,0
22,7,1992,1,RTTP,78,0
22,7,1992,1,RTTP,80,0
22,7,1992,1,RTTP,82,0
22,7,1992,1,RTTP,84,0
22,7,1992,1,RTTP,86,0
22,7,1992,1,RTTP,88,0
22,7,1992,1,RTTP,90,0
22,7,1992,1,RTTP,92,0
22,7,1992,1,RTTP,94,0
22,7,1992,1,RTTP,96,0
22,7,1992,1,RTTP,98,0
22,7,1992,1,RTTP,100,0
22,7,1992,1,RTTP,102,0
22,7,1992,1,RTTP,104,0
22,7,1992,1,RTTP,106,0
22,7,1992,1,RTTP,108,0
23,7,1992,3,RTTP,2,0
23,7,1992,3,RTTP,4,0
23,7,1992,3,RTTP,6,0
23,7,1992,3,RTTP,8,0
23,7,1992,3,RTTP,10,0
23,7,1992,3,RTTP,12,0
23,7,1992,3,RTTP,14,0
23,7,1992,3,RTTP,16,0
23,7,1992,3,RTTP,18,0
23,7,1992,3,RTTP,20,0
23,7,1992,3,RTTP,22,0
23,7,1992,3,RTTP,24,0
23,7,1992,3,RTTP,26,0
23,7,1992,3,RTTP,28,9.37181402144053
23,7,1992,3,RTTP,30,6.87266361572306
23,7,1992,3,RTTP,32,4.37351321000558
23,7,1992,3,RTTP,34,3.12393800714684
23,7,1992,3,RTTP,36,4.37351321000558
23,7,1992,3,RTTP,38,11.870964427158
23,7,1992,3,RTTP,40,34.9881056800447
23,7,1992,3,RTTP,42,158.69605076306
23,7,1992,3,RTTP,44,183.062767218805
23,7,1992,3,RTTP,46,100.590803830128
23,7,1992,3,RTTP,48,48.1086453100614
23,7,1992,3,RTTP,50,14.9949024343049
23,7,1992,3,RTTP,52,3.74872560857621
23,7,1992,3,RTTP,54,28.740229665751
23,7,1992,3,RTTP,56,126.207095488733
23,7,1992,3,RTTP,58,349.256269199017
23,7,1992,3,RTTP,60,173.690953197365
23,7,1992,3,RTTP,62,24.9915040571748
23,7,1992,3,RTTP,64,1.24957520285874
23,7,1992,3,RTTP,66,0
23,7,1992,3,RTTP,68,0
23,7,1992,3,RTTP,70,0
23,7,1992,3,RTTP,72,0
23,7,1992,3,RTTP,74,0
23,7,1992,3,RTTP,76,0
23,7,1992,3,RTTP,78,0
23,7,1992,3,RTTP,80,0
23,7,1992,3,RTTP,82,0
23,7,1992,3,RTTP,84,0
23,7,1992,3,RTTP,86,0
23,7,1992,3,RTTP,88,0
23,7,1992,3,RTTP,90,0
23,7,1992,3,RTTP,92,0
23,7,1992,3,RTTP,94,0
23,7,1992,3,RTTP,96,0
23,7,1992,3,RTTP,98,0
23,7,1992,3,RTTP,100,0
23,7,1992,3,RTTP,102,0
23,7,1992,3,RTTP,104,0
23,7,1992,3,RTTP,106,0
23,7,1992,3,RTTP,108,0
24,7,1992,4,RTTP,2,0
24,7,1992,4,RTTP,4,0
24,7,1992,4,RTTP,6,0
24,7,1992,4,RTTP,8,0
24,7,1992,4,RTTP,10,0
24,7,1992,4,RTTP,12,0
24,7,1992,4,RTTP,14,0
24,7,1992,4,RTTP,16,0
24,7,1992,4,RTTP,18,0
24,7,1992,4,RTTP,20,0
24,7,1992,4,RTTP,22,0
24,7,1992,4,RTTP,24,0
24,7,1992,4,RTTP,26,0
24,7,1992,4,RTTP,28,0
24,7,1992,4,RTTP,30,0
24,7,1992,4,RTTP,32,0
24,7,1992,4,RTTP,34,0
24,7,1992,4,RTTP,36,0
24,7,1992,4,RTTP,38,0
24,7,1992,4,RTTP,40,0
24,7,1992,4,RTTP,42,0.420642435234218
24,7,1992,4,RTTP,44,0.420642435234218
24,7,1992,4,RTTP,46,0.841284870468437
24,7,1992,4,RTTP,48,5.04770922281062
24,7,1992,4,RTTP,50,12.6192730570266
24,7,1992,4,RTTP,52,10.0954184456212
24,7,1992,4,RTTP,54,16.4050549741345
24,7,1992,4,RTTP,56,7.99220626945015
24,7,1992,4,RTTP,58,8.83349113991859
24,7,1992,4,RTTP,60,10.9367033160897
24,7,1992,4,RTTP,62,7.99220626945015
24,7,1992,4,RTTP,64,10.5160608808555
24,7,1992,4,RTTP,66,11.3573457513239
24,7,1992,4,RTTP,68,6.73027896374749
24,7,1992,4,RTTP,70,3.78578191710797
24,7,1992,4,RTTP,72,0.420642435234218
24,7,1992,4,RTTP,74,5.04770922281062
24,7,1992,4,RTTP,76,2.52385461140531
24,7,1992,4,RTTP,78,2.52385461140531
24,7,1992,4,RTTP,80,0
24,7,1992,4,RTTP,82,0
24,7,1992,4,RTTP,84,0
24,7,1992,4,RTTP,86,0
24,7,1992,4,RTTP,88,0
24,7,1992,4,RTTP,90,0
24,7,1992,4,RTTP,92,0
24,7,1992,4,RTTP,94,0
24,7,1992,4,RTTP,96,0
24,7,1992,4,RTTP,98,0
24,7,1992,4,RTTP,100,0
24,7,1992,4,RTTP,102,0
24,7,1992,4,RTTP,104,0
24,7,1992,4,RTTP,106,0
24,7,1992,4,RTTP,108,0
25,8,1990,4,RTTP,2,0
25,8,1990,4,RTTP,4,0
25,8,1990,4,RTTP,6,0
25,8,1990,4,RTTP,8,0
25,8,1990,4,RTTP,10,0
25,8,1990,4,RTTP,12,0
25,8,1990,4,RTTP,14,0
25,8,1990,4,RTTP,16,0
25,8,1990,4,RTTP,18,0
25,8,1990,4,RTTP,20,0
25,8,1990,4,RTTP,22,0
25,8,1990,4,RTTP,24,0
25,8,1990,4,RTTP,26,0.617498609503484
25,8,1990,4,RTTP,28,1.23499721900697
25,8,1990,4,RTTP,30,9.87997775205575
25,8,1990,4,RTTP,32,17.907459675601
25,8,1990,4,RTTP,34,12.9674707995732
25,8,1990,4,RTTP,36,5.55748748553136
25,8,1990,4,RTTP,38,2.46999443801394
25,8,1990,4,RTTP,40,7.40998331404181
25,8,1990,4,RTTP,42,24.6999443801394
25,8,1990,4,RTTP,44,67.3073484358798
25,8,1990,4,RTTP,46,50.6348859792857
25,8,1990,4,RTTP,48,57.427370683824
25,8,1990,4,RTTP,50,69.7773428738937
25,8,1990,4,RTTP,52,54.3398776363066
25,8,1990,4,RTTP,54,59.897365121838
25,8,1990,4,RTTP,56,25.9349415991463
25,8,1990,4,RTTP,58,11.1149749710627
25,8,1990,4,RTTP,60,6.17498609503484
25,8,1990,4,RTTP,62,4.32249026652439
25,8,1990,4,RTTP,64,8.64498053304878
25,8,1990,4,RTTP,66,1.23499721900697
25,8,1990,4,RTTP,68,0
25,8,1990,4,RTTP,70,0
25,8,1990,4,RTTP,72,0
25,8,1990,4,RTTP,74,0
25,8,1990,4,RTTP,76,0
25,8,1990,4,RTTP,78,0
25,8,1990,4,RTTP,80,0
25,8,1990,4,RTTP,82,0
25,8,1990,4,RTTP,84,0
25,8,1990,4,RTTP,86,0
25,8,1990,4,RTTP,88,0
25,8,1990,4,RTTP,90,0
25,8,1990,4,RTTP,92,0
25,8,1990,4,RTTP,94,0
25,8,1990,4,RTTP,96,0
25,8,1990,4,RTTP,98,0
25,8,1990,4,RTTP,100,0
25,8,1990,4,RTTP,102,0
25,8,1990,4,RTTP,104,0
25,8,1990,4,RTTP,106,0
25,8,1990,4,RTTP,108,0
26,8,1991,3,RTTP,2,0
26,8,1991,3,RTTP,4,0
26,8,1991,3,RTTP,6,0
26,8,1991,3,RTTP,8,0
26,8,1991,3,RTTP,10,0
26,8,1991,3,RTTP,12,0
26,8,1991,3,RTTP,14,0
26,8,1991,3,RTTP,16,0
26,8,1991,3,RTTP,18,0
26,8,1991,3,RTTP,20,0
26,8,1991,3,RTTP,22,0
26,8,1991,3,RTTP,24,0
26,8,1991,3,RTTP,26,0
26,8,1991,3,RTTP,28,0
26,8,1991,3,RTTP,30,0
26,8,1991,3,RTTP,32,0
26,8,1991,3,RTTP,34,0
26,8,1991,3,RTTP,36,0
26,8,1991,3,RTTP,38,1.75450704411113
26,8,1991,3,RTTP,40,5.84835681370378
26,8,1991,3,RTTP,42,47.956525872371
26,8,1991,3,RTTP,44,183.053568268928
26,8,1991,3,RTTP,46,264.930563660781
26,8,1991,3,RTTP,48,145.039248979854
26,8,1991,3,RTTP,50,298.851033180263
26,8,1991,3,RTTP,52,355.58009427319
26,8,1991,3,RTTP,54,411.139484003375
26,8,1991,3,RTTP,56,502.373850297154
26,8,1991,3,RTTP,58,759.70155010012
26,8,1991,3,RTTP,60,1370.85483713216
26,8,1991,3,RTTP,62,745.080658065861
26,8,1991,3,RTTP,64,160.244976695483
26,8,1991,3,RTTP,66,22.2237558920743
26,8,1991,3,RTTP,68,17.5450704411113
26,8,1991,3,RTTP,70,7.60286385781491
26,8,1991,3,RTTP,72,0.584835681370378
26,8,1991,3,RTTP,74,0
26,8,1991,3,RTTP,76,1.16967136274076
26,8,1991,3,RTTP,78,0
26,8,1991,3,RTTP,80,0.584835681370378
26,8,1991,3,RTTP,82,0
26,8,1991,3,RTTP,84,0
26,8,1991,3,RTTP,86,0
26,8,1991,3,RTTP,88,0
26,8,1991,3,RTTP,90,0
26,8,1991,3,RTTP,92,0
26,8,1991,3,RTTP,94,0
26,8,1991,3,RTTP,96,0
26,8,1991,3,RTTP,98,0
26,8,1991,3,RTTP,100,0
26,8,1991,3,RTTP,102,0
26,8,1991,3,RTTP,104,0
26,8,1991,3,RTTP,106,0
26,8,1991,3,RTTP,108,0
27,8,1992,1,RTTP,2,0
27,8,1992,1,RTTP,4,0
27,8,1992,1,RTTP,6,0
27,8,1992,1,RTTP,8,0
27,8,1992,1,RTTP,10,0
27,8,1992,1,RTTP,12,0
27,8,1992,1,RTTP,14,0
27,8,1992,1,RTTP,16,0
27,8,1992,1,RTTP,18,0
27,8,1992,1,RTTP,20,0
27,8,1992,1,RTTP,22,0
27,8,1992,1,RTTP,24,0
27,8,1992,1,RTTP,26,0
27,8,1992,1,RTTP,28,0
27,8,1992,1,RTTP,30,0
27,8,1992,1,RTTP,32,0
27,8,1992,1,RTTP,34,0.0451510317181273
27,8,1992,1,RTTP,36,0.180604126872509
27,8,1992,1,RTTP,38,0.361208253745018
27,8,1992,1,RTTP,40,1
27,8,1992,1,RTTP,42,1.80604126872509
27,8,1992,1,RTTP,44,4.60540523524898
27,8,1992,1,RTTP,46,12.8680440396663
27,8,1992,1,RTTP,48,18.1507147506872
27,8,1992,1,RTTP,50,60.5023825022905
27,8,1992,1,RTTP,52,29.3481706167827
27,8,1992,1,RTTP,54,11.7844192784312
27,8,1992,1,RTTP,56,3.70238460088644
27,8,1992,1,RTTP,58,3
27,8,1992,1,RTTP,60,4.966613488994
27,8,1992,1,RTTP,62,2.9799680933964
27,8,1992,1,RTTP,64,1.4899840466982
27,8,1992,1,RTTP,66,0.722416507490036
27,8,1992,1,RTTP,68,0.406359285463145
27,8,1992,1,RTTP,70,1.08362476123505
27,8,1992,1,RTTP,72,0.541812380617527
27,8,1992,1,RTTP,74,0.0903020634362545
27,8,1992,1,RTTP,76,0
27,8,1992,1,RTTP,78,0
27,8,1992,1,RTTP,80,0
27,8,1992,1,RTTP,82,0
27,8,1992,1,RTTP,84,0
27,8,1992,1,RTTP,86,0
27,8,1992,1,RTTP,88,0
27,8,1992,1,RTTP,90,0
27,8,1992,1,RTTP,92,0
27,8,1992,1,RTTP,94,0
27,8,1992,1,RTTP,96,0
27,8,1992,1,RTTP,98,0
27,8,1992,1,RTTP,100,0
27,8,1992,1,RTTP,102,0
27,8,1992,1,RTTP,104,0
27,8,1992,1,RTTP,106,0
27,8,1992,1,RTTP,108,0
28,8,1992,2,RTTP,2,0
28,8,1992,2,RTTP,4,0
28,8,1992,2,RTTP,6,0
28,8,1992,2,RTTP,8,0
28,8,1992,2,RTTP,10,0
28,8,1992,2,RTTP,12,0
28,8,1992,2,RTTP,14,0
28,8,1992,2,RTTP,16,0
28,8,1992,2,RTTP,18,0
28,8,1992,2,RTTP,20,0
28,8,1992,2,RTTP,22,0
28,8,1992,2,RTTP,24,0
28,8,1992,2,RTTP,26,0.640776778436583
28,8,1992,2,RTTP,28,14.7378659040414
28,8,1992,2,RTTP,30,73.0485527417704
28,8,1992,2,RTTP,32,189.029149638792
28,8,1992,2,RTTP,34,92.2718560948679
28,8,1992,2,RTTP,36,101.24273099298
28,8,1992,2,RTTP,38,82.0194276398826
28,8,1992,2,RTTP,40,81.378650861446
28,8,1992,2,RTTP,42,52.5436958317998
28,8,1992,2,RTTP,44,44.8543744905608
28,8,1992,2,RTTP,46,71.7669991848973
28,8,1992,2,RTTP,48,93.5534096517411
28,8,1992,2,RTTP,50,93.5534096517411
28,8,1992,2,RTTP,52,37.8058299277584
28,8,1992,2,RTTP,54,95.4757399870508
28,8,1992,2,RTTP,56,151.223319711033
28,8,1992,2,RTTP,58,132.000016357936
28,8,1992,2,RTTP,60,107.650498777346
28,8,1992,2,RTTP,62,81.378650861446
28,8,1992,2,RTTP,64,95.4757399870508
28,8,1992,2,RTTP,66,57.0291332808559
28,8,1992,2,RTTP,68,40.3689370415047
28,8,1992,2,RTTP,70,27.5534014727731
28,8,1992,2,RTTP,72,9.61165167654874
28,8,1992,2,RTTP,74,3.8446606706195
28,8,1992,2,RTTP,76,1.28155355687317
28,8,1992,2,RTTP,78,0
28,8,1992,2,RTTP,80,0
28,8,1992,2,RTTP,82,0
28,8,1992,2,RTTP,84,0
28,8,1992,2,RTTP,86,0
28,8,1992,2,RTTP,88,0
28,8,1992,2,RTTP,90,0
28,8,1992,2,RTTP,92,0
28,8,1992,2,RTTP,94,0
28,8,1992,2,RTTP,96,0
28,8,1992,2,RTTP,98,0
28,8,1992,2,RTTP,100,0
28,8,1992,2,RTTP,102,0
28,8,1992,2,RTTP,104,0
28,8,1992,2,RTTP,106,0
28,8,1992,2,RTTP,108,0
29,8,1992,3,RTTP,2,0
29,8,1992,3,RTTP,4,0
29,8,1992,3,RTTP,6,0
29,8,1992,3,RTTP,8,0
29,8,1992,3,RTTP,10,0
29,8,1992,3,RTTP,12,0
29,8,1992,3,RTTP,14,0
29,8,1992,3,RTTP,16,0
29,8,1992,3,RTTP,18,0
29,8,1992,3,RTTP,20,0
29,8,1992,3,RTTP,22,0
29,8,1992,3,RTTP,24,0
29,8,1992,3,RTTP,26,0
29,8,1992,3,RTTP,28,0
29,8,1992,3,RTTP,30,0
29,8,1992,3,RTTP,32,0
29,8,1992,3,RTTP,34,0
29,8,1992,3,RTTP,36,0
29,8,1992,3,RTTP,38,0
29,8,1992,3,RTTP,40,0
29,8,1992,3,RTTP,42,0.599631295193122
29,8,1992,3,RTTP,44,0
29,8,1992,3,RTTP,46,0.299815647596561
29,8,1992,3,RTTP,48,0.299815647596561
29,8,1992,3,RTTP,50,0.899446942789683
29,8,1992,3,RTTP,52,1.79889388557937
29,8,1992,3,RTTP,54,21.5867266269524
29,8,1992,3,RTTP,56,51.8681070342051
29,8,1992,3,RTTP,58,71.9557554231747
29,8,1992,3,RTTP,60,33.2795368832183
29,8,1992,3,RTTP,62,5.99631295193122
29,8,1992,3,RTTP,64,5.69649730433466
29,8,1992,3,RTTP,66,0.899446942789683
29,8,1992,3,RTTP,68,0.299815647596561
29,8,1992,3,RTTP,70,0.899446942789683
29,8,1992,3,RTTP,72,0
29,8,1992,3,RTTP,74,0
29,8,1992,3,RTTP,76,0
29,8,1992,3,RTTP,78,0
29,8,1992,3,RTTP,80,0
29,8,1992,3,RTTP,82,0
29,8,1992,3,RTTP,84,0
29,8,1992,3,RTTP,86,0
29,8,1992,3,RTTP,88,0
29,8,1992,3,RTTP,90,0
29,8,1992,3,RTTP,92,0
29,8,1992,3,RTTP,94,0
29,8,1992,3,RTTP,96,0
29,8,1992,3,RTTP,98,0
29,8,1992,3,RTTP,100,0
29,8,1992,3,RTTP,102,0
29,8,1992,3,RTTP,104,0
29,8,1992,3,RTTP,106,0
29,8,1992,3,RTTP,108,0
30,5,2008,3,PTTP,2,0
30,5,2008,3,PTTP,4,0
30,5,2008,3,PTTP,6,0
30,5,2008,3,PTTP,8,0
30,5,2008,3,PTTP,10,0
30,5,2008,3,PTTP,12,0
30,5,2008,3,PTTP,14,0
30,5,2008,3,PTTP,16,0
30,5,2008,3,PTTP,18,0
30,5,2008,3,PTTP,20,0
30,5,2008,3,PTTP,22,0
30,5,2008,3,PTTP,24,0.368063407105513
30,5,2008,3,PTTP,26,3.68063407105513
30,5,2008,3,PTTP,28,90.3595664444035
30,5,2008,3,PTTP,30,145.385045806678
30,5,2008,3,PTTP,32,172.805769636038
30,5,2008,3,PTTP,34,106.186292949941
30,5,2008,3,PTTP,36,69.1959205358365
30,5,2008,3,PTTP,38,53.9212891409577
30,5,2008,3,PTTP,40,66.9875400932034
30,5,2008,3,PTTP,42,93.1200419976948
30,5,2008,3,PTTP,44,86.4949006697956
30,5,2008,3,PTTP,46,103.793880803755
30,5,2008,3,PTTP,48,62.018684097279
30,5,2008,3,PTTP,50,38.6466577460789
30,5,2008,3,PTTP,52,39.7508479673954
30,5,2008,3,PTTP,54,25.0283116831749
30,5,2008,3,PTTP,56,13.8023777664567
30,5,2008,3,PTTP,58,9.56964858474334
30,5,2008,3,PTTP,60,50.4246867734553
30,5,2008,3,PTTP,62,52.8170989196411
30,5,2008,3,PTTP,64,7.17723643855751
30,5,2008,3,PTTP,66,0.368063407105513
30,5,2008,3,PTTP,68,0
30,5,2008,3,PTTP,70,0
30,5,2008,3,PTTP,72,0
30,5,2008,3,PTTP,74,0
30,5,2008,3,PTTP,76,0
30,5,2008,3,PTTP,78,0
30,5,2008,3,PTTP,80,0
30,5,2008,3,PTTP,82,0
30,5,2008,3,PTTP,84,0
30,5,2008,3,PTTP,86,0
30,5,2008,3,PTTP,88,0
30,5,2008,3,PTTP,90,0
30,5,2008,3,PTTP,92,0
30,5,2008,3,PTTP,94,0
30,5,2008,3,PTTP,96,0
30,5,2008,3,PTTP,98,0
30,5,2008,3,PTTP,100,0
30,5,2008,3,PTTP,102,0
30,5,2008,3,PTTP,104,0
30,5,2008,3,PTTP,106,0
30,5,2008,3,PTTP,108,0
31,5,2008,4,PTTP,2,0
31,5,2008,4,PTTP,4,0
31,5,2008,4,PTTP,6,0
31,5,2008,4,PTTP,8,0
31,5,2008,4,PTTP,10,0
31,5,2008,4,PTTP,12,0
31,5,2008,4,PTTP,14,0
31,5,2008,4,PTTP,16,0
31,5,2008,4,PTTP,18,0
31,5,2008,4,PTTP,20,0
31,5,2008,4,PTTP,22,0
31,5,2008,4,PTTP,24,0
31,5,2008,4,PTTP,26,0
31,5,2008,4,PTTP,28,0.957887571617033
31,5,2008,4,PTTP,30,2.39471892904258
31,5,2008,4,PTTP,32,123.567496738597
31,5,2008,4,PTTP,34,888.440722674798
31,5,2008,4,PTTP,36,2407.65041125941
31,5,2008,4,PTTP,38,2783.14233933329
31,5,2008,4,PTTP,40,1461.73643428759
31,5,2008,4,PTTP,42,557.969510466922
31,5,2008,4,PTTP,44,194.930120824066
31,5,2008,4,PTTP,46,156.614617959385
31,5,2008,4,PTTP,48,149.909404958066
31,5,2008,4,PTTP,50,102.015026377214
31,5,2008,4,PTTP,52,59.8679732260646
31,5,2008,4,PTTP,54,27.2997957910855
31,5,2008,4,PTTP,56,18.1998638607236
31,5,2008,4,PTTP,58,5.26838164389368
31,5,2008,4,PTTP,60,3.83155028646813
31,5,2008,4,PTTP,62,1.91577514323407
31,5,2008,4,PTTP,64,2.8736627148511
31,5,2008,4,PTTP,66,0.478943785808517
31,5,2008,4,PTTP,68,0
31,5,2008,4,PTTP,70,0
31,5,2008,4,PTTP,72,0
31,5,2008,4,PTTP,74,0
31,5,2008,4,PTTP,76,0
31,5,2008,4,PTTP,78,0
31,5,2008,4,PTTP,80,0
31,5,2008,4,PTTP,82,0
31,5,2008,4,PTTP,84,0
31,5,2008,4,PTTP,86,0
31,5,2008,4,PTTP,88,0
31,5,2008,4,PTTP,90,0
31,5,2008,4,PTTP,92,0
31,5,2008,4,PTTP,94,0
31,5,2008,4,PTTP,96,0
31,5,2008,4,PTTP,98,0
31,5,2008,4,PTTP,100,0
31,5,2008,4,PTTP,102,0
31,5,2008,4,PTTP,104,0
31,5,2008,4,PTTP,106,0
31,5,2008,4,PTTP,108,0
32,5,2009,3,PTTP,2,0
32,5,2009,3,PTTP,4,0
32,5,2009,3,PTTP,6,0
32,5,2009,3,PTTP,8,0
32,5,2009,3,PTTP,10,0
32,5,2009,3,PTTP,12,0
32,5,2009,3,PTTP,14,0
32,5,2009,3,PTTP,16,0
32,5,2009,3,PTTP,18,0
32,5,2009,3,PTTP,20,0
32,5,2009,3,PTTP,22,0
32,5,2009,3,PTTP,24,0
32,5,2009,3,PTTP,26,0
32,5,2009,3,PTTP,28,4.59219658274648
32,5,2009,3,PTTP,30,81.51148934375
32,5,2009,3,PTTP,32,402.965250136004
32,5,2009,3,PTTP,34,722.122912636884
32,5,2009,3,PTTP,36,920.735414840669
32,5,2009,3,PTTP,38,1728.38798883121
32,5,2009,3,PTTP,40,1474.09510306162
32,5,2009,3,PTTP,42,836.927827205546
32,5,2009,3,PTTP,44,295.048630441461
32,5,2009,3,PTTP,46,137.191872909551
32,5,2009,3,PTTP,48,86.1036859264965
32,5,2009,3,PTTP,50,43.0518429632482
32,5,2009,3,PTTP,52,23.5350074865757
32,5,2009,3,PTTP,54,7.46231944696303
32,5,2009,3,PTTP,56,3.44414743705986
32,5,2009,3,PTTP,58,0.57402457284331
32,5,2009,3,PTTP,60,0
32,5,2009,3,PTTP,62,0.57402457284331
32,5,2009,3,PTTP,64,0
32,5,2009,3,PTTP,66,0
32,5,2009,3,PTTP,68,0
32,5,2009,3,PTTP,70,0
32,5,2009,3,PTTP,72,0
32,5,2009,3,PTTP,74,0
32,5,2009,3,PTTP,76,0
32,5,2009,3,PTTP,78,0
32,5,2009,3,PTTP,80,0
32,5,2009,3,PTTP,82,0
32,5,2009,3,PTTP,84,0
32,5,2009,3,PTTP,86,0
32,5,2009,3,PTTP,88,0
32,5,2009,3,PTTP,90,0
32,5,2009,3,PTTP,92,0
32,5,2009,3,PTTP,94,0
32,5,2009,3,PTTP,96,0
32,5,2009,3,PTTP,98,0
32,5,2009,3,PTTP,100,0
32,5,2009,3,PTTP,102,0
32,5,2009,3,PTTP,104,0
32,5,2009,3,PTTP,106,0
32,5,2009,3,PTTP,108,0
33,5,2019,3,PTTP,2,0
33,5,2019,3,PTTP,4,0
33,5,2019,3,PTTP,6,0
33,5,2019,3,PTTP,8,0
33,5,2019,3,PTTP,10,0
33,5,2019,3,PTTP,12,0
33,5,2019,3,PTTP,14,0
33,5,2019,3,PTTP,16,0
33,5,2019,3,PTTP,18,0
33,5,2019,3,PTTP,20,0
33,5,2019,3,PTTP,22,0
33,5,2019,3,PTTP,24,0
33,5,2019,3,PTTP,26,0
33,5,2019,3,PTTP,28,0
33,5,2019,3,PTTP,30,0
33,5,2019,3,PTTP,32,1.29530633169854
33,5,2019,3,PTTP,34,2.59061266339709
33,5,2019,3,PTTP,36,10.3624506535883
33,5,2019,3,PTTP,38,6.47653165849272
33,5,2019,3,PTTP,40,15.5436759803825
33,5,2019,3,PTTP,42,21.372554473026
33,5,2019,3,PTTP,44,48.5739874386954
33,5,2019,3,PTTP,46,115.92991668702
33,5,2019,3,PTTP,48,348.437403226908
33,5,2019,3,PTTP,50,1027.17792103694
33,5,2019,3,PTTP,52,1479.23983079974
33,5,2019,3,PTTP,54,1166.42335169454
33,5,2019,3,PTTP,56,468.900892074873
33,5,2019,3,PTTP,58,154.141453472127
33,5,2019,3,PTTP,60,86.7855242238024
33,5,2019,3,PTTP,62,132.768898999101
33,5,2019,3,PTTP,64,124.997061008909
33,5,2019,3,PTTP,66,46.6310279411476
33,5,2019,3,PTTP,68,14.8960228145332
33,5,2019,3,PTTP,70,4.5335721609449
33,5,2019,3,PTTP,72,1.29530633169854
33,5,2019,3,PTTP,74,0
33,5,2019,3,PTTP,76,0
33,5,2019,3,PTTP,78,0
33,5,2019,3,PTTP,80,0
33,5,2019,3,PTTP,82,0
33,5,2019,3,PTTP,84,0
33,5,2019,3,PTTP,86,0
33,5,2019,3,PTTP,88,0
33,5,2019,3,PTTP,90,0
33,5,2019,3,PTTP,92,0
33,5,2019,3,PTTP,94,0
33,5,2019,3,PTTP,96,0
33,5,2019,3,PTTP,98,0
33,5,2019,3,PTTP,100,0
33,5,2019,3,PTTP,102,0
33,5,2019,3,PTTP,104,0
33,5,2019,3,PTTP,106,0
33,5,2019,3,PTTP,108,0
34,6,2006,3,PTTP,2,0
34,6,2006,3,PTTP,4,0
34,6,2006,3,PTTP,6,0
34,6,2006,3,PTTP,8,0
34,6,2006,3,PTTP,10,0
34,6,2006,3,PTTP,12,0
34,6,2006,3,PTTP,14,0
34,6,2006,3,PTTP,16,0
34,6,2006,3,PTTP,18,0
34,6,2006,3,PTTP,20,0
34,6,2006,3,PTTP,22,0
34,6,2006,3,PTTP,24,0
34,6,2006,3,PTTP,26,0
34,6,2006,3,PTTP,28,0.595694446223304
34,6,2006,3,PTTP,30,25.6148611876021
34,6,2006,3,PTTP,32,151.306389340719
34,6,2006,3,PTTP,34,243.043334059108
34,6,2006,3,PTTP,36,201.344722823477
34,6,2006,3,PTTP,38,312.143889821011
34,6,2006,3,PTTP,40,505.148890397362
34,6,2006,3,PTTP,42,429.495695727002
34,6,2006,3,PTTP,44,316.313750944575
34,6,2006,3,PTTP,46,316.313750944575
34,6,2006,3,PTTP,48,357.416667733983
34,6,2006,3,PTTP,50,492.043612580449
34,6,2006,3,PTTP,52,287.124723079633
34,6,2006,3,PTTP,54,136.414028185137
34,6,2006,3,PTTP,56,119.734583690884
34,6,2006,3,PTTP,58,103.650833642855
34,6,2006,3,PTTP,60,108.416389212641
34,6,2006,3,PTTP,62,64.9306946383402
34,6,2006,3,PTTP,64,39.9115278969614
34,6,2006,3,PTTP,66,27.401944526272
34,6,2006,3,PTTP,68,17.2751389404758
34,6,2006,3,PTTP,70,9.53111113957287
34,6,2006,3,PTTP,72,4.76555556978643
34,6,2006,3,PTTP,74,0
34,6,2006,3,PTTP,76,0
34,6,2006,3,PTTP,78,0
34,6,2006,3,PTTP,80,0
34,6,2006,3,PTTP,82,0
34,6,2006,3,PTTP,84,0
34,6,2006,3,PTTP,86,0
34,6,2006,3,PTTP,88,0
34,6,2006,3,PTTP,90,0
34,6,2006,3,PTTP,92,0
34,6,2006,3,PTTP,94,0
34,6,2006,3,PTTP,96,0
34,6,2006,3,PTTP,98,0
34,6,2006,3,PTTP,100,0
34,6,2006,3,PTTP,102,0
34,6,2006,3,PTTP,104,0
34,6,2006,3,PTTP,106,0
34,6,2006,3,PTTP,108,0
35,6,2006,4,PTTP,2,0
35,6,2006,4,PTTP,4,0
35,6,2006,4,PTTP,6,0
35,6,2006,4,PTTP,8,0
35,6,2006,4,PTTP,10,0
35,6,2006,4,PTTP,12,0
35,6,2006,4,PTTP,14,0
35,6,2006,4,PTTP,16,0
35,6,2006,4,PTTP,18,0
35,6,2006,4,PTTP,20,0
35,6,2006,4,PTTP,22,0
35,6,2006,4,PTTP,24,0.554498167146695
35,6,2006,4,PTTP,26,0
35,6,2006,4,PTTP,28,7.76297434005373
35,6,2006,4,PTTP,30,79.8477360691241
35,6,2006,4,PTTP,32,258.950644057507
35,6,2006,4,PTTP,34,416.982621694315
35,6,2006,4,PTTP,36,305.528490097829
35,6,2006,4,PTTP,38,331.589903953724
35,6,2006,4,PTTP,40,500.157346766319
35,6,2006,4,PTTP,42,475.759427411864
35,6,2006,4,PTTP,44,508.474819273519
35,6,2006,4,PTTP,46,384.821727999806
35,6,2006,4,PTTP,48,194.62885666849
35,6,2006,4,PTTP,50,139.733538120967
35,6,2006,4,PTTP,52,84.2837214062977
35,6,2006,4,PTTP,54,32.715391861655
35,6,2006,4,PTTP,56,12.753457844374
35,6,2006,4,PTTP,58,5.54498167146695
35,6,2006,4,PTTP,60,5.54498167146695
35,6,2006,4,PTTP,62,3.88148717002687
35,6,2006,4,PTTP,64,2.21799266858678
35,6,2006,4,PTTP,66,3.32698900288017
35,6,2006,4,PTTP,68,1.10899633429339
35,6,2006,4,PTTP,70,0.554498167146695
35,6,2006,4,PTTP,72,0.554498167146695
35,6,2006,4,PTTP,74,0.554498167146695
35,6,2006,4,PTTP,76,0
35,6,2006,4,PTTP,78,0
35,6,2006,4,PTTP,80,0
35,6,2006,4,PTTP,82,0
35,6,2006,4,PTTP,84,0
35,6,2006,4,PTTP,86,0
35,6,2006,4,PTTP,88,0
35,6,2006,4,PTTP,90,0
35,6,2006,4,PTTP,92,0
35,6,2006,4,PTTP,94,0
35,6,2006,4,PTTP,96,0
35,6,2006,4,PTTP,98,0
35,6,2006,4,PTTP,100,0
35,6,2006,4,PTTP,102,0
35,6,2006,4,PTTP,104,0
35,6,2006,4,PTTP,106,0
35,6,2006,4,PTTP,108,0
36,6,2007,1,PTTP,2,0
36,6,2007,1,PTTP,4,0
36,6,2007,1,PTTP,6,0
36,6,2007,1,PTTP,8,0
36,6,2007,1,PTTP,10,0
36,6,2007,1,PTTP,12,0
36,6,2007,1,PTTP,14,0
36,6,2007,1,PTTP,16,0
36,6,2007,1,PTTP,18,0
36,6,2007,1,PTTP,20,0
36,6,2007,1,PTTP,22,0
36,6,2007,1,PTTP,24,0
36,6,2007,1,PTTP,26,0.428878536104632
36,6,2007,1,PTTP,28,24.446076557964
36,6,2007,1,PTTP,30,117.083840356565
36,6,2007,1,PTTP,32,276.197777251383
36,6,2007,1,PTTP,34,439.171620971143
36,6,2007,1,PTTP,36,304.503760634289
36,6,2007,1,PTTP,38,305.790396242603
36,6,2007,1,PTTP,40,358.113577647368
36,6,2007,1,PTTP,42,455.897883879224
36,6,2007,1,PTTP,44,741.530988924909
36,6,2007,1,PTTP,46,664.332852426075
36,6,2007,1,PTTP,48,287.348619190103
36,6,2007,1,PTTP,50,454.182369734805
36,6,2007,1,PTTP,52,373.982083483239
36,6,2007,1,PTTP,54,162.544965183656
36,6,2007,1,PTTP,56,45.8900033631956
36,6,2007,1,PTTP,58,20.1572911969177
36,6,2007,1,PTTP,60,5.14654243325558
36,6,2007,1,PTTP,62,3.43102828883706
36,6,2007,1,PTTP,64,2.57327121662779
36,6,2007,1,PTTP,66,0
36,6,2007,1,PTTP,68,0
36,6,2007,1,PTTP,70,0
36,6,2007,1,PTTP,72,0
36,6,2007,1,PTTP,74,0
36,6,2007,1,PTTP,76,0
36,6,2007,1,PTTP,78,0
36,6,2007,1,PTTP,80,0
36,6,2007,1,PTTP,82,0
36,6,2007,1,PTTP,84,0
36,6,2007,1,PTTP,86,0
36,6,2007,1,PTTP,88,0
36,6,2007,1,PTTP,90,0
36,6,2007,1,PTTP,92,0
36,6,2007,1,PTTP,94,0
36,6,2007,1,PTTP,96,0
36,6,2007,1,PTTP,98,0
36,6,2007,1,PTTP,100,0
36,6,2007,1,PTTP,102,0
36,6,2007,1,PTTP,104,0
36,6,2007,1,PTTP,106,0
36,6,2007,1,PTTP,108,0
37,6,2007,2,PTTP,2,0
37,6,2007,2,PTTP,4,0
37,6,2007,2,PTTP,6,0
37,6,2007,2,PTTP,8,0
37,6,2007,2,PTTP,10,0
37,6,2007,2,PTTP,12,0
37,6,2007,2,PTTP,14,0
37,6,2007,2,PTTP,16,0
37,6,2007,2,PTTP,18,0
37,6,2007,2,PTTP,20,0
37,6,2007,2,PTTP,22,0
37,6,2007,2,PTTP,24,0
37,6,2007,2,PTTP,26,0
37,6,2007,2,PTTP,28,1.57776914573662
37,6,2007,2,PTTP,30,8.94069182584084
37,6,2007,2,PTTP,32,96.7698409385126
37,6,2007,2,PTTP,34,420.21251581452
37,6,2007,2,PTTP,36,1343.20746607044
37,6,2007,2,PTTP,38,2093.69965639249
37,6,2007,2,PTTP,40,999.253792299859
37,6,2007,2,PTTP,42,500.152819198508
37,6,2007,2,PTTP,44,560.633969785079
37,6,2007,2,PTTP,46,717.884961310162
37,6,2007,2,PTTP,48,538.019278696187
37,6,2007,2,PTTP,50,222.991372597442
37,6,2007,2,PTTP,52,95.7179948413549
37,6,2007,2,PTTP,54,68.3699963152535
37,6,2007,2,PTTP,56,23.6665371860493
37,6,2007,2,PTTP,58,20.510998894576
37,6,2007,2,PTTP,60,6.31107658294648
37,6,2007,2,PTTP,62,4.20738438863098
37,6,2007,2,PTTP,64,3.15553829147324
37,6,2007,2,PTTP,66,1.05184609715775
37,6,2007,2,PTTP,68,0.525923048578873
37,6,2007,2,PTTP,70,0
37,6,2007,2,PTTP,72,0
37,6,2007,2,PTTP,74,0
37,6,2007,2,PTTP,76,0
37,6,2007,2,PTTP,78,0
37,6,2007,2,PTTP,80,0
37,6,2007,2,PTTP,82,0
37,6,2007,2,PTTP,84,0
37,6,2007,2,PTTP,86,0
37,6,2007,2,PTTP,88,0
37,6,2007,2,PTTP,90,0
37,6,2007,2,PTTP,92,0
37,6,2007,2,PTTP,94,0
37,6,2007,2,PTTP,96,0
37,6,2007,2,PTTP,98,0
37,6,2007,2,PTTP,100,0
37,6,2007,2,PTTP,102,0
37,6,2007,2,PTTP,104,0
37,6,2007,2,PTTP,106,0
37,6,2007,2,PTTP,108,0
38,6,2007,4,PTTP,2,0
38,6,2007,4,PTTP,4,0
38,6,2007,4,PTTP,6,0
38,6,2007,4,PTTP,8,0
38,6,2007,4,PTTP,10,0
38,6,2007,4,PTTP,12,0
38,6,2007,4,PTTP,14,0
38,6,2007,4,PTTP,16,0
38,6,2007,4,PTTP,18,0
38,6,2007,4,PTTP,20,0
38,6,2007,4,PTTP,22,0
38,6,2007,4,PTTP,24,0
38,6,2007,4,PTTP,26,0
38,6,2007,4,PTTP,28,5.33927769989443
38,6,2007,4,PTTP,30,42.7142215991554
38,6,2007,4,PTTP,32,152.169414446991
38,6,2007,4,PTTP,34,305.006238606469
38,6,2007,4,PTTP,36,287.653586081812
38,6,2007,4,PTTP,38,176.863573809003
38,6,2007,4,PTTP,40,112.79224141027
38,6,2007,4,PTTP,42,192.213997196199
38,6,2007,4,PTTP,44,1133.26169180259
38,6,2007,4,PTTP,46,1137.93355979
38,6,2007,4,PTTP,48,555.28488078902
38,6,2007,4,PTTP,50,411.791792604358
38,6,2007,4,PTTP,52,184.872490358844
38,6,2007,4,PTTP,54,96.7744083105865
38,6,2007,4,PTTP,56,80.7565752109032
38,6,2007,4,PTTP,58,73.4150683735484
38,6,2007,4,PTTP,60,30.0334370619061
38,6,2007,4,PTTP,62,5.33927769989443
38,6,2007,4,PTTP,64,2.00222913746041
38,6,2007,4,PTTP,66,2.00222913746041
38,6,2007,4,PTTP,68,0
38,6,2007,4,PTTP,70,1.33481942497361
38,6,2007,4,PTTP,72,0.667409712486803
38,6,2007,4,PTTP,74,0
38,6,2007,4,PTTP,76,0
38,6,2007,4,PTTP,78,0
38,6,2007,4,PTTP,80,0
38,6,2007,4,PTTP,82,0
38,6,2007,4,PTTP,84,0
38,6,2007,4,PTTP,86,0
38,6,2007,4,PTTP,88,0
38,6,2007,4,PTTP,90,0
38,6,2007,4,PTTP,92,0
38,6,2007,4,PTTP,94,0
38,6,2007,4,PTTP,96,0
38,6,2007,4,PTTP,98,0
38,6,2007,4,PTTP,100,0
38,6,2007,4,PTTP,102,0
38,6,2007,4,PTTP,104,0
38,6,2007,4,PTTP,106,0
38,6,2007,4,PTTP,108,0
39,6,2008,1,PTTP,2,0
39,6,2008,1,PTTP,4,0
39,6,2008,1,PTTP,6,0
39,6,2008,1,PTTP,8,0
39,6,2008,1,PTTP,10,0
39,6,2008,1,PTTP,12,0
39,6,2008,1,PTTP,14,0
39,6,2008,1,PTTP,16,0
39,6,2008,1,PTTP,18,0
39,6,2008,1,PTTP,20,0
39,6,2008,1,PTTP,22,0
39,6,2008,1,PTTP,24,0
39,6,2008,1,PTTP,26,0
39,6,2008,1,PTTP,28,4.15495009121043
39,6,2008,1,PTTP,30,65.09421809563
39,6,2008,1,PTTP,32,113.568635826418
39,6,2008,1,PTTP,34,317.161190295729
39,6,2008,1,PTTP,36,526.755339341233
39,6,2008,1,PTTP,38,965.333404524556
39,6,2008,1,PTTP,40,564.149890162127
39,6,2008,1,PTTP,42,229.90723838031
39,6,2008,1,PTTP,44,78.0207294905069
39,6,2008,1,PTTP,46,30.4696340022098
39,6,2008,1,PTTP,48,9.69488354615766
39,6,2008,1,PTTP,50,22.1597338197889
39,6,2008,1,PTTP,52,52.6293678219987
39,6,2008,1,PTTP,54,47.5510954882971
39,6,2008,1,PTTP,56,29.5463117597186
39,6,2008,1,PTTP,58,18.4664448498241
39,6,2008,1,PTTP,60,10.6182057886489
39,6,2008,1,PTTP,62,4.61661121245603
39,6,2008,1,PTTP,64,2.76996672747362
39,6,2008,1,PTTP,66,4.61661121245603
39,6,2008,1,PTTP,68,0.923322242491206
39,6,2008,1,PTTP,70,1
39,6,2008,1,PTTP,72,0
39,6,2008,1,PTTP,74,0
39,6,2008,1,PTTP,76,0
39,6,2008,1,PTTP,78,0
39,6,2008,1,PTTP,80,0
39,6,2008,1,PTTP,82,0
39,6,2008,1,PTTP,84,0
39,6,2008,1,PTTP,86,0
39,6,2008,1,PTTP,88,0
39,6,2008,1,PTTP,90,0
39,6,2008,1,PTTP,92,0
39,6,2008,1,PTTP,94,0
39,6,2008,1,PTTP,96,0
39,6,2008,1,PTTP,98,0
39,6,2008,1,PTTP,100,0
39,6,2008,1,PTTP,102,0
39,6,2008,1,PTTP,104,0
39,6,2008,1,PTTP,106,0
39,6,2008,1,PTTP,108,0
40,6,2008,2,PTTP,2,0
40,6,2008,2,PTTP,4,0
40,6,2008,2,PTTP,6,0
40,6,2008,2,PTTP,8,0
40,6,2008,2,PTTP,10,0
40,6,2008,2,PTTP,12,0
40,6,2008,2,PTTP,14,0
40,6,2008,2,PTTP,16,0
40,6,2008,2,PTTP,18,0
40,6,2008,2,PTTP,20,0
40,6,2008,2,PTTP,22,0
40,6,2008,2,PTTP,24,0
40,6,2008,2,PTTP,26,0
40,6,2008,2,PTTP,28,0
40,6,2008,2,PTTP,30,0.294183530889621
40,6,2008,2,PTTP,32,5.29530355601319
40,6,2008,2,PTTP,34,91.3439863412274
40,6,2008,2,PTTP,36,212.106325771417
40,6,2008,2,PTTP,38,187.247817411244
40,6,2008,2,PTTP,40,106.788621712933
40,6,2008,2,PTTP,42,91.7852616375619
40,6,2008,2,PTTP,44,25
40,6,2008,2,PTTP,46,6.9133129759061
40,6,2008,2,PTTP,48,3.38311060523065
40,6,2008,2,PTTP,50,5.29530355601319
40,6,2008,2,PTTP,52,11.3260659392504
40,6,2008,2,PTTP,54,10
40,6,2008,2,PTTP,56,6.76622121046129
40,6,2008,2,PTTP,58,3
40,6,2008,2,PTTP,60,1.02964235811367
40,6,2008,2,PTTP,62,0.147091765444811
40,6,2008,2,PTTP,64,0
40,6,2008,2,PTTP,66,0
40,6,2008,2,PTTP,68,0
40,6,2008,2,PTTP,70,0
40,6,2008,2,PTTP,72,0
40,6,2008,2,PTTP,74,0
40,6,2008,2,PTTP,76,0
40,6,2008,2,PTTP,78,0
40,6,2008,2,PTTP,80,0
40,6,2008,2,PTTP,82,0
40,6,2008,2,PTTP,84,0
40,6,2008,2,PTTP,86,0
40,6,2008,2,PTTP,88,0
40,6,2008,2,PTTP,90,0
40,6,2008,2,PTTP,92,0
40,6,2008,2,PTTP,94,0
40,6,2008,2,PTTP,96,0
40,6,2008,2,PTTP,98,0
40,6,2008,2,PTTP,100,0
40,6,2008,2,PTTP,102,0
40,6,2008,2,PTTP,104,0
40,6,2008,2,PTTP,106,0
40,6,2008,2,PTTP,108,0
41,6,2008,4,PTTP,2,0
41,6,2008,4,PTTP,4,0
41,6,2008,4,PTTP,6,0
41,6,2008,4,PTTP,8,0
41,6,2008,4,PTTP,10,0
41,6,2008,4,PTTP,12,0
41,6,2008,4,PTTP,14,0
41,6,2008,4,PTTP,16,0
41,6,2008,4,PTTP,18,0
41,6,2008,4,PTTP,20,0
41,6,2008,4,PTTP,22,0
41,6,2008,4,PTTP,24,0
41,6,2008,4,PTTP,26,0
41,6,2008,4,PTTP,28,0
41,6,2008,4,PTTP,30,2.30805214699686
41,6,2008,4,PTTP,32,56.2587710830485
41,6,2008,4,PTTP,34,87.7059815858808
41,6,2008,4,PTTP,36,55.6817580462993
41,6,2008,4,PTTP,38,70.6840970017789
41,6,2008,4,PTTP,40,154.928000367164
41,6,2008,4,PTTP,42,212.917810560461
41,6,2008,4,PTTP,44,105.016372688357
41,6,2008,4,PTTP,46,50.4886407155564
41,6,2008,4,PTTP,48,40.9679256091943
41,6,2008,4,PTTP,50,51.3541602706802
41,6,2008,4,PTTP,52,39.5253930173213
41,6,2008,4,PTTP,54,39.5253930173213
41,6,2008,4,PTTP,56,35.4863017600768
41,6,2008,4,PTTP,58,21.0609758413464
41,6,2008,4,PTTP,60,14.4253259187304
41,6,2008,4,PTTP,62,4.90461081236833
41,6,2008,4,PTTP,64,0.577013036749216
41,6,2008,4,PTTP,66,0.288506518374608
41,6,2008,4,PTTP,68,0.288506518374608
41,6,2008,4,PTTP,70,0
41,6,2008,4,PTTP,72,0.288506518374608
41,6,2008,4,PTTP,74,0
41,6,2008,4,PTTP,76,0
41,6,2008,4,PTTP,78,0
41,6,2008,4,PTTP,80,0
41,6,2008,4,PTTP,82,0
41,6,2008,4,PTTP,84,0
41,6,2008,4,PTTP,86,0
41,6,2008,4,PTTP,88,0
41,6,2008,4,PTTP,90,0
41,6,2008,4,PTTP,92,0
41,6,2008,4,PTTP,94,0
41,6,2008,4,PTTP,96,0
41,6,2008,4,PTTP,98,0
41,6,2008,4,PTTP,100,0
41,6,2008,4,PTTP,102,0
41,6,2008,4,PTTP,104,0
41,6,2008,4,PTTP,106,0
41,6,2008,4,PTTP,108,0
42,6,2009,1,PTTP,2,0
42,6,2009,1,PTTP,4,0
42,6,2009,1,PTTP,6,0
42,6,2009,1,PTTP,8,0
42,6,2009,1,PTTP,10,0
42,6,2009,1,PTTP,12,0
42,6,2009,1,PTTP,14,0
42,6,2009,1,PTTP,16,0
42,6,2009,1,PTTP,18,0
42,6,2009,1,PTTP,20,0
42,6,2009,1,PTTP,22,0
42,6,2009,1,PTTP,24,0
42,6,2009,1,PTTP,26,0
42,6,2009,1,PTTP,28,0.571340593738945
42,6,2009,1,PTTP,30,12.5694930622568
42,6,2009,1,PTTP,32,317.094029525114
42,6,2009,1,PTTP,34,737.600706516978
42,6,2009,1,PTTP,36,403.366459179695
42,6,2009,1,PTTP,38,104.555328654227
42,6,2009,1,PTTP,40,55.9913781864166
42,6,2009,1,PTTP,42,69.1322118424123
42,6,2009,1,PTTP,44,125.123590028829
42,6,2009,1,PTTP,46,141.692467247258
42,6,2009,1,PTTP,48,96.5565603418816
42,6,2009,1,PTTP,50,85.1297484671028
42,6,2009,1,PTTP,52,205.68261374602
42,6,2009,1,PTTP,54,161.118047434382
42,6,2009,1,PTTP,56,54.8486969989387
42,6,2009,1,PTTP,58,23.9963049370357
42,6,2009,1,PTTP,60,18.2828989996462
42,6,2009,1,PTTP,62,15.4261960309515
42,6,2009,1,PTTP,64,15.9975366246905
42,6,2009,1,PTTP,66,7.42742771860628
42,6,2009,1,PTTP,68,2.85670296869472
42,6,2009,1,PTTP,70,0.571340593738945
42,6,2009,1,PTTP,72,0
42,6,2009,1,PTTP,74,0
42,6,2009,1,PTTP,76,0
42,6,2009,1,PTTP,78,0
42,6,2009,1,PTTP,80,0
42,6,2009,1,PTTP,82,0
42,6,2009,1,PTTP,84,0
42,6,2009,1,PTTP,86,0
42,6,2009,1,PTTP,88,0
42,6,2009,1,PTTP,90,0
42,6,2009,1,PTTP,92,0
42,6,2009,1,PTTP,94,0
42,6,2009,1,PTTP,96,0
42,6,2009,1,PTTP,98,0
42,6,2009,1,PTTP,100,0
42,6,2009,1,PTTP,102,0
42,6,2009,1,PTTP,104,0
42,6,2009,1,PTTP,106,0
42,6,2009,1,PTTP,108,0
43,6,2009,2,PTTP,2,0
43,6,2009,2,PTTP,4,0
43,6,2009,2,PTTP,6,0
43,6,2009,2,PTTP,8,0
43,6,2009,2,PTTP,10,0
43,6,2009,2,PTTP,12,0
43,6,2009,2,PTTP,14,0
43,6,2009,2,PTTP,16,0
43,6,2009,2,PTTP,18,0
43,6,2009,2,PTTP,20,0
43,6,2009,2,PTTP,22,0
43,6,2009,2,PTTP,24,0.477560414258378
43,6,2009,2,PTTP,26,0
43,6,2009,2,PTTP,28,0
43,6,2009,2,PTTP,30,5.73072497110054
43,6,2009,2,PTTP,32,229.70655925828
43,6,2009,2,PTTP,34,468.964326801727
43,6,2009,2,PTTP,36,662.37629457637
43,6,2009,2,PTTP,38,1076.42117373838
43,6,2009,2,PTTP,40,634.677790549384
43,6,2009,2,PTTP,42,361.035673179334
43,6,2009,2,PTTP,44,167.623705404691
43,6,2009,2,PTTP,46,119.390103564594
43,6,2009,2,PTTP,48,204.395857302586
43,6,2009,2,PTTP,50,187.681242803543
43,6,2009,2,PTTP,52,84.5281933237329
43,6,2009,2,PTTP,54,22.4453394701438
43,6,2009,2,PTTP,56,7.64096662813405
43,6,2009,2,PTTP,58,6.20828538535891
43,6,2009,2,PTTP,60,0.477560414258378
43,6,2009,2,PTTP,62,0
43,6,2009,2,PTTP,64,0
43,6,2009,2,PTTP,66,0
43,6,2009,2,PTTP,68,0
43,6,2009,2,PTTP,70,0
43,6,2009,2,PTTP,72,0
43,6,2009,2,PTTP,74,0
43,6,2009,2,PTTP,76,0
43,6,2009,2,PTTP,78,0
43,6,2009,2,PTTP,80,0
43,6,2009,2,PTTP,82,0
43,6,2009,2,PTTP,84,0
43,6,2009,2,PTTP,86,0
43,6,2009,2,PTTP,88,0
43,6,2009,2,PTTP,90,0
43,6,2009,2,PTTP,92,0
43,6,2009,2,PTTP,94,0
43,6,2009,2,PTTP,96,0
43,6,2009,2,PTTP,98,0
43,6,2009,2,PTTP,100,0
43,6,2009,2,PTTP,102,0
43,6,2009,2,PTTP,104,0
43,6,2009,2,PTTP,106,0
43,6,2009,2,PTTP,108,0
44,6,2009,3,PTTP,2,0
44,6,2009,3,PTTP,4,0
44,6,2009,3,PTTP,6,0
44,6,2009,3,PTTP,8,0
44,6,2009,3,PTTP,10,0
44,6,2009,3,PTTP,12,0
44,6,2009,3,PTTP,14,0
44,6,2009,3,PTTP,16,0
44,6,2009,3,PTTP,18,0
44,6,2009,3,PTTP,20,0
44,6,2009,3,PTTP,22,0
44,6,2009,3,PTTP,24,0
44,6,2009,3,PTTP,26,0
44,6,2009,3,PTTP,28,0
44,6,2009,3,PTTP,30,10.9611911327077
44,6,2009,3,PTTP,32,42.5552126328653
44,6,2009,3,PTTP,34,144.429812572149
44,6,2009,3,PTTP,36,638.972965441962
44,6,2009,3,PTTP,38,752.453532462936
44,6,2009,3,PTTP,40,909.134088065758
44,6,2009,3,PTTP,42,977.480338657935
44,6,2009,3,PTTP,44,754.387860309884
44,6,2009,3,PTTP,46,621.564014819426
44,6,2009,3,PTTP,48,700.226680595328
44,6,2009,3,PTTP,50,1129.00268666889
44,6,2009,3,PTTP,52,700.871456544311
44,6,2009,3,PTTP,54,219.868598603137
44,6,2009,3,PTTP,56,56.740283510487
44,6,2009,3,PTTP,58,37.3970050410028
44,6,2009,3,PTTP,60,29.6596936532091
44,6,2009,3,PTTP,62,5.80298354084526
44,6,2009,3,PTTP,64,1.93432784694842
44,6,2009,3,PTTP,66,0
44,6,2009,3,PTTP,68,1.28955189796561
44,6,2009,3,PTTP,70,1.93432784694842
44,6,2009,3,PTTP,72,0
44,6,2009,3,PTTP,74,0
44,6,2009,3,PTTP,76,0
44,6,2009,3,PTTP,78,0
44,6,2009,3,PTTP,80,0
44,6,2009,3,PTTP,82,0
44,6,2009,3,PTTP,84,0
44,6,2009,3,PTTP,86,0
44,6,2009,3,PTTP,88,0
44,6,2009,3,PTTP,90,0
44,6,2009,3,PTTP,92,0
44,6,2009,3,PTTP,94,0
44,6,2009,3,PTTP,96,0
44,6,2009,3,PTTP,98,0
44,6,2009,3,PTTP,100,0
44,6,2009,3,PTTP,102,0
44,6,2009,3,PTTP,104,0
44,6,2009,3,PTTP,106,0
44,6,2009,3,PTTP,108,0
45,6,2009,4,PTTP,2,0
45,6,2009,4,PTTP,4,0
45,6,2009,4,PTTP,6,0
45,6,2009,4,PTTP,8,0
45,6,2009,4,PTTP,10,0
45,6,2009,4,PTTP,12,0
45,6,2009,4,PTTP,14,0
45,6,2009,4,PTTP,16,0
45,6,2009,4,PTTP,18,0
45,6,2009,4,PTTP,20,0
45,6,2009,4,PTTP,22,0
45,6,2009,4,PTTP,24,0
45,6,2009,4,PTTP,26,0
45,6,2009,4,PTTP,28,0
45,6,2009,4,PTTP,30,0
45,6,2009,4,PTTP,32,0
45,6,2009,4,PTTP,34,0
45,6,2009,4,PTTP,36,0
45,6,2009,4,PTTP,38,4.25017705850372
45,6,2009,4,PTTP,40,52.2164610044743
45,6,2009,4,PTTP,42,162.721064525571
45,6,2009,4,PTTP,44,234.36690636892
45,6,2009,4,PTTP,46,209.473012169112
45,6,2009,4,PTTP,48,127.505311755112
45,6,2009,4,PTTP,50,78.9318596579263
45,6,2009,4,PTTP,52,166.36407343286
45,6,2009,4,PTTP,54,256.224959812653
45,6,2009,4,PTTP,56,133.57699326726
45,6,2009,4,PTTP,58,64.9669921799855
45,6,2009,4,PTTP,60,35.2157527704594
45,6,2009,4,PTTP,62,22.4652215949482
45,6,2009,4,PTTP,64,4.25017705850372
45,6,2009,4,PTTP,66,0.607168151214817
45,6,2009,4,PTTP,68,0
45,6,2009,4,PTTP,70,0
45,6,2009,4,PTTP,72,0
45,6,2009,4,PTTP,74,0
45,6,2009,4,PTTP,76,0
45,6,2009,4,PTTP,78,0
45,6,2009,4,PTTP,80,0
45,6,2009,4,PTTP,82,0
45,6,2009,4,PTTP,84,0
45,6,2009,4,PTTP,86,0
45,6,2009,4,PTTP,88,0
45,6,2009,4,PTTP,90,0
45,6,2009,4,PTTP,92,0
45,6,2009,4,PTTP,94,0
45,6,2009,4,PTTP,96,0
45,6,2009,4,PTTP,98,0
45,6,2009,4,PTTP,100,0
45,6,2009,4,PTTP,102,0
45,6,2009,4,PTTP,104,0
45,6,2009,4,PTTP,106,0
45,6,2009,4,PTTP,108,0
46,6,2011,2,PTTP,2,0
46,6,2011,2,PTTP,4,0
46,6,2011,2,PTTP,6,0
46,6,2011,2,PTTP,8,0
46,6,2011,2,PTTP,10,0
46,6,2011,2,PTTP,12,0
46,6,2011,2,PTTP,14,0
46,6,2011,2,PTTP,16,0
46,6,2011,2,PTTP,18,0
46,6,2011,2,PTTP,20,0
46,6,2011,2,PTTP,22,0
46,6,2011,2,PTTP,24,0
46,6,2011,2,PTTP,26,0
46,6,2011,2,PTTP,28,3.67718436384214
46,6,2011,2,PTTP,30,335.849505230915
46,6,2011,2,PTTP,32,650.861632400058
46,6,2011,2,PTTP,34,883.749975443394
46,6,2011,2,PTTP,36,861.686869260341
46,6,2011,2,PTTP,38,1139.31428873042
46,6,2011,2,PTTP,40,1391.81428171425
46,6,2011,2,PTTP,42,1387.52423328977
46,6,2011,2,PTTP,44,1587.31791705852
46,6,2011,2,PTTP,46,1056.57764054397
46,6,2011,2,PTTP,48,773.43444452813
46,6,2011,2,PTTP,50,675.989058886313
46,6,2011,2,PTTP,52,367.105572323573
46,6,2011,2,PTTP,54,245.758488316783
46,6,2011,2,PTTP,56,138.507277704721
46,6,2011,2,PTTP,58,92.5424731566938
46,6,2011,2,PTTP,60,121.959948067431
46,6,2011,2,PTTP,62,98.6711137630974
46,6,2011,2,PTTP,64,61.899270124676
46,6,2011,2,PTTP,66,21.4502421224125
46,6,2011,2,PTTP,68,8.58009684896499
46,6,2011,2,PTTP,70,1.83859218192107
46,6,2011,2,PTTP,72,0
46,6,2011,2,PTTP,74,0.612864060640356
46,6,2011,2,PTTP,76,0
46,6,2011,2,PTTP,78,0
46,6,2011,2,PTTP,80,0
46,6,2011,2,PTTP,82,0
46,6,2011,2,PTTP,84,0
46,6,2011,2,PTTP,86,0
46,6,2011,2,PTTP,88,0
46,6,2011,2,PTTP,90,0
46,6,2011,2,PTTP,92,0
46,6,2011,2,PTTP,94,0
46,6,2011,2,PTTP,96,0
46,6,2011,2,PTTP,98,0
46,6,2011,2,PTTP,100,0
46,6,2011,2,PTTP,102,0
46,6,2011,2,PTTP,104,0
46,6,2011,2,PTTP,106,0
46,6,2011,2,PTTP,108,0
47,6,2011,3,PTTP,2,0
47,6,2011,3,PTTP,4,0
47,6,2011,3,PTTP,6,0
47,6,2011,3,PTTP,8,0
47,6,2011,3,PTTP,10,0
47,6,2011,3,PTTP,12,0
47,6,2011,3,PTTP,14,0
47,6,2011,3,PTTP,16,0
47,6,2011,3,PTTP,18,0
47,6,2011,3,PTTP,20,0
47,6,2011,3,PTTP,22,0
47,6,2011,3,PTTP,24,0
47,6,2011,3,PTTP,26,0
47,6,2011,3,PTTP,28,0
47,6,2011,3,PTTP,30,0
47,6,2011,3,PTTP,32,0
47,6,2011,3,PTTP,34,0
47,6,2011,3,PTTP,36,0
47,6,2011,3,PTTP,38,0
47,6,2011,3,PTTP,40,4
47,6,2011,3,PTTP,42,14.2765907381703
47,6,2011,3,PTTP,44,154.014130387534
47,6,2011,3,PTTP,46,326.198467169103
47,6,2011,3,PTTP,48,302.404149272153
47,6,2011,3,PTTP,50,399.311916707006
47,6,2011,3,PTTP,52,525.638113541725
47,6,2011,3,PTTP,54,409.694891789312
47,6,2011,3,PTTP,56,131.950308337635
47,6,2011,3,PTTP,58,41.5319003292227
47,6,2011,3,PTTP,60,11.6808469675939
47,6,2011,3,PTTP,62,3.02836773233916
47,6,2011,3,PTTP,64,0
47,6,2011,3,PTTP,66,0
47,6,2011,3,PTTP,68,0
47,6,2011,3,PTTP,70,0
47,6,2011,3,PTTP,72,0
47,6,2011,3,PTTP,74,0
47,6,2011,3,PTTP,76,0
47,6,2011,3,PTTP,78,0
47,6,2011,3,PTTP,80,0
47,6,2011,3,PTTP,82,0
47,6,2011,3,PTTP,84,0
47,6,2011,3,PTTP,86,0
47,6,2011,3,PTTP,88,0
47,6,2011,3,PTTP,90,0
47,6,2011,3,PTTP,92,0
47,6,2011,3,PTTP,94,0
47,6,2011,3,PTTP,96,0
47,6,2011,3,PTTP,98,0
47,6,2011,3,PTTP,100,0
47,6,2011,3,PTTP,102,0
47,6,2011,3,PTTP,104,0
47,6,2011,3,PTTP,106,0
47,6,2011,3,PTTP,108,0
48,6,2012,1,PTTP,2,0
48,6,2012,1,PTTP,4,0
48,6,2012,1,PTTP,6,0
48,6,2012,1,PTTP,8,0
48,6,2012,1,PTTP,10,0
48,6,2012,1,PTTP,12,0
48,6,2012,1,PTTP,14,0
48,6,2012,1,PTTP,16,0
48,6,2012,1,PTTP,18,0
48,6,2012,1,PTTP,20,0
48,6,2012,1,PTTP,22,0
48,6,2012,1,PTTP,24,0
48,6,2012,1,PTTP,26,0
48,6,2012,1,PTTP,28,0
48,6,2012,1,PTTP,30,30.7907355648551
48,6,2012,1,PTTP,32,342.487720206004
48,6,2012,1,PTTP,34,1062.04352517546
48,6,2012,1,PTTP,36,1002.35686854205
48,6,2012,1,PTTP,38,867.825039304839
48,6,2012,1,PTTP,40,1336.79162713879
48,6,2012,1,PTTP,42,1434.84827732225
48,6,2012,1,PTTP,44,1455.21753315746
48,6,2012,1,PTTP,46,1366.16125183142
48,6,2012,1,PTTP,48,815.243937032548
48,6,2012,1,PTTP,50,564.654719897035
48,6,2012,1,PTTP,52,297.012172294833
48,6,2012,1,PTTP,54,189.007746005803
48,6,2012,1,PTTP,56,124.11034950757
48,6,2012,1,PTTP,58,80.0559124686233
48,6,2012,1,PTTP,60,50.2125841519175
48,6,2012,1,PTTP,62,15.6322195944649
48,6,2012,1,PTTP,64,5.21073986482163
48,6,2012,1,PTTP,66,3.31592536852286
48,6,2012,1,PTTP,68,4.26333261667224
48,6,2012,1,PTTP,70,5.21073986482163
48,6,2012,1,PTTP,72,0.473703624074694
48,6,2012,1,PTTP,74,0.947407248149388
48,6,2012,1,PTTP,76,0
48,6,2012,1,PTTP,78,0
48,6,2012,1,PTTP,80,0
48,6,2012,1,PTTP,82,0
48,6,2012,1,PTTP,84,0
48,6,2012,1,PTTP,86,0
48,6,2012,1,PTTP,88,0
48,6,2012,1,PTTP,90,0
48,6,2012,1,PTTP,92,0
48,6,2012,1,PTTP,94,0
48,6,2012,1,PTTP,96,0
48,6,2012,1,PTTP,98,0
48,6,2012,1,PTTP,100,0
48,6,2012,1,PTTP,102,0
48,6,2012,1,PTTP,104,0
48,6,2012,1,PTTP,106,0
48,6,2012,1,PTTP,108,0
49,6,2013,2,PTTP,2,0
49,6,2013,2,PTTP,4,0
49,6,2013,2,PTTP,6,0
49,6,2013,2,PTTP,8,0
49,6,2013,2,PTTP,10,0
49,6,2013,2,PTTP,12,0
49,6,2013,2,PTTP,14,0
49,6,2013,2,PTTP,16,0
49,6,2013,2,PTTP,18,0
49,6,2013,2,PTTP,20,0
49,6,2013,2,PTTP,22,0
49,6,2013,2,PTTP,24,0
49,6,2013,2,PTTP,26,0
49,6,2013,2,PTTP,28,6.88702652725403
49,6,2013,2,PTTP,30,466.59604722146
49,6,2013,2,PTTP,32,903.922231702091
49,6,2013,2,PTTP,34,1575.40731810936
49,6,2013,2,PTTP,36,1571.96380484573
49,6,2013,2,PTTP,38,1441.11030082791
49,6,2013,2,PTTP,40,1104.793838747
49,6,2013,2,PTTP,42,666.319816511827
49,6,2013,2,PTTP,44,657.71103335276
49,6,2013,2,PTTP,46,622.701981839218
49,6,2013,2,PTTP,48,371.899432471717
49,6,2013,2,PTTP,50,387.96916103531
49,6,2013,2,PTTP,52,414.369429389784
49,6,2013,2,PTTP,54,463.726452835105
49,6,2013,2,PTTP,56,358.699298294481
49,6,2013,2,PTTP,58,180.210527463147
49,6,2013,2,PTTP,60,118.227288717861
49,6,2013,2,PTTP,62,48.2091856907782
49,6,2013,2,PTTP,64,30.417700495372
49,6,2013,2,PTTP,66,6.31310764998286
49,6,2013,2,PTTP,68,2.86959438635584
49,6,2013,2,PTTP,70,1.72175663181351
49,6,2013,2,PTTP,72,1.72175663181351
49,6,2013,2,PTTP,74,0.573918877271169
49,6,2013,2,PTTP,76,0
49,6,2013,2,PTTP,78,0
49,6,2013,2,PTTP,80,0
49,6,2013,2,PTTP,82,0.573918877271169
49,6,2013,2,PTTP,84,0
49,6,2013,2,PTTP,86,0
49,6,2013,2,PTTP,88,0
49,6,2013,2,PTTP,90,0
49,6,2013,2,PTTP,92,1
49,6,2013,2,PTTP,94,0
49,6,2013,2,PTTP,96,0
49,6,2013,2,PTTP,98,0
49,6,2013,2,PTTP,100,0
49,6,2013,2,PTTP,102,0
49,6,2013,2,PTTP,104,0
49,6,2013,2,PTTP,106,0
49,6,2013,2,PTTP,108,0
50,6,2017,3,PTTP,2,0
50,6,2017,3,PTTP,4,0
50,6,2017,3,PTTP,6,0
50,6,2017,3,PTTP,8,0
50,6,2017,3,PTTP,10,0
50,6,2017,3,PTTP,12,0
50,6,2017,3,PTTP,14,0
50,6,2017,3,PTTP,16,0
50,6,2017,3,PTTP,18,0
50,6,2017,3,PTTP,20,0
50,6,2017,3,PTTP,22,0
50,6,2017,3,PTTP,24,0
50,6,2017,3,PTTP,26,0
50,6,2017,3,PTTP,28,10.1845874409449
50,6,2017,3,PTTP,30,43.8720689763779
50,6,2017,3,PTTP,32,187.239722952756
50,6,2017,3,PTTP,34,705.870252637795
50,6,2017,3,PTTP,36,1184.5458623622
50,6,2017,3,PTTP,38,900.160843818898
50,6,2017,3,PTTP,40,560.935739055118
50,6,2017,3,PTTP,42,264.015843661417
50,6,2017,3,PTTP,44,93.2281465748031
50,6,2017,3,PTTP,46,25.0697537007874
50,6,2017,3,PTTP,48,17.2354556692913
50,6,2017,3,PTTP,50,12.5348768503937
50,6,2017,3,PTTP,52,4.70057881889764
50,6,2017,3,PTTP,54,3.91714901574803
50,6,2017,3,PTTP,56,12.5348768503937
50,6,2017,3,PTTP,58,17.2354556692913
50,6,2017,3,PTTP,60,18.0188854724409
50,6,2017,3,PTTP,62,6.26743842519685
50,6,2017,3,PTTP,64,0.783429803149606
50,6,2017,3,PTTP,66,0
50,6,2017,3,PTTP,68,0
50,6,2017,3,PTTP,70,0
50,6,2017,3,PTTP,72,0
50,6,2017,3,PTTP,74,0
50,6,2017,3,PTTP,76,0
50,6,2017,3,PTTP,78,0
50,6,2017,3,PTTP,80,0
50,6,2017,3,PTTP,82,0
50,6,2017,3,PTTP,84,0
50,6,2017,3,PTTP,86,0
50,6,2017,3,PTTP,88,0
50,6,2017,3,PTTP,90,0
50,6,2017,3,PTTP,92,0
50,6,2017,3,PTTP,94,0
50,6,2017,3,PTTP,96,0
50,6,2017,3,PTTP,98,0
50,6,2017,3,PTTP,100,0
50,6,2017,3,PTTP,102,0
50,6,2017,3,PTTP,104,0
50,6,2017,3,PTTP,106,0
50,6,2017,3,PTTP,108,0
51,6,2017,4,PTTP,2,0
51,6,2017,4,PTTP,4,0
51,6,2017,4,PTTP,6,0
51,6,2017,4,PTTP,8,0
51,6,2017,4,PTTP,10,0
51,6,2017,4,PTTP,12,0
51,6,2017,4,PTTP,14,0
51,6,2017,4,PTTP,16,0
51,6,2017,4,PTTP,18,0
51,6,2017,4,PTTP,20,0
51,6,2017,4,PTTP,22,0
51,6,2017,4,PTTP,24,0
51,6,2017,4,PTTP,26,0
51,6,2017,4,PTTP,28,1
51,6,2017,4,PTTP,30,5.5886536516186
51,6,2017,4,PTTP,32,9.08156218388022
51,6,2017,4,PTTP,34,13.2730524225942
51,6,2017,4,PTTP,36,43.3120658000441
51,6,2017,4,PTTP,38,92.2127852517069
51,6,2017,4,PTTP,40,106.883001087206
51,6,2017,4,PTTP,42,371.645467832637
51,6,2017,4,PTTP,44,1041.58532432042
51,6,2017,4,PTTP,46,1795.35498558247
51,6,2017,4,PTTP,48,1905.03231349549
51,6,2017,4,PTTP,50,1576.6989114629
51,6,2017,4,PTTP,52,1241.37969236578
51,6,2017,4,PTTP,54,711.156177168467
51,6,2017,4,PTTP,56,465.953998203701
51,6,2017,4,PTTP,58,440.106475064965
51,6,2017,4,PTTP,60,641.996588229687
51,6,2017,4,PTTP,62,523.936279839244
51,6,2017,4,PTTP,64,196.301459513103
51,6,2017,4,PTTP,66,73.3510791774941
51,6,2017,4,PTTP,68,9.78014389033255
51,6,2017,4,PTTP,70,2.09574511935697
51,6,2017,4,PTTP,72,0.698581706452325
51,6,2017,4,PTTP,74,0
51,6,2017,4,PTTP,76,0
51,6,2017,4,PTTP,78,0
51,6,2017,4,PTTP,80,0
51,6,2017,4,PTTP,82,0
51,6,2017,4,PTTP,84,0
51,6,2017,4,PTTP,86,0
51,6,2017,4,PTTP,88,0
51,6,2017,4,PTTP,90,0
51,6,2017,4,PTTP,92,0
51,6,2017,4,PTTP,94,0
51,6,2017,4,PTTP,96,0
51,6,2017,4,PTTP,98,0
51,6,2017,4,PTTP,100,0
51,6,2017,4,PTTP,102,0
51,6,2017,4,PTTP,104,0
51,6,2017,4,PTTP,106,0
51,6,2017,4,PTTP,108,0
52,6,2019,3,PTTP,2,0
52,6,2019,3,PTTP,4,0
52,6,2019,3,PTTP,6,0
52,6,2019,3,PTTP,8,0
52,6,2019,3,PTTP,10,0
52,6,2019,3,PTTP,12,0
52,6,2019,3,PTTP,14,0
52,6,2019,3,PTTP,16,0
52,6,2019,3,PTTP,18,0
52,6,2019,3,PTTP,20,0
52,6,2019,3,PTTP,22,0
52,6,2019,3,PTTP,24,0
52,6,2019,3,PTTP,26,0
52,6,2019,3,PTTP,28,0
52,6,2019,3,PTTP,30,0.566319424979608
52,6,2019,3,PTTP,32,9.62743022465334
52,6,2019,3,PTTP,34,4.53055539983687
52,6,2019,3,PTTP,36,5.09687482481647
52,6,2019,3,PTTP,38,3.39791654987765
52,6,2019,3,PTTP,40,12.4590273495514
52,6,2019,3,PTTP,42,35.1118043487357
52,6,2019,3,PTTP,44,53.2340259480832
52,6,2019,3,PTTP,46,55.4993036480016
52,6,2019,3,PTTP,48,48.7034705482463
52,6,2019,3,PTTP,50,57.1982619229404
52,6,2019,3,PTTP,52,63.4277755977161
52,6,2019,3,PTTP,54,30.0149295239192
52,6,2019,3,PTTP,56,15.856943899429
52,6,2019,3,PTTP,58,10.1937496496329
52,6,2019,3,PTTP,60,6.22951367477569
52,6,2019,3,PTTP,62,11.3263884995922
52,6,2019,3,PTTP,64,2.83159712489804
52,6,2019,3,PTTP,66,1.69895827493882
52,6,2019,3,PTTP,68,0.566319424979608
52,6,2019,3,PTTP,70,0
52,6,2019,3,PTTP,72,0
52,6,2019,3,PTTP,74,0
52,6,2019,3,PTTP,76,0
52,6,2019,3,PTTP,78,0
52,6,2019,3,PTTP,80,0
52,6,2019,3,PTTP,82,0
52,6,2019,3,PTTP,84,0
52,6,2019,3,PTTP,86,0
52,6,2019,3,PTTP,88,0
52,6,2019,3,PTTP,90,0
52,6,2019,3,PTTP,92,0
52,6,2019,3,PTTP,94,0
52,6,2019,3,PTTP,96,0
52,6,2019,3,PTTP,98,0
52,6,2019,3,PTTP,100,0
52,6,2019,3,PTTP,102,0
52,6,2019,3,PTTP,104,0
52,6,2019,3,PTTP,106,0
52,6,2019,3,PTTP,108,0
53,6,2022,3,PTTP,2,0
53,6,2022,3,PTTP,4,0
53,6,2022,3,PTTP,6,0
53,6,2022,3,PTTP,8,0
53,6,2022,3,PTTP,10,0
53,6,2022,3,PTTP,12,0
53,6,2022,3,PTTP,14,0
53,6,2022,3,PTTP,16,0
53,6,2022,3,PTTP,18,0
53,6,2022,3,PTTP,20,0
53,6,2022,3,PTTP,22,0
53,6,2022,3,PTTP,24,0
53,6,2022,3,PTTP,26,0
53,6,2022,3,PTTP,28,0
53,6,2022,3,PTTP,30,0.655852795925001
53,6,2022,3,PTTP,32,17.708025489975
53,6,2022,3,PTTP,34,28.8575230207
53,6,2022,3,PTTP,36,37.3836093677251
53,6,2022,3,PTTP,38,53.7799292658501
53,6,2022,3,PTTP,40,133.138117572775
53,6,2022,3,PTTP,42,267.5879407374
53,6,2022,3,PTTP,44,489.922038555976
53,6,2022,3,PTTP,46,482.051805004876
53,6,2022,3,PTTP,48,415.154819820526
53,6,2022,3,PTTP,50,287.26352461515
53,6,2022,3,PTTP,52,183.638782859
53,6,2022,3,PTTP,54,104.936447348
53,6,2022,3,PTTP,56,154.7812598383
53,6,2022,3,PTTP,58,369.900976901701
53,6,2022,3,PTTP,60,693.236405292726
53,6,2022,3,PTTP,62,583.053135577326
53,6,2022,3,PTTP,64,256.438443206675
53,6,2022,3,PTTP,66,62.3060156128751
53,6,2022,3,PTTP,68,13.772908714425
53,6,2022,3,PTTP,70,1.31170559185
53,6,2022,3,PTTP,72,0
53,6,2022,3,PTTP,74,0
53,6,2022,3,PTTP,76,0
53,6,2022,3,PTTP,78,0
53,6,2022,3,PTTP,80,0
53,6,2022,3,PTTP,82,0
53,6,2022,3,PTTP,84,0
53,6,2022,3,PTTP,86,0
53,6,2022,3,PTTP,88,0
53,6,2022,3,PTTP,90,0
53,6,2022,3,PTTP,92,0
53,6,2022,3,PTTP,94,0
53,6,2022,3,PTTP,96,0
53,6,2022,3,PTTP,98,0
53,6,2022,3,PTTP,100,0
53,6,2022,3,PTTP,102,0
53,6,2022,3,PTTP,104,0
53,6,2022,3,PTTP,106,0
53,6,2022,3,PTTP,108,0
54,7,2008,1,PTTP,2,0
54,7,2008,1,PTTP,4,0
54,7,2008,1,PTTP,6,0
54,7,2008,1,PTTP,8,0
54,7,2008,1,PTTP,10,0
54,7,2008,1,PTTP,12,0
54,7,2008,1,PTTP,14,0
54,7,2008,1,PTTP,16,0
54,7,2008,1,PTTP,18,0
54,7,2008,1,PTTP,20,0
54,7,2008,1,PTTP,22,0
54,7,2008,1,PTTP,24,0
54,7,2008,1,PTTP,26,0
54,7,2008,1,PTTP,28,0
54,7,2008,1,PTTP,30,3.22271490217866
54,7,2008,1,PTTP,32,29.004434119608
54,7,2008,1,PTTP,34,132.131310989325
54,7,2008,1,PTTP,36,156.155185714657
54,7,2008,1,PTTP,38,86.4273541947915
54,7,2008,1,PTTP,40,62.6964535514758
54,7,2008,1,PTTP,42,85.5484319487427
54,7,2008,1,PTTP,44,37.7936565800953
54,7,2008,1,PTTP,46,12.5978855266984
54,7,2008,1,PTTP,48,14.9416781828284
54,7,2008,1,PTTP,50,79.1030021443854
54,7,2008,1,PTTP,52,112.209073412221
54,7,2008,1,PTTP,54,43.9461123024363
54,7,2008,1,PTTP,56,10.840041034601
54,7,2008,1,PTTP,58,2.63676673814618
54,7,2008,1,PTTP,60,0.878922246048727
54,7,2008,1,PTTP,62,0
54,7,2008,1,PTTP,64,0.292974082016242
54,7,2008,1,PTTP,66,0
54,7,2008,1,PTTP,68,0
54,7,2008,1,PTTP,70,0
54,7,2008,1,PTTP,72,0
54,7,2008,1,PTTP,74,0
54,7,2008,1,PTTP,76,0
54,7,2008,1,PTTP,78,0
54,7,2008,1,PTTP,80,0
54,7,2008,1,PTTP,82,0
54,7,2008,1,PTTP,84,0
54,7,2008,1,PTTP,86,0
54,7,2008,1,PTTP,88,0
54,7,2008,1,PTTP,90,0
54,7,2008,1,PTTP,92,0
54,7,2008,1,PTTP,94,0
54,7,2008,1,PTTP,96,0
54,7,2008,1,PTTP,98,0
54,7,2008,1,PTTP,100,0
54,7,2008,1,PTTP,102,0
54,7,2008,1,PTTP,104,0
54,7,2008,1,PTTP,106,0
54,7,2008,1,PTTP,108,0
55,7,2008,2,PTTP,2,0
55,7,2008,2,PTTP,4,0
55,7,2008,2,PTTP,6,0
55,7,2008,2,PTTP,8,0
55,7,2008,2,PTTP,10,0
55,7,2008,2,PTTP,12,0
55,7,2008,2,PTTP,14,0
55,7,2008,2,PTTP,16,0
55,7,2008,2,PTTP,18,0
55,7,2008,2,PTTP,20,0
55,7,2008,2,PTTP,22,0
55,7,2008,2,PTTP,24,0
55,7,2008,2,PTTP,26,0
55,7,2008,2,PTTP,28,0
55,7,2008,2,PTTP,30,0.763305020563273
55,7,2008,2,PTTP,32,40.0735135795718
55,7,2008,2,PTTP,34,27.4789807402778
55,7,2008,2,PTTP,36,42.3634286412616
55,7,2008,2,PTTP,38,46.179953744078
55,7,2008,2,PTTP,40,38
55,7,2008,2,PTTP,42,21
55,7,2008,2,PTTP,44,27.0973282299962
55,7,2008,2,PTTP,46,25.5707181888696
55,7,2008,2,PTTP,48,41.6001236206984
55,7,2008,2,PTTP,50,81.6736372002702
55,7,2008,2,PTTP,52,112.205838022801
55,7,2008,2,PTTP,54,105.336092837732
55,7,2008,2,PTTP,56,92.7415599984377
55,7,2008,2,PTTP,58,146.172911437867
55,7,2008,2,PTTP,60,98.0846951423806
55,7,2008,2,PTTP,62,28.6239382711227
55,7,2008,2,PTTP,64,8.01470271591437
55,7,2008,2,PTTP,66,0.763305020563273
55,7,2008,2,PTTP,68,0.763305020563273
55,7,2008,2,PTTP,70,0
55,7,2008,2,PTTP,72,0
55,7,2008,2,PTTP,74,0
55,7,2008,2,PTTP,76,0
55,7,2008,2,PTTP,78,0
55,7,2008,2,PTTP,80,0
55,7,2008,2,PTTP,82,0
55,7,2008,2,PTTP,84,0
55,7,2008,2,PTTP,86,0
55,7,2008,2,PTTP,88,0
55,7,2008,2,PTTP,90,0
55,7,2008,2,PTTP,92,0
55,7,2008,2,PTTP,94,0
55,7,2008,2,PTTP,96,0
55,7,2008,2,PTTP,98,0
55,7,2008,2,PTTP,100,0
55,7,2008,2,PTTP,102,0
55,7,2008,2,PTTP,104,0
55,7,2008,2,PTTP,106,0
55,7,2008,2,PTTP,108,0
56,7,2008,3,PTTP,2,0
56,7,2008,3,PTTP,4,0
56,7,2008,3,PTTP,6,0
56,7,2008,3,PTTP,8,0
56,7,2008,3,PTTP,10,0
56,7,2008,3,PTTP,12,0
56,7,2008,3,PTTP,14,0
56,7,2008,3,PTTP,16,0
56,7,2008,3,PTTP,18,0
56,7,2008,3,PTTP,20,0
56,7,2008,3,PTTP,22,0
56,7,2008,3,PTTP,24,0
56,7,2008,3,PTTP,26,0
56,7,2008,3,PTTP,28,0.340773186949514
56,7,2008,3,PTTP,30,1.70386593474757
56,7,2008,3,PTTP,32,46.345153425134
56,7,2008,3,PTTP,34,64.4061323334582
56,7,2008,3,PTTP,36,49.7528852946291
56,7,2008,3,PTTP,38,37.4850505644466
56,7,2008,3,PTTP,40,34.7588650688505
56,7,2008,3,PTTP,42,22.1502571517184
56,7,2008,3,PTTP,44,14.3124738518796
56,7,2008,3,PTTP,46,24.1948962734155
56,7,2008,3,PTTP,48,68.1546373899029
56,7,2008,3,PTTP,50,164.934222483565
56,7,2008,3,PTTP,52,301.243497263371
56,7,2008,3,PTTP,54,344.180918819009
56,7,2008,3,PTTP,56,145.510150827443
56,7,2008,3,PTTP,58,97.4611314675611
56,7,2008,3,PTTP,60,73.9477815680446
56,7,2008,3,PTTP,62,52.4790707902252
56,7,2008,3,PTTP,64,48.0490193598815
56,7,2008,3,PTTP,66,46.6859266120835
56,7,2008,3,PTTP,68,59.9760809031145
56,7,2008,3,PTTP,70,42.9374215556388
56,7,2008,3,PTTP,72,8.51932967373786
56,7,2008,3,PTTP,74,1.02231956084854
56,7,2008,3,PTTP,76,0.340773186949514
56,7,2008,3,PTTP,78,0
56,7,2008,3,PTTP,80,0
56,7,2008,3,PTTP,82,0
56,7,2008,3,PTTP,84,0
56,7,2008,3,PTTP,86,0
56,7,2008,3,PTTP,88,0
56,7,2008,3,PTTP,90,0
56,7,2008,3,PTTP,92,0
56,7,2008,3,PTTP,94,0
56,7,2008,3,PTTP,96,0
56,7,2008,3,PTTP,98,0
56,7,2008,3,PTTP,100,0
56,7,2008,3,PTTP,102,0
56,7,2008,3,PTTP,104,0
56,7,2008,3,PTTP,106,0
56,7,2008,3,PTTP,108,0
57,7,2008,4,PTTP,2,0
57,7,2008,4,PTTP,4,0
57,7,2008,4,PTTP,6,0
57,7,2008,4,PTTP,8,0
57,7,2008,4,PTTP,10,0
57,7,2008,4,PTTP,12,0
57,7,2008,4,PTTP,14,0
57,7,2008,4,PTTP,16,0
57,7,2008,4,PTTP,18,0
57,7,2008,4,PTTP,20,0
57,7,2008,4,PTTP,22,0
57,7,2008,4,PTTP,24,0
57,7,2008,4,PTTP,26,0
57,7,2008,4,PTTP,28,0
57,7,2008,4,PTTP,30,2.35729524808582
57,7,2008,4,PTTP,32,21.2156572327723
57,7,2008,4,PTTP,34,25.930247728944
57,7,2008,4,PTTP,36,7.6612095562789
57,7,2008,4,PTTP,38,4.12526668415018
57,7,2008,4,PTTP,40,7.07188574425745
57,7,2008,4,PTTP,42,18.8583619846865
57,7,2008,4,PTTP,44,22.3943048568153
57,7,2008,4,PTTP,46,14.1437714885149
57,7,2008,4,PTTP,48,24.1622762928796
57,7,2008,4,PTTP,50,33.5914572852229
57,7,2008,4,PTTP,52,14.7330953005364
57,7,2008,4,PTTP,54,13.5544476764934
57,7,2008,4,PTTP,56,8.83985718032181
57,7,2008,4,PTTP,58,1.76797143606436
57,7,2008,4,PTTP,60,0.589323812021454
57,7,2008,4,PTTP,62,1.17864762404291
57,7,2008,4,PTTP,64,0
57,7,2008,4,PTTP,66,0
57,7,2008,4,PTTP,68,0
57,7,2008,4,PTTP,70,0
57,7,2008,4,PTTP,72,0
57,7,2008,4,PTTP,74,0
57,7,2008,4,PTTP,76,0
57,7,2008,4,PTTP,78,0
57,7,2008,4,PTTP,80,0
57,7,2008,4,PTTP,82,0
57,7,2008,4,PTTP,84,0
57,7,2008,4,PTTP,86,0
57,7,2008,4,PTTP,88,0
57,7,2008,4,PTTP,90,0
57,7,2008,4,PTTP,92,0
57,7,2008,4,PTTP,94,0
57,7,2008,4,PTTP,96,0
57,7,2008,4,PTTP,98,0
57,7,2008,4,PTTP,100,0
57,7,2008,4,PTTP,102,0
57,7,2008,4,PTTP,104,0
57,7,2008,4,PTTP,106,0
57,7,2008,4,PTTP,108,0
58,7,2009,1,PTTP,2,0
58,7,2009,1,PTTP,4,0
58,7,2009,1,PTTP,6,0
58,7,2009,1,PTTP,8,0
58,7,2009,1,PTTP,10,0
58,7,2009,1,PTTP,12,0
58,7,2009,1,PTTP,14,0
58,7,2009,1,PTTP,16,0
58,7,2009,1,PTTP,18,0
58,7,2009,1,PTTP,20,0
58,7,2009,1,PTTP,22,0
58,7,2009,1,PTTP,24,0.534788023195999
58,7,2009,1,PTTP,26,0
58,7,2009,1,PTTP,28,0
58,7,2009,1,PTTP,30,0
58,7,2009,1,PTTP,32,12.834912556704
58,7,2009,1,PTTP,34,110.166332778376
58,7,2009,1,PTTP,36,96.7966321984758
58,7,2009,1,PTTP,38,266.859223574803
58,7,2009,1,PTTP,40,346.007851007811
58,7,2009,1,PTTP,42,229.958849974279
58,7,2009,1,PTTP,44,122.466457311884
58,7,2009,1,PTTP,46,68.9876549922838
58,7,2009,1,PTTP,48,89.3095998737318
58,7,2009,1,PTTP,50,125.67518545106
58,7,2009,1,PTTP,52,108.027180685592
58,7,2009,1,PTTP,54,46.5265580180519
58,7,2009,1,PTTP,56,42.2482538324839
58,7,2009,1,PTTP,58,58.8266825515599
58,7,2009,1,PTTP,60,53.4788023195999
58,7,2009,1,PTTP,62,49.2004981340319
58,7,2009,1,PTTP,64,27.8089772061919
58,7,2009,1,PTTP,66,5.88266825515599
58,7,2009,1,PTTP,68,3.74351616237199
58,7,2009,1,PTTP,70,1
58,7,2009,1,PTTP,72,0
58,7,2009,1,PTTP,74,0
58,7,2009,1,PTTP,76,0
58,7,2009,1,PTTP,78,0
58,7,2009,1,PTTP,80,0
58,7,2009,1,PTTP,82,0
58,7,2009,1,PTTP,84,0
58,7,2009,1,PTTP,86,0
58,7,2009,1,PTTP,88,0
58,7,2009,1,PTTP,90,0
58,7,2009,1,PTTP,92,0
58,7,2009,1,PTTP,94,0
58,7,2009,1,PTTP,96,0
58,7,2009,1,PTTP,98,0
58,7,2009,1,PTTP,100,0
58,7,2009,1,PTTP,102,0
58,7,2009,1,PTTP,104,0
58,7,2009,1,PTTP,106,0
58,7,2009,1,PTTP,108,0
59,7,2009,2,PTTP,2,0
59,7,2009,2,PTTP,4,0
59,7,2009,2,PTTP,6,0
59,7,2009,2,PTTP,8,0
59,7,2009,2,PTTP,10,0
59,7,2009,2,PTTP,12,0
59,7,2009,2,PTTP,14,0
59,7,2009,2,PTTP,16,0
59,7,2009,2,PTTP,18,0
59,7,2009,2,PTTP,20,0
59,7,2009,2,PTTP,22,0
59,7,2009,2,PTTP,24,0
59,7,2009,2,PTTP,26,0
59,7,2009,2,PTTP,28,0
59,7,2009,2,PTTP,30,2.49224952657212
59,7,2009,2,PTTP,32,31.4023440348087
59,7,2009,2,PTTP,34,60.8108884483597
59,7,2009,2,PTTP,36,153.522570836843
59,7,2009,2,PTTP,38,223.804007486176
59,7,2009,2,PTTP,40,272.153648301676
59,7,2009,2,PTTP,42,355.893232394499
59,7,2009,2,PTTP,44,341.43818514038
59,7,2009,2,PTTP,46,223.804007486176
59,7,2009,2,PTTP,48,192.900113356682
59,7,2009,2,PTTP,50,166.482268375018
59,7,2009,2,PTTP,52,113.148128506374
59,7,2009,2,PTTP,54,57.3217391111588
59,7,2009,2,PTTP,56,22.4302457391491
59,7,2009,2,PTTP,58,16.448846875376
59,7,2009,2,PTTP,60,8.97209829565963
59,7,2009,2,PTTP,62,4.98449905314424
59,7,2009,2,PTTP,64,4.48604914782982
59,7,2009,2,PTTP,66,1.9937996212577
59,7,2009,2,PTTP,68,1.9937996212577
59,7,2009,2,PTTP,70,1.49534971594327
59,7,2009,2,PTTP,72,0.498449905314424
59,7,2009,2,PTTP,74,0.498449905314424
59,7,2009,2,PTTP,76,0
59,7,2009,2,PTTP,78,0
59,7,2009,2,PTTP,80,0
59,7,2009,2,PTTP,82,0
59,7,2009,2,PTTP,84,0
59,7,2009,2,PTTP,86,0
59,7,2009,2,PTTP,88,0
59,7,2009,2,PTTP,90,0
59,7,2009,2,PTTP,92,0
59,7,2009,2,PTTP,94,0
59,7,2009,2,PTTP,96,0
59,7,2009,2,PTTP,98,0
59,7,2009,2,PTTP,100,0
59,7,2009,2,PTTP,102,0
59,7,2009,2,PTTP,104,0
59,7,2009,2,PTTP,106,0
59,7,2009,2,PTTP,108,0
60,7,2009,3,PTTP,2,0
60,7,2009,3,PTTP,4,0
60,7,2009,3,PTTP,6,0
60,7,2009,3,PTTP,8,0
60,7,2009,3,PTTP,10,0
60,7,2009,3,PTTP,12,0
60,7,2009,3,PTTP,14,0
60,7,2009,3,PTTP,16,0
60,7,2009,3,PTTP,18,0
60,7,2009,3,PTTP,20,0
60,7,2009,3,PTTP,22,0
60,7,2009,3,PTTP,24,0
60,7,2009,3,PTTP,26,0
60,7,2009,3,PTTP,28,0
60,7,2009,3,PTTP,30,0.548625028017938
60,7,2009,3,PTTP,32,104.787380351426
60,7,2009,3,PTTP,34,248.527137692126
60,7,2009,3,PTTP,36,185.435259470063
60,7,2009,3,PTTP,38,65.2863783341347
60,7,2009,3,PTTP,40,35.112001793148
60,7,2009,3,PTTP,42,15.9101258125202
60,7,2009,3,PTTP,44,13.1670006724305
60,7,2009,3,PTTP,46,19.2018759806278
60,7,2009,3,PTTP,48,42.7927521853992
60,7,2009,3,PTTP,50,114.662630855749
60,7,2009,3,PTTP,52,108.627755547552
60,7,2009,3,PTTP,54,37.3065019052198
60,7,2009,3,PTTP,56,18.104625924592
60,7,2009,3,PTTP,58,9.32662547630495
60,7,2009,3,PTTP,60,2.74312514008969
60,7,2009,3,PTTP,62,1.64587508405381
60,7,2009,3,PTTP,64,1.09725005603588
60,7,2009,3,PTTP,66,0
60,7,2009,3,PTTP,68,0
60,7,2009,3,PTTP,70,0
60,7,2009,3,PTTP,72,0
60,7,2009,3,PTTP,74,0
60,7,2009,3,PTTP,76,0
60,7,2009,3,PTTP,78,0
60,7,2009,3,PTTP,80,0
60,7,2009,3,PTTP,82,0
60,7,2009,3,PTTP,84,0
60,7,2009,3,PTTP,86,0
60,7,2009,3,PTTP,88,0
60,7,2009,3,PTTP,90,0
60,7,2009,3,PTTP,92,0
60,7,2009,3,PTTP,94,0
60,7,2009,3,PTTP,96,0
60,7,2009,3,PTTP,98,0
60,7,2009,3,PTTP,100,0
60,7,2009,3,PTTP,102,0
60,7,2009,3,PTTP,104,0
60,7,2009,3,PTTP,106,0
60,7,2009,3,PTTP,108,0
61,7,2009,4,PTTP,2,0
61,7,2009,4,PTTP,4,0
61,7,2009,4,PTTP,6,0
61,7,2009,4,PTTP,8,0
61,7,2009,4,PTTP,10,0
61,7,2009,4,PTTP,12,0
61,7,2009,4,PTTP,14,0
61,7,2009,4,PTTP,16,0
61,7,2009,4,PTTP,18,0
61,7,2009,4,PTTP,20,0
61,7,2009,4,PTTP,22,0
61,7,2009,4,PTTP,24,0
61,7,2009,4,PTTP,26,0
61,7,2009,4,PTTP,28,0
61,7,2009,4,PTTP,30,11.1396027256685
61,7,2009,4,PTTP,32,157.407429819229
61,7,2009,4,PTTP,34,271.225109842364
61,7,2009,4,PTTP,36,295.441637506861
61,7,2009,4,PTTP,38,143.361843773821
61,7,2009,4,PTTP,40,76.0398968665199
61,7,2009,4,PTTP,42,79.4302107395494
61,7,2009,4,PTTP,44,80.3988718461293
61,7,2009,4,PTTP,46,42.6210886895143
61,7,2009,4,PTTP,48,14.5299165986981
61,7,2009,4,PTTP,50,9.68661106579871
61,7,2009,4,PTTP,52,10.1709416190886
61,7,2009,4,PTTP,54,9.68661106579871
61,7,2009,4,PTTP,56,7.26495829934903
61,7,2009,4,PTTP,58,1.93732221315974
61,7,2009,4,PTTP,60,1.93732221315974
61,7,2009,4,PTTP,62,0
61,7,2009,4,PTTP,64,1.45299165986981
61,7,2009,4,PTTP,66,0
61,7,2009,4,PTTP,68,0
61,7,2009,4,PTTP,70,0
61,7,2009,4,PTTP,72,0
61,7,2009,4,PTTP,74,0
61,7,2009,4,PTTP,76,0
61,7,2009,4,PTTP,78,0
61,7,2009,4,PTTP,80,0
61,7,2009,4,PTTP,82,0
61,7,2009,4,PTTP,84,0
61,7,2009,4,PTTP,86,0
61,7,2009,4,PTTP,88,0
61,7,2009,4,PTTP,90,0
61,7,2009,4,PTTP,92,0
61,7,2009,4,PTTP,94,0
61,7,2009,4,PTTP,96,0
61,7,2009,4,PTTP,98,0
61,7,2009,4,PTTP,100,0
61,7,2009,4,PTTP,102,0
61,7,2009,4,PTTP,104,0
61,7,2009,4,PTTP,106,0
61,7,2009,4,PTTP,108,0
62,7,2011,2,PTTP,2,0
62,7,2011,2,PTTP,4,0
62,7,2011,2,PTTP,6,0
62,7,2011,2,PTTP,8,0
62,7,2011,2,PTTP,10,0
62,7,2011,2,PTTP,12,0
62,7,2011,2,PTTP,14,0
62,7,2011,2,PTTP,16,0
62,7,2011,2,PTTP,18,0
62,7,2011,2,PTTP,20,0
62,7,2011,2,PTTP,22,0
62,7,2011,2,PTTP,24,0
62,7,2011,2,PTTP,26,0
62,7,2011,2,PTTP,28,0
62,7,2011,2,PTTP,30,0
62,7,2011,2,PTTP,32,0
62,7,2011,2,PTTP,34,0
62,7,2011,2,PTTP,36,0
62,7,2011,2,PTTP,38,1.04897308517142
62,7,2011,2,PTTP,40,2.62243271292854
62,7,2011,2,PTTP,42,6.2938385110285
62,7,2011,2,PTTP,44,35.6650848958282
62,7,2011,2,PTTP,46,118.009472081784
62,7,2011,2,PTTP,48,205.598724693598
62,7,2011,2,PTTP,50,255.42494623924
62,7,2011,2,PTTP,52,275.355434857497
62,7,2011,2,PTTP,54,254.375973154069
62,7,2011,2,PTTP,56,126.925743305741
62,7,2011,2,PTTP,58,54.5466004289137
62,7,2011,2,PTTP,60,32.5181656403139
62,7,2011,2,PTTP,62,18.8815155330855
62,7,2011,2,PTTP,64,1.57345962775713
62,7,2011,2,PTTP,66,0.524486542585709
62,7,2011,2,PTTP,68,1.04897308517142
62,7,2011,2,PTTP,70,0
62,7,2011,2,PTTP,72,0
62,7,2011,2,PTTP,74,0
62,7,2011,2,PTTP,76,0
62,7,2011,2,PTTP,78,0
62,7,2011,2,PTTP,80,0
62,7,2011,2,PTTP,82,0
62,7,2011,2,PTTP,84,0
62,7,2011,2,PTTP,86,0
62,7,2011,2,PTTP,88,0
62,7,2011,2,PTTP,90,0
62,7,2011,2,PTTP,92,0
62,7,2011,2,PTTP,94,0
62,7,2011,2,PTTP,96,0
62,7,2011,2,PTTP,98,0
62,7,2011,2,PTTP,100,0
62,7,2011,2,PTTP,102,0
62,7,2011,2,PTTP,104,0
62,7,2011,2,PTTP,106,0
62,7,2011,2,PTTP,108,0
63,7,2011,3,PTTP,2,0
63,7,2011,3,PTTP,4,0
63,7,2011,3,PTTP,6,0
63,7,2011,3,PTTP,8,0
63,7,2011,3,PTTP,10,0
63,7,2011,3,PTTP,12,0
63,7,2011,3,PTTP,14,0
63,7,2011,3,PTTP,16,0
63,7,2011,3,PTTP,18,0
63,7,2011,3,PTTP,20,0
63,7,2011,3,PTTP,22,0
63,7,2011,3,PTTP,24,0
63,7,2011,3,PTTP,26,0
63,7,2011,3,PTTP,28,0
63,7,2011,3,PTTP,30,0.405008193686012
63,7,2011,3,PTTP,32,2.43004916211607
63,7,2011,3,PTTP,34,4.05008193686012
63,7,2011,3,PTTP,36,4.86009832423214
63,7,2011,3,PTTP,38,6.48013109897619
63,7,2011,3,PTTP,40,7.69515568003423
63,7,2011,3,PTTP,42,32.805663688567
63,7,2011,3,PTTP,44,126.362556430036
63,7,2011,3,PTTP,46,138.512802240616
63,7,2011,3,PTTP,48,78.9765977687724
63,7,2011,3,PTTP,50,51.0310324044375
63,7,2011,3,PTTP,52,26.7305407832768
63,7,2011,3,PTTP,54,15.7953195537545
63,7,2011,3,PTTP,56,8.91018026109227
63,7,2011,3,PTTP,58,5.67011471160417
63,7,2011,3,PTTP,60,1.62003277474405
63,7,2011,3,PTTP,62,0.405008193686012
63,7,2011,3,PTTP,64,0
63,7,2011,3,PTTP,66,0
63,7,2011,3,PTTP,68,0
63,7,2011,3,PTTP,70,0
63,7,2011,3,PTTP,72,0
63,7,2011,3,PTTP,74,0
63,7,2011,3,PTTP,76,0
63,7,2011,3,PTTP,78,0
63,7,2011,3,PTTP,80,0
63,7,2011,3,PTTP,82,0
63,7,2011,3,PTTP,84,0
63,7,2011,3,PTTP,86,0
63,7,2011,3,PTTP,88,0
63,7,2011,3,PTTP,90,0
63,7,2011,3,PTTP,92,0
63,7,2011,3,PTTP,94,0
63,7,2011,3,PTTP,96,0
63,7,2011,3,PTTP,98,0
63,7,2011,3,PTTP,100,0
63,7,2011,3,PTTP,102,0
63,7,2011,3,PTTP,104,0
63,7,2011,3,PTTP,106,0
63,7,2011,3,PTTP,108,0
64,7,2012,1,PTTP,2,0
64,7,2012,1,PTTP,4,0
64,7,2012,1,PTTP,6,0
64,7,2012,1,PTTP,8,0
64,7,2012,1,PTTP,10,0
64,7,2012,1,PTTP,12,0
64,7,2012,1,PTTP,14,0
64,7,2012,1,PTTP,16,0
64,7,2012,1,PTTP,18,0
64,7,2012,1,PTTP,20,0
64,7,2012,1,PTTP,22,0
64,7,2012,1,PTTP,24,0
64,7,2012,1,PTTP,26,0
64,7,2012,1,PTTP,28,0
64,7,2012,1,PTTP,30,1.8919439559383
64,7,2012,1,PTTP,32,20.3383975263367
64,7,2012,1,PTTP,34,189.19439559383
64,7,2012,1,PTTP,36,442.241899700578
64,7,2012,1,PTTP,38,376.969833220707
64,7,2012,1,PTTP,40,407.240936515719
64,7,2012,1,PTTP,42,271.493957677146
64,7,2012,1,PTTP,44,238.857924437211
64,7,2012,1,PTTP,46,139.53086675045
64,7,2012,1,PTTP,48,93.1782398299613
64,7,2012,1,PTTP,50,70.9478983476863
64,7,2012,1,PTTP,52,43.5147109865809
64,7,2012,1,PTTP,54,23.6492994492288
64,7,2012,1,PTTP,56,12.7706217025835
64,7,2012,1,PTTP,58,13.7165936805527
64,7,2012,1,PTTP,60,6.14881785679948
64,7,2012,1,PTTP,62,0.472985988984575
64,7,2012,1,PTTP,64,0
64,7,2012,1,PTTP,66,0
64,7,2012,1,PTTP,68,0.472985988984575
64,7,2012,1,PTTP,70,0.472985988984575
64,7,2012,1,PTTP,72,0
64,7,2012,1,PTTP,74,0
64,7,2012,1,PTTP,76,0
64,7,2012,1,PTTP,78,0
64,7,2012,1,PTTP,80,0
64,7,2012,1,PTTP,82,0
64,7,2012,1,PTTP,84,0
64,7,2012,1,PTTP,86,0
64,7,2012,1,PTTP,88,0
64,7,2012,1,PTTP,90,0
64,7,2012,1,PTTP,92,0
64,7,2012,1,PTTP,94,0
64,7,2012,1,PTTP,96,0
64,7,2012,1,PTTP,98,0
64,7,2012,1,PTTP,100,0
64,7,2012,1,PTTP,102,0
64,7,2012,1,PTTP,104,0
64,7,2012,1,PTTP,106,0
64,7,2012,1,PTTP,108,0
65,7,2013,2,PTTP,2,0
65,7,2013,2,PTTP,4,0
65,7,2013,2,PTTP,6,0
65,7,2013,2,PTTP,8,0
65,7,2013,2,PTTP,10,0
65,7,2013,2,PTTP,12,0
65,7,2013,2,PTTP,14,0
65,7,2013,2,PTTP,16,0
65,7,2013,2,PTTP,18,0
65,7,2013,2,PTTP,20,0
65,7,2013,2,PTTP,22,0
65,7,2013,2,PTTP,24,0
65,7,2013,2,PTTP,26,0
65,7,2013,2,PTTP,28,0
65,7,2013,2,PTTP,30,13.287736084365
65,7,2013,2,PTTP,32,30.3719681928343
65,7,2013,2,PTTP,34,187.451991190149
65,7,2013,2,PTTP,36,426.63124070872
65,7,2013,2,PTTP,38,490.222549112467
65,7,2013,2,PTTP,40,312.261797982578
65,7,2013,2,PTTP,42,117.21681474422
65,7,2013,2,PTTP,44,40.3377702561081
65,7,2013,2,PTTP,46,6.16930603916947
65,7,2013,2,PTTP,48,7.11843004519555
65,7,2013,2,PTTP,50,6.16930603916947
65,7,2013,2,PTTP,52,7.11843004519555
65,7,2013,2,PTTP,54,8.54211605423466
65,7,2013,2,PTTP,56,6.16930603916947
65,7,2013,2,PTTP,58,8.54211605423466
65,7,2013,2,PTTP,60,4.27105802711733
65,7,2013,2,PTTP,62,2.37281001506518
65,7,2013,2,PTTP,64,0.474562003013036
65,7,2013,2,PTTP,66,0
65,7,2013,2,PTTP,68,0
65,7,2013,2,PTTP,70,0
65,7,2013,2,PTTP,72,0
65,7,2013,2,PTTP,74,0
65,7,2013,2,PTTP,76,0
65,7,2013,2,PTTP,78,0
65,7,2013,2,PTTP,80,0
65,7,2013,2,PTTP,82,0
65,7,2013,2,PTTP,84,0
65,7,2013,2,PTTP,86,0
65,7,2013,2,PTTP,88,0
65,7,2013,2,PTTP,90,0
65,7,2013,2,PTTP,92,0
65,7,2013,2,PTTP,94,0
65,7,2013,2,PTTP,96,0
65,7,2013,2,PTTP,98,0
65,7,2013,2,PTTP,100,0
65,7,2013,2,PTTP,102,0
65,7,2013,2,PTTP,104,0
65,7,2013,2,PTTP,106,0
65,7,2013,2,PTTP,108,0
66,7,2017,4,PTTP,2,0
66,7,2017,4,PTTP,4,0
66,7,2017,4,PTTP,6,0
66,7,2017,4,PTTP,8,0
66,7,2017,4,PTTP,10,0
66,7,2017,4,PTTP,12,0
66,7,2017,4,PTTP,14,0
66,7,2017,4,PTTP,16,0
66,7,2017,4,PTTP,18,0
66,7,2017,4,PTTP,20,0
66,7,2017,4,PTTP,22,0
66,7,2017,4,PTTP,24,0
66,7,2017,4,PTTP,26,0
66,7,2017,4,PTTP,28,0
66,7,2017,4,PTTP,30,0
66,7,2017,4,PTTP,32,1.34757329245721
66,7,2017,4,PTTP,34,2.69514658491442
66,7,2017,4,PTTP,36,2.69514658491442
66,7,2017,4,PTTP,38,11.6789685346292
66,7,2017,4,PTTP,40,16.1708795094865
66,7,2017,4,PTTP,42,64.6835180379461
66,7,2017,4,PTTP,44,156.767693022522
66,7,2017,4,PTTP,46,194.050554113838
66,7,2017,4,PTTP,48,214.264153500697
66,7,2017,4,PTTP,50,168.446661557151
66,7,2017,4,PTTP,52,137.901666928121
66,7,2017,4,PTTP,54,92.9825571795476
66,7,2017,4,PTTP,56,80.4052064499469
66,7,2017,4,PTTP,58,101.966379129262
66,7,2017,4,PTTP,60,211.119815818296
66,7,2017,4,PTTP,62,214.264153500697
66,7,2017,4,PTTP,64,117.238876443777
66,7,2017,4,PTTP,66,38.1812432862877
66,7,2017,4,PTTP,68,21.5611726793154
66,7,2017,4,PTTP,70,8.53463085222901
66,7,2017,4,PTTP,72,6.28867536480032
66,7,2017,4,PTTP,74,2.69514658491442
66,7,2017,4,PTTP,76,0
66,7,2017,4,PTTP,78,0
66,7,2017,4,PTTP,80,0
66,7,2017,4,PTTP,82,0
66,7,2017,4,PTTP,84,0
66,7,2017,4,PTTP,86,0
66,7,2017,4,PTTP,88,0
66,7,2017,4,PTTP,90,0.449191097485737
66,7,2017,4,PTTP,92,0
66,7,2017,4,PTTP,94,0
66,7,2017,4,PTTP,96,0
66,7,2017,4,PTTP,98,0
66,7,2017,4,PTTP,100,0
66,7,2017,4,PTTP,102,0
66,7,2017,4,PTTP,104,0
66,7,2017,4,PTTP,106,0
66,7,2017,4,PTTP,108,0
67,7,2019,1,PTTP,2,0
67,7,2019,1,PTTP,4,0
67,7,2019,1,PTTP,6,0
67,7,2019,1,PTTP,8,0
67,7,2019,1,PTTP,10,0
67,7,2019,1,PTTP,12,0
67,7,2019,1,PTTP,14,0
67,7,2019,1,PTTP,16,0
67,7,2019,1,PTTP,18,0
67,7,2019,1,PTTP,20,0
67,7,2019,1,PTTP,22,0
67,7,2019,1,PTTP,24,0
67,7,2019,1,PTTP,26,0
67,7,2019,1,PTTP,28,0
67,7,2019,1,PTTP,30,0
67,7,2019,1,PTTP,32,1.48229061036987
67,7,2019,1,PTTP,34,2.96458122073973
67,7,2019,1,PTTP,36,9.38784053234249
67,7,2019,1,PTTP,38,16.3051967140685
67,7,2019,1,PTTP,40,33.1044902982604
67,7,2019,1,PTTP,42,34.092684038507
67,7,2019,1,PTTP,44,0.988193740246578
67,7,2019,1,PTTP,46,0
67,7,2019,1,PTTP,48,0
67,7,2019,1,PTTP,50,0
67,7,2019,1,PTTP,52,0
67,7,2019,1,PTTP,54,0
67,7,2019,1,PTTP,56,0
67,7,2019,1,PTTP,58,0
67,7,2019,1,PTTP,60,0
67,7,2019,1,PTTP,62,0
67,7,2019,1,PTTP,64,0
67,7,2019,1,PTTP,66,0
67,7,2019,1,PTTP,68,0
67,7,2019,1,PTTP,70,0
67,7,2019,1,PTTP,72,0
67,7,2019,1,PTTP,74,0
67,7,2019,1,PTTP,76,0
67,7,2019,1,PTTP,78,0
67,7,2019,1,PTTP,80,0
67,7,2019,1,PTTP,82,0
67,7,2019,1,PTTP,84,0
67,7,2019,1,PTTP,86,0
67,7,2019,1,PTTP,88,0
67,7,2019,1,PTTP,90,0
67,7,2019,1,PTTP,92,0
67,7,2019,1,PTTP,94,0
67,7,2019,1,PTTP,96,0
67,7,2019,1,PTTP,98,0
67,7,2019,1,PTTP,100,0
67,7,2019,1,PTTP,102,0
67,7,2019,1,PTTP,104,0
67,7,2019,1,PTTP,106,0
67,7,2019,1,PTTP,108,0
68,7,2019,3,PTTP,2,0
68,7,2019,3,PTTP,4,0
68,7,2019,3,PTTP,6,0
68,7,2019,3,PTTP,8,0
68,7,2019,3,PTTP,10,0
68,7,2019,3,PTTP,12,0
68,7,2019,3,PTTP,14,0
68,7,2019,3,PTTP,16,0
68,7,2019,3,PTTP,18,0
68,7,2019,3,PTTP,20,0
68,7,2019,3,PTTP,22,0
68,7,2019,3,PTTP,24,0
68,7,2019,3,PTTP,26,0
68,7,2019,3,PTTP,28,0
68,7,2019,3,PTTP,30,0.693886287863868
68,7,2019,3,PTTP,32,0.693886287863868
68,7,2019,3,PTTP,34,2.0816588635916
68,7,2019,3,PTTP,36,0.693886287863868
68,7,2019,3,PTTP,38,5.55109030291094
68,7,2019,3,PTTP,40,13.8777257572774
68,7,2019,3,PTTP,42,13.8777257572774
68,7,2019,3,PTTP,44,40.9392909839682
68,7,2019,3,PTTP,46,267.146220827589
68,7,2019,3,PTTP,48,774.377097256077
68,7,2019,3,PTTP,50,1349.60882989522
68,7,2019,3,PTTP,52,972.134689297279
68,7,2019,3,PTTP,54,432.985043627054
68,7,2019,3,PTTP,56,149.185551890732
68,7,2019,3,PTTP,58,73.55194651357
68,7,2019,3,PTTP,60,52.0414715897901
68,7,2019,3,PTTP,62,138.08337128491
68,7,2019,3,PTTP,64,190.1248428747
68,7,2019,3,PTTP,66,61.7558796198842
68,7,2019,3,PTTP,68,27.7554515145547
68,7,2019,3,PTTP,70,4.16331772718321
68,7,2019,3,PTTP,72,0.693886287863868
68,7,2019,3,PTTP,74,0
68,7,2019,3,PTTP,76,0
68,7,2019,3,PTTP,78,0
68,7,2019,3,PTTP,80,0
68,7,2019,3,PTTP,82,0
68,7,2019,3,PTTP,84,0
68,7,2019,3,PTTP,86,0
68,7,2019,3,PTTP,88,0
68,7,2019,3,PTTP,90,0
68,7,2019,3,PTTP,92,0
68,7,2019,3,PTTP,94,0
68,7,2019,3,PTTP,96,0
68,7,2019,3,PTTP,98,0
68,7,2019,3,PTTP,100,0
68,7,2019,3,PTTP,102,0
68,7,2019,3,PTTP,104,0
68,7,2019,3,PTTP,106,0
68,7,2019,3,PTTP,108,0
69,7,2022,1,PTTP,2,0
69,7,2022,1,PTTP,4,0
69,7,2022,1,PTTP,6,0
69,7,2022,1,PTTP,8,0
69,7,2022,1,PTTP,10,0
69,7,2022,1,PTTP,12,0
69,7,2022,1,PTTP,14,0
69,7,2022,1,PTTP,16,0
69,7,2022,1,PTTP,18,0
69,7,2022,1,PTTP,20,0
69,7,2022,1,PTTP,22,0
69,7,2022,1,PTTP,24,0
69,7,2022,1,PTTP,26,0
69,7,2022,1,PTTP,28,0
69,7,2022,1,PTTP,30,0
69,7,2022,1,PTTP,32,0
69,7,2022,1,PTTP,34,0.50468466019736
69,7,2022,1,PTTP,36,0.50468466019736
69,7,2022,1,PTTP,38,2.5234233009868
69,7,2022,1,PTTP,40,21.7014403884865
69,7,2022,1,PTTP,42,35.5802685439139
69,7,2022,1,PTTP,44,50.468466019736
69,7,2022,1,PTTP,46,19.4303594175983
69,7,2022,1,PTTP,48,18.925674757401
69,7,2022,1,PTTP,50,20.9444133981904
69,7,2022,1,PTTP,52,13.37414349523
69,7,2022,1,PTTP,54,12.1124318447366
69,7,2022,1,PTTP,56,17.6639631069076
69,7,2022,1,PTTP,58,12.3647741748353
69,7,2022,1,PTTP,60,9.58900854374983
69,7,2022,1,PTTP,62,3.28045029128284
69,7,2022,1,PTTP,64,0
69,7,2022,1,PTTP,66,0
69,7,2022,1,PTTP,68,0
69,7,2022,1,PTTP,70,0
69,7,2022,1,PTTP,72,0
69,7,2022,1,PTTP,74,0
69,7,2022,1,PTTP,76,0
69,7,2022,1,PTTP,78,0
69,7,2022,1,PTTP,80,0
69,7,2022,1,PTTP,82,0
69,7,2022,1,PTTP,84,0
69,7,2022,1,PTTP,86,0
69,7,2022,1,PTTP,88,0
69,7,2022,1,PTTP,90,0
69,7,2022,1,PTTP,92,0
69,7,2022,1,PTTP,94,0
69,7,2022,1,PTTP,96,0
69,7,2022,1,PTTP,98,0
69,7,2022,1,PTTP,100,0
69,7,2022,1,PTTP,102,0
69,7,2022,1,PTTP,104,0
69,7,2022,1,PTTP,106,0
69,7,2022,1,PTTP,108,0
70,7,2022,3,PTTP,2,0
70,7,2022,3,PTTP,4,0
70,7,2022,3,PTTP,6,0
70,7,2022,3,PTTP,8,0
70,7,2022,3,PTTP,10,0
70,7,2022,3,PTTP,12,0
70,7,2022,3,PTTP,14,0
70,7,2022,3,PTTP,16,0
70,7,2022,3,PTTP,18,0
70,7,2022,3,PTTP,20,0
70,7,2022,3,PTTP,22,0
70,7,2022,3,PTTP,24,0
70,7,2022,3,PTTP,26,0
70,7,2022,3,PTTP,28,0
70,7,2022,3,PTTP,30,0
70,7,2022,3,PTTP,32,0
70,7,2022,3,PTTP,34,0
70,7,2022,3,PTTP,36,0
70,7,2022,3,PTTP,38,0
70,7,2022,3,PTTP,40,0.7786611
70,7,2022,3,PTTP,42,3.1146444
70,7,2022,3,PTTP,44,3.1146444
70,7,2022,3,PTTP,46,14.0158998
70,7,2022,3,PTTP,48,14.7945609
70,7,2022,3,PTTP,50,3.8933055
70,7,2022,3,PTTP,52,0
70,7,2022,3,PTTP,54,0
70,7,2022,3,PTTP,56,1.5573222
70,7,2022,3,PTTP,58,0.7786611
70,7,2022,3,PTTP,60,0
70,7,2022,3,PTTP,62,0
70,7,2022,3,PTTP,64,0
70,7,2022,3,PTTP,66,0
70,7,2022,3,PTTP,68,0
70,7,2022,3,PTTP,70,0
70,7,2022,3,PTTP,72,0
70,7,2022,3,PTTP,74,0
70,7,2022,3,PTTP,76,0
70,7,2022,3,PTTP,78,0
70,7,2022,3,PTTP,80,0
70,7,2022,3,PTTP,82,0
70,7,2022,3,PTTP,84,0
70,7,2022,3,PTTP,86,0
70,7,2022,3,PTTP,88,0
70,7,2022,3,PTTP,90,0
70,7,2022,3,PTTP,92,0
70,7,2022,3,PTTP,94,0
70,7,2022,3,PTTP,96,0
70,7,2022,3,PTTP,98,0
70,7,2022,3,PTTP,100,0
70,7,2022,3,PTTP,102,0
70,7,2022,3,PTTP,104,0
70,7,2022,3,PTTP,106,0
70,7,2022,3,PTTP,108,0
71,8,2009,2,PTTP,2,0
71,8,2009,2,PTTP,4,0
71,8,2009,2,PTTP,6,0
71,8,2009,2,PTTP,8,0
71,8,2009,2,PTTP,10,0
71,8,2009,2,PTTP,12,0
71,8,2009,2,PTTP,14,0
71,8,2009,2,PTTP,16,0
71,8,2009,2,PTTP,18,0
71,8,2009,2,PTTP,20,0
71,8,2009,2,PTTP,22,0
71,8,2009,2,PTTP,24,0
71,8,2009,2,PTTP,26,0
71,8,2009,2,PTTP,28,0.404558505207301
71,8,2009,2,PTTP,30,0.404558505207301
71,8,2009,2,PTTP,32,0.809117010414602
71,8,2009,2,PTTP,34,2.83190953645111
71,8,2009,2,PTTP,36,4.04558505207301
71,8,2009,2,PTTP,38,36.8148239738644
71,8,2009,2,PTTP,40,217.247917296321
71,8,2009,2,PTTP,42,1015.84640657553
71,8,2009,2,PTTP,44,1944.30817602629
71,8,2009,2,PTTP,46,1214.48463263232
71,8,2009,2,PTTP,48,309.082697978378
71,8,2009,2,PTTP,50,114.490056973666
71,8,2009,2,PTTP,52,89.4074296508136
71,8,2009,2,PTTP,54,34.7920314478279
71,8,2009,2,PTTP,56,18.2051327343286
71,8,2009,2,PTTP,58,17.8005742291212
71,8,2009,2,PTTP,60,11.7321966510117
71,8,2009,2,PTTP,62,12.9458721666336
71,8,2009,2,PTTP,64,7.28205309373142
71,8,2009,2,PTTP,66,8.90028711456062
71,8,2009,2,PTTP,68,7.28205309373142
71,8,2009,2,PTTP,70,20.2279252603651
71,8,2009,2,PTTP,72,23.4643933020235
71,8,2009,2,PTTP,74,18.2051327343286
71,8,2009,2,PTTP,76,3.23646804165841
71,8,2009,2,PTTP,78,0
71,8,2009,2,PTTP,80,0
71,8,2009,2,PTTP,82,0
71,8,2009,2,PTTP,84,0
71,8,2009,2,PTTP,86,0
71,8,2009,2,PTTP,88,0
71,8,2009,2,PTTP,90,0
71,8,2009,2,PTTP,92,0
71,8,2009,2,PTTP,94,0
71,8,2009,2,PTTP,96,0
71,8,2009,2,PTTP,98,0
71,8,2009,2,PTTP,100,0
71,8,2009,2,PTTP,102,0
71,8,2009,2,PTTP,104,0
71,8,2009,2,PTTP,106,0
71,8,2009,2,PTTP,108,0
72,8,2009,4,PTTP,2,0
72,8,2009,4,PTTP,4,0
72,8,2009,4,PTTP,6,0
72,8,2009,4,PTTP,8,0
72,8,2009,4,PTTP,10,0
72,8,2009,4,PTTP,12,0
72,8,2009,4,PTTP,14,0
72,8,2009,4,PTTP,16,0
72,8,2009,4,PTTP,18,0
72,8,2009,4,PTTP,20,0
72,8,2009,4,PTTP,22,0
72,8,2009,4,PTTP,24,0
72,8,2009,4,PTTP,26,0
72,8,2009,4,PTTP,28,0
72,8,2009,4,PTTP,30,0
72,8,2009,4,PTTP,32,0
72,8,2009,4,PTTP,34,0
72,8,2009,4,PTTP,36,0
72,8,2009,4,PTTP,38,3.460716
72,8,2009,4,PTTP,40,3.460716
72,8,2009,4,PTTP,42,6.921432
72,8,2009,4,PTTP,44,5.191074
72,8,2009,4,PTTP,46,5.191074
72,8,2009,4,PTTP,48,2.595537
72,8,2009,4,PTTP,50,0.865179
72,8,2009,4,PTTP,52,2.595537
72,8,2009,4,PTTP,54,0.865179
72,8,2009,4,PTTP,56,0
72,8,2009,4,PTTP,58,0.865179
72,8,2009,4,PTTP,60,0
72,8,2009,4,PTTP,62,0.865179
72,8,2009,4,PTTP,64,0
72,8,2009,4,PTTP,66,0
72,8,2009,4,PTTP,68,0
72,8,2009,4,PTTP,70,0
72,8,2009,4,PTTP,72,0
72,8,2009,4,PTTP,74,0
72,8,2009,4,PTTP,76,0.865179
72,8,2009,4,PTTP,78,0.865179
72,8,2009,4,PTTP,80,0
72,8,2009,4,PTTP,82,0
72,8,2009,4,PTTP,84,0
72,8,2009,4,PTTP,86,0
72,8,2009,4,PTTP,88,0
72,8,2009,4,PTTP,90,0
72,8,2009,4,PTTP,92,0
72,8,2009,4,PTTP,94,0
72,8,2009,4,PTTP,96,0
72,8,2009,4,PTTP,98,0
72,8,2009,4,PTTP,100,0
72,8,2009,4,PTTP,102,0
72,8,2009,4,PTTP,104,0
72,8,2009,4,PTTP,106,0
72,8,2009,4,PTTP,108,0
73,8,2011,4,PTTP,2,0
73,8,2011,4,PTTP,4,0
73,8,2011,4,PTTP,6,0
73,8,2011,4,PTTP,8,0
73,8,2011,4,PTTP,10,0
73,8,2011,4,PTTP,12,0
73,8,2011,4,PTTP,14,0
73,8,2011,4,PTTP,16,0
73,8,2011,4,PTTP,18,0
73,8,2011,4,PTTP,20,0
73,8,2011,4,PTTP,22,0
73,8,2011,4,PTTP,24,0
73,8,2011,4,PTTP,26,0
73,8,2011,4,PTTP,28,0
73,8,2011,4,PTTP,30,0
73,8,2011,4,PTTP,32,0.794442796050275
73,8,2011,4,PTTP,34,0
73,8,2011,4,PTTP,36,3.1777711842011
73,8,2011,4,PTTP,38,1.58888559210055
73,8,2011,4,PTTP,40,2.38332838815083
73,8,2011,4,PTTP,42,1.58888559210055
73,8,2011,4,PTTP,44,0.794442796050275
73,8,2011,4,PTTP,46,0.794442796050275
73,8,2011,4,PTTP,48,0
73,8,2011,4,PTTP,50,0.794442796050275
73,8,2011,4,PTTP,52,0
73,8,2011,4,PTTP,54,0.794442796050275
73,8,2011,4,PTTP,56,0.794442796050275
73,8,2011,4,PTTP,58,0.794442796050275
73,8,2011,4,PTTP,60,0.794442796050275
73,8,2011,4,PTTP,62,0
73,8,2011,4,PTTP,64,3.1777711842011
73,8,2011,4,PTTP,66,4.76665677630165
73,8,2011,4,PTTP,68,6.3555423684022
73,8,2011,4,PTTP,70,2.38332838815083
73,8,2011,4,PTTP,72,0
73,8,2011,4,PTTP,74,0
73,8,2011,4,PTTP,76,0
73,8,2011,4,PTTP,78,0
73,8,2011,4,PTTP,80,0
73,8,2011,4,PTTP,82,0
73,8,2011,4,PTTP,84,0
73,8,2011,4,PTTP,86,0
73,8,2011,4,PTTP,88,0
73,8,2011,4,PTTP,90,0
73,8,2011,4,PTTP,92,0
73,8,2011,4,PTTP,94,0
73,8,2011,4,PTTP,96,0
73,8,2011,4,PTTP,98,0
73,8,2011,4,PTTP,100,0
73,8,2011,4,PTTP,102,0
73,8,2011,4,PTTP,104,0
73,8,2011,4,PTTP,106,0
73,8,2011,4,PTTP,108,0
74,8,2015,3,PTTP,2,0
74,8,2015,3,PTTP,4,0
74,8,2015,3,PTTP,6,0
74,8,2015,3,PTTP,8,0
74,8,2015,3,PTTP,10,0
74,8,2015,3,PTTP,12,0
74,8,2015,3,PTTP,14,0
74,8,2015,3,PTTP,16,0
74,8,2015,3,PTTP,18,0
74,8,2015,3,PTTP,20,0
74,8,2015,3,PTTP,22,0
74,8,2015,3,PTTP,24,0
74,8,2015,3,PTTP,26,0
74,8,2015,3,PTTP,28,0
74,8,2015,3,PTTP,30,0
74,8,2015,3,PTTP,32,0
74,8,2015,3,PTTP,34,2.26369422919161
74,8,2015,3,PTTP,36,0
74,8,2015,3,PTTP,38,3.01825897225548
74,8,2015,3,PTTP,40,0.754564743063869
74,8,2015,3,PTTP,42,0
74,8,2015,3,PTTP,44,7.54564743063869
74,8,2015,3,PTTP,46,1.50912948612774
74,8,2015,3,PTTP,48,4.52738845838322
74,8,2015,3,PTTP,50,1.50912948612774
74,8,2015,3,PTTP,52,0.754564743063869
74,8,2015,3,PTTP,54,0.754564743063869
74,8,2015,3,PTTP,56,0
74,8,2015,3,PTTP,58,0.754564743063869
74,8,2015,3,PTTP,60,1.50912948612774
74,8,2015,3,PTTP,62,1.50912948612774
74,8,2015,3,PTTP,64,0.754564743063869
74,8,2015,3,PTTP,66,1.50912948612774
74,8,2015,3,PTTP,68,2.26369422919161
74,8,2015,3,PTTP,70,0
74,8,2015,3,PTTP,72,1.50912948612774
74,8,2015,3,PTTP,74,0
74,8,2015,3,PTTP,76,0
74,8,2015,3,PTTP,78,0
74,8,2015,3,PTTP,80,0
74,8,2015,3,PTTP,82,0
74,8,2015,3,PTTP,84,0
74,8,2015,3,PTTP,86,0
74,8,2015,3,PTTP,88,0
74,8,2015,3,PTTP,90,0
74,8,2015,3,PTTP,92,0
74,8,2015,3,PTTP,94,0
74,8,2015,3,PTTP,96,0
74,8,2015,3,PTTP,98,0
74,8,2015,3,PTTP,100,0
74,8,2015,3,PTTP,102,0
74,8,2015,3,PTTP,104,0
74,8,2015,3,PTTP,106,0
74,8,2015,3,PTTP,108,0
75,8,2015,4,PTTP,2,0
75,8,2015,4,PTTP,4,0
75,8,2015,4,PTTP,6,0
75,8,2015,4,PTTP,8,0
75,8,2015,4,PTTP,10,0
75,8,2015,4,PTTP,12,0
75,8,2015,4,PTTP,14,0
75,8,2015,4,PTTP,16,0
75,8,2015,4,PTTP,18,0
75,8,2015,4,PTTP,20,0
75,8,2015,4,PTTP,22,0
75,8,2015,4,PTTP,24,0
75,8,2015,4,PTTP,26,0
75,8,2015,4,PTTP,28,0
75,8,2015,4,PTTP,30,0
75,8,2015,4,PTTP,32,0.492921316244424
75,8,2015,4,PTTP,34,1.47876394873327
75,8,2015,4,PTTP,36,0.492921316244424
75,8,2015,4,PTTP,38,2.95752789746655
75,8,2015,4,PTTP,40,4.92921316244424
75,8,2015,4,PTTP,42,8.87258369239964
75,8,2015,4,PTTP,44,5.91505579493309
75,8,2015,4,PTTP,46,9.36550500864406
75,8,2015,4,PTTP,48,5.91505579493309
75,8,2015,4,PTTP,50,10.8442689573773
75,8,2015,4,PTTP,52,3.9433705299554
75,8,2015,4,PTTP,54,2.95752789746655
75,8,2015,4,PTTP,56,0.492921316244424
75,8,2015,4,PTTP,58,0
75,8,2015,4,PTTP,60,0
75,8,2015,4,PTTP,62,0
75,8,2015,4,PTTP,64,0.985842632488849
75,8,2015,4,PTTP,66,0
75,8,2015,4,PTTP,68,0
75,8,2015,4,PTTP,70,0
75,8,2015,4,PTTP,72,0
75,8,2015,4,PTTP,74,0
75,8,2015,4,PTTP,76,0
75,8,2015,4,PTTP,78,0
75,8,2015,4,PTTP,80,0
75,8,2015,4,PTTP,82,0
75,8,2015,4,PTTP,84,0
75,8,2015,4,PTTP,86,0
75,8,2015,4,PTTP,88,0
75,8,2015,4,PTTP,90,0
75,8,2015,4,PTTP,92,0
75,8,2015,4,PTTP,94,0
75,8,2015,4,PTTP,96,0
75,8,2015,4,PTTP,98,0
75,8,2015,4,PTTP,100,0
75,8,2015,4,PTTP,102,0
75,8,2015,4,PTTP,104,0
75,8,2015,4,PTTP,106,0
75,8,2015,4,PTTP,108,0
76,8,2016,3,PTTP,2,0
76,8,2016,3,PTTP,4,0
76,8,2016,3,PTTP,6,0
76,8,2016,3,PTTP,8,0
76,8,2016,3,PTTP,10,0
76,8,2016,3,PTTP,12,0
76,8,2016,3,PTTP,14,0
76,8,2016,3,PTTP,16,0
76,8,2016,3,PTTP,18,0
76,8,2016,3,PTTP,20,0
76,8,2016,3,PTTP,22,0
76,8,2016,3,PTTP,24,0
76,8,2016,3,PTTP,26,0
76,8,2016,3,PTTP,28,0
76,8,2016,3,PTTP,30,0
76,8,2016,3,PTTP,32,0
76,8,2016,3,PTTP,34,0.626661226269568
76,8,2016,3,PTTP,36,0
76,8,2016,3,PTTP,38,1.8799836788087
76,8,2016,3,PTTP,40,2.50664490507827
76,8,2016,3,PTTP,42,2.50664490507827
76,8,2016,3,PTTP,44,5.63995103642611
76,8,2016,3,PTTP,46,2.50664490507827
76,8,2016,3,PTTP,48,0
76,8,2016,3,PTTP,50,3.75996735761741
76,8,2016,3,PTTP,52,3.13330613134784
76,8,2016,3,PTTP,54,5.01328981015654
76,8,2016,3,PTTP,56,5.01328981015654
76,8,2016,3,PTTP,58,1.25332245253914
76,8,2016,3,PTTP,60,0.626661226269568
76,8,2016,3,PTTP,62,1.8799836788087
76,8,2016,3,PTTP,64,0.626661226269568
76,8,2016,3,PTTP,66,2.50664490507827
76,8,2016,3,PTTP,68,1.25332245253914
76,8,2016,3,PTTP,70,0
76,8,2016,3,PTTP,72,0
76,8,2016,3,PTTP,74,0
76,8,2016,3,PTTP,76,0
76,8,2016,3,PTTP,78,0
76,8,2016,3,PTTP,80,0
76,8,2016,3,PTTP,82,0
76,8,2016,3,PTTP,84,0
76,8,2016,3,PTTP,86,0
76,8,2016,3,PTTP,88,0
76,8,2016,3,PTTP,90,0
76,8,2016,3,PTTP,92,0
76,8,2016,3,PTTP,94,0
76,8,2016,3,PTTP,96,0
76,8,2016,3,PTTP,98,0
76,8,2016,3,PTTP,100,0
76,8,2016,3,PTTP,102,0
76,8,2016,3,PTTP,104,0
76,8,2016,3,PTTP,106,0
76,8,2016,3,PTTP,108,0
77,8,2018,3,PTTP,2,0
77,8,2018,3,PTTP,4,0
77,8,2018,3,PTTP,6,0
77,8,2018,3,PTTP,8,0
77,8,2018,3,PTTP,10,0
77,8,2018,3,PTTP,12,0
77,8,2018,3,PTTP,14,0
77,8,2018,3,PTTP,16,0
77,8,2018,3,PTTP,18,0
77,8,2018,3,PTTP,20,0
77,8,2018,3,PTTP,22,0
77,8,2018,3,PTTP,24,0
77,8,2018,3,PTTP,26,0
77,8,2018,3,PTTP,28,0
77,8,2018,3,PTTP,30,0
77,8,2018,3,PTTP,32,0
77,8,2018,3,PTTP,34,0
77,8,2018,3,PTTP,36,0
77,8,2018,3,PTTP,38,0
77,8,2018,3,PTTP,40,0
77,8,2018,3,PTTP,42,0.588594443743686
77,8,2018,3,PTTP,44,1.76578333123106
77,8,2018,3,PTTP,46,3.53156666246212
77,8,2018,3,PTTP,48,3.53156666246212
77,8,2018,3,PTTP,50,7.65172776866792
77,8,2018,3,PTTP,52,5.88594443743686
77,8,2018,3,PTTP,54,11.18329443113
77,8,2018,3,PTTP,56,2.35437777497475
77,8,2018,3,PTTP,58,1.76578333123106
77,8,2018,3,PTTP,60,0
77,8,2018,3,PTTP,62,0
77,8,2018,3,PTTP,64,0.588594443743686
77,8,2018,3,PTTP,66,0
77,8,2018,3,PTTP,68,0
77,8,2018,3,PTTP,70,0
77,8,2018,3,PTTP,72,0
77,8,2018,3,PTTP,74,0
77,8,2018,3,PTTP,76,0
77,8,2018,3,PTTP,78,0
77,8,2018,3,PTTP,80,0
77,8,2018,3,PTTP,82,0
77,8,2018,3,PTTP,84,0
77,8,2018,3,PTTP,86,0
77,8,2018,3,PTTP,88,0
77,8,2018,3,PTTP,90,0
77,8,2018,3,PTTP,92,0
77,8,2018,3,PTTP,94,0
77,8,2018,3,PTTP,96,0
77,8,2018,3,PTTP,98,0
77,8,2018,3,PTTP,100,0
77,8,2018,3,PTTP,102,0
77,8,2018,3,PTTP,104,0
77,8,2018,3,PTTP,106,0
77,8,2018,3,PTTP,108,0
78,8,2020,3,PTTP,2,0
78,8,2020,3,PTTP,4,0
78,8,2020,3,PTTP,6,0
78,8,2020,3,PTTP,8,0
78,8,2020,3,PTTP,10,0
78,8,2020,3,PTTP,12,0
78,8,2020,3,PTTP,14,0
78,8,2020,3,PTTP,16,0
78,8,2020,3,PTTP,18,0
78,8,2020,3,PTTP,20,0
78,8,2020,3,PTTP,22,0
78,8,2020,3,PTTP,24,0
78,8,2020,3,PTTP,26,0
78,8,2020,3,PTTP,28,0
78,8,2020,3,PTTP,30,0
78,8,2020,3,PTTP,32,1.13131207141497
78,8,2020,3,PTTP,34,12.4444327855647
78,8,2020,3,PTTP,36,7.91918449990481
78,8,2020,3,PTTP,38,13.5757448569797
78,8,2020,3,PTTP,40,23.7575534997144
78,8,2020,3,PTTP,42,22.060585392592
78,8,2020,3,PTTP,44,28.8484578210818
78,8,2020,3,PTTP,46,18.1009931426396
78,8,2020,3,PTTP,48,10.7474646784422
78,8,2020,3,PTTP,50,4.52524828565989
78,8,2020,3,PTTP,52,1.13131207141497
78,8,2020,3,PTTP,54,0
78,8,2020,3,PTTP,56,2.26262414282994
78,8,2020,3,PTTP,58,1.13131207141497
78,8,2020,3,PTTP,60,0.565656035707486
78,8,2020,3,PTTP,62,1.13131207141497
78,8,2020,3,PTTP,64,1.13131207141497
78,8,2020,3,PTTP,66,0.565656035707486
78,8,2020,3,PTTP,68,1.13131207141497
78,8,2020,3,PTTP,70,1.13131207141497
78,8,2020,3,PTTP,72,1.13131207141497
78,8,2020,3,PTTP,74,0
78,8,2020,3,PTTP,76,0
78,8,2020,3,PTTP,78,0
78,8,2020,3,PTTP,80,0
78,8,2020,3,PTTP,82,0
78,8,2020,3,PTTP,84,0
78,8,2020,3,PTTP,86,0
78,8,2020,3,PTTP,88,0
78,8,2020,3,PTTP,90,0
78,8,2020,3,PTTP,92,0
78,8,2020,3,PTTP,94,0
78,8,2020,3,PTTP,96,0
78,8,2020,3,PTTP,98,0
78,8,2020,3,PTTP,100,0
78,8,2020,3,PTTP,102,0
78,8,2020,3,PTTP,104,0
78,8,2020,3,PTTP,106,0
78,8,2020,3,PTTP,108,0
79,1,1990,2,JPTP,2,0
79,1,1990,2,JPTP,4,0
79,1,1990,2,JPTP,6,0
79,1,1990,2,JPTP,8,0
79,1,1990,2,JPTP,10,0
79,1,1990,2,JPTP,12,0
79,1,1990,2,JPTP,14,0
79,1,1990,2,JPTP,16,0
79,1,1990,2,JPTP,18,0
79,1,1990,2,JPTP,20,0
79,1,1990,2,JPTP,22,0
79,1,1990,2,JPTP,24,0
79,1,1990,2,JPTP,26,0.679383196419522
79,1,1990,2,JPTP,28,0
79,1,1990,2,JPTP,30,0
79,1,1990,2,JPTP,32,0
79,1,1990,2,JPTP,34,1.35876639283904
79,1,1990,2,JPTP,36,0.679383196419522
79,1,1990,2,JPTP,38,2.71753278567809
79,1,1990,2,JPTP,40,5.43506557135618
79,1,1990,2,JPTP,42,6.79383196419522
79,1,1990,2,JPTP,44,6.1144487677757
79,1,1990,2,JPTP,46,2.03814958925857
79,1,1990,2,JPTP,48,2.03814958925857
79,1,1990,2,JPTP,50,2.71753278567809
79,1,1990,2,JPTP,52,3.39691598209761
79,1,1990,2,JPTP,54,4.07629917851713
79,1,1990,2,JPTP,56,2.03814958925857
79,1,1990,2,JPTP,58,0.679383196419522
79,1,1990,2,JPTP,60,0
79,1,1990,2,JPTP,62,0.679383196419522
79,1,1990,2,JPTP,64,0
79,1,1990,2,JPTP,66,0
79,1,1990,2,JPTP,68,0
79,1,1990,2,JPTP,70,0
79,1,1990,2,JPTP,72,0
79,1,1990,2,JPTP,74,0
79,1,1990,2,JPTP,76,1
79,1,1990,2,JPTP,78,0
79,1,1990,2,JPTP,80,0
79,1,1990,2,JPTP,82,0
79,1,1990,2,JPTP,84,0
79,1,1990,2,JPTP,86,0
79,1,1990,2,JPTP,88,0
79,1,1990,2,JPTP,90,0
79,1,1990,2,JPTP,92,0
79,1,1990,2,JPTP,94,0
79,1,1990,2,JPTP,96,0
79,1,1990,2,JPTP,98,0
79,1,1990,2,JPTP,100,0
79,1,1990,2,JPTP,102,0
79,1,1990,2,JPTP,104,0
79,1,1990,2,JPTP,106,0
79,1,1990,2,JPTP,108,0
80,1,1990,3,JPTP,2,0
80,1,1990,3,JPTP,4,0
80,1,1990,3,JPTP,6,0
80,1,1990,3,JPTP,8,0
80,1,1990,3,JPTP,10,0
80,1,1990,3,JPTP,12,0
80,1,1990,3,JPTP,14,0
80,1,1990,3,JPTP,16,0
80,1,1990,3,JPTP,18,0
80,1,1990,3,JPTP,20,0
80,1,1990,3,JPTP,22,0
80,1,1990,3,JPTP,24,0
80,1,1990,3,JPTP,26,0
80,1,1990,3,JPTP,28,0.407629917851713
80,1,1990,3,JPTP,30,0.407629917851713
80,1,1990,3,JPTP,32,1.63051967140685
80,1,1990,3,JPTP,34,3.66866926066542
80,1,1990,3,JPTP,36,4.89155901422056
80,1,1990,3,JPTP,38,11.0060077819963
80,1,1990,3,JPTP,40,19.973865974734
80,1,1990,3,JPTP,42,22.827275399696
80,1,1990,3,JPTP,44,17.120456549772
80,1,1990,3,JPTP,46,14.26704712481
80,1,1990,3,JPTP,48,8.56022827488598
80,1,1990,3,JPTP,50,4.89155901422056
80,1,1990,3,JPTP,52,8.15259835703427
80,1,1990,3,JPTP,54,7.74496843918256
80,1,1990,3,JPTP,56,4.89155901422056
80,1,1990,3,JPTP,58,0.815259835703427
80,1,1990,3,JPTP,60,2.85340942496199
80,1,1990,3,JPTP,62,2.03814958925857
80,1,1990,3,JPTP,64,2.03814958925857
80,1,1990,3,JPTP,66,0.407629917851713
80,1,1990,3,JPTP,68,0.407629917851713
80,1,1990,3,JPTP,70,0.407629917851713
80,1,1990,3,JPTP,72,0
80,1,1990,3,JPTP,74,0
80,1,1990,3,JPTP,76,0
80,1,1990,3,JPTP,78,0
80,1,1990,3,JPTP,80,0
80,1,1990,3,JPTP,82,0
80,1,1990,3,JPTP,84,0
80,1,1990,3,JPTP,86,0
80,1,1990,3,JPTP,88,0
80,1,1990,3,JPTP,90,0
80,1,1990,3,JPTP,92,0
80,1,1990,3,JPTP,94,0
80,1,1990,3,JPTP,96,0
80,1,1990,3,JPTP,98,0
80,1,1990,3,JPTP,100,0
80,1,1990,3,JPTP,102,0
80,1,1990,3,JPTP,104,0
80,1,1990,3,JPTP,106,0
80,1,1990,3,JPTP,108,0
81,1,1990,4,JPTP,2,0
81,1,1990,4,JPTP,4,0
81,1,1990,4,JPTP,6,0
81,1,1990,4,JPTP,8,0
81,1,1990,4,JPTP,10,0
81,1,1990,4,JPTP,12,0
81,1,1990,4,JPTP,14,0
81,1,1990,4,JPTP,16,0
81,1,1990,4,JPTP,18,0
81,1,1990,4,JPTP,20,0
81,1,1990,4,JPTP,22,0
81,1,1990,4,JPTP,24,0
81,1,1990,4,JPTP,26,0
81,1,1990,4,JPTP,28,0
81,1,1990,4,JPTP,30,0
81,1,1990,4,JPTP,32,0.509537397314642
81,1,1990,4,JPTP,34,2.03814958925857
81,1,1990,4,JPTP,36,1.52861219194393
81,1,1990,4,JPTP,38,2.03814958925857
81,1,1990,4,JPTP,40,4.58583657583178
81,1,1990,4,JPTP,42,6.62398616509034
81,1,1990,4,JPTP,44,8.66213575434891
81,1,1990,4,JPTP,46,3.56676178120249
81,1,1990,4,JPTP,48,2.54768698657321
81,1,1990,4,JPTP,50,4.07629917851713
81,1,1990,4,JPTP,52,2.03814958925857
81,1,1990,4,JPTP,54,2.54768698657321
81,1,1990,4,JPTP,56,1.52861219194393
81,1,1990,4,JPTP,58,0.509537397314642
81,1,1990,4,JPTP,60,2.54768698657321
81,1,1990,4,JPTP,62,1.01907479462928
81,1,1990,4,JPTP,64,1.01907479462928
81,1,1990,4,JPTP,66,1.52861219194393
81,1,1990,4,JPTP,68,1.01907479462928
81,1,1990,4,JPTP,70,0.509537397314642
81,1,1990,4,JPTP,72,0.509537397314642
81,1,1990,4,JPTP,74,0
81,1,1990,4,JPTP,76,0
81,1,1990,4,JPTP,78,0
81,1,1990,4,JPTP,80,0
81,1,1990,4,JPTP,82,0
81,1,1990,4,JPTP,84,0
81,1,1990,4,JPTP,86,0
81,1,1990,4,JPTP,88,0
81,1,1990,4,JPTP,90,0
81,1,1990,4,JPTP,92,0
81,1,1990,4,JPTP,94,0
81,1,1990,4,JPTP,96,0
81,1,1990,4,JPTP,98,0
81,1,1990,4,JPTP,100,0
81,1,1990,4,JPTP,102,0
81,1,1990,4,JPTP,104,0
81,1,1990,4,JPTP,106,0
81,1,1990,4,JPTP,108,0
82,1,1991,2,JPTP,2,0
82,1,1991,2,JPTP,4,0
82,1,1991,2,JPTP,6,0
82,1,1991,2,JPTP,8,0
82,1,1991,2,JPTP,10,0
82,1,1991,2,JPTP,12,0
82,1,1991,2,JPTP,14,0
82,1,1991,2,JPTP,16,0
82,1,1991,2,JPTP,18,0
82,1,1991,2,JPTP,20,0
82,1,1991,2,JPTP,22,0
82,1,1991,2,JPTP,24,0
82,1,1991,2,JPTP,26,0
82,1,1991,2,JPTP,28,0
82,1,1991,2,JPTP,30,0
82,1,1991,2,JPTP,32,0
82,1,1991,2,JPTP,34,1.35876639283904
82,1,1991,2,JPTP,36,2.03814958925857
82,1,1991,2,JPTP,38,4.07629917851713
82,1,1991,2,JPTP,40,4.75568237493666
82,1,1991,2,JPTP,42,6.1144487677757
82,1,1991,2,JPTP,44,4.75568237493666
82,1,1991,2,JPTP,46,2.71753278567809
82,1,1991,2,JPTP,48,3.39691598209761
82,1,1991,2,JPTP,50,2.03814958925857
82,1,1991,2,JPTP,52,2.03814958925857
82,1,1991,2,JPTP,54,1.35876639283904
82,1,1991,2,JPTP,56,2.03814958925857
82,1,1991,2,JPTP,58,1.35876639283904
82,1,1991,2,JPTP,60,2.71753278567809
82,1,1991,2,JPTP,62,0
82,1,1991,2,JPTP,64,0
82,1,1991,2,JPTP,66,0
82,1,1991,2,JPTP,68,0
82,1,1991,2,JPTP,70,0
82,1,1991,2,JPTP,72,0
82,1,1991,2,JPTP,74,0
82,1,1991,2,JPTP,76,0
82,1,1991,2,JPTP,78,0
82,1,1991,2,JPTP,80,0
82,1,1991,2,JPTP,82,0
82,1,1991,2,JPTP,84,0
82,1,1991,2,JPTP,86,0
82,1,1991,2,JPTP,88,0
82,1,1991,2,JPTP,90,0
82,1,1991,2,JPTP,92,0
82,1,1991,2,JPTP,94,0
82,1,1991,2,JPTP,96,0
82,1,1991,2,JPTP,98,0
82,1,1991,2,JPTP,100,0
82,1,1991,2,JPTP,102,0
82,1,1991,2,JPTP,104,0
82,1,1991,2,JPTP,106,0
82,1,1991,2,JPTP,108,0
83,1,1991,3,JPTP,2,0
83,1,1991,3,JPTP,4,0
83,1,1991,3,JPTP,6,0
83,1,1991,3,JPTP,8,0
83,1,1991,3,JPTP,10,0
83,1,1991,3,JPTP,12,0
83,1,1991,3,JPTP,14,0
83,1,1991,3,JPTP,16,0
83,1,1991,3,JPTP,18,0
83,1,1991,3,JPTP,20,0
83,1,1991,3,JPTP,22,0
83,1,1991,3,JPTP,24,0
83,1,1991,3,JPTP,26,0
83,1,1991,3,JPTP,28,0
83,1,1991,3,JPTP,30,0.679383196419522
83,1,1991,3,JPTP,32,1
83,1,1991,3,JPTP,34,3.39691598209761
83,1,1991,3,JPTP,36,5.43506557135618
83,1,1991,3,JPTP,38,9.51136474987332
83,1,1991,3,JPTP,40,12.2288975355514
83,1,1991,3,JPTP,42,17.6639631069076
83,1,1991,3,JPTP,44,9.51136474987332
83,1,1991,3,JPTP,46,4.07629917851713
83,1,1991,3,JPTP,48,4.07629917851713
83,1,1991,3,JPTP,50,6.79383196419522
83,1,1991,3,JPTP,52,2.03814958925857
83,1,1991,3,JPTP,54,4.75568237493666
83,1,1991,3,JPTP,56,3.39691598209761
83,1,1991,3,JPTP,58,2.03814958925857
83,1,1991,3,JPTP,60,2.71753278567809
83,1,1991,3,JPTP,62,1.35876639283904
83,1,1991,3,JPTP,64,1
83,1,1991,3,JPTP,66,0.679383196419522
83,1,1991,3,JPTP,68,1.35876639283904
83,1,1991,3,JPTP,70,0
83,1,1991,3,JPTP,72,0.679383196419522
83,1,1991,3,JPTP,74,0.679383196419522
83,1,1991,3,JPTP,76,0
83,1,1991,3,JPTP,78,0
83,1,1991,3,JPTP,80,0
83,1,1991,3,JPTP,82,0
83,1,1991,3,JPTP,84,0
83,1,1991,3,JPTP,86,0
83,1,1991,3,JPTP,88,0
83,1,1991,3,JPTP,90,0
83,1,1991,3,JPTP,92,0
83,1,1991,3,JPTP,94,0
83,1,1991,3,JPTP,96,0
83,1,1991,3,JPTP,98,0
83,1,1991,3,JPTP,100,0
83,1,1991,3,JPTP,102,0
83,1,1991,3,JPTP,104,0
83,1,1991,3,JPTP,106,0
83,1,1991,3,JPTP,108,0
84,1,1992,3,JPTP,2,0
84,1,1992,3,JPTP,4,0
84,1,1992,3,JPTP,6,0
84,1,1992,3,JPTP,8,0
84,1,1992,3,JPTP,10,0
84,1,1992,3,JPTP,12,0
84,1,1992,3,JPTP,14,0
84,1,1992,3,JPTP,16,0
84,1,1992,3,JPTP,18,0
84,1,1992,3,JPTP,20,0
84,1,1992,3,JPTP,22,0
84,1,1992,3,JPTP,24,0
84,1,1992,3,JPTP,26,0
84,1,1992,3,JPTP,28,0.679383196419522
84,1,1992,3,JPTP,30,0
84,1,1992,3,JPTP,32,0
84,1,1992,3,JPTP,34,1.35876639283904
84,1,1992,3,JPTP,36,1.35876639283904
84,1,1992,3,JPTP,38,4.07629917851713
84,1,1992,3,JPTP,40,7.47321516061475
84,1,1992,3,JPTP,42,6.1144487677757
84,1,1992,3,JPTP,44,3.39691598209761
84,1,1992,3,JPTP,46,2.71753278567809
84,1,1992,3,JPTP,48,2.71753278567809
84,1,1992,3,JPTP,50,1.35876639283904
84,1,1992,3,JPTP,52,2.03814958925857
84,1,1992,3,JPTP,54,1.35876639283904
84,1,1992,3,JPTP,56,2.71753278567809
84,1,1992,3,JPTP,58,0.679383196419522
84,1,1992,3,JPTP,60,0
84,1,1992,3,JPTP,62,0.679383196419522
84,1,1992,3,JPTP,64,1.35876639283904
84,1,1992,3,JPTP,66,0.679383196419522
84,1,1992,3,JPTP,68,0.679383196419522
84,1,1992,3,JPTP,70,0
84,1,1992,3,JPTP,72,0.679383196419522
84,1,1992,3,JPTP,74,0
84,1,1992,3,JPTP,76,0
84,1,1992,3,JPTP,78,0
84,1,1992,3,JPTP,80,0
84,1,1992,3,JPTP,82,0
84,1,1992,3,JPTP,84,0
84,1,1992,3,JPTP,86,0
84,1,1992,3,JPTP,88,0
84,1,1992,3,JPTP,90,0
84,1,1992,3,JPTP,92,0
84,1,1992,3,JPTP,94,0
84,1,1992,3,JPTP,96,0
84,1,1992,3,JPTP,98,0
84,1,1992,3,JPTP,100,0
84,1,1992,3,JPTP,102,0
84,1,1992,3,JPTP,104,0
84,1,1992,3,JPTP,106,0
84,1,1992,3,JPTP,108,0
85,1,1993,2,JPTP,2,0
85,1,1993,2,JPTP,4,0
85,1,1993,2,JPTP,6,0
85,1,1993,2,JPTP,8,0
85,1,1993,2,JPTP,10,0
85,1,1993,2,JPTP,12,0
85,1,1993,2,JPTP,14,0
85,1,1993,2,JPTP,16,0
85,1,1993,2,JPTP,18,0
85,1,1993,2,JPTP,20,0
85,1,1993,2,JPTP,22,0
85,1,1993,2,JPTP,24,0
85,1,1993,2,JPTP,26,0
85,1,1993,2,JPTP,28,0
85,1,1993,2,JPTP,30,0
85,1,1993,2,JPTP,32,2.71753278567809
85,1,1993,2,JPTP,34,4.75568237493666
85,1,1993,2,JPTP,36,9.51136474987332
85,1,1993,2,JPTP,38,10.8701311427124
85,1,1993,2,JPTP,40,21.7402622854247
85,1,1993,2,JPTP,42,23.7784118746833
85,1,1993,2,JPTP,44,18.3433463033271
85,1,1993,2,JPTP,46,13.5876639283904
85,1,1993,2,JPTP,48,8.83198155345379
85,1,1993,2,JPTP,50,8.83198155345379
85,1,1993,2,JPTP,52,4.07629917851713
85,1,1993,2,JPTP,54,8.83198155345379
85,1,1993,2,JPTP,56,7.47321516061475
85,1,1993,2,JPTP,58,4.75568237493666
85,1,1993,2,JPTP,60,2.71753278567809
85,1,1993,2,JPTP,62,2.71753278567809
85,1,1993,2,JPTP,64,1.35876639283904
85,1,1993,2,JPTP,66,0.679383196419522
85,1,1993,2,JPTP,68,1.35876639283904
85,1,1993,2,JPTP,70,2.03814958925857
85,1,1993,2,JPTP,72,0
85,1,1993,2,JPTP,74,0.679383196419522
85,1,1993,2,JPTP,76,0
85,1,1993,2,JPTP,78,0
85,1,1993,2,JPTP,80,0
85,1,1993,2,JPTP,82,0
85,1,1993,2,JPTP,84,0
85,1,1993,2,JPTP,86,0
85,1,1993,2,JPTP,88,0
85,1,1993,2,JPTP,90,0
85,1,1993,2,JPTP,92,0
85,1,1993,2,JPTP,94,0
85,1,1993,2,JPTP,96,0
85,1,1993,2,JPTP,98,0
85,1,1993,2,JPTP,100,0
85,1,1993,2,JPTP,102,0
85,1,1993,2,JPTP,104,0
85,1,1993,2,JPTP,106,0
85,1,1993,2,JPTP,108,0
86,1,1993,3,JPTP,2,0
86,1,1993,3,JPTP,4,0
86,1,1993,3,JPTP,6,0
86,1,1993,3,JPTP,8,0
86,1,1993,3,JPTP,10,0
86,1,1993,3,JPTP,12,0
86,1,1993,3,JPTP,14,0
86,1,1993,3,JPTP,16,0
86,1,1993,3,JPTP,18,0
86,1,1993,3,JPTP,20,0
86,1,1993,3,JPTP,22,0
86,1,1993,3,JPTP,24,0
86,1,1993,3,JPTP,26,0.5558589788887
86,1,1993,3,JPTP,28,0
86,1,1993,3,JPTP,30,0
86,1,1993,3,JPTP,32,0.5558589788887
86,1,1993,3,JPTP,34,1.1117179577774
86,1,1993,3,JPTP,36,3.8910128522209
86,1,1993,3,JPTP,38,5.558589788887
86,1,1993,3,JPTP,40,12.7847565144401
86,1,1993,3,JPTP,42,13.3406154933288
86,1,1993,3,JPTP,44,16.675769366661
86,1,1993,3,JPTP,46,6.6703077466644
86,1,1993,3,JPTP,48,3.8910128522209
86,1,1993,3,JPTP,50,5.558589788887
86,1,1993,3,JPTP,52,5.0027308099983
86,1,1993,3,JPTP,54,6.1144487677757
86,1,1993,3,JPTP,56,3.3351538733322
86,1,1993,3,JPTP,58,0.5558589788887
86,1,1993,3,JPTP,60,1.1117179577774
86,1,1993,3,JPTP,62,1.6675769366661
86,1,1993,3,JPTP,64,0.5558589788887
86,1,1993,3,JPTP,66,0.5558589788887
86,1,1993,3,JPTP,68,1.1117179577774
86,1,1993,3,JPTP,70,0
86,1,1993,3,JPTP,72,1
86,1,1993,3,JPTP,74,0.5558589788887
86,1,1993,3,JPTP,76,0
86,1,1993,3,JPTP,78,0
86,1,1993,3,JPTP,80,0
86,1,1993,3,JPTP,82,0
86,1,1993,3,JPTP,84,0
86,1,1993,3,JPTP,86,0
86,1,1993,3,JPTP,88,0
86,1,1993,3,JPTP,90,0
86,1,1993,3,JPTP,92,0
86,1,1993,3,JPTP,94,0
86,1,1993,3,JPTP,96,0
86,1,1993,3,JPTP,98,0
86,1,1993,3,JPTP,100,0
86,1,1993,3,JPTP,102,0
86,1,1993,3,JPTP,104,0
86,1,1993,3,JPTP,106,0
86,1,1993,3,JPTP,108,0
87,1,1994,2,JPTP,2,0
87,1,1994,2,JPTP,4,0
87,1,1994,2,JPTP,6,0
87,1,1994,2,JPTP,8,0
87,1,1994,2,JPTP,10,0
87,1,1994,2,JPTP,12,0
87,1,1994,2,JPTP,14,0
87,1,1994,2,JPTP,16,0
87,1,1994,2,JPTP,18,0
87,1,1994,2,JPTP,20,0
87,1,1994,2,JPTP,22,0
87,1,1994,2,JPTP,24,0
87,1,1994,2,JPTP,26,0
87,1,1994,2,JPTP,28,0.660511440963425
87,1,1994,2,JPTP,30,1.32102288192685
87,1,1994,2,JPTP,32,3.96306864578055
87,1,1994,2,JPTP,34,6.60511440963425
87,1,1994,2,JPTP,36,9.24716017348794
87,1,1994,2,JPTP,38,17.173297465049
87,1,1994,2,JPTP,40,42.9332436626226
87,1,1994,2,JPTP,42,42.9332436626226
87,1,1994,2,JPTP,44,38.9701750168421
87,1,1994,2,JPTP,46,21.1363661108296
87,1,1994,2,JPTP,48,13.2102288192685
87,1,1994,2,JPTP,50,15.1917631421588
87,1,1994,2,JPTP,52,17.8338089060125
87,1,1994,2,JPTP,54,15.1917631421588
87,1,1994,2,JPTP,56,7.9261372915611
87,1,1994,2,JPTP,58,9.24716017348794
87,1,1994,2,JPTP,60,7.9261372915611
87,1,1994,2,JPTP,62,7.26562585059767
87,1,1994,2,JPTP,64,3.96306864578055
87,1,1994,2,JPTP,66,2.6420457638537
87,1,1994,2,JPTP,68,2.6420457638537
87,1,1994,2,JPTP,70,0.660511440963425
87,1,1994,2,JPTP,72,0
87,1,1994,2,JPTP,74,0
87,1,1994,2,JPTP,76,0
87,1,1994,2,JPTP,78,0
87,1,1994,2,JPTP,80,0
87,1,1994,2,JPTP,82,0
87,1,1994,2,JPTP,84,0
87,1,1994,2,JPTP,86,0
87,1,1994,2,JPTP,88,0
87,1,1994,2,JPTP,90,0
87,1,1994,2,JPTP,92,0
87,1,1994,2,JPTP,94,0
87,1,1994,2,JPTP,96,0
87,1,1994,2,JPTP,98,0
87,1,1994,2,JPTP,100,0
87,1,1994,2,JPTP,102,0
87,1,1994,2,JPTP,104,0
87,1,1994,2,JPTP,106,0
87,1,1994,2,JPTP,108,0
88,1,1995,2,JPTP,2,0
88,1,1995,2,JPTP,4,0
88,1,1995,2,JPTP,6,0
88,1,1995,2,JPTP,8,0
88,1,1995,2,JPTP,10,0
88,1,1995,2,JPTP,12,0
88,1,1995,2,JPTP,14,0
88,1,1995,2,JPTP,16,0
88,1,1995,2,JPTP,18,0
88,1,1995,2,JPTP,20,0
88,1,1995,2,JPTP,22,0
88,1,1995,2,JPTP,24,0
88,1,1995,2,JPTP,26,0
88,1,1995,2,JPTP,28,0
88,1,1995,2,JPTP,30,0
88,1,1995,2,JPTP,32,1.35876639283904
88,1,1995,2,JPTP,34,0.679383196419522
88,1,1995,2,JPTP,36,0.679383196419522
88,1,1995,2,JPTP,38,2.71753278567809
88,1,1995,2,JPTP,40,7.47321516061475
88,1,1995,2,JPTP,42,10.1907479462928
88,1,1995,2,JPTP,44,7.47321516061475
88,1,1995,2,JPTP,46,6.1144487677757
88,1,1995,2,JPTP,48,2.71753278567809
88,1,1995,2,JPTP,50,1.35876639283904
88,1,1995,2,JPTP,52,2.71753278567809
88,1,1995,2,JPTP,54,2.03814958925857
88,1,1995,2,JPTP,56,1.35876639283904
88,1,1995,2,JPTP,58,0.679383196419522
88,1,1995,2,JPTP,60,0
88,1,1995,2,JPTP,62,1.35876639283904
88,1,1995,2,JPTP,64,0.679383196419522
88,1,1995,2,JPTP,66,0
88,1,1995,2,JPTP,68,0.679383196419522
88,1,1995,2,JPTP,70,1.35876639283904
88,1,1995,2,JPTP,72,0
88,1,1995,2,JPTP,74,0.679383196419522
88,1,1995,2,JPTP,76,0
88,1,1995,2,JPTP,78,0
88,1,1995,2,JPTP,80,0
88,1,1995,2,JPTP,82,0
88,1,1995,2,JPTP,84,0
88,1,1995,2,JPTP,86,0
88,1,1995,2,JPTP,88,0
88,1,1995,2,JPTP,90,0
88,1,1995,2,JPTP,92,0
88,1,1995,2,JPTP,94,0
88,1,1995,2,JPTP,96,0
88,1,1995,2,JPTP,98,0
88,1,1995,2,JPTP,100,0
88,1,1995,2,JPTP,102,0
88,1,1995,2,JPTP,104,0
88,1,1995,2,JPTP,106,0
88,1,1995,2,JPTP,108,0
89,1,1996,2,JPTP,2,0
89,1,1996,2,JPTP,4,0
89,1,1996,2,JPTP,6,0
89,1,1996,2,JPTP,8,0
89,1,1996,2,JPTP,10,0
89,1,1996,2,JPTP,12,0
89,1,1996,2,JPTP,14,0
89,1,1996,2,JPTP,16,0
89,1,1996,2,JPTP,18,0
89,1,1996,2,JPTP,20,0
89,1,1996,2,JPTP,22,0
89,1,1996,2,JPTP,24,0
89,1,1996,2,JPTP,26,0.679383196419522
89,1,1996,2,JPTP,28,0.679383196419522
89,1,1996,2,JPTP,30,0.679383196419522
89,1,1996,2,JPTP,32,1.35876639283904
89,1,1996,2,JPTP,34,0.679383196419522
89,1,1996,2,JPTP,36,4.07629917851713
89,1,1996,2,JPTP,38,6.79383196419522
89,1,1996,2,JPTP,40,11.5495143391319
89,1,1996,2,JPTP,42,12.9082807319709
89,1,1996,2,JPTP,44,8.83198155345379
89,1,1996,2,JPTP,46,6.1144487677757
89,1,1996,2,JPTP,48,6.1144487677757
89,1,1996,2,JPTP,50,5.43506557135618
89,1,1996,2,JPTP,52,4.75568237493666
89,1,1996,2,JPTP,54,2.03814958925857
89,1,1996,2,JPTP,56,3.39691598209761
89,1,1996,2,JPTP,58,0.679383196419522
89,1,1996,2,JPTP,60,2.71753278567809
89,1,1996,2,JPTP,62,1.35876639283904
89,1,1996,2,JPTP,64,1.35876639283904
89,1,1996,2,JPTP,66,0
89,1,1996,2,JPTP,68,0
89,1,1996,2,JPTP,70,0.679383196419522
89,1,1996,2,JPTP,72,0
89,1,1996,2,JPTP,74,0
89,1,1996,2,JPTP,76,0
89,1,1996,2,JPTP,78,0
89,1,1996,2,JPTP,80,0
89,1,1996,2,JPTP,82,0
89,1,1996,2,JPTP,84,0
89,1,1996,2,JPTP,86,0
89,1,1996,2,JPTP,88,0
89,1,1996,2,JPTP,90,0
89,1,1996,2,JPTP,92,0
89,1,1996,2,JPTP,94,0
89,1,1996,2,JPTP,96,0
89,1,1996,2,JPTP,98,0
89,1,1996,2,JPTP,100,0
89,1,1996,2,JPTP,102,0
89,1,1996,2,JPTP,104,0
89,1,1996,2,JPTP,106,0
89,1,1996,2,JPTP,108,0
90,1,1997,2,JPTP,2,0
90,1,1997,2,JPTP,4,0
90,1,1997,2,JPTP,6,0
90,1,1997,2,JPTP,8,0
90,1,1997,2,JPTP,10,0
90,1,1997,2,JPTP,12,0
90,1,1997,2,JPTP,14,0
90,1,1997,2,JPTP,16,0
90,1,1997,2,JPTP,18,0
90,1,1997,2,JPTP,20,0
90,1,1997,2,JPTP,22,0
90,1,1997,2,JPTP,24,0
90,1,1997,2,JPTP,26,0
90,1,1997,2,JPTP,28,0
90,1,1997,2,JPTP,30,0
90,1,1997,2,JPTP,32,2.71753278567809
90,1,1997,2,JPTP,34,1.35876639283904
90,1,1997,2,JPTP,36,1.35876639283904
90,1,1997,2,JPTP,38,2.71753278567809
90,1,1997,2,JPTP,40,7.47321516061475
90,1,1997,2,JPTP,42,12.2288975355514
90,1,1997,2,JPTP,44,10.1907479462928
90,1,1997,2,JPTP,46,0.679383196419522
90,1,1997,2,JPTP,48,5.43506557135618
90,1,1997,2,JPTP,50,3.39691598209761
90,1,1997,2,JPTP,52,2.71753278567809
90,1,1997,2,JPTP,54,2.71753278567809
90,1,1997,2,JPTP,56,2.03814958925857
90,1,1997,2,JPTP,58,0
90,1,1997,2,JPTP,60,2.03814958925857
90,1,1997,2,JPTP,62,0
90,1,1997,2,JPTP,64,0.679383196419522
90,1,1997,2,JPTP,66,0.679383196419522
90,1,1997,2,JPTP,68,0
90,1,1997,2,JPTP,70,0
90,1,1997,2,JPTP,72,0
90,1,1997,2,JPTP,74,0
90,1,1997,2,JPTP,76,0
90,1,1997,2,JPTP,78,0
90,1,1997,2,JPTP,80,0
90,1,1997,2,JPTP,82,0
90,1,1997,2,JPTP,84,0
90,1,1997,2,JPTP,86,0
90,1,1997,2,JPTP,88,0
90,1,1997,2,JPTP,90,0
90,1,1997,2,JPTP,92,0
90,1,1997,2,JPTP,94,0
90,1,1997,2,JPTP,96,0
90,1,1997,2,JPTP,98,0
90,1,1997,2,JPTP,100,0
90,1,1997,2,JPTP,102,0
90,1,1997,2,JPTP,104,0
90,1,1997,2,JPTP,106,0
90,1,1997,2,JPTP,108,0
91,1,1998,2,JPTP,2,0
91,1,1998,2,JPTP,4,0
91,1,1998,2,JPTP,6,0
91,1,1998,2,JPTP,8,0
91,1,1998,2,JPTP,10,0
91,1,1998,2,JPTP,12,0
91,1,1998,2,JPTP,14,0
91,1,1998,2,JPTP,16,0
91,1,1998,2,JPTP,18,0
91,1,1998,2,JPTP,20,0
91,1,1998,2,JPTP,22,0
91,1,1998,2,JPTP,24,0
91,1,1998,2,JPTP,26,0
91,1,1998,2,JPTP,28,0
91,1,1998,2,JPTP,30,0
91,1,1998,2,JPTP,32,0
91,1,1998,2,JPTP,34,2.03814958925857
91,1,1998,2,JPTP,36,8.83198155345379
91,1,1998,2,JPTP,38,10.8701311427124
91,1,1998,2,JPTP,40,8.83198155345379
91,1,1998,2,JPTP,42,1.35876639283904
91,1,1998,2,JPTP,44,0.679383196419522
91,1,1998,2,JPTP,46,0
91,1,1998,2,JPTP,48,0
91,1,1998,2,JPTP,50,0
91,1,1998,2,JPTP,52,0
91,1,1998,2,JPTP,54,0
91,1,1998,2,JPTP,56,0
91,1,1998,2,JPTP,58,0
91,1,1998,2,JPTP,60,0
91,1,1998,2,JPTP,62,0
91,1,1998,2,JPTP,64,0
91,1,1998,2,JPTP,66,0
91,1,1998,2,JPTP,68,0
91,1,1998,2,JPTP,70,0
91,1,1998,2,JPTP,72,0
91,1,1998,2,JPTP,74,0
91,1,1998,2,JPTP,76,0
91,1,1998,2,JPTP,78,0
91,1,1998,2,JPTP,80,0
91,1,1998,2,JPTP,82,0
91,1,1998,2,JPTP,84,0
91,1,1998,2,JPTP,86,0
91,1,1998,2,JPTP,88,0
91,1,1998,2,JPTP,90,0
91,1,1998,2,JPTP,92,0
91,1,1998,2,JPTP,94,0
91,1,1998,2,JPTP,96,0
91,1,1998,2,JPTP,98,0
91,1,1998,2,JPTP,100,0
91,1,1998,2,JPTP,102,0
91,1,1998,2,JPTP,104,0
91,1,1998,2,JPTP,106,0
91,1,1998,2,JPTP,108,0
92,1,2000,2,JPTP,2,0
92,1,2000,2,JPTP,4,0
92,1,2000,2,JPTP,6,0
92,1,2000,2,JPTP,8,0
92,1,2000,2,JPTP,10,0
92,1,2000,2,JPTP,12,0
92,1,2000,2,JPTP,14,0
92,1,2000,2,JPTP,16,0
92,1,2000,2,JPTP,18,0
92,1,2000,2,JPTP,20,0
92,1,2000,2,JPTP,22,0
92,1,2000,2,JPTP,24,0
92,1,2000,2,JPTP,26,0
92,1,2000,2,JPTP,28,0
92,1,2000,2,JPTP,30,0
92,1,2000,2,JPTP,32,0.63941947898308
92,1,2000,2,JPTP,34,0
92,1,2000,2,JPTP,36,1
92,1,2000,2,JPTP,38,3.1970973949154
92,1,2000,2,JPTP,40,5.11535583186464
92,1,2000,2,JPTP,42,28.1344570752555
92,1,2000,2,JPTP,44,57.5477531084772
92,1,2000,2,JPTP,46,43.4805245708494
92,1,2000,2,JPTP,48,15.985486974577
92,1,2000,2,JPTP,50,3.1970973949154
92,1,2000,2,JPTP,52,3.1970973949154
92,1,2000,2,JPTP,54,0
92,1,2000,2,JPTP,56,0
92,1,2000,2,JPTP,58,0
92,1,2000,2,JPTP,60,1.27883895796616
92,1,2000,2,JPTP,62,0
92,1,2000,2,JPTP,64,0
92,1,2000,2,JPTP,66,0.63941947898308
92,1,2000,2,JPTP,68,0
92,1,2000,2,JPTP,70,0
92,1,2000,2,JPTP,72,0
92,1,2000,2,JPTP,74,0
92,1,2000,2,JPTP,76,0
92,1,2000,2,JPTP,78,0
92,1,2000,2,JPTP,80,0
92,1,2000,2,JPTP,82,0
92,1,2000,2,JPTP,84,0
92,1,2000,2,JPTP,86,0
92,1,2000,2,JPTP,88,0
92,1,2000,2,JPTP,90,0
92,1,2000,2,JPTP,92,0
92,1,2000,2,JPTP,94,0
92,1,2000,2,JPTP,96,0
92,1,2000,2,JPTP,98,0
92,1,2000,2,JPTP,100,0
92,1,2000,2,JPTP,102,0
92,1,2000,2,JPTP,104,0
92,1,2000,2,JPTP,106,0
92,1,2000,2,JPTP,108,0
93,1,2000,4,JPTP,2,0
93,1,2000,4,JPTP,4,0
93,1,2000,4,JPTP,6,0
93,1,2000,4,JPTP,8,0
93,1,2000,4,JPTP,10,0
93,1,2000,4,JPTP,12,0
93,1,2000,4,JPTP,14,0
93,1,2000,4,JPTP,16,0
93,1,2000,4,JPTP,18,0
93,1,2000,4,JPTP,20,0
93,1,2000,4,JPTP,22,0
93,1,2000,4,JPTP,24,0
93,1,2000,4,JPTP,26,0
93,1,2000,4,JPTP,28,0
93,1,2000,4,JPTP,30,0.679383196419522
93,1,2000,4,JPTP,32,4.75568237493666
93,1,2000,4,JPTP,34,19.0227294997466
93,1,2000,4,JPTP,36,19.7021126961662
93,1,2000,4,JPTP,38,11.5495143391319
93,1,2000,4,JPTP,40,2.71753278567809
93,1,2000,4,JPTP,42,0
93,1,2000,4,JPTP,44,0.679383196419522
93,1,2000,4,JPTP,46,0
93,1,2000,4,JPTP,48,1
93,1,2000,4,JPTP,50,0.679383196419522
93,1,2000,4,JPTP,52,2.71753278567809
93,1,2000,4,JPTP,54,8.15259835703427
93,1,2000,4,JPTP,56,0.679383196419522
93,1,2000,4,JPTP,58,0
93,1,2000,4,JPTP,60,0
93,1,2000,4,JPTP,62,0
93,1,2000,4,JPTP,64,0
93,1,2000,4,JPTP,66,0
93,1,2000,4,JPTP,68,0
93,1,2000,4,JPTP,70,0
93,1,2000,4,JPTP,72,0
93,1,2000,4,JPTP,74,0
93,1,2000,4,JPTP,76,0
93,1,2000,4,JPTP,78,0
93,1,2000,4,JPTP,80,0
93,1,2000,4,JPTP,82,0
93,1,2000,4,JPTP,84,0
93,1,2000,4,JPTP,86,0
93,1,2000,4,JPTP,88,0
93,1,2000,4,JPTP,90,0
93,1,2000,4,JPTP,92,0
93,1,2000,4,JPTP,94,0
93,1,2000,4,JPTP,96,0
93,1,2000,4,JPTP,98,0
93,1,2000,4,JPTP,100,0
93,1,2000,4,JPTP,102,0
93,1,2000,4,JPTP,104,0
93,1,2000,4,JPTP,106,0
93,1,2000,4,JPTP,108,0
94,1,2008,2,JPTP,2,0
94,1,2008,2,JPTP,4,0
94,1,2008,2,JPTP,6,0
94,1,2008,2,JPTP,8,0
94,1,2008,2,JPTP,10,0
94,1,2008,2,JPTP,12,0
94,1,2008,2,JPTP,14,0
94,1,2008,2,JPTP,16,0
94,1,2008,2,JPTP,18,0
94,1,2008,2,JPTP,20,0
94,1,2008,2,JPTP,22,0
94,1,2008,2,JPTP,24,0
94,1,2008,2,JPTP,26,0
94,1,2008,2,JPTP,28,0
94,1,2008,2,JPTP,30,0
94,1,2008,2,JPTP,32,0
94,1,2008,2,JPTP,34,0
94,1,2008,2,JPTP,36,0
94,1,2008,2,JPTP,38,0
94,1,2008,2,JPTP,40,10.8701311427124
94,1,2008,2,JPTP,42,19.9285737616393
94,1,2008,2,JPTP,44,24.7597431584004
94,1,2008,2,JPTP,46,3.62337704757079
94,1,2008,2,JPTP,48,0
94,1,2008,2,JPTP,50,0
94,1,2008,2,JPTP,52,0
94,1,2008,2,JPTP,54,0
94,1,2008,2,JPTP,56,0
94,1,2008,2,JPTP,58,0
94,1,2008,2,JPTP,60,0
94,1,2008,2,JPTP,62,0
94,1,2008,2,JPTP,64,0
94,1,2008,2,JPTP,66,0
94,1,2008,2,JPTP,68,0
94,1,2008,2,JPTP,70,0
94,1,2008,2,JPTP,72,0
94,1,2008,2,JPTP,74,0
94,1,2008,2,JPTP,76,0
94,1,2008,2,JPTP,78,0
94,1,2008,2,JPTP,80,0
94,1,2008,2,JPTP,82,0
94,1,2008,2,JPTP,84,0
94,1,2008,2,JPTP,86,0
94,1,2008,2,JPTP,88,0
94,1,2008,2,JPTP,90,0
94,1,2008,2,JPTP,92,0
94,1,2008,2,JPTP,94,0
94,1,2008,2,JPTP,96,0
94,1,2008,2,JPTP,98,0
94,1,2008,2,JPTP,100,0
94,1,2008,2,JPTP,102,0
94,1,2008,2,JPTP,104,0
94,1,2008,2,JPTP,106,0
94,1,2008,2,JPTP,108,0
95,1,2009,3,JPTP,2,0
95,1,2009,3,JPTP,4,0
95,1,2009,3,JPTP,6,0
95,1,2009,3,JPTP,8,0
95,1,2009,3,JPTP,10,0
95,1,2009,3,JPTP,12,0
95,1,2009,3,JPTP,14,0
95,1,2009,3,JPTP,16,0
95,1,2009,3,JPTP,18,0
95,1,2009,3,JPTP,20,0
95,1,2009,3,JPTP,22,0
95,1,2009,3,JPTP,24,0
95,1,2009,3,JPTP,26,0
95,1,2009,3,JPTP,28,0
95,1,2009,3,JPTP,30,0
95,1,2009,3,JPTP,32,0.518476649899109
95,1,2009,3,JPTP,34,0.518476649899109
95,1,2009,3,JPTP,36,3.11085989939466
95,1,2009,3,JPTP,38,21.7760192957626
95,1,2009,3,JPTP,40,35.7748888430385
95,1,2009,3,JPTP,42,11.4064862977804
95,1,2009,3,JPTP,44,8.81410304828486
95,1,2009,3,JPTP,46,5.7032431488902
95,1,2009,3,JPTP,48,5.18476649899109
95,1,2009,3,JPTP,50,3.11085989939466
95,1,2009,3,JPTP,52,1.03695329979822
95,1,2009,3,JPTP,54,0.518476649899109
95,1,2009,3,JPTP,56,0
95,1,2009,3,JPTP,58,0
95,1,2009,3,JPTP,60,0
95,1,2009,3,JPTP,62,0
95,1,2009,3,JPTP,64,0
95,1,2009,3,JPTP,66,0
95,1,2009,3,JPTP,68,0
95,1,2009,3,JPTP,70,0
95,1,2009,3,JPTP,72,0
95,1,2009,3,JPTP,74,0
95,1,2009,3,JPTP,76,0
95,1,2009,3,JPTP,78,0
95,1,2009,3,JPTP,80,0
95,1,2009,3,JPTP,82,0
95,1,2009,3,JPTP,84,0
95,1,2009,3,JPTP,86,0
95,1,2009,3,JPTP,88,0
95,1,2009,3,JPTP,90,0
95,1,2009,3,JPTP,92,0
95,1,2009,3,JPTP,94,0
95,1,2009,3,JPTP,96,0
95,1,2009,3,JPTP,98,0
95,1,2009,3,JPTP,100,0
95,1,2009,3,JPTP,102,0
95,1,2009,3,JPTP,104,0
95,1,2009,3,JPTP,106,0
95,1,2009,3,JPTP,108,0
96,1,2010,2,JPTP,2,0
96,1,2010,2,JPTP,4,0
96,1,2010,2,JPTP,6,0
96,1,2010,2,JPTP,8,0
96,1,2010,2,JPTP,10,0
96,1,2010,2,JPTP,12,0
96,1,2010,2,JPTP,14,0
96,1,2010,2,JPTP,16,0
96,1,2010,2,JPTP,18,0
96,1,2010,2,JPTP,20,0
96,1,2010,2,JPTP,22,0
96,1,2010,2,JPTP,24,0
96,1,2010,2,JPTP,26,0
96,1,2010,2,JPTP,28,0
96,1,2010,2,JPTP,30,0
96,1,2010,2,JPTP,32,0
96,1,2010,2,JPTP,34,0
96,1,2010,2,JPTP,36,0
96,1,2010,2,JPTP,38,0
96,1,2010,2,JPTP,40,29.128554546487
96,1,2010,2,JPTP,42,73.7130768115182
96,1,2010,2,JPTP,44,52.3125061243032
96,1,2010,2,JPTP,46,9.51136474987332
96,1,2010,2,JPTP,48,0
96,1,2010,2,JPTP,50,0
96,1,2010,2,JPTP,52,0
96,1,2010,2,JPTP,54,0
96,1,2010,2,JPTP,56,0
96,1,2010,2,JPTP,58,0
96,1,2010,2,JPTP,60,0
96,1,2010,2,JPTP,62,0
96,1,2010,2,JPTP,64,0
96,1,2010,2,JPTP,66,0
96,1,2010,2,JPTP,68,0
96,1,2010,2,JPTP,70,0
96,1,2010,2,JPTP,72,0
96,1,2010,2,JPTP,74,0
96,1,2010,2,JPTP,76,0
96,1,2010,2,JPTP,78,0
96,1,2010,2,JPTP,80,0
96,1,2010,2,JPTP,82,0
96,1,2010,2,JPTP,84,0
96,1,2010,2,JPTP,86,0
96,1,2010,2,JPTP,88,0
96,1,2010,2,JPTP,90,0
96,1,2010,2,JPTP,92,0
96,1,2010,2,JPTP,94,0
96,1,2010,2,JPTP,96,0
96,1,2010,2,JPTP,98,0
96,1,2010,2,JPTP,100,0
96,1,2010,2,JPTP,102,0
96,1,2010,2,JPTP,104,0
96,1,2010,2,JPTP,106,0
96,1,2010,2,JPTP,108,0
97,1,2011,2,JPTP,2,0
97,1,2011,2,JPTP,4,0
97,1,2011,2,JPTP,6,0
97,1,2011,2,JPTP,8,0
97,1,2011,2,JPTP,10,0
97,1,2011,2,JPTP,12,0
97,1,2011,2,JPTP,14,0
97,1,2011,2,JPTP,16,0
97,1,2011,2,JPTP,18,0
97,1,2011,2,JPTP,20,0
97,1,2011,2,JPTP,22,0
97,1,2011,2,JPTP,24,0
97,1,2011,2,JPTP,26,0
97,1,2011,2,JPTP,28,0
97,1,2011,2,JPTP,30,0
97,1,2011,2,JPTP,32,0
97,1,2011,2,JPTP,34,0
97,1,2011,2,JPTP,36,0
97,1,2011,2,JPTP,38,0
97,1,2011,2,JPTP,40,0
97,1,2011,2,JPTP,42,8.99183642319956
97,1,2011,2,JPTP,44,17.9836728463991
97,1,2011,2,JPTP,46,19.782040131039
97,1,2011,2,JPTP,48,11.9891152309328
97,1,2011,2,JPTP,50,5.39510185391974
97,1,2011,2,JPTP,52,0.599455761546637
97,1,2011,2,JPTP,54,0
97,1,2011,2,JPTP,56,0
97,1,2011,2,JPTP,58,0
97,1,2011,2,JPTP,60,0
97,1,2011,2,JPTP,62,0
97,1,2011,2,JPTP,64,0
97,1,2011,2,JPTP,66,0
97,1,2011,2,JPTP,68,0
97,1,2011,2,JPTP,70,0
97,1,2011,2,JPTP,72,0
97,1,2011,2,JPTP,74,0
97,1,2011,2,JPTP,76,0
97,1,2011,2,JPTP,78,0
97,1,2011,2,JPTP,80,0
97,1,2011,2,JPTP,82,0
97,1,2011,2,JPTP,84,0
97,1,2011,2,JPTP,86,0
97,1,2011,2,JPTP,88,0
97,1,2011,2,JPTP,90,0
97,1,2011,2,JPTP,92,0
97,1,2011,2,JPTP,94,0
97,1,2011,2,JPTP,96,0
97,1,2011,2,JPTP,98,0
97,1,2011,2,JPTP,100,0
97,1,2011,2,JPTP,102,0
97,1,2011,2,JPTP,104,0
97,1,2011,2,JPTP,106,0
97,1,2011,2,JPTP,108,0
98,1,2012,2,JPTP,2,0
98,1,2012,2,JPTP,4,0
98,1,2012,2,JPTP,6,0
98,1,2012,2,JPTP,8,0
98,1,2012,2,JPTP,10,0
98,1,2012,2,JPTP,12,0
98,1,2012,2,JPTP,14,0
98,1,2012,2,JPTP,16,0
98,1,2012,2,JPTP,18,0
98,1,2012,2,JPTP,20,0
98,1,2012,2,JPTP,22,0
98,1,2012,2,JPTP,24,0
98,1,2012,2,JPTP,26,0
98,1,2012,2,JPTP,28,0
98,1,2012,2,JPTP,30,0
98,1,2012,2,JPTP,32,0
98,1,2012,2,JPTP,34,0
98,1,2012,2,JPTP,36,0
98,1,2012,2,JPTP,38,0.566152663682935
98,1,2012,2,JPTP,40,0
98,1,2012,2,JPTP,42,3.96306864578055
98,1,2012,2,JPTP,44,20.3814958925857
98,1,2012,2,JPTP,46,23.7784118746833
98,1,2012,2,JPTP,48,5.09537397314642
98,1,2012,2,JPTP,50,0
98,1,2012,2,JPTP,52,2
98,1,2012,2,JPTP,54,0
98,1,2012,2,JPTP,56,0
98,1,2012,2,JPTP,58,0
98,1,2012,2,JPTP,60,0
98,1,2012,2,JPTP,62,0
98,1,2012,2,JPTP,64,0
98,1,2012,2,JPTP,66,0
98,1,2012,2,JPTP,68,0
98,1,2012,2,JPTP,70,0
98,1,2012,2,JPTP,72,0
98,1,2012,2,JPTP,74,0
98,1,2012,2,JPTP,76,0
98,1,2012,2,JPTP,78,0
98,1,2012,2,JPTP,80,0
98,1,2012,2,JPTP,82,0
98,1,2012,2,JPTP,84,0
98,1,2012,2,JPTP,86,0
98,1,2012,2,JPTP,88,0
98,1,2012,2,JPTP,90,0
98,1,2012,2,JPTP,92,0
98,1,2012,2,JPTP,94,0
98,1,2012,2,JPTP,96,0
98,1,2012,2,JPTP,98,0
98,1,2012,2,JPTP,100,0
98,1,2012,2,JPTP,102,0
98,1,2012,2,JPTP,104,0
98,1,2012,2,JPTP,106,0
98,1,2012,2,JPTP,108,0
99,1,2013,2,JPTP,2,0
99,1,2013,2,JPTP,4,0
99,1,2013,2,JPTP,6,0
99,1,2013,2,JPTP,8,0
99,1,2013,2,JPTP,10,0
99,1,2013,2,JPTP,12,0
99,1,2013,2,JPTP,14,0
99,1,2013,2,JPTP,16,0
99,1,2013,2,JPTP,18,0
99,1,2013,2,JPTP,20,0
99,1,2013,2,JPTP,22,0
99,1,2013,2,JPTP,24,0
99,1,2013,2,JPTP,26,0
99,1,2013,2,JPTP,28,0
99,1,2013,2,JPTP,30,0
99,1,2013,2,JPTP,32,0
99,1,2013,2,JPTP,34,0
99,1,2013,2,JPTP,36,0
99,1,2013,2,JPTP,38,0.566152663682935
99,1,2013,2,JPTP,40,4.52922130946348
99,1,2013,2,JPTP,42,1
99,1,2013,2,JPTP,44,20.9476485562686
99,1,2013,2,JPTP,46,14.7199692557563
99,1,2013,2,JPTP,48,16.4184272468051
99,1,2013,2,JPTP,50,7.9261372915611
99,1,2013,2,JPTP,52,0.566152663682935
99,1,2013,2,JPTP,54,1
99,1,2013,2,JPTP,56,0
99,1,2013,2,JPTP,58,0
99,1,2013,2,JPTP,60,0
99,1,2013,2,JPTP,62,0
99,1,2013,2,JPTP,64,0
99,1,2013,2,JPTP,66,0
99,1,2013,2,JPTP,68,0
99,1,2013,2,JPTP,70,0
99,1,2013,2,JPTP,72,0
99,1,2013,2,JPTP,74,0
99,1,2013,2,JPTP,76,0
99,1,2013,2,JPTP,78,0
99,1,2013,2,JPTP,80,0
99,1,2013,2,JPTP,82,0
99,1,2013,2,JPTP,84,0
99,1,2013,2,JPTP,86,0
99,1,2013,2,JPTP,88,0
99,1,2013,2,JPTP,90,0
99,1,2013,2,JPTP,92,0
99,1,2013,2,JPTP,94,0
99,1,2013,2,JPTP,96,0
99,1,2013,2,JPTP,98,0
99,1,2013,2,JPTP,100,0
99,1,2013,2,JPTP,102,0
99,1,2013,2,JPTP,104,0
99,1,2013,2,JPTP,106,0
99,1,2013,2,JPTP,108,0
100,1,2016,3,JPTP,2,0
100,1,2016,3,JPTP,4,0
100,1,2016,3,JPTP,6,0
100,1,2016,3,JPTP,8,0
100,1,2016,3,JPTP,10,0
100,1,2016,3,JPTP,12,0
100,1,2016,3,JPTP,14,0
100,1,2016,3,JPTP,16,0
100,1,2016,3,JPTP,18,0
100,1,2016,3,JPTP,20,0
100,1,2016,3,JPTP,22,0
100,1,2016,3,JPTP,24,0
100,1,2016,3,JPTP,26,2.03814958925857
100,1,2016,3,JPTP,28,12.2288975355514
100,1,2016,3,JPTP,30,26.4959446603614
100,1,2016,3,JPTP,32,31.251627035298
100,1,2016,3,JPTP,34,49.5949733386251
100,1,2016,3,JPTP,36,39.4042253923323
100,1,2016,3,JPTP,38,21.0608790890052
100,1,2016,3,JPTP,40,11.5495143391319
100,1,2016,3,JPTP,42,7.47321516061475
100,1,2016,3,JPTP,44,4.75568237493666
100,1,2016,3,JPTP,46,9.51136474987332
100,1,2016,3,JPTP,48,0
100,1,2016,3,JPTP,50,1.35876639283904
100,1,2016,3,JPTP,52,0
100,1,2016,3,JPTP,54,0
100,1,2016,3,JPTP,56,0
100,1,2016,3,JPTP,58,0
100,1,2016,3,JPTP,60,0
100,1,2016,3,JPTP,62,0
100,1,2016,3,JPTP,64,0
100,1,2016,3,JPTP,66,0
100,1,2016,3,JPTP,68,0
100,1,2016,3,JPTP,70,0
100,1,2016,3,JPTP,72,0
100,1,2016,3,JPTP,74,0
100,1,2016,3,JPTP,76,0
100,1,2016,3,JPTP,78,0
100,1,2016,3,JPTP,80,0
100,1,2016,3,JPTP,82,0
100,1,2016,3,JPTP,84,0
100,1,2016,3,JPTP,86,0
100,1,2016,3,JPTP,88,0
100,1,2016,3,JPTP,90,0
100,1,2016,3,JPTP,92,0
100,1,2016,3,JPTP,94,0
100,1,2016,3,JPTP,96,0
100,1,2016,3,JPTP,98,0
100,1,2016,3,JPTP,100,0
100,1,2016,3,JPTP,102,0
100,1,2016,3,JPTP,104,0
100,1,2016,3,JPTP,106,0
100,1,2016,3,JPTP,108,0
101,1,2016,4,JPTP,2,0
101,1,2016,4,JPTP,4,0
101,1,2016,4,JPTP,6,0
101,1,2016,4,JPTP,8,0
101,1,2016,4,JPTP,10,0
101,1,2016,4,JPTP,12,0
101,1,2016,4,JPTP,14,0
101,1,2016,4,JPTP,16,0
101,1,2016,4,JPTP,18,0
101,1,2016,4,JPTP,20,0
101,1,2016,4,JPTP,22,0
101,1,2016,4,JPTP,24,0
101,1,2016,4,JPTP,26,0
101,1,2016,4,JPTP,28,0
101,1,2016,4,JPTP,30,0
101,1,2016,4,JPTP,32,3.39691598209761
101,1,2016,4,JPTP,34,4.07629917851713
101,1,2016,4,JPTP,36,6.1144487677757
101,1,2016,4,JPTP,38,3.39691598209761
101,1,2016,4,JPTP,40,4.75568237493666
101,1,2016,4,JPTP,42,4.75568237493666
101,1,2016,4,JPTP,44,2.71753278567809
101,1,2016,4,JPTP,46,0
101,1,2016,4,JPTP,48,0.679383196419522
101,1,2016,4,JPTP,50,2.03814958925857
101,1,2016,4,JPTP,52,0.679383196419522
101,1,2016,4,JPTP,54,0.679383196419522
101,1,2016,4,JPTP,56,0
101,1,2016,4,JPTP,58,0
101,1,2016,4,JPTP,60,0
101,1,2016,4,JPTP,62,0
101,1,2016,4,JPTP,64,0
101,1,2016,4,JPTP,66,0
101,1,2016,4,JPTP,68,0
101,1,2016,4,JPTP,70,0
101,1,2016,4,JPTP,72,0
101,1,2016,4,JPTP,74,0
101,1,2016,4,JPTP,76,0
101,1,2016,4,JPTP,78,0
101,1,2016,4,JPTP,80,0
101,1,2016,4,JPTP,82,0
101,1,2016,4,JPTP,84,0
101,1,2016,4,JPTP,86,0
101,1,2016,4,JPTP,88,0
101,1,2016,4,JPTP,90,0
101,1,2016,4,JPTP,92,0
101,1,2016,4,JPTP,94,0
101,1,2016,4,JPTP,96,0
101,1,2016,4,JPTP,98,0
101,1,2016,4,JPTP,100,0
101,1,2016,4,JPTP,102,0
101,1,2016,4,JPTP,104,0
101,1,2016,4,JPTP,106,0
101,1,2016,4,JPTP,108,0
102,1,2017,2,JPTP,2,0
102,1,2017,2,JPTP,4,0
102,1,2017,2,JPTP,6,0
102,1,2017,2,JPTP,8,0
102,1,2017,2,JPTP,10,0
102,1,2017,2,JPTP,12,0
102,1,2017,2,JPTP,14,0
102,1,2017,2,JPTP,16,0
102,1,2017,2,JPTP,18,0
102,1,2017,2,JPTP,20,0
102,1,2017,2,JPTP,22,0
102,1,2017,2,JPTP,24,0
102,1,2017,2,JPTP,26,0
102,1,2017,2,JPTP,28,0
102,1,2017,2,JPTP,30,0
102,1,2017,2,JPTP,32,0
102,1,2017,2,JPTP,34,1.91076523992991
102,1,2017,2,JPTP,36,1.2738434932866
102,1,2017,2,JPTP,38,0.636921746643302
102,1,2017,2,JPTP,40,10.8276696929361
102,1,2017,2,JPTP,42,48.406052744891
102,1,2017,2,JPTP,44,42.036835278458
102,1,2017,2,JPTP,46,16.5599654127259
102,1,2017,2,JPTP,48,14.649200172796
102,1,2017,2,JPTP,50,8.91690445300623
102,1,2017,2,JPTP,52,5.73229571978972
102,1,2017,2,JPTP,54,2.54768698657321
102,1,2017,2,JPTP,56,0.636921746643302
102,1,2017,2,JPTP,58,0
102,1,2017,2,JPTP,60,0
102,1,2017,2,JPTP,62,0
102,1,2017,2,JPTP,64,0
102,1,2017,2,JPTP,66,0
102,1,2017,2,JPTP,68,0
102,1,2017,2,JPTP,70,0
102,1,2017,2,JPTP,72,0
102,1,2017,2,JPTP,74,0
102,1,2017,2,JPTP,76,0
102,1,2017,2,JPTP,78,0
102,1,2017,2,JPTP,80,0
102,1,2017,2,JPTP,82,0
102,1,2017,2,JPTP,84,0
102,1,2017,2,JPTP,86,0
102,1,2017,2,JPTP,88,0
102,1,2017,2,JPTP,90,0
102,1,2017,2,JPTP,92,0
102,1,2017,2,JPTP,94,0
102,1,2017,2,JPTP,96,0
102,1,2017,2,JPTP,98,0
102,1,2017,2,JPTP,100,0
102,1,2017,2,JPTP,102,0
102,1,2017,2,JPTP,104,0
102,1,2017,2,JPTP,106,0
102,1,2017,2,JPTP,108,0
103,1,2017,3,JPTP,2,0
103,1,2017,3,JPTP,4,0
103,1,2017,3,JPTP,6,0
103,1,2017,3,JPTP,8,0
103,1,2017,3,JPTP,10,0
103,1,2017,3,JPTP,12,0
103,1,2017,3,JPTP,14,0
103,1,2017,3,JPTP,16,0
103,1,2017,3,JPTP,18,0
103,1,2017,3,JPTP,20,0
103,1,2017,3,JPTP,22,0
103,1,2017,3,JPTP,24,0
103,1,2017,3,JPTP,26,0
103,1,2017,3,JPTP,28,0
103,1,2017,3,JPTP,30,0
103,1,2017,3,JPTP,32,5.43506557135618
103,1,2017,3,JPTP,34,6.79383196419522
103,1,2017,3,JPTP,36,12.2288975355514
103,1,2017,3,JPTP,38,7.47321516061475
103,1,2017,3,JPTP,40,4.07629917851713
103,1,2017,3,JPTP,42,0.679383196419522
103,1,2017,3,JPTP,44,0.679383196419522
103,1,2017,3,JPTP,46,0.679383196419522
103,1,2017,3,JPTP,48,0.679383196419522
103,1,2017,3,JPTP,50,0.679383196419522
103,1,2017,3,JPTP,52,0
103,1,2017,3,JPTP,54,0
103,1,2017,3,JPTP,56,0
103,1,2017,3,JPTP,58,0
103,1,2017,3,JPTP,60,0
103,1,2017,3,JPTP,62,0
103,1,2017,3,JPTP,64,0
103,1,2017,3,JPTP,66,0
103,1,2017,3,JPTP,68,0
103,1,2017,3,JPTP,70,0
103,1,2017,3,JPTP,72,0
103,1,2017,3,JPTP,74,0
103,1,2017,3,JPTP,76,0
103,1,2017,3,JPTP,78,0
103,1,2017,3,JPTP,80,0
103,1,2017,3,JPTP,82,0
103,1,2017,3,JPTP,84,0
103,1,2017,3,JPTP,86,0
103,1,2017,3,JPTP,88,0
103,1,2017,3,JPTP,90,0
103,1,2017,3,JPTP,92,0
103,1,2017,3,JPTP,94,0
103,1,2017,3,JPTP,96,0
103,1,2017,3,JPTP,98,0
103,1,2017,3,JPTP,100,0
103,1,2017,3,JPTP,102,0
103,1,2017,3,JPTP,104,0
103,1,2017,3,JPTP,106,0
103,1,2017,3,JPTP,108,0
104,1,2019,2,JPTP,2,0
104,1,2019,2,JPTP,4,0
104,1,2019,2,JPTP,6,0
104,1,2019,2,JPTP,8,0
104,1,2019,2,JPTP,10,0
104,1,2019,2,JPTP,12,0
104,1,2019,2,JPTP,14,0
104,1,2019,2,JPTP,16,0
104,1,2019,2,JPTP,18,0
104,1,2019,2,JPTP,20,0
104,1,2019,2,JPTP,22,0
104,1,2019,2,JPTP,24,0
104,1,2019,2,JPTP,26,0
104,1,2019,2,JPTP,28,0
104,1,2019,2,JPTP,30,0
104,1,2019,2,JPTP,32,0
104,1,2019,2,JPTP,34,0
104,1,2019,2,JPTP,36,0
104,1,2019,2,JPTP,38,0
104,1,2019,2,JPTP,40,0
104,1,2019,2,JPTP,42,0.632529182873348
104,1,2019,2,JPTP,44,2.53011673149339
104,1,2019,2,JPTP,46,8.22287937735353
104,1,2019,2,JPTP,48,6.32529182873348
104,1,2019,2,JPTP,50,13.2831128403403
104,1,2019,2,JPTP,52,3.16264591436674
104,1,2019,2,JPTP,54,3.16264591436674
104,1,2019,2,JPTP,56,3.16264591436674
104,1,2019,2,JPTP,58,0.632529182873348
104,1,2019,2,JPTP,60,1.2650583657467
104,1,2019,2,JPTP,62,1
104,1,2019,2,JPTP,64,1
104,1,2019,2,JPTP,66,0
104,1,2019,2,JPTP,68,2
104,1,2019,2,JPTP,70,1.2650583657467
104,1,2019,2,JPTP,72,0
104,1,2019,2,JPTP,74,0
104,1,2019,2,JPTP,76,0
104,1,2019,2,JPTP,78,0
104,1,2019,2,JPTP,80,0
104,1,2019,2,JPTP,82,0
104,1,2019,2,JPTP,84,0
104,1,2019,2,JPTP,86,0
104,1,2019,2,JPTP,88,0
104,1,2019,2,JPTP,90,0
104,1,2019,2,JPTP,92,0
104,1,2019,2,JPTP,94,0
104,1,2019,2,JPTP,96,0
104,1,2019,2,JPTP,98,0
104,1,2019,2,JPTP,100,0
104,1,2019,2,JPTP,102,0
104,1,2019,2,JPTP,104,0
104,1,2019,2,JPTP,106,0
104,1,2019,2,JPTP,108,0
105,1,2020,3,JPTP,2,0
105,1,2020,3,JPTP,4,0
105,1,2020,3,JPTP,6,0
105,1,2020,3,JPTP,8,0
105,1,2020,3,JPTP,10,0
105,1,2020,3,JPTP,12,0
105,1,2020,3,JPTP,14,0
105,1,2020,3,JPTP,16,0
105,1,2020,3,JPTP,18,0
105,1,2020,3,JPTP,20,0
105,1,2020,3,JPTP,22,0
105,1,2020,3,JPTP,24,0
105,1,2020,3,JPTP,26,0
105,1,2020,3,JPTP,28,0
105,1,2020,3,JPTP,30,0
105,1,2020,3,JPTP,32,2.03814958925857
105,1,2020,3,JPTP,34,0
105,1,2020,3,JPTP,36,1.35876639283904
105,1,2020,3,JPTP,38,2.03814958925857
105,1,2020,3,JPTP,40,4.75568237493666
105,1,2020,3,JPTP,42,4.75568237493666
105,1,2020,3,JPTP,44,4.75568237493666
105,1,2020,3,JPTP,46,4.07629917851713
105,1,2020,3,JPTP,48,4.75568237493666
105,1,2020,3,JPTP,50,4.07629917851713
105,1,2020,3,JPTP,52,5.43506557135618
105,1,2020,3,JPTP,54,1.35876639283904
105,1,2020,3,JPTP,56,0
105,1,2020,3,JPTP,58,0.679383196419522
105,1,2020,3,JPTP,60,0
105,1,2020,3,JPTP,62,0
105,1,2020,3,JPTP,64,0
105,1,2020,3,JPTP,66,0
105,1,2020,3,JPTP,68,0
105,1,2020,3,JPTP,70,0
105,1,2020,3,JPTP,72,0
105,1,2020,3,JPTP,74,0
105,1,2020,3,JPTP,76,0
105,1,2020,3,JPTP,78,0
105,1,2020,3,JPTP,80,0
105,1,2020,3,JPTP,82,0
105,1,2020,3,JPTP,84,0
105,1,2020,3,JPTP,86,0
105,1,2020,3,JPTP,88,0
105,1,2020,3,JPTP,90,0
105,1,2020,3,JPTP,92,0
105,1,2020,3,JPTP,94,0
105,1,2020,3,JPTP,96,0
105,1,2020,3,JPTP,98,0
105,1,2020,3,JPTP,100,0
105,1,2020,3,JPTP,102,0
105,1,2020,3,JPTP,104,0
105,1,2020,3,JPTP,106,0
105,1,2020,3,JPTP,108,0
106,1,2021,1,JPTP,2,0
106,1,2021,1,JPTP,4,0
106,1,2021,1,JPTP,6,0
106,1,2021,1,JPTP,8,0
106,1,2021,1,JPTP,10,0
106,1,2021,1,JPTP,12,0
106,1,2021,1,JPTP,14,0
106,1,2021,1,JPTP,16,0
106,1,2021,1,JPTP,18,0
106,1,2021,1,JPTP,20,0
106,1,2021,1,JPTP,22,0
106,1,2021,1,JPTP,24,0
106,1,2021,1,JPTP,26,0
106,1,2021,1,JPTP,28,0
106,1,2021,1,JPTP,30,0
106,1,2021,1,JPTP,32,0
106,1,2021,1,JPTP,34,0
106,1,2021,1,JPTP,36,0
106,1,2021,1,JPTP,38,0
106,1,2021,1,JPTP,40,5.88798770230253
106,1,2021,1,JPTP,42,11.3230532736587
106,1,2021,1,JPTP,44,10.8701311427124
106,1,2021,1,JPTP,46,6.34090983324888
106,1,2021,1,JPTP,48,1.81168852378539
106,1,2021,1,JPTP,50,0
106,1,2021,1,JPTP,52,0
106,1,2021,1,JPTP,54,0
106,1,2021,1,JPTP,56,0
106,1,2021,1,JPTP,58,0
106,1,2021,1,JPTP,60,0
106,1,2021,1,JPTP,62,0
106,1,2021,1,JPTP,64,0
106,1,2021,1,JPTP,66,0
106,1,2021,1,JPTP,68,0
106,1,2021,1,JPTP,70,0
106,1,2021,1,JPTP,72,0
106,1,2021,1,JPTP,74,0
106,1,2021,1,JPTP,76,0
106,1,2021,1,JPTP,78,0
106,1,2021,1,JPTP,80,0
106,1,2021,1,JPTP,82,0
106,1,2021,1,JPTP,84,0
106,1,2021,1,JPTP,86,0
106,1,2021,1,JPTP,88,0
106,1,2021,1,JPTP,90,0
106,1,2021,1,JPTP,92,0
106,1,2021,1,JPTP,94,0
106,1,2021,1,JPTP,96,0
106,1,2021,1,JPTP,98,0
106,1,2021,1,JPTP,100,0
106,1,2021,1,JPTP,102,0
106,1,2021,1,JPTP,104,0
106,1,2021,1,JPTP,106,0
106,1,2021,1,JPTP,108,0
107,1,2021,2,JPTP,2,0
107,1,2021,2,JPTP,4,0
107,1,2021,2,JPTP,6,0
107,1,2021,2,JPTP,8,0
107,1,2021,2,JPTP,10,0
107,1,2021,2,JPTP,12,0
107,1,2021,2,JPTP,14,0
107,1,2021,2,JPTP,16,0
107,1,2021,2,JPTP,18,0
107,1,2021,2,JPTP,20,0
107,1,2021,2,JPTP,22,0
107,1,2021,2,JPTP,24,0
107,1,2021,2,JPTP,26,0
107,1,2021,2,JPTP,28,0
107,1,2021,2,JPTP,30,0
107,1,2021,2,JPTP,32,0
107,1,2021,2,JPTP,34,0
107,1,2021,2,JPTP,36,0
107,1,2021,2,JPTP,38,0
107,1,2021,2,JPTP,40,0.549976873291994
107,1,2021,2,JPTP,42,4.39981498633596
107,1,2021,2,JPTP,44,7.69967622608792
107,1,2021,2,JPTP,46,15.9493293254678
107,1,2021,2,JPTP,48,15.3993524521758
107,1,2021,2,JPTP,50,15.3993524521758
107,1,2021,2,JPTP,52,4.39981498633596
107,1,2021,2,JPTP,54,2.74988436645997
107,1,2021,2,JPTP,56,1.09995374658399
107,1,2021,2,JPTP,58,1.09995374658399
107,1,2021,2,JPTP,60,0.549976873291994
107,1,2021,2,JPTP,62,0
107,1,2021,2,JPTP,64,0
107,1,2021,2,JPTP,66,0
107,1,2021,2,JPTP,68,0
107,1,2021,2,JPTP,70,0
107,1,2021,2,JPTP,72,0
107,1,2021,2,JPTP,74,0
107,1,2021,2,JPTP,76,0
107,1,2021,2,JPTP,78,0
107,1,2021,2,JPTP,80,0
107,1,2021,2,JPTP,82,0
107,1,2021,2,JPTP,84,0
107,1,2021,2,JPTP,86,0
107,1,2021,2,JPTP,88,0
107,1,2021,2,JPTP,90,0
107,1,2021,2,JPTP,92,0
107,1,2021,2,JPTP,94,0
107,1,2021,2,JPTP,96,0
107,1,2021,2,JPTP,98,0
107,1,2021,2,JPTP,100,0
107,1,2021,2,JPTP,102,0
107,1,2021,2,JPTP,104,0
107,1,2021,2,JPTP,106,0
107,1,2021,2,JPTP,108,0
108,1,2021,3,JPTP,2,0
108,1,2021,3,JPTP,4,0
108,1,2021,3,JPTP,6,0
108,1,2021,3,JPTP,8,0
108,1,2021,3,JPTP,10,0
108,1,2021,3,JPTP,12,0
108,1,2021,3,JPTP,14,0
108,1,2021,3,JPTP,16,0
108,1,2021,3,JPTP,18,0
108,1,2021,3,JPTP,20,0
108,1,2021,3,JPTP,22,0
108,1,2021,3,JPTP,24,0
108,1,2021,3,JPTP,26,0
108,1,2021,3,JPTP,28,0
108,1,2021,3,JPTP,30,0
108,1,2021,3,JPTP,32,0
108,1,2021,3,JPTP,34,0
108,1,2021,3,JPTP,36,0
108,1,2021,3,JPTP,38,0
108,1,2021,3,JPTP,40,0
108,1,2021,3,JPTP,42,0
108,1,2021,3,JPTP,44,0
108,1,2021,3,JPTP,46,1.35876639283904
108,1,2021,3,JPTP,48,4.75568237493666
108,1,2021,3,JPTP,50,5.43506557135618
108,1,2021,3,JPTP,52,10.8701311427124
108,1,2021,3,JPTP,54,8.15259835703427
108,1,2021,3,JPTP,56,0.679383196419522
108,1,2021,3,JPTP,58,0
108,1,2021,3,JPTP,60,0
108,1,2021,3,JPTP,62,0
108,1,2021,3,JPTP,64,0
108,1,2021,3,JPTP,66,0
108,1,2021,3,JPTP,68,0
108,1,2021,3,JPTP,70,0
108,1,2021,3,JPTP,72,0
108,1,2021,3,JPTP,74,0
108,1,2021,3,JPTP,76,0
108,1,2021,3,JPTP,78,0
108,1,2021,3,JPTP,80,0
108,1,2021,3,JPTP,82,0
108,1,2021,3,JPTP,84,0
108,1,2021,3,JPTP,86,0
108,1,2021,3,JPTP,88,0
108,1,2021,3,JPTP,90,0
108,1,2021,3,JPTP,92,0
108,1,2021,3,JPTP,94,0
108,1,2021,3,JPTP,96,0
108,1,2021,3,JPTP,98,0
108,1,2021,3,JPTP,100,0
108,1,2021,3,JPTP,102,0
108,1,2021,3,JPTP,104,0
108,1,2021,3,JPTP,106,0
108,1,2021,3,JPTP,108,0
109,1,2022,2,JPTP,2,0
109,1,2022,2,JPTP,4,0
109,1,2022,2,JPTP,6,0
109,1,2022,2,JPTP,8,0
109,1,2022,2,JPTP,10,0
109,1,2022,2,JPTP,12,0
109,1,2022,2,JPTP,14,0
109,1,2022,2,JPTP,16,0
109,1,2022,2,JPTP,18,0
109,1,2022,2,JPTP,20,0
109,1,2022,2,JPTP,22,0
109,1,2022,2,JPTP,24,0
109,1,2022,2,JPTP,26,0
109,1,2022,2,JPTP,28,0
109,1,2022,2,JPTP,30,0
109,1,2022,2,JPTP,32,0
109,1,2022,2,JPTP,34,0
109,1,2022,2,JPTP,36,0
109,1,2022,2,JPTP,38,0
109,1,2022,2,JPTP,40,0
109,1,2022,2,JPTP,42,0.588798770230253
109,1,2022,2,JPTP,44,1
109,1,2022,2,JPTP,46,1
109,1,2022,2,JPTP,48,1.17759754046051
109,1,2022,2,JPTP,50,0.588798770230253
109,1,2022,2,JPTP,52,1.17759754046051
109,1,2022,2,JPTP,54,8.83198155345379
109,1,2022,2,JPTP,56,12.9535729450656
109,1,2022,2,JPTP,58,4.71039016184202
109,1,2022,2,JPTP,60,1.17759754046051
109,1,2022,2,JPTP,62,0
109,1,2022,2,JPTP,64,0
109,1,2022,2,JPTP,66,0
109,1,2022,2,JPTP,68,0
109,1,2022,2,JPTP,70,0
109,1,2022,2,JPTP,72,0
109,1,2022,2,JPTP,74,0
109,1,2022,2,JPTP,76,0
109,1,2022,2,JPTP,78,0
109,1,2022,2,JPTP,80,0
109,1,2022,2,JPTP,82,0
109,1,2022,2,JPTP,84,0
109,1,2022,2,JPTP,86,0
109,1,2022,2,JPTP,88,0
109,1,2022,2,JPTP,90,0
109,1,2022,2,JPTP,92,0
109,1,2022,2,JPTP,94,0
109,1,2022,2,JPTP,96,0
109,1,2022,2,JPTP,98,0
109,1,2022,2,JPTP,100,0
109,1,2022,2,JPTP,102,0
109,1,2022,2,JPTP,104,0
109,1,2022,2,JPTP,106,0
109,1,2022,2,JPTP,108,0
110,2,1989,3,JPTP,2,0
110,2,1989,3,JPTP,4,0
110,2,1989,3,JPTP,6,0
110,2,1989,3,JPTP,8,0
110,2,1989,3,JPTP,10,0
110,2,1989,3,JPTP,12,0
110,2,1989,3,JPTP,14,0
110,2,1989,3,JPTP,16,0
110,2,1989,3,JPTP,18,0
110,2,1989,3,JPTP,20,0
110,2,1989,3,JPTP,22,0
110,2,1989,3,JPTP,24,0
110,2,1989,3,JPTP,26,0
110,2,1989,3,JPTP,28,0
110,2,1989,3,JPTP,30,1.35876639283904
110,2,1989,3,JPTP,32,2.03814958925857
110,2,1989,3,JPTP,34,4.07629917851713
110,2,1989,3,JPTP,36,4.07629917851713
110,2,1989,3,JPTP,38,12.2288975355514
110,2,1989,3,JPTP,40,16.9845799104881
110,2,1989,3,JPTP,42,25.8165614639419
110,2,1989,3,JPTP,44,25.1371782675223
110,2,1989,3,JPTP,46,10.8701311427124
110,2,1989,3,JPTP,48,6.1144487677757
110,2,1989,3,JPTP,50,8.15259835703427
110,2,1989,3,JPTP,52,6.79383196419522
110,2,1989,3,JPTP,54,9.51136474987332
110,2,1989,3,JPTP,56,4.07629917851713
110,2,1989,3,JPTP,58,2.71753278567809
110,2,1989,3,JPTP,60,5.43506557135618
110,2,1989,3,JPTP,62,2.71753278567809
110,2,1989,3,JPTP,64,2.71753278567809
110,2,1989,3,JPTP,66,0
110,2,1989,3,JPTP,68,0
110,2,1989,3,JPTP,70,0.679383196419522
110,2,1989,3,JPTP,72,1.35876639283904
110,2,1989,3,JPTP,74,1.35876639283904
110,2,1989,3,JPTP,76,0
110,2,1989,3,JPTP,78,0
110,2,1989,3,JPTP,80,0
110,2,1989,3,JPTP,82,0
110,2,1989,3,JPTP,84,0
110,2,1989,3,JPTP,86,0
110,2,1989,3,JPTP,88,0
110,2,1989,3,JPTP,90,0
110,2,1989,3,JPTP,92,0
110,2,1989,3,JPTP,94,0
110,2,1989,3,JPTP,96,0
110,2,1989,3,JPTP,98,0
110,2,1989,3,JPTP,100,0
110,2,1989,3,JPTP,102,0
110,2,1989,3,JPTP,104,0
110,2,1989,3,JPTP,106,0
110,2,1989,3,JPTP,108,0
111,2,1989,4,JPTP,2,0
111,2,1989,4,JPTP,4,0
111,2,1989,4,JPTP,6,0
111,2,1989,4,JPTP,8,0
111,2,1989,4,JPTP,10,0
111,2,1989,4,JPTP,12,0
111,2,1989,4,JPTP,14,0
111,2,1989,4,JPTP,16,0
111,2,1989,4,JPTP,18,0
111,2,1989,4,JPTP,20,0
111,2,1989,4,JPTP,22,0
111,2,1989,4,JPTP,24,0
111,2,1989,4,JPTP,26,0
111,2,1989,4,JPTP,28,0
111,2,1989,4,JPTP,30,1.2738434932866
111,2,1989,4,JPTP,32,0.636921746643302
111,2,1989,4,JPTP,34,5.73229571978972
111,2,1989,4,JPTP,36,7.64306095971963
111,2,1989,4,JPTP,38,13.3753566795094
111,2,1989,4,JPTP,40,24.8399481190888
111,2,1989,4,JPTP,42,29.9353220922352
111,2,1989,4,JPTP,44,31.8460873321651
111,2,1989,4,JPTP,46,16.5599654127259
111,2,1989,4,JPTP,48,13.3753566795094
111,2,1989,4,JPTP,50,7.64306095971963
111,2,1989,4,JPTP,52,9.55382619964954
111,2,1989,4,JPTP,54,9.55382619964954
111,2,1989,4,JPTP,56,5.73229571978972
111,2,1989,4,JPTP,58,3.18460873321651
111,2,1989,4,JPTP,60,4.45845222650312
111,2,1989,4,JPTP,62,1.2738434932866
111,2,1989,4,JPTP,64,2.54768698657321
111,2,1989,4,JPTP,66,2.54768698657321
111,2,1989,4,JPTP,68,0.636921746643302
111,2,1989,4,JPTP,70,1.91076523992991
111,2,1989,4,JPTP,72,1.2738434932866
111,2,1989,4,JPTP,74,0.636921746643302
111,2,1989,4,JPTP,76,0
111,2,1989,4,JPTP,78,0
111,2,1989,4,JPTP,80,0
111,2,1989,4,JPTP,82,0
111,2,1989,4,JPTP,84,0
111,2,1989,4,JPTP,86,0
111,2,1989,4,JPTP,88,0
111,2,1989,4,JPTP,90,0
111,2,1989,4,JPTP,92,0
111,2,1989,4,JPTP,94,0
111,2,1989,4,JPTP,96,0
111,2,1989,4,JPTP,98,0
111,2,1989,4,JPTP,100,0
111,2,1989,4,JPTP,102,0
111,2,1989,4,JPTP,104,0
111,2,1989,4,JPTP,106,0
111,2,1989,4,JPTP,108,0
112,2,1990,2,JPTP,2,0
112,2,1990,2,JPTP,4,0
112,2,1990,2,JPTP,6,0
112,2,1990,2,JPTP,8,0
112,2,1990,2,JPTP,10,0
112,2,1990,2,JPTP,12,0
112,2,1990,2,JPTP,14,0
112,2,1990,2,JPTP,16,0
112,2,1990,2,JPTP,18,0
112,2,1990,2,JPTP,20,0
112,2,1990,2,JPTP,22,0.609102176100262
112,2,1990,2,JPTP,24,0
112,2,1990,2,JPTP,26,0
112,2,1990,2,JPTP,28,1.21820435220052
112,2,1990,2,JPTP,30,0.609102176100262
112,2,1990,2,JPTP,32,4.87281740880209
112,2,1990,2,JPTP,34,11.572941345905
112,2,1990,2,JPTP,36,15.8366565786068
112,2,1990,2,JPTP,38,21.9276783396094
112,2,1990,2,JPTP,40,49.3372762641212
112,2,1990,2,JPTP,42,62.7375241383269
112,2,1990,2,JPTP,44,52.3827871446225
112,2,1990,2,JPTP,46,31.0642109811133
112,2,1990,2,JPTP,48,19.4912696352084
112,2,1990,2,JPTP,50,20.1003718113086
112,2,1990,2,JPTP,52,20.7094739874089
112,2,1990,2,JPTP,54,23.7549848679102
112,2,1990,2,JPTP,56,9.74563481760418
112,2,1990,2,JPTP,58,3.04551088050131
112,2,1990,2,JPTP,60,6.70012393710288
112,2,1990,2,JPTP,62,7.30922611320314
112,2,1990,2,JPTP,64,3.04551088050131
112,2,1990,2,JPTP,66,3.04551088050131
112,2,1990,2,JPTP,68,2.43640870440105
112,2,1990,2,JPTP,70,0.609102176100262
112,2,1990,2,JPTP,72,0.609102176100262
112,2,1990,2,JPTP,74,0
112,2,1990,2,JPTP,76,0
112,2,1990,2,JPTP,78,0
112,2,1990,2,JPTP,80,0
112,2,1990,2,JPTP,82,0
112,2,1990,2,JPTP,84,0
112,2,1990,2,JPTP,86,0
112,2,1990,2,JPTP,88,0
112,2,1990,2,JPTP,90,0
112,2,1990,2,JPTP,92,0
112,2,1990,2,JPTP,94,0
112,2,1990,2,JPTP,96,0
112,2,1990,2,JPTP,98,0
112,2,1990,2,JPTP,100,0
112,2,1990,2,JPTP,102,0
112,2,1990,2,JPTP,104,0
112,2,1990,2,JPTP,106,0
112,2,1990,2,JPTP,108,0
113,2,1990,3,JPTP,2,0
113,2,1990,3,JPTP,4,0
113,2,1990,3,JPTP,6,0
113,2,1990,3,JPTP,8,0
113,2,1990,3,JPTP,10,0
113,2,1990,3,JPTP,12,0
113,2,1990,3,JPTP,14,0
113,2,1990,3,JPTP,16,0
113,2,1990,3,JPTP,18,0
113,2,1990,3,JPTP,20,0
113,2,1990,3,JPTP,22,0
113,2,1990,3,JPTP,24,0
113,2,1990,3,JPTP,26,0
113,2,1990,3,JPTP,28,0
113,2,1990,3,JPTP,30,0.543506557135618
113,2,1990,3,JPTP,32,2.17402622854247
113,2,1990,3,JPTP,34,11.413637699848
113,2,1990,3,JPTP,36,20.6532491711535
113,2,1990,3,JPTP,38,29.3493540853234
113,2,1990,3,JPTP,40,55.437668827833
113,2,1990,3,JPTP,42,67.3948130848166
113,2,1990,3,JPTP,44,44.5675376851207
113,2,1990,3,JPTP,46,38.5889655566289
113,2,1990,3,JPTP,48,27.7188344139165
113,2,1990,3,JPTP,50,23.9142885139672
113,2,1990,3,JPTP,52,25.544808185374
113,2,1990,3,JPTP,54,22.827275399696
113,2,1990,3,JPTP,56,9.78311802844112
113,2,1990,3,JPTP,58,3.80454589994933
113,2,1990,3,JPTP,60,9.78311802844112
113,2,1990,3,JPTP,62,3.26103934281371
113,2,1990,3,JPTP,64,1.08701311427124
113,2,1990,3,JPTP,66,3.26103934281371
113,2,1990,3,JPTP,68,6.52207868562742
113,2,1990,3,JPTP,70,2.71753278567809
113,2,1990,3,JPTP,72,1.63051967140685
113,2,1990,3,JPTP,74,0.543506557135618
113,2,1990,3,JPTP,76,0.543506557135618
113,2,1990,3,JPTP,78,0
113,2,1990,3,JPTP,80,0
113,2,1990,3,JPTP,82,0
113,2,1990,3,JPTP,84,0
113,2,1990,3,JPTP,86,0
113,2,1990,3,JPTP,88,0
113,2,1990,3,JPTP,90,0
113,2,1990,3,JPTP,92,0
113,2,1990,3,JPTP,94,0
113,2,1990,3,JPTP,96,0
113,2,1990,3,JPTP,98,0
113,2,1990,3,JPTP,100,0
113,2,1990,3,JPTP,102,0
113,2,1990,3,JPTP,104,0
113,2,1990,3,JPTP,106,0
113,2,1990,3,JPTP,108,0
114,2,1990,4,JPTP,2,0
114,2,1990,4,JPTP,4,0
114,2,1990,4,JPTP,6,0
114,2,1990,4,JPTP,8,0
114,2,1990,4,JPTP,10,0
114,2,1990,4,JPTP,12,0
114,2,1990,4,JPTP,14,0
114,2,1990,4,JPTP,16,0
114,2,1990,4,JPTP,18,0
114,2,1990,4,JPTP,20,0
114,2,1990,4,JPTP,22,0
114,2,1990,4,JPTP,24,0
114,2,1990,4,JPTP,26,1.22936006971152
114,2,1990,4,JPTP,28,0
114,2,1990,4,JPTP,30,1.84404010456728
114,2,1990,4,JPTP,32,1.84404010456728
114,2,1990,4,JPTP,34,12.2936006971152
114,2,1990,4,JPTP,36,13.5229607668267
114,2,1990,4,JPTP,38,22.7431612896631
114,2,1990,4,JPTP,40,49.1744027884607
114,2,1990,4,JPTP,42,77.4496843918256
114,2,1990,4,JPTP,44,44.8716425444704
114,2,1990,4,JPTP,46,45.4863225793261
114,2,1990,4,JPTP,48,21.5138012199515
114,2,1990,4,JPTP,50,23.3578413245188
114,2,1990,4,JPTP,52,22.1284812548073
114,2,1990,4,JPTP,54,21.5138012199515
114,2,1990,4,JPTP,56,11.0642406274037
114,2,1990,4,JPTP,58,8.60552048798062
114,2,1990,4,JPTP,60,9.22020052283638
114,2,1990,4,JPTP,62,5.53212031370183
114,2,1990,4,JPTP,64,4.30276024399031
114,2,1990,4,JPTP,66,1.84404010456728
114,2,1990,4,JPTP,68,2.45872013942303
114,2,1990,4,JPTP,70,2.45872013942303
114,2,1990,4,JPTP,72,0.614680034855759
114,2,1990,4,JPTP,74,0.614680034855759
114,2,1990,4,JPTP,76,0
114,2,1990,4,JPTP,78,0
114,2,1990,4,JPTP,80,0.614680034855759
114,2,1990,4,JPTP,82,0
114,2,1990,4,JPTP,84,0
114,2,1990,4,JPTP,86,0
114,2,1990,4,JPTP,88,0
114,2,1990,4,JPTP,90,0
114,2,1990,4,JPTP,92,0
114,2,1990,4,JPTP,94,0
114,2,1990,4,JPTP,96,0
114,2,1990,4,JPTP,98,0
114,2,1990,4,JPTP,100,0
114,2,1990,4,JPTP,102,0
114,2,1990,4,JPTP,104,0
114,2,1990,4,JPTP,106,0
114,2,1990,4,JPTP,108,0
115,2,1991,2,JPTP,2,0
115,2,1991,2,JPTP,4,0
115,2,1991,2,JPTP,6,0
115,2,1991,2,JPTP,8,0
115,2,1991,2,JPTP,10,0
115,2,1991,2,JPTP,12,0
115,2,1991,2,JPTP,14,0
115,2,1991,2,JPTP,16,0
115,2,1991,2,JPTP,18,0
115,2,1991,2,JPTP,20,0
115,2,1991,2,JPTP,22,0
115,2,1991,2,JPTP,24,0.635832991520835
115,2,1991,2,JPTP,26,0
115,2,1991,2,JPTP,28,1.90749897456251
115,2,1991,2,JPTP,30,1.90749897456251
115,2,1991,2,JPTP,32,8.26582888977086
115,2,1991,2,JPTP,34,8.26582888977086
115,2,1991,2,JPTP,36,19.0749897456251
115,2,1991,2,JPTP,38,30.5199835930001
115,2,1991,2,JPTP,40,59.1324682114377
115,2,1991,2,JPTP,42,78.8432909485836
115,2,1991,2,JPTP,44,59.7683012029585
115,2,1991,2,JPTP,46,46.415808381021
115,2,1991,2,JPTP,48,26.0691526523542
115,2,1991,2,JPTP,50,29.8841506014793
115,2,1991,2,JPTP,52,21.6183217117084
115,2,1991,2,JPTP,54,24.1616536777917
115,2,1991,2,JPTP,56,12.7166598304167
115,2,1991,2,JPTP,58,5.08666393216668
115,2,1991,2,JPTP,60,10.8091608558542
115,2,1991,2,JPTP,62,10.1733278643334
115,2,1991,2,JPTP,64,6.35832991520835
115,2,1991,2,JPTP,66,3.81499794912501
115,2,1991,2,JPTP,68,3.17916495760418
115,2,1991,2,JPTP,70,1.27166598304167
115,2,1991,2,JPTP,72,1.90749897456251
115,2,1991,2,JPTP,74,0
115,2,1991,2,JPTP,76,0.635832991520835
115,2,1991,2,JPTP,78,0
115,2,1991,2,JPTP,80,0
115,2,1991,2,JPTP,82,0
115,2,1991,2,JPTP,84,0
115,2,1991,2,JPTP,86,0
115,2,1991,2,JPTP,88,0
115,2,1991,2,JPTP,90,0
115,2,1991,2,JPTP,92,0
115,2,1991,2,JPTP,94,0
115,2,1991,2,JPTP,96,0
115,2,1991,2,JPTP,98,0
115,2,1991,2,JPTP,100,0
115,2,1991,2,JPTP,102,0
115,2,1991,2,JPTP,104,0
115,2,1991,2,JPTP,106,0
115,2,1991,2,JPTP,108,0
116,2,1991,3,JPTP,2,0
116,2,1991,3,JPTP,4,0
116,2,1991,3,JPTP,6,0
116,2,1991,3,JPTP,8,0
116,2,1991,3,JPTP,10,0
116,2,1991,3,JPTP,12,0
116,2,1991,3,JPTP,14,0
116,2,1991,3,JPTP,16,0
116,2,1991,3,JPTP,18,0
116,2,1991,3,JPTP,20,0
116,2,1991,3,JPTP,22,0
116,2,1991,3,JPTP,24,0
116,2,1991,3,JPTP,26,0
116,2,1991,3,JPTP,28,1.30650614696062
116,2,1991,3,JPTP,30,1.30650614696062
116,2,1991,3,JPTP,32,1.95975922044093
116,2,1991,3,JPTP,34,3.26626536740155
116,2,1991,3,JPTP,36,7.83903688176372
116,2,1991,3,JPTP,38,15.0248206900471
116,2,1991,3,JPTP,40,20.9040983513699
116,2,1991,3,JPTP,42,30.0496413800943
116,2,1991,3,JPTP,44,22.2106044983305
116,2,1991,3,JPTP,46,22.2106044983305
116,2,1991,3,JPTP,48,13.0650614696062
116,2,1991,3,JPTP,50,15.0248206900471
116,2,1991,3,JPTP,52,13.0650614696062
116,2,1991,3,JPTP,54,13.0650614696062
116,2,1991,3,JPTP,56,6.5325307348031
116,2,1991,3,JPTP,58,3.26626536740155
116,2,1991,3,JPTP,60,5.87927766132279
116,2,1991,3,JPTP,62,3.26626536740155
116,2,1991,3,JPTP,64,2.61301229392124
116,2,1991,3,JPTP,66,2.61301229392124
116,2,1991,3,JPTP,68,2.61301229392124
116,2,1991,3,JPTP,70,2.61301229392124
116,2,1991,3,JPTP,72,1.95975922044093
116,2,1991,3,JPTP,74,0
116,2,1991,3,JPTP,76,0
116,2,1991,3,JPTP,78,0
116,2,1991,3,JPTP,80,0
116,2,1991,3,JPTP,82,0
116,2,1991,3,JPTP,84,0
116,2,1991,3,JPTP,86,0
116,2,1991,3,JPTP,88,0
116,2,1991,3,JPTP,90,0
116,2,1991,3,JPTP,92,0
116,2,1991,3,JPTP,94,0
116,2,1991,3,JPTP,96,0
116,2,1991,3,JPTP,98,0
116,2,1991,3,JPTP,100,0
116,2,1991,3,JPTP,102,0
116,2,1991,3,JPTP,104,0
116,2,1991,3,JPTP,106,0
116,2,1991,3,JPTP,108,0
117,2,1991,4,JPTP,2,0
117,2,1991,4,JPTP,4,0
117,2,1991,4,JPTP,6,0
117,2,1991,4,JPTP,8,0
117,2,1991,4,JPTP,10,0
117,2,1991,4,JPTP,12,0
117,2,1991,4,JPTP,14,0
117,2,1991,4,JPTP,16,0
117,2,1991,4,JPTP,18,0
117,2,1991,4,JPTP,20,0
117,2,1991,4,JPTP,22,0
117,2,1991,4,JPTP,24,0
117,2,1991,4,JPTP,26,1.90450043586456
117,2,1991,4,JPTP,28,3.17416739310761
117,2,1991,4,JPTP,30,1.26966695724304
117,2,1991,4,JPTP,32,5.07866782897217
117,2,1991,4,JPTP,34,17.1405039227811
117,2,1991,4,JPTP,36,20.3146713158887
117,2,1991,4,JPTP,38,34.9158413241837
117,2,1991,4,JPTP,40,91.416020921499
117,2,1991,4,JPTP,42,97.7643557077142
117,2,1991,4,JPTP,44,75.545183955961
117,2,1991,4,JPTP,46,53.9608456828293
117,2,1991,4,JPTP,48,29.20234001659
117,2,1991,4,JPTP,50,24.1236721876178
117,2,1991,4,JPTP,52,31.1068404524545
117,2,1991,4,JPTP,54,36.1855082814267
117,2,1991,4,JPTP,56,16.5056704441595
117,2,1991,4,JPTP,58,5.07866782897217
117,2,1991,4,JPTP,60,9.52250217932282
117,2,1991,4,JPTP,62,9.52250217932282
117,2,1991,4,JPTP,64,7.61800174345825
117,2,1991,4,JPTP,66,1.90450043586456
117,2,1991,4,JPTP,68,5.71350130759369
117,2,1991,4,JPTP,70,1.90450043586456
117,2,1991,4,JPTP,72,1.26966695724304
117,2,1991,4,JPTP,74,0.634833478621521
117,2,1991,4,JPTP,76,0
117,2,1991,4,JPTP,78,0
117,2,1991,4,JPTP,80,0
117,2,1991,4,JPTP,82,0
117,2,1991,4,JPTP,84,0
117,2,1991,4,JPTP,86,0
117,2,1991,4,JPTP,88,0
117,2,1991,4,JPTP,90,0
117,2,1991,4,JPTP,92,0
117,2,1991,4,JPTP,94,0
117,2,1991,4,JPTP,96,0
117,2,1991,4,JPTP,98,0
117,2,1991,4,JPTP,100,0
117,2,1991,4,JPTP,102,0
117,2,1991,4,JPTP,104,0
117,2,1991,4,JPTP,106,0
117,2,1991,4,JPTP,108,0
118,2,1992,2,JPTP,2,0
118,2,1992,2,JPTP,4,0
118,2,1992,2,JPTP,6,0
118,2,1992,2,JPTP,8,0
118,2,1992,2,JPTP,10,0
118,2,1992,2,JPTP,12,0
118,2,1992,2,JPTP,14,0
118,2,1992,2,JPTP,16,0
118,2,1992,2,JPTP,18,0
118,2,1992,2,JPTP,20,0
118,2,1992,2,JPTP,22,0
118,2,1992,2,JPTP,24,0.566152663682935
118,2,1992,2,JPTP,26,0.566152663682935
118,2,1992,2,JPTP,28,0
118,2,1992,2,JPTP,30,0
118,2,1992,2,JPTP,32,0
118,2,1992,2,JPTP,34,3.96306864578055
118,2,1992,2,JPTP,36,2.83076331841468
118,2,1992,2,JPTP,38,5.66152663682935
118,2,1992,2,JPTP,40,18.6830379015369
118,2,1992,2,JPTP,42,11.8892059373416
118,2,1992,2,JPTP,44,13.5876639283905
118,2,1992,2,JPTP,46,11.3230532736587
118,2,1992,2,JPTP,48,5.66152663682935
118,2,1992,2,JPTP,50,5.66152663682935
118,2,1992,2,JPTP,52,4.52922130946348
118,2,1992,2,JPTP,54,3.39691598209761
118,2,1992,2,JPTP,56,2.26461065473174
118,2,1992,2,JPTP,58,0.566152663682935
118,2,1992,2,JPTP,60,1.13230532736587
118,2,1992,2,JPTP,62,1.69845799104881
118,2,1992,2,JPTP,64,0.566152663682935
118,2,1992,2,JPTP,66,1.13230532736587
118,2,1992,2,JPTP,68,0.566152663682935
118,2,1992,2,JPTP,70,0
118,2,1992,2,JPTP,72,0
118,2,1992,2,JPTP,74,0.566152663682935
118,2,1992,2,JPTP,76,0
118,2,1992,2,JPTP,78,0
118,2,1992,2,JPTP,80,0.566152663682935
118,2,1992,2,JPTP,82,0
118,2,1992,2,JPTP,84,0
118,2,1992,2,JPTP,86,0
118,2,1992,2,JPTP,88,0
118,2,1992,2,JPTP,90,0
118,2,1992,2,JPTP,92,0
118,2,1992,2,JPTP,94,0
118,2,1992,2,JPTP,96,0
118,2,1992,2,JPTP,98,0
118,2,1992,2,JPTP,100,0
118,2,1992,2,JPTP,102,0
118,2,1992,2,JPTP,104,0
118,2,1992,2,JPTP,106,0
118,2,1992,2,JPTP,108,0
119,2,1992,3,JPTP,2,0
119,2,1992,3,JPTP,4,0
119,2,1992,3,JPTP,6,0
119,2,1992,3,JPTP,8,0
119,2,1992,3,JPTP,10,0
119,2,1992,3,JPTP,12,0
119,2,1992,3,JPTP,14,0
119,2,1992,3,JPTP,16,0
119,2,1992,3,JPTP,18,0
119,2,1992,3,JPTP,20,0
119,2,1992,3,JPTP,22,0
119,2,1992,3,JPTP,24,0
119,2,1992,3,JPTP,26,3.32198401190428
119,2,1992,3,JPTP,28,0.664396802380857
119,2,1992,3,JPTP,30,6.64396802380856
119,2,1992,3,JPTP,32,13.952332849998
119,2,1992,3,JPTP,34,27.904665699996
119,2,1992,3,JPTP,36,47.8365697714217
119,2,1992,3,JPTP,38,74.4124418666559
119,2,1992,3,JPTP,40,142.845312511884
119,2,1992,3,JPTP,42,157.462042164263
119,2,1992,3,JPTP,44,126.899789254744
119,2,1992,3,JPTP,46,78.3988226809411
119,2,1992,3,JPTP,48,63.1176962261814
119,2,1992,3,JPTP,50,65.7752834357048
119,2,1992,3,JPTP,52,50.4941569809451
119,2,1992,3,JPTP,54,49.8297601785642
119,2,1992,3,JPTP,56,32.555443316662
119,2,1992,3,JPTP,58,17.9387136642831
119,2,1992,3,JPTP,60,24.5826816880917
119,2,1992,3,JPTP,62,16.6099200595214
119,2,1992,3,JPTP,64,17.2743168619023
119,2,1992,3,JPTP,66,6.64396802380856
119,2,1992,3,JPTP,68,7.97276162857028
119,2,1992,3,JPTP,70,3.98638081428514
119,2,1992,3,JPTP,72,2
119,2,1992,3,JPTP,74,0.664396802380857
119,2,1992,3,JPTP,76,0.664396802380857
119,2,1992,3,JPTP,78,0
119,2,1992,3,JPTP,80,0
119,2,1992,3,JPTP,82,0
119,2,1992,3,JPTP,84,0
119,2,1992,3,JPTP,86,0
119,2,1992,3,JPTP,88,0
119,2,1992,3,JPTP,90,0
119,2,1992,3,JPTP,92,0
119,2,1992,3,JPTP,94,0
119,2,1992,3,JPTP,96,0
119,2,1992,3,JPTP,98,0
119,2,1992,3,JPTP,100,0
119,2,1992,3,JPTP,102,0
119,2,1992,3,JPTP,104,0
119,2,1992,3,JPTP,106,0
119,2,1992,3,JPTP,108,0
120,2,1992,4,JPTP,2,0
120,2,1992,4,JPTP,4,0
120,2,1992,4,JPTP,6,0
120,2,1992,4,JPTP,8,0
120,2,1992,4,JPTP,10,0
120,2,1992,4,JPTP,12,0
120,2,1992,4,JPTP,14,0
120,2,1992,4,JPTP,16,0
120,2,1992,4,JPTP,18,0
120,2,1992,4,JPTP,20,0
120,2,1992,4,JPTP,22,0
120,2,1992,4,JPTP,24,0
120,2,1992,4,JPTP,26,1.25685891337612
120,2,1992,4,JPTP,28,1.88528837006418
120,2,1992,4,JPTP,30,2.51371782675223
120,2,1992,4,JPTP,32,5.02743565350447
120,2,1992,4,JPTP,34,13.1970185904492
120,2,1992,4,JPTP,36,21.366601527394
120,2,1992,4,JPTP,38,37.0773379445954
120,2,1992,4,JPTP,40,68.4988107789984
120,2,1992,4,JPTP,42,79.8105409993834
120,2,1992,4,JPTP,44,74.783105345879
120,2,1992,4,JPTP,46,52.7880743617969
120,2,1992,4,JPTP,48,26.3940371808985
120,2,1992,4,JPTP,50,28.2793255509626
120,2,1992,4,JPTP,52,26.3940371808985
120,2,1992,4,JPTP,54,31.4214728344029
120,2,1992,4,JPTP,56,18.2244542439537
120,2,1992,4,JPTP,58,8.16958293694476
120,2,1992,4,JPTP,60,10.0548713070089
120,2,1992,4,JPTP,62,9.42644185032088
120,2,1992,4,JPTP,64,6.91272402356864
120,2,1992,4,JPTP,66,3.77057674012835
120,2,1992,4,JPTP,68,3.77057674012835
120,2,1992,4,JPTP,70,3.14214728344029
120,2,1992,4,JPTP,72,0.628429456688058
120,2,1992,4,JPTP,74,1.25685891337612
120,2,1992,4,JPTP,76,0.628429456688058
120,2,1992,4,JPTP,78,0
120,2,1992,4,JPTP,80,0
120,2,1992,4,JPTP,82,0
120,2,1992,4,JPTP,84,0
120,2,1992,4,JPTP,86,0
120,2,1992,4,JPTP,88,0
120,2,1992,4,JPTP,90,0
120,2,1992,4,JPTP,92,0
120,2,1992,4,JPTP,94,0
120,2,1992,4,JPTP,96,0
120,2,1992,4,JPTP,98,0
120,2,1992,4,JPTP,100,0
120,2,1992,4,JPTP,102,0
120,2,1992,4,JPTP,104,0
120,2,1992,4,JPTP,106,0
120,2,1992,4,JPTP,108,0
121,2,1993,2,JPTP,2,0
121,2,1993,2,JPTP,4,0
121,2,1993,2,JPTP,6,0
121,2,1993,2,JPTP,8,0
121,2,1993,2,JPTP,10,0
121,2,1993,2,JPTP,12,0
121,2,1993,2,JPTP,14,0
121,2,1993,2,JPTP,16,0
121,2,1993,2,JPTP,18,0
121,2,1993,2,JPTP,20,0
121,2,1993,2,JPTP,22,0
121,2,1993,2,JPTP,24,0.659972247950393
121,2,1993,2,JPTP,26,1.31994449590079
121,2,1993,2,JPTP,28,0
121,2,1993,2,JPTP,30,5.93975023155354
121,2,1993,2,JPTP,32,11.2195282151567
121,2,1993,2,JPTP,34,23.0990286782638
121,2,1993,2,JPTP,36,25.0789454221149
121,2,1993,2,JPTP,38,44.2181406126763
121,2,1993,2,JPTP,40,89.0962534733031
121,2,1993,2,JPTP,42,85.7963922335511
121,2,1993,2,JPTP,44,81.1765864978984
121,2,1993,2,JPTP,46,64.6772802991385
121,2,1993,2,JPTP,48,38.9383626290732
121,2,1993,2,JPTP,50,37.6184181331724
121,2,1993,2,JPTP,52,37.6184181331724
121,2,1993,2,JPTP,54,31.0186956536685
121,2,1993,2,JPTP,56,19.1391951905614
121,2,1993,2,JPTP,58,11.8795004631071
121,2,1993,2,JPTP,60,10.5595559672063
121,2,1993,2,JPTP,62,15.179361702859
121,2,1993,2,JPTP,64,7.91966697540472
121,2,1993,2,JPTP,66,5.27977798360315
121,2,1993,2,JPTP,68,4.61980573565275
121,2,1993,2,JPTP,70,5.93975023155354
121,2,1993,2,JPTP,72,0.659972247950393
121,2,1993,2,JPTP,74,1.97991674385118
121,2,1993,2,JPTP,76,0
121,2,1993,2,JPTP,78,0
121,2,1993,2,JPTP,80,0
121,2,1993,2,JPTP,82,0
121,2,1993,2,JPTP,84,0
121,2,1993,2,JPTP,86,0
121,2,1993,2,JPTP,88,0
121,2,1993,2,JPTP,90,0
121,2,1993,2,JPTP,92,0
121,2,1993,2,JPTP,94,0
121,2,1993,2,JPTP,96,0
121,2,1993,2,JPTP,98,0
121,2,1993,2,JPTP,100,0
121,2,1993,2,JPTP,102,0
121,2,1993,2,JPTP,104,0
121,2,1993,2,JPTP,106,0
121,2,1993,2,JPTP,108,0
122,2,1993,3,JPTP,2,0
122,2,1993,3,JPTP,4,0
122,2,1993,3,JPTP,6,0
122,2,1993,3,JPTP,8,0
122,2,1993,3,JPTP,10,0
122,2,1993,3,JPTP,12,0
122,2,1993,3,JPTP,14,0
122,2,1993,3,JPTP,16,0
122,2,1993,3,JPTP,18,0
122,2,1993,3,JPTP,20,0
122,2,1993,3,JPTP,22,0
122,2,1993,3,JPTP,24,0
122,2,1993,3,JPTP,26,3.28907737949134
122,2,1993,3,JPTP,28,4.60470833128787
122,2,1993,3,JPTP,30,2.63126190359307
122,2,1993,3,JPTP,32,12.4984940420671
122,2,1993,3,JPTP,34,27.6282499877272
122,2,1993,3,JPTP,36,45.3892678369805
122,2,1993,3,JPTP,38,92.7519821016558
122,2,1993,3,JPTP,40,202.607166576666
122,2,1993,3,JPTP,42,207.869690383853
122,2,1993,3,JPTP,44,182.21488682382
122,2,1993,3,JPTP,46,132.87872613145
122,2,1993,3,JPTP,48,84.8581963908766
122,2,1993,3,JPTP,50,74.9909642524025
122,2,1993,3,JPTP,52,78.2800416318939
122,2,1993,3,JPTP,54,77.6222261559956
122,2,1993,3,JPTP,56,39.4689285538961
122,2,1993,3,JPTP,58,23.0235416564394
122,2,1993,3,JPTP,60,30.9173273672186
122,2,1993,3,JPTP,62,23.0235416564394
122,2,1993,3,JPTP,64,13.8141249938636
122,2,1993,3,JPTP,66,12.4984940420671
122,2,1993,3,JPTP,68,7.89378571077921
122,2,1993,3,JPTP,70,9.86723213847402
122,2,1993,3,JPTP,72,1.9734464276948
122,2,1993,3,JPTP,74,0.657815475898268
122,2,1993,3,JPTP,76,1.31563095179654
122,2,1993,3,JPTP,78,0.657815475898268
122,2,1993,3,JPTP,80,0
122,2,1993,3,JPTP,82,0
122,2,1993,3,JPTP,84,0
122,2,1993,3,JPTP,86,0
122,2,1993,3,JPTP,88,0
122,2,1993,3,JPTP,90,0
122,2,1993,3,JPTP,92,0
122,2,1993,3,JPTP,94,0
122,2,1993,3,JPTP,96,0
122,2,1993,3,JPTP,98,0
122,2,1993,3,JPTP,100,0
122,2,1993,3,JPTP,102,0
122,2,1993,3,JPTP,104,0
122,2,1993,3,JPTP,106,0
122,2,1993,3,JPTP,108,0
123,2,1993,4,JPTP,2,0
123,2,1993,4,JPTP,4,0
123,2,1993,4,JPTP,6,0
123,2,1993,4,JPTP,8,0
123,2,1993,4,JPTP,10,0
123,2,1993,4,JPTP,12,0
123,2,1993,4,JPTP,14,0
123,2,1993,4,JPTP,16,0
123,2,1993,4,JPTP,18,0
123,2,1993,4,JPTP,20,0
123,2,1993,4,JPTP,22,0
123,2,1993,4,JPTP,24,0
123,2,1993,4,JPTP,26,0
123,2,1993,4,JPTP,28,0
123,2,1993,4,JPTP,30,1.22288975355514
123,2,1993,4,JPTP,32,1.83433463033271
123,2,1993,4,JPTP,34,7.33733852133084
123,2,1993,4,JPTP,36,11.0060077819963
123,2,1993,4,JPTP,38,21.400570687215
123,2,1993,4,JPTP,40,42.1896964976523
123,2,1993,4,JPTP,42,47.6927003886505
123,2,1993,4,JPTP,44,42.8011413744299
123,2,1993,4,JPTP,46,27.5150194549907
123,2,1993,4,JPTP,48,20.7891258104374
123,2,1993,4,JPTP,50,18.3433463033271
123,2,1993,4,JPTP,52,16.5090116729944
123,2,1993,4,JPTP,54,17.7319014265495
123,2,1993,4,JPTP,56,11.0060077819963
123,2,1993,4,JPTP,58,5.50300389099813
123,2,1993,4,JPTP,60,6.1144487677757
123,2,1993,4,JPTP,62,5.50300389099813
123,2,1993,4,JPTP,64,4.28011413744299
123,2,1993,4,JPTP,66,3.66866926066542
123,2,1993,4,JPTP,68,2.44577950711028
123,2,1993,4,JPTP,70,1.22288975355514
123,2,1993,4,JPTP,72,0.61144487677757
123,2,1993,4,JPTP,74,0.61144487677757
123,2,1993,4,JPTP,76,0
123,2,1993,4,JPTP,78,0
123,2,1993,4,JPTP,80,0.61144487677757
123,2,1993,4,JPTP,82,0
123,2,1993,4,JPTP,84,0
123,2,1993,4,JPTP,86,0
123,2,1993,4,JPTP,88,0
123,2,1993,4,JPTP,90,0
123,2,1993,4,JPTP,92,0
123,2,1993,4,JPTP,94,0
123,2,1993,4,JPTP,96,0
123,2,1993,4,JPTP,98,0
123,2,1993,4,JPTP,100,0
123,2,1993,4,JPTP,102,0
123,2,1993,4,JPTP,104,0
123,2,1993,4,JPTP,106,0
123,2,1993,4,JPTP,108,0
124,2,1994,2,JPTP,2,0
124,2,1994,2,JPTP,4,0
124,2,1994,2,JPTP,6,0
124,2,1994,2,JPTP,8,0
124,2,1994,2,JPTP,10,0
124,2,1994,2,JPTP,12,0
124,2,1994,2,JPTP,14,0
124,2,1994,2,JPTP,16,0
124,2,1994,2,JPTP,18,0
124,2,1994,2,JPTP,20,0
124,2,1994,2,JPTP,22,0
124,2,1994,2,JPTP,24,0
124,2,1994,2,JPTP,26,0
124,2,1994,2,JPTP,28,0
124,2,1994,2,JPTP,30,1.81780909312251
124,2,1994,2,JPTP,32,4.24155455061918
124,2,1994,2,JPTP,34,9.6949818299867
124,2,1994,2,JPTP,36,4.24155455061918
124,2,1994,2,JPTP,38,11.5127909231092
124,2,1994,2,JPTP,40,21.8137091174701
124,2,1994,2,JPTP,42,34.5383727693276
124,2,1994,2,JPTP,44,26.6612000324634
124,2,1994,2,JPTP,46,13.9365363806059
124,2,1994,2,JPTP,48,10.3009181943609
124,2,1994,2,JPTP,50,7.87717273686419
124,2,1994,2,JPTP,52,7.27123637249002
124,2,1994,2,JPTP,54,10.3009181943609
124,2,1994,2,JPTP,56,4.24155455061918
124,2,1994,2,JPTP,58,5.45342727936752
124,2,1994,2,JPTP,60,3.63561818624501
124,2,1994,2,JPTP,62,1.81780909312251
124,2,1994,2,JPTP,64,1.81780909312251
124,2,1994,2,JPTP,66,0.605936364374169
124,2,1994,2,JPTP,68,1.21187272874834
124,2,1994,2,JPTP,70,1.21187272874834
124,2,1994,2,JPTP,72,0
124,2,1994,2,JPTP,74,0.605936364374169
124,2,1994,2,JPTP,76,0
124,2,1994,2,JPTP,78,0
124,2,1994,2,JPTP,80,0
124,2,1994,2,JPTP,82,0
124,2,1994,2,JPTP,84,0
124,2,1994,2,JPTP,86,0
124,2,1994,2,JPTP,88,0
124,2,1994,2,JPTP,90,0
124,2,1994,2,JPTP,92,0
124,2,1994,2,JPTP,94,0
124,2,1994,2,JPTP,96,0
124,2,1994,2,JPTP,98,0
124,2,1994,2,JPTP,100,0
124,2,1994,2,JPTP,102,0
124,2,1994,2,JPTP,104,0
124,2,1994,2,JPTP,106,0
124,2,1994,2,JPTP,108,0
125,2,1994,3,JPTP,2,0
125,2,1994,3,JPTP,4,0
125,2,1994,3,JPTP,6,0
125,2,1994,3,JPTP,8,0
125,2,1994,3,JPTP,10,0
125,2,1994,3,JPTP,12,0
125,2,1994,3,JPTP,14,0
125,2,1994,3,JPTP,16,0
125,2,1994,3,JPTP,18,0
125,2,1994,3,JPTP,20,0
125,2,1994,3,JPTP,22,0.629520209526347
125,2,1994,3,JPTP,24,0.629520209526347
125,2,1994,3,JPTP,26,1.25904041905269
125,2,1994,3,JPTP,28,0.629520209526347
125,2,1994,3,JPTP,30,5.66568188573712
125,2,1994,3,JPTP,32,11.9608839810006
125,2,1994,3,JPTP,34,25.1808083810539
125,2,1994,3,JPTP,36,33.3645711048964
125,2,1994,3,JPTP,38,47.8435359240023
125,2,1994,3,JPTP,40,112.684117505216
125,2,1994,3,JPTP,42,152.973410914902
125,2,1994,3,JPTP,44,110.795556876637
125,2,1994,3,JPTP,46,76.1719453526879
125,2,1994,3,JPTP,48,45.325455085897
125,2,1994,3,JPTP,50,49.102576343055
125,2,1994,3,JPTP,52,48.4730561335287
125,2,1994,3,JPTP,54,37.1416923620544
125,2,1994,3,JPTP,56,33.3645711048964
125,2,1994,3,JPTP,58,12.5904041905269
125,2,1994,3,JPTP,60,18.2560860762641
125,2,1994,3,JPTP,62,11.9608839810006
125,2,1994,3,JPTP,64,20.1446467048431
125,2,1994,3,JPTP,66,5.03616167621077
125,2,1994,3,JPTP,68,8.81328293336885
125,2,1994,3,JPTP,70,3.14760104763173
125,2,1994,3,JPTP,72,2.51808083810539
125,2,1994,3,JPTP,74,0
125,2,1994,3,JPTP,76,0
125,2,1994,3,JPTP,78,0
125,2,1994,3,JPTP,80,0.629520209526347
125,2,1994,3,JPTP,82,0
125,2,1994,3,JPTP,84,0
125,2,1994,3,JPTP,86,0
125,2,1994,3,JPTP,88,0
125,2,1994,3,JPTP,90,0
125,2,1994,3,JPTP,92,0
125,2,1994,3,JPTP,94,0
125,2,1994,3,JPTP,96,0
125,2,1994,3,JPTP,98,0
125,2,1994,3,JPTP,100,0
125,2,1994,3,JPTP,102,0
125,2,1994,3,JPTP,104,0
125,2,1994,3,JPTP,106,0
125,2,1994,3,JPTP,108,0
126,2,1994,4,JPTP,2,0
126,2,1994,4,JPTP,4,0
126,2,1994,4,JPTP,6,0
126,2,1994,4,JPTP,8,0
126,2,1994,4,JPTP,10,0
126,2,1994,4,JPTP,12,0
126,2,1994,4,JPTP,14,0
126,2,1994,4,JPTP,16,0
126,2,1994,4,JPTP,18,0
126,2,1994,4,JPTP,20,0
126,2,1994,4,JPTP,22,0
126,2,1994,4,JPTP,24,0.679383196419522
126,2,1994,4,JPTP,26,0
126,2,1994,4,JPTP,28,0
126,2,1994,4,JPTP,30,0.679383196419522
126,2,1994,4,JPTP,32,2.03814958925857
126,2,1994,4,JPTP,34,1.35876639283904
126,2,1994,4,JPTP,36,5.43506557135618
126,2,1994,4,JPTP,38,10.1907479462928
126,2,1994,4,JPTP,40,13.5876639283904
126,2,1994,4,JPTP,42,20.3814958925857
126,2,1994,4,JPTP,44,16.9845799104881
126,2,1994,4,JPTP,46,14.26704712481
126,2,1994,4,JPTP,48,3.39691598209761
126,2,1994,4,JPTP,50,9.51136474987332
126,2,1994,4,JPTP,52,10.1907479462928
126,2,1994,4,JPTP,54,8.15259835703427
126,2,1994,4,JPTP,56,1.35876639283904
126,2,1994,4,JPTP,58,1.35876639283904
126,2,1994,4,JPTP,60,4.75568237493666
126,2,1994,4,JPTP,62,5.43506557135618
126,2,1994,4,JPTP,64,1.35876639283904
126,2,1994,4,JPTP,66,1.35876639283904
126,2,1994,4,JPTP,68,0.679383196419522
126,2,1994,4,JPTP,70,1.35876639283904
126,2,1994,4,JPTP,72,0
126,2,1994,4,JPTP,74,0.679383196419522
126,2,1994,4,JPTP,76,0
126,2,1994,4,JPTP,78,0
126,2,1994,4,JPTP,80,0
126,2,1994,4,JPTP,82,0
126,2,1994,4,JPTP,84,0
126,2,1994,4,JPTP,86,0
126,2,1994,4,JPTP,88,0
126,2,1994,4,JPTP,90,0
126,2,1994,4,JPTP,92,0
126,2,1994,4,JPTP,94,0
126,2,1994,4,JPTP,96,0
126,2,1994,4,JPTP,98,0
126,2,1994,4,JPTP,100,0
126,2,1994,4,JPTP,102,0
126,2,1994,4,JPTP,104,0
126,2,1994,4,JPTP,106,0
126,2,1994,4,JPTP,108,0
127,2,1995,2,JPTP,2,0
127,2,1995,2,JPTP,4,0
127,2,1995,2,JPTP,6,0
127,2,1995,2,JPTP,8,0
127,2,1995,2,JPTP,10,0
127,2,1995,2,JPTP,12,0
127,2,1995,2,JPTP,14,0
127,2,1995,2,JPTP,16,0
127,2,1995,2,JPTP,18,0
127,2,1995,2,JPTP,20,0
127,2,1995,2,JPTP,22,0
127,2,1995,2,JPTP,24,0
127,2,1995,2,JPTP,26,0
127,2,1995,2,JPTP,28,0
127,2,1995,2,JPTP,30,0.566152663682935
127,2,1995,2,JPTP,32,1.69845799104881
127,2,1995,2,JPTP,34,1.13230532736587
127,2,1995,2,JPTP,36,2.26461065473174
127,2,1995,2,JPTP,38,6.22767930051229
127,2,1995,2,JPTP,40,16.9845799104881
127,2,1995,2,JPTP,42,6.79383196419523
127,2,1995,2,JPTP,44,11.3230532736587
127,2,1995,2,JPTP,46,6.22767930051229
127,2,1995,2,JPTP,48,3.96306864578055
127,2,1995,2,JPTP,50,3.39691598209761
127,2,1995,2,JPTP,52,5.09537397314642
127,2,1995,2,JPTP,54,3.39691598209761
127,2,1995,2,JPTP,56,1.69845799104881
127,2,1995,2,JPTP,58,1.13230532736587
127,2,1995,2,JPTP,60,1.69845799104881
127,2,1995,2,JPTP,62,1.13230532736587
127,2,1995,2,JPTP,64,0.566152663682935
127,2,1995,2,JPTP,66,0.566152663682935
127,2,1995,2,JPTP,68,1.13230532736587
127,2,1995,2,JPTP,70,0
127,2,1995,2,JPTP,72,0
127,2,1995,2,JPTP,74,0.566152663682935
127,2,1995,2,JPTP,76,0
127,2,1995,2,JPTP,78,0
127,2,1995,2,JPTP,80,0
127,2,1995,2,JPTP,82,0
127,2,1995,2,JPTP,84,0
127,2,1995,2,JPTP,86,0
127,2,1995,2,JPTP,88,0
127,2,1995,2,JPTP,90,0
127,2,1995,2,JPTP,92,0
127,2,1995,2,JPTP,94,0
127,2,1995,2,JPTP,96,0
127,2,1995,2,JPTP,98,0
127,2,1995,2,JPTP,100,0
127,2,1995,2,JPTP,102,0
127,2,1995,2,JPTP,104,0
127,2,1995,2,JPTP,106,0
127,2,1995,2,JPTP,108,0
128,2,1995,3,JPTP,2,0
128,2,1995,3,JPTP,4,0
128,2,1995,3,JPTP,6,0
128,2,1995,3,JPTP,8,0
128,2,1995,3,JPTP,10,0
128,2,1995,3,JPTP,12,0
128,2,1995,3,JPTP,14,0
128,2,1995,3,JPTP,16,0
128,2,1995,3,JPTP,18,0
128,2,1995,3,JPTP,20,0
128,2,1995,3,JPTP,22,0
128,2,1995,3,JPTP,24,0
128,2,1995,3,JPTP,26,0.525974087550598
128,2,1995,3,JPTP,28,0.525974087550598
128,2,1995,3,JPTP,30,4.73376678795538
128,2,1995,3,JPTP,32,4.73376678795538
128,2,1995,3,JPTP,34,13.149352188765
128,2,1995,3,JPTP,36,29.4545489028335
128,2,1995,3,JPTP,38,39.9740306538455
128,2,1995,3,JPTP,40,93.6233875840065
128,2,1995,3,JPTP,42,89.9415689711523
128,2,1995,3,JPTP,44,78.8961131325897
128,2,1995,3,JPTP,46,45.759745616902
128,2,1995,3,JPTP,48,39.4480565662949
128,2,1995,3,JPTP,50,36.8181861285419
128,2,1995,3,JPTP,52,36.8181861285419
128,2,1995,3,JPTP,54,37.3441602160925
128,2,1995,3,JPTP,56,12.6233781012144
128,2,1995,3,JPTP,58,16.3051967140685
128,2,1995,3,JPTP,60,10.519481751012
128,2,1995,3,JPTP,62,8.41558540080957
128,2,1995,3,JPTP,64,7.88961131325897
128,2,1995,3,JPTP,66,7.36363722570837
128,2,1995,3,JPTP,68,3.15584452530359
128,2,1995,3,JPTP,70,3.15584452530359
128,2,1995,3,JPTP,72,1.57792226265179
128,2,1995,3,JPTP,74,1.57792226265179
128,2,1995,3,JPTP,76,1.0519481751012
128,2,1995,3,JPTP,78,0
128,2,1995,3,JPTP,80,0
128,2,1995,3,JPTP,82,0
128,2,1995,3,JPTP,84,0
128,2,1995,3,JPTP,86,0
128,2,1995,3,JPTP,88,0
128,2,1995,3,JPTP,90,0
128,2,1995,3,JPTP,92,0
128,2,1995,3,JPTP,94,0
128,2,1995,3,JPTP,96,0
128,2,1995,3,JPTP,98,0
128,2,1995,3,JPTP,100,0
128,2,1995,3,JPTP,102,0
128,2,1995,3,JPTP,104,0
128,2,1995,3,JPTP,106,0
128,2,1995,3,JPTP,108,0
129,2,1995,4,JPTP,2,0
129,2,1995,4,JPTP,4,0
129,2,1995,4,JPTP,6,0
129,2,1995,4,JPTP,8,0
129,2,1995,4,JPTP,10,0
129,2,1995,4,JPTP,12,0
129,2,1995,4,JPTP,14,0
129,2,1995,4,JPTP,16,0
129,2,1995,4,JPTP,18,0
129,2,1995,4,JPTP,20,0
129,2,1995,4,JPTP,22,0
129,2,1995,4,JPTP,24,0
129,2,1995,4,JPTP,26,0
129,2,1995,4,JPTP,28,0.543506557135618
129,2,1995,4,JPTP,30,0
129,2,1995,4,JPTP,32,0.543506557135618
129,2,1995,4,JPTP,34,0.543506557135618
129,2,1995,4,JPTP,36,1.08701311427124
129,2,1995,4,JPTP,38,2.71753278567809
129,2,1995,4,JPTP,40,4.34805245708494
129,2,1995,4,JPTP,42,8.15259835703427
129,2,1995,4,JPTP,44,3.80454589994933
129,2,1995,4,JPTP,46,4.89155901422056
129,2,1995,4,JPTP,48,1.63051967140685
129,2,1995,4,JPTP,50,2.17402622854247
129,2,1995,4,JPTP,52,1.63051967140685
129,2,1995,4,JPTP,54,1.08701311427124
129,2,1995,4,JPTP,56,3.26103934281371
129,2,1995,4,JPTP,58,2.71753278567809
129,2,1995,4,JPTP,60,0
129,2,1995,4,JPTP,62,2.17402622854247
129,2,1995,4,JPTP,64,0
129,2,1995,4,JPTP,66,0.543506557135618
129,2,1995,4,JPTP,68,0
129,2,1995,4,JPTP,70,0.543506557135618
129,2,1995,4,JPTP,72,0
129,2,1995,4,JPTP,74,0
129,2,1995,4,JPTP,76,0
129,2,1995,4,JPTP,78,0
129,2,1995,4,JPTP,80,0
129,2,1995,4,JPTP,82,0
129,2,1995,4,JPTP,84,0
129,2,1995,4,JPTP,86,0
129,2,1995,4,JPTP,88,0
129,2,1995,4,JPTP,90,0
129,2,1995,4,JPTP,92,0
129,2,1995,4,JPTP,94,0
129,2,1995,4,JPTP,96,0
129,2,1995,4,JPTP,98,0
129,2,1995,4,JPTP,100,0
129,2,1995,4,JPTP,102,0
129,2,1995,4,JPTP,104,0
129,2,1995,4,JPTP,106,0
129,2,1995,4,JPTP,108,0
130,2,1996,3,JPTP,2,0
130,2,1996,3,JPTP,4,0
130,2,1996,3,JPTP,6,0
130,2,1996,3,JPTP,8,0
130,2,1996,3,JPTP,10,0
130,2,1996,3,JPTP,12,0
130,2,1996,3,JPTP,14,0
130,2,1996,3,JPTP,16,0
130,2,1996,3,JPTP,18,0
130,2,1996,3,JPTP,20,0
130,2,1996,3,JPTP,22,0
130,2,1996,3,JPTP,24,0
130,2,1996,3,JPTP,26,0
130,2,1996,3,JPTP,28,0.617621087654111
130,2,1996,3,JPTP,30,1
130,2,1996,3,JPTP,32,0
130,2,1996,3,JPTP,34,3.08810543827056
130,2,1996,3,JPTP,36,4.94096870123289
130,2,1996,3,JPTP,38,11.117179577774
130,2,1996,3,JPTP,40,24.7048435061645
130,2,1996,3,JPTP,42,12.9700428407363
130,2,1996,3,JPTP,44,11.7348006654281
130,2,1996,3,JPTP,46,7.41145305184934
130,2,1996,3,JPTP,48,8.64669522715756
130,2,1996,3,JPTP,50,8.64669522715756
130,2,1996,3,JPTP,52,4.32334761357878
130,2,1996,3,JPTP,54,6.17621087654111
130,2,1996,3,JPTP,56,6.17621087654111
130,2,1996,3,JPTP,58,1.23524217530822
130,2,1996,3,JPTP,60,0.617621087654111
130,2,1996,3,JPTP,62,1.85286326296233
130,2,1996,3,JPTP,64,3.08810543827056
130,2,1996,3,JPTP,66,1.23524217530822
130,2,1996,3,JPTP,68,1.85286326296233
130,2,1996,3,JPTP,70,1.23524217530822
130,2,1996,3,JPTP,72,0
130,2,1996,3,JPTP,74,0
130,2,1996,3,JPTP,76,0
130,2,1996,3,JPTP,78,0
130,2,1996,3,JPTP,80,0
130,2,1996,3,JPTP,82,0
130,2,1996,3,JPTP,84,0
130,2,1996,3,JPTP,86,0
130,2,1996,3,JPTP,88,0
130,2,1996,3,JPTP,90,0
130,2,1996,3,JPTP,92,0
130,2,1996,3,JPTP,94,0
130,2,1996,3,JPTP,96,0
130,2,1996,3,JPTP,98,0
130,2,1996,3,JPTP,100,0
130,2,1996,3,JPTP,102,0
130,2,1996,3,JPTP,104,0
130,2,1996,3,JPTP,106,0
130,2,1996,3,JPTP,108,0
131,2,1997,2,JPTP,2,0
131,2,1997,2,JPTP,4,0
131,2,1997,2,JPTP,6,0
131,2,1997,2,JPTP,8,0
131,2,1997,2,JPTP,10,0
131,2,1997,2,JPTP,12,0
131,2,1997,2,JPTP,14,0
131,2,1997,2,JPTP,16,0
131,2,1997,2,JPTP,18,0
131,2,1997,2,JPTP,20,0
131,2,1997,2,JPTP,22,0
131,2,1997,2,JPTP,24,0
131,2,1997,2,JPTP,26,0
131,2,1997,2,JPTP,28,0
131,2,1997,2,JPTP,30,0.679383196419522
131,2,1997,2,JPTP,32,0.679383196419522
131,2,1997,2,JPTP,34,0.679383196419522
131,2,1997,2,JPTP,36,3.39691598209761
131,2,1997,2,JPTP,38,4.75568237493666
131,2,1997,2,JPTP,40,7.47321516061475
131,2,1997,2,JPTP,42,6.79383196419522
131,2,1997,2,JPTP,44,14.26704712481
131,2,1997,2,JPTP,46,12.2288975355514
131,2,1997,2,JPTP,48,8.83198155345379
131,2,1997,2,JPTP,50,10
131,2,1997,2,JPTP,52,2.03814958925857
131,2,1997,2,JPTP,54,4.07629917851713
131,2,1997,2,JPTP,56,1.35876639283904
131,2,1997,2,JPTP,58,0.679383196419522
131,2,1997,2,JPTP,60,1.35876639283904
131,2,1997,2,JPTP,62,0.679383196419522
131,2,1997,2,JPTP,64,0.679383196419522
131,2,1997,2,JPTP,66,0.679383196419522
131,2,1997,2,JPTP,68,1.35876639283904
131,2,1997,2,JPTP,70,0
131,2,1997,2,JPTP,72,0
131,2,1997,2,JPTP,74,0
131,2,1997,2,JPTP,76,0
131,2,1997,2,JPTP,78,0
131,2,1997,2,JPTP,80,0
131,2,1997,2,JPTP,82,0
131,2,1997,2,JPTP,84,0
131,2,1997,2,JPTP,86,0
131,2,1997,2,JPTP,88,0
131,2,1997,2,JPTP,90,0
131,2,1997,2,JPTP,92,0
131,2,1997,2,JPTP,94,0
131,2,1997,2,JPTP,96,0
131,2,1997,2,JPTP,98,0
131,2,1997,2,JPTP,100,0
131,2,1997,2,JPTP,102,0
131,2,1997,2,JPTP,104,0
131,2,1997,2,JPTP,106,0
131,2,1997,2,JPTP,108,0
132,2,1997,3,JPTP,2,0
132,2,1997,3,JPTP,4,0
132,2,1997,3,JPTP,6,0
132,2,1997,3,JPTP,8,0
132,2,1997,3,JPTP,10,0
132,2,1997,3,JPTP,12,0
132,2,1997,3,JPTP,14,0
132,2,1997,3,JPTP,16,0
132,2,1997,3,JPTP,18,0
132,2,1997,3,JPTP,20,0
132,2,1997,3,JPTP,22,0
132,2,1997,3,JPTP,24,0
132,2,1997,3,JPTP,26,0.658795826831052
132,2,1997,3,JPTP,28,0
132,2,1997,3,JPTP,30,2.63518330732421
132,2,1997,3,JPTP,32,3.95277496098631
132,2,1997,3,JPTP,34,7.24675409514157
132,2,1997,3,JPTP,36,9.88193740246578
132,2,1997,3,JPTP,38,14.4935081902831
132,2,1997,3,JPTP,40,43.4805245708494
132,2,1997,3,JPTP,42,47.4332995318358
132,2,1997,3,JPTP,44,56.6564411074705
132,2,1997,3,JPTP,46,24.3754455927489
132,2,1997,3,JPTP,48,21.7402622854247
132,2,1997,3,JPTP,50,42.8217287440184
132,2,1997,3,JPTP,52,34.9161788220458
132,2,1997,3,JPTP,54,26.3518330732421
132,2,1997,3,JPTP,56,9.88193740246578
132,2,1997,3,JPTP,58,8.56434574880368
132,2,1997,3,JPTP,60,4.61157078781736
132,2,1997,3,JPTP,62,7.90554992197263
132,2,1997,3,JPTP,64,3.29397913415526
132,2,1997,3,JPTP,66,1.97638748049316
132,2,1997,3,JPTP,68,1.3175916536621
132,2,1997,3,JPTP,70,0.658795826831052
132,2,1997,3,JPTP,72,0.658795826831052
132,2,1997,3,JPTP,74,0
132,2,1997,3,JPTP,76,1.3175916536621
132,2,1997,3,JPTP,78,0
132,2,1997,3,JPTP,80,0
132,2,1997,3,JPTP,82,0
132,2,1997,3,JPTP,84,0
132,2,1997,3,JPTP,86,0
132,2,1997,3,JPTP,88,0
132,2,1997,3,JPTP,90,0
132,2,1997,3,JPTP,92,0
132,2,1997,3,JPTP,94,0
132,2,1997,3,JPTP,96,0
132,2,1997,3,JPTP,98,0
132,2,1997,3,JPTP,100,0
132,2,1997,3,JPTP,102,0
132,2,1997,3,JPTP,104,0
132,2,1997,3,JPTP,106,0
132,2,1997,3,JPTP,108,0
133,2,1997,4,JPTP,2,0
133,2,1997,4,JPTP,4,0
133,2,1997,4,JPTP,6,0
133,2,1997,4,JPTP,8,0
133,2,1997,4,JPTP,10,0
133,2,1997,4,JPTP,12,0
133,2,1997,4,JPTP,14,0
133,2,1997,4,JPTP,16,0
133,2,1997,4,JPTP,18,0
133,2,1997,4,JPTP,20,0
133,2,1997,4,JPTP,22,0
133,2,1997,4,JPTP,24,0
133,2,1997,4,JPTP,26,0
133,2,1997,4,JPTP,28,0
133,2,1997,4,JPTP,30,0.679383196419522
133,2,1997,4,JPTP,32,0.679383196419522
133,2,1997,4,JPTP,34,4.07629917851713
133,2,1997,4,JPTP,36,9.51136474987332
133,2,1997,4,JPTP,38,12.9082807319709
133,2,1997,4,JPTP,40,10.8701311427124
133,2,1997,4,JPTP,42,6.1144487677757
133,2,1997,4,JPTP,44,1.35876639283904
133,2,1997,4,JPTP,46,0
133,2,1997,4,JPTP,48,0
133,2,1997,4,JPTP,50,0
133,2,1997,4,JPTP,52,0
133,2,1997,4,JPTP,54,0
133,2,1997,4,JPTP,56,0
133,2,1997,4,JPTP,58,0
133,2,1997,4,JPTP,60,0
133,2,1997,4,JPTP,62,0
133,2,1997,4,JPTP,64,0
133,2,1997,4,JPTP,66,0
133,2,1997,4,JPTP,68,0
133,2,1997,4,JPTP,70,0
133,2,1997,4,JPTP,72,0
133,2,1997,4,JPTP,74,0
133,2,1997,4,JPTP,76,0
133,2,1997,4,JPTP,78,0
133,2,1997,4,JPTP,80,0
133,2,1997,4,JPTP,82,0
133,2,1997,4,JPTP,84,0
133,2,1997,4,JPTP,86,0
133,2,1997,4,JPTP,88,0
133,2,1997,4,JPTP,90,0
133,2,1997,4,JPTP,92,0
133,2,1997,4,JPTP,94,0
133,2,1997,4,JPTP,96,0
133,2,1997,4,JPTP,98,0
133,2,1997,4,JPTP,100,0
133,2,1997,4,JPTP,102,0
133,2,1997,4,JPTP,104,0
133,2,1997,4,JPTP,106,0
133,2,1997,4,JPTP,108,0
134,2,1998,3,JPTP,2,0
134,2,1998,3,JPTP,4,0
134,2,1998,3,JPTP,6,0
134,2,1998,3,JPTP,8,0
134,2,1998,3,JPTP,10,0
134,2,1998,3,JPTP,12,0
134,2,1998,3,JPTP,14,0
134,2,1998,3,JPTP,16,0
134,2,1998,3,JPTP,18,0
134,2,1998,3,JPTP,20,0
134,2,1998,3,JPTP,22,0
134,2,1998,3,JPTP,24,0
134,2,1998,3,JPTP,26,0
134,2,1998,3,JPTP,28,0
134,2,1998,3,JPTP,30,0
134,2,1998,3,JPTP,32,1.20779234919026
134,2,1998,3,JPTP,34,1.81168852378539
134,2,1998,3,JPTP,36,1.81168852378539
134,2,1998,3,JPTP,38,0
134,2,1998,3,JPTP,40,2.41558469838052
134,2,1998,3,JPTP,42,1.81168852378539
134,2,1998,3,JPTP,44,8.45454644433184
134,2,1998,3,JPTP,46,6.03896174595131
134,2,1998,3,JPTP,48,8.45454644433184
134,2,1998,3,JPTP,50,6.64285792054644
134,2,1998,3,JPTP,52,6.64285792054644
134,2,1998,3,JPTP,54,4.83116939676105
134,2,1998,3,JPTP,56,4.22727322216592
134,2,1998,3,JPTP,58,1.20779234919026
134,2,1998,3,JPTP,60,1.81168852378539
134,2,1998,3,JPTP,62,0
134,2,1998,3,JPTP,64,0
134,2,1998,3,JPTP,66,0
134,2,1998,3,JPTP,68,0
134,2,1998,3,JPTP,70,0
134,2,1998,3,JPTP,72,0
134,2,1998,3,JPTP,74,0
134,2,1998,3,JPTP,76,0
134,2,1998,3,JPTP,78,0
134,2,1998,3,JPTP,80,0
134,2,1998,3,JPTP,82,0
134,2,1998,3,JPTP,84,0
134,2,1998,3,JPTP,86,0
134,2,1998,3,JPTP,88,0
134,2,1998,3,JPTP,90,0
134,2,1998,3,JPTP,92,0
134,2,1998,3,JPTP,94,0
134,2,1998,3,JPTP,96,0
134,2,1998,3,JPTP,98,0
134,2,1998,3,JPTP,100,0
134,2,1998,3,JPTP,102,0
134,2,1998,3,JPTP,104,0
134,2,1998,3,JPTP,106,0
134,2,1998,3,JPTP,108,0
135,2,1998,4,JPTP,2,0
135,2,1998,4,JPTP,4,0
135,2,1998,4,JPTP,6,0
135,2,1998,4,JPTP,8,0
135,2,1998,4,JPTP,10,0
135,2,1998,4,JPTP,12,0
135,2,1998,4,JPTP,14,0
135,2,1998,4,JPTP,16,0
135,2,1998,4,JPTP,18,0
135,2,1998,4,JPTP,20,0
135,2,1998,4,JPTP,22,0
135,2,1998,4,JPTP,24,0
135,2,1998,4,JPTP,26,0
135,2,1998,4,JPTP,28,0
135,2,1998,4,JPTP,30,0.679383196419522
135,2,1998,4,JPTP,32,4.75568237493666
135,2,1998,4,JPTP,34,24.4577950711028
135,2,1998,4,JPTP,36,19.0227294997466
135,2,1998,4,JPTP,38,6.1144487677757
135,2,1998,4,JPTP,40,2.03814958925857
135,2,1998,4,JPTP,42,0
135,2,1998,4,JPTP,44,0
135,2,1998,4,JPTP,46,0
135,2,1998,4,JPTP,48,0
135,2,1998,4,JPTP,50,0
135,2,1998,4,JPTP,52,0
135,2,1998,4,JPTP,54,0
135,2,1998,4,JPTP,56,0
135,2,1998,4,JPTP,58,0
135,2,1998,4,JPTP,60,0
135,2,1998,4,JPTP,62,0
135,2,1998,4,JPTP,64,0
135,2,1998,4,JPTP,66,0
135,2,1998,4,JPTP,68,0
135,2,1998,4,JPTP,70,0
135,2,1998,4,JPTP,72,0
135,2,1998,4,JPTP,74,0
135,2,1998,4,JPTP,76,0
135,2,1998,4,JPTP,78,0
135,2,1998,4,JPTP,80,0
135,2,1998,4,JPTP,82,0
135,2,1998,4,JPTP,84,0
135,2,1998,4,JPTP,86,0
135,2,1998,4,JPTP,88,0
135,2,1998,4,JPTP,90,0
135,2,1998,4,JPTP,92,0
135,2,1998,4,JPTP,94,0
135,2,1998,4,JPTP,96,0
135,2,1998,4,JPTP,98,0
135,2,1998,4,JPTP,100,0
135,2,1998,4,JPTP,102,0
135,2,1998,4,JPTP,104,0
135,2,1998,4,JPTP,106,0
135,2,1998,4,JPTP,108,0
136,2,1999,2,JPTP,2,0
136,2,1999,2,JPTP,4,0
136,2,1999,2,JPTP,6,0
136,2,1999,2,JPTP,8,0
136,2,1999,2,JPTP,10,0
136,2,1999,2,JPTP,12,0
136,2,1999,2,JPTP,14,0
136,2,1999,2,JPTP,16,0
136,2,1999,2,JPTP,18,0
136,2,1999,2,JPTP,20,0
136,2,1999,2,JPTP,22,0
136,2,1999,2,JPTP,24,0
136,2,1999,2,JPTP,26,0
136,2,1999,2,JPTP,28,3.32897766245566
136,2,1999,2,JPTP,30,7.32375085740245
136,2,1999,2,JPTP,32,5.99215979242019
136,2,1999,2,JPTP,34,1.33159106498226
136,2,1999,2,JPTP,36,1.33159106498226
136,2,1999,2,JPTP,38,0
136,2,1999,2,JPTP,40,0
136,2,1999,2,JPTP,42,0
136,2,1999,2,JPTP,44,0.665795532491132
136,2,1999,2,JPTP,46,7.32375085740245
136,2,1999,2,JPTP,48,39.2819364169768
136,2,1999,2,JPTP,50,93.8771700812496
136,2,1999,2,JPTP,52,35.9529587545211
136,2,1999,2,JPTP,54,11.9843195848404
136,2,1999,2,JPTP,56,0.665795532491132
136,2,1999,2,JPTP,58,0
136,2,1999,2,JPTP,60,0
136,2,1999,2,JPTP,62,0
136,2,1999,2,JPTP,64,0
136,2,1999,2,JPTP,66,0
136,2,1999,2,JPTP,68,0
136,2,1999,2,JPTP,70,0
136,2,1999,2,JPTP,72,0
136,2,1999,2,JPTP,74,0
136,2,1999,2,JPTP,76,0
136,2,1999,2,JPTP,78,0
136,2,1999,2,JPTP,80,0
136,2,1999,2,JPTP,82,0
136,2,1999,2,JPTP,84,0
136,2,1999,2,JPTP,86,0
136,2,1999,2,JPTP,88,0
136,2,1999,2,JPTP,90,0
136,2,1999,2,JPTP,92,0
136,2,1999,2,JPTP,94,0
136,2,1999,2,JPTP,96,0
136,2,1999,2,JPTP,98,0
136,2,1999,2,JPTP,100,0
136,2,1999,2,JPTP,102,0
136,2,1999,2,JPTP,104,0
136,2,1999,2,JPTP,106,0
136,2,1999,2,JPTP,108,0
137,2,1999,3,JPTP,2,0
137,2,1999,3,JPTP,4,0
137,2,1999,3,JPTP,6,0
137,2,1999,3,JPTP,8,0
137,2,1999,3,JPTP,10,0
137,2,1999,3,JPTP,12,0
137,2,1999,3,JPTP,14,0
137,2,1999,3,JPTP,16,0
137,2,1999,3,JPTP,18,0
137,2,1999,3,JPTP,20,0
137,2,1999,3,JPTP,22,0
137,2,1999,3,JPTP,24,0
137,2,1999,3,JPTP,26,0
137,2,1999,3,JPTP,28,2.59937918630078
137,2,1999,3,JPTP,30,11.0473615417783
137,2,1999,3,JPTP,32,31.8423950321846
137,2,1999,3,JPTP,34,62.3851004712188
137,2,1999,3,JPTP,36,43.5396013705381
137,2,1999,3,JPTP,38,33.142084625335
137,2,1999,3,JPTP,40,63.6847900643692
137,2,1999,3,JPTP,42,54.5869629123164
137,2,1999,3,JPTP,44,49.3882045397149
137,2,1999,3,JPTP,46,31.8423950321846
137,2,1999,3,JPTP,48,21.4448782869814
137,2,1999,3,JPTP,50,13.6467407280791
137,2,1999,3,JPTP,52,14.2965855246543
137,2,1999,3,JPTP,54,13.6467407280791
137,2,1999,3,JPTP,56,7.79813755890235
137,2,1999,3,JPTP,58,4.54891357602637
137,2,1999,3,JPTP,60,4.54891357602637
137,2,1999,3,JPTP,62,4.54891357602637
137,2,1999,3,JPTP,64,3.24922398287598
137,2,1999,3,JPTP,66,2.59937918630078
137,2,1999,3,JPTP,68,3.24922398287598
137,2,1999,3,JPTP,70,0.649844796575195
137,2,1999,3,JPTP,72,1.29968959315039
137,2,1999,3,JPTP,74,0.649844796575195
137,2,1999,3,JPTP,76,0.649844796575195
137,2,1999,3,JPTP,78,0
137,2,1999,3,JPTP,80,0
137,2,1999,3,JPTP,82,0
137,2,1999,3,JPTP,84,0
137,2,1999,3,JPTP,86,0
137,2,1999,3,JPTP,88,0
137,2,1999,3,JPTP,90,0
137,2,1999,3,JPTP,92,0
137,2,1999,3,JPTP,94,0
137,2,1999,3,JPTP,96,0
137,2,1999,3,JPTP,98,0
137,2,1999,3,JPTP,100,0
137,2,1999,3,JPTP,102,0
137,2,1999,3,JPTP,104,0
137,2,1999,3,JPTP,106,0
137,2,1999,3,JPTP,108,0
138,2,1999,4,JPTP,2,0
138,2,1999,4,JPTP,4,0
138,2,1999,4,JPTP,6,0
138,2,1999,4,JPTP,8,0
138,2,1999,4,JPTP,10,0
138,2,1999,4,JPTP,12,0
138,2,1999,4,JPTP,14,0
138,2,1999,4,JPTP,16,0
138,2,1999,4,JPTP,18,0
138,2,1999,4,JPTP,20,0
138,2,1999,4,JPTP,22,0
138,2,1999,4,JPTP,24,0
138,2,1999,4,JPTP,26,0
138,2,1999,4,JPTP,28,0
138,2,1999,4,JPTP,30,0
138,2,1999,4,JPTP,32,0
138,2,1999,4,JPTP,34,4.75568237493666
138,2,1999,4,JPTP,36,13.5876639283904
138,2,1999,4,JPTP,38,1.35876639283904
138,2,1999,4,JPTP,40,8.15259835703427
138,2,1999,4,JPTP,42,14.9464303212295
138,2,1999,4,JPTP,44,8.15259835703427
138,2,1999,4,JPTP,46,3.39691598209761
138,2,1999,4,JPTP,48,6.1144487677757
138,2,1999,4,JPTP,50,2.71753278567809
138,2,1999,4,JPTP,52,3.39691598209761
138,2,1999,4,JPTP,54,0.679383196419522
138,2,1999,4,JPTP,56,0
138,2,1999,4,JPTP,58,1
138,2,1999,4,JPTP,60,0
138,2,1999,4,JPTP,62,0
138,2,1999,4,JPTP,64,0
138,2,1999,4,JPTP,66,0
138,2,1999,4,JPTP,68,0
138,2,1999,4,JPTP,70,0
138,2,1999,4,JPTP,72,0
138,2,1999,4,JPTP,74,0
138,2,1999,4,JPTP,76,0
138,2,1999,4,JPTP,78,0
138,2,1999,4,JPTP,80,0
138,2,1999,4,JPTP,82,0
138,2,1999,4,JPTP,84,0
138,2,1999,4,JPTP,86,0
138,2,1999,4,JPTP,88,0
138,2,1999,4,JPTP,90,0
138,2,1999,4,JPTP,92,0
138,2,1999,4,JPTP,94,0
138,2,1999,4,JPTP,96,0
138,2,1999,4,JPTP,98,0
138,2,1999,4,JPTP,100,0
138,2,1999,4,JPTP,102,0
138,2,1999,4,JPTP,104,0
138,2,1999,4,JPTP,106,0
138,2,1999,4,JPTP,108,0
139,2,2000,3,JPTP,2,0
139,2,2000,3,JPTP,4,0
139,2,2000,3,JPTP,6,0
139,2,2000,3,JPTP,8,0
139,2,2000,3,JPTP,10,0
139,2,2000,3,JPTP,12,0
139,2,2000,3,JPTP,14,0
139,2,2000,3,JPTP,16,0
139,2,2000,3,JPTP,18,0
139,2,2000,3,JPTP,20,0
139,2,2000,3,JPTP,22,0
139,2,2000,3,JPTP,24,0
139,2,2000,3,JPTP,26,0
139,2,2000,3,JPTP,28,0.452922130946348
139,2,2000,3,JPTP,30,0.905844261892697
139,2,2000,3,JPTP,32,9.51136474987331
139,2,2000,3,JPTP,34,25.8165614639419
139,2,2000,3,JPTP,36,26.2694835948882
139,2,2000,3,JPTP,38,5.43506557135618
139,2,2000,3,JPTP,40,0.905844261892697
139,2,2000,3,JPTP,42,0
139,2,2000,3,JPTP,44,0
139,2,2000,3,JPTP,46,0
139,2,2000,3,JPTP,48,0
139,2,2000,3,JPTP,50,0
139,2,2000,3,JPTP,52,0
139,2,2000,3,JPTP,54,0
139,2,2000,3,JPTP,56,0
139,2,2000,3,JPTP,58,0
139,2,2000,3,JPTP,60,0
139,2,2000,3,JPTP,62,0
139,2,2000,3,JPTP,64,0
139,2,2000,3,JPTP,66,0
139,2,2000,3,JPTP,68,0
139,2,2000,3,JPTP,70,0
139,2,2000,3,JPTP,72,0
139,2,2000,3,JPTP,74,0
139,2,2000,3,JPTP,76,0
139,2,2000,3,JPTP,78,0
139,2,2000,3,JPTP,80,0
139,2,2000,3,JPTP,82,0
139,2,2000,3,JPTP,84,0
139,2,2000,3,JPTP,86,0
139,2,2000,3,JPTP,88,0
139,2,2000,3,JPTP,90,0
139,2,2000,3,JPTP,92,0
139,2,2000,3,JPTP,94,0
139,2,2000,3,JPTP,96,0
139,2,2000,3,JPTP,98,0
139,2,2000,3,JPTP,100,0
139,2,2000,3,JPTP,102,0
139,2,2000,3,JPTP,104,0
139,2,2000,3,JPTP,106,0
139,2,2000,3,JPTP,108,0
140,2,2000,4,JPTP,2,0
140,2,2000,4,JPTP,4,0
140,2,2000,4,JPTP,6,0
140,2,2000,4,JPTP,8,0
140,2,2000,4,JPTP,10,0
140,2,2000,4,JPTP,12,0
140,2,2000,4,JPTP,14,0
140,2,2000,4,JPTP,16,0
140,2,2000,4,JPTP,18,0
140,2,2000,4,JPTP,20,0
140,2,2000,4,JPTP,22,0
140,2,2000,4,JPTP,24,0
140,2,2000,4,JPTP,26,0
140,2,2000,4,JPTP,28,0
140,2,2000,4,JPTP,30,0
140,2,2000,4,JPTP,32,10.8701311427124
140,2,2000,4,JPTP,34,43.4805245708494
140,2,2000,4,JPTP,36,28.5340942496199
140,2,2000,4,JPTP,38,21.0608790890052
140,2,2000,4,JPTP,40,11.5495143391319
140,2,2000,4,JPTP,42,2.03814958925857
140,2,2000,4,JPTP,44,0.679383196419522
140,2,2000,4,JPTP,46,0
140,2,2000,4,JPTP,48,0
140,2,2000,4,JPTP,50,0
140,2,2000,4,JPTP,52,0
140,2,2000,4,JPTP,54,0
140,2,2000,4,JPTP,56,0
140,2,2000,4,JPTP,58,0
140,2,2000,4,JPTP,60,0
140,2,2000,4,JPTP,62,0
140,2,2000,4,JPTP,64,0
140,2,2000,4,JPTP,66,0
140,2,2000,4,JPTP,68,0
140,2,2000,4,JPTP,70,0
140,2,2000,4,JPTP,72,0
140,2,2000,4,JPTP,74,0
140,2,2000,4,JPTP,76,0
140,2,2000,4,JPTP,78,0
140,2,2000,4,JPTP,80,0
140,2,2000,4,JPTP,82,0
140,2,2000,4,JPTP,84,0
140,2,2000,4,JPTP,86,0
140,2,2000,4,JPTP,88,0
140,2,2000,4,JPTP,90,0
140,2,2000,4,JPTP,92,0
140,2,2000,4,JPTP,94,0
140,2,2000,4,JPTP,96,0
140,2,2000,4,JPTP,98,0
140,2,2000,4,JPTP,100,0
140,2,2000,4,JPTP,102,0
140,2,2000,4,JPTP,104,0
140,2,2000,4,JPTP,106,0
140,2,2000,4,JPTP,108,0
141,2,2001,2,JPTP,2,0
141,2,2001,2,JPTP,4,0
141,2,2001,2,JPTP,6,0
141,2,2001,2,JPTP,8,0
141,2,2001,2,JPTP,10,0
141,2,2001,2,JPTP,12,0
141,2,2001,2,JPTP,14,0
141,2,2001,2,JPTP,16,0
141,2,2001,2,JPTP,18,0
141,2,2001,2,JPTP,20,0
141,2,2001,2,JPTP,22,0
141,2,2001,2,JPTP,24,0
141,2,2001,2,JPTP,26,0
141,2,2001,2,JPTP,28,0
141,2,2001,2,JPTP,30,0
141,2,2001,2,JPTP,32,0.649844796575195
141,2,2001,2,JPTP,34,0.649844796575195
141,2,2001,2,JPTP,36,5.19875837260156
141,2,2001,2,JPTP,38,11.0473615417783
141,2,2001,2,JPTP,40,5.84860316917676
141,2,2001,2,JPTP,42,5.19875837260156
141,2,2001,2,JPTP,44,5.84860316917676
141,2,2001,2,JPTP,46,9.09782715205274
141,2,2001,2,JPTP,48,16.8959647109551
141,2,2001,2,JPTP,50,20.7950334904063
141,2,2001,2,JPTP,52,21.4448782869814
141,2,2001,2,JPTP,54,30.5427054390342
141,2,2001,2,JPTP,56,13.6467407280791
141,2,2001,2,JPTP,58,5.19875837260156
141,2,2001,2,JPTP,60,1
141,2,2001,2,JPTP,62,0
141,2,2001,2,JPTP,64,1
141,2,2001,2,JPTP,66,0
141,2,2001,2,JPTP,68,0
141,2,2001,2,JPTP,70,0
141,2,2001,2,JPTP,72,0
141,2,2001,2,JPTP,74,0
141,2,2001,2,JPTP,76,0
141,2,2001,2,JPTP,78,0
141,2,2001,2,JPTP,80,0
141,2,2001,2,JPTP,82,0
141,2,2001,2,JPTP,84,0
141,2,2001,2,JPTP,86,0
141,2,2001,2,JPTP,88,0
141,2,2001,2,JPTP,90,0
141,2,2001,2,JPTP,92,0
141,2,2001,2,JPTP,94,0
141,2,2001,2,JPTP,96,0
141,2,2001,2,JPTP,98,0
141,2,2001,2,JPTP,100,0
141,2,2001,2,JPTP,102,0
141,2,2001,2,JPTP,104,0
141,2,2001,2,JPTP,106,0
141,2,2001,2,JPTP,108,0
142,2,2001,3,JPTP,2,0
142,2,2001,3,JPTP,4,0
142,2,2001,3,JPTP,6,0
142,2,2001,3,JPTP,8,0
142,2,2001,3,JPTP,10,0
142,2,2001,3,JPTP,12,0
142,2,2001,3,JPTP,14,0
142,2,2001,3,JPTP,16,0
142,2,2001,3,JPTP,18,0
142,2,2001,3,JPTP,20,0
142,2,2001,3,JPTP,22,0
142,2,2001,3,JPTP,24,0
142,2,2001,3,JPTP,26,0
142,2,2001,3,JPTP,28,0
142,2,2001,3,JPTP,30,0
142,2,2001,3,JPTP,32,0
142,2,2001,3,JPTP,34,0.639807476239745
142,2,2001,3,JPTP,36,17.9146093347128
142,2,2001,3,JPTP,38,42.8671009080629
142,2,2001,3,JPTP,40,50.5447906229398
142,2,2001,3,JPTP,42,17.9146093347128
142,2,2001,3,JPTP,44,22.3932616683911
142,2,2001,3,JPTP,46,62.0613251952552
142,2,2001,3,JPTP,48,87.653624244845
142,2,2001,3,JPTP,50,129.880917676668
142,2,2001,3,JPTP,52,126.04207281923
142,2,2001,3,JPTP,54,116.444960675634
142,2,2001,3,JPTP,56,78.6963195774886
142,2,2001,3,JPTP,58,21.7534541921513
142,2,2001,3,JPTP,60,3.83884485743847
142,2,2001,3,JPTP,62,0.639807476239745
142,2,2001,3,JPTP,64,0
142,2,2001,3,JPTP,66,0.639807476239745
142,2,2001,3,JPTP,68,0
142,2,2001,3,JPTP,70,0
142,2,2001,3,JPTP,72,0
142,2,2001,3,JPTP,74,0
142,2,2001,3,JPTP,76,0
142,2,2001,3,JPTP,78,0
142,2,2001,3,JPTP,80,0
142,2,2001,3,JPTP,82,0
142,2,2001,3,JPTP,84,0
142,2,2001,3,JPTP,86,0
142,2,2001,3,JPTP,88,0
142,2,2001,3,JPTP,90,0
142,2,2001,3,JPTP,92,0
142,2,2001,3,JPTP,94,0
142,2,2001,3,JPTP,96,0
142,2,2001,3,JPTP,98,0
142,2,2001,3,JPTP,100,0
142,2,2001,3,JPTP,102,0
142,2,2001,3,JPTP,104,0
142,2,2001,3,JPTP,106,0
142,2,2001,3,JPTP,108,0
143,2,2002,2,JPTP,2,0
143,2,2002,2,JPTP,4,0
143,2,2002,2,JPTP,6,0
143,2,2002,2,JPTP,8,0
143,2,2002,2,JPTP,10,0
143,2,2002,2,JPTP,12,0
143,2,2002,2,JPTP,14,0
143,2,2002,2,JPTP,16,0
143,2,2002,2,JPTP,18,0
143,2,2002,2,JPTP,20,0
143,2,2002,2,JPTP,22,0
143,2,2002,2,JPTP,24,0
143,2,2002,2,JPTP,26,0
143,2,2002,2,JPTP,28,0
143,2,2002,2,JPTP,30,0
143,2,2002,2,JPTP,32,1.29082807319709
143,2,2002,2,JPTP,34,11.6174526587738
143,2,2002,2,JPTP,36,11.6174526587738
143,2,2002,2,JPTP,38,16.1353509149637
143,2,2002,2,JPTP,40,22.5894912809491
143,2,2002,2,JPTP,42,20.6532491711535
143,2,2002,2,JPTP,44,87.1308949408038
143,2,2002,2,JPTP,46,43.8881544887012
143,2,2002,2,JPTP,48,23.2349053175477
143,2,2002,2,JPTP,50,20.0078351345549
143,2,2002,2,JPTP,52,4.51789825618982
143,2,2002,2,JPTP,54,1.29082807319709
143,2,2002,2,JPTP,56,0
143,2,2002,2,JPTP,58,1.93624210979564
143,2,2002,2,JPTP,60,1.29082807319709
143,2,2002,2,JPTP,62,0.645414036598546
143,2,2002,2,JPTP,64,1.29082807319709
143,2,2002,2,JPTP,66,0.645414036598546
143,2,2002,2,JPTP,68,0
143,2,2002,2,JPTP,70,0
143,2,2002,2,JPTP,72,0.645414036598546
143,2,2002,2,JPTP,74,0
143,2,2002,2,JPTP,76,0
143,2,2002,2,JPTP,78,0
143,2,2002,2,JPTP,80,0
143,2,2002,2,JPTP,82,0
143,2,2002,2,JPTP,84,0
143,2,2002,2,JPTP,86,0
143,2,2002,2,JPTP,88,0
143,2,2002,2,JPTP,90,0
143,2,2002,2,JPTP,92,0
143,2,2002,2,JPTP,94,0
143,2,2002,2,JPTP,96,0
143,2,2002,2,JPTP,98,0
143,2,2002,2,JPTP,100,0
143,2,2002,2,JPTP,102,0
143,2,2002,2,JPTP,104,0
143,2,2002,2,JPTP,106,0
143,2,2002,2,JPTP,108,0
144,2,2002,3,JPTP,2,0
144,2,2002,3,JPTP,4,0
144,2,2002,3,JPTP,6,0
144,2,2002,3,JPTP,8,0
144,2,2002,3,JPTP,10,0
144,2,2002,3,JPTP,12,0
144,2,2002,3,JPTP,14,0
144,2,2002,3,JPTP,16,0
144,2,2002,3,JPTP,18,0
144,2,2002,3,JPTP,20,0
144,2,2002,3,JPTP,22,0
144,2,2002,3,JPTP,24,0
144,2,2002,3,JPTP,26,0
144,2,2002,3,JPTP,28,0
144,2,2002,3,JPTP,30,0.659690929856638
144,2,2002,3,JPTP,32,0
144,2,2002,3,JPTP,34,11.2147458075628
144,2,2002,3,JPTP,36,98.9536394784957
144,2,2002,3,JPTP,38,153.04829572674
144,2,2002,3,JPTP,40,127.980040392188
144,2,2002,3,JPTP,42,98.9536394784957
144,2,2002,3,JPTP,44,179.435932921005
144,2,2002,3,JPTP,46,517.197689007604
144,2,2002,3,JPTP,48,263.876371942655
144,2,2002,3,JPTP,50,147.11107735803
144,2,2002,3,JPTP,52,60.031874616954
144,2,2002,3,JPTP,54,36.2830011421151
144,2,2002,3,JPTP,56,12.5341276672761
144,2,2002,3,JPTP,58,5.2775274388531
144,2,2002,3,JPTP,60,3.29845464928319
144,2,2002,3,JPTP,62,0
144,2,2002,3,JPTP,64,0
144,2,2002,3,JPTP,66,0
144,2,2002,3,JPTP,68,0
144,2,2002,3,JPTP,70,0
144,2,2002,3,JPTP,72,0
144,2,2002,3,JPTP,74,0
144,2,2002,3,JPTP,76,0
144,2,2002,3,JPTP,78,0
144,2,2002,3,JPTP,80,0
144,2,2002,3,JPTP,82,0
144,2,2002,3,JPTP,84,0
144,2,2002,3,JPTP,86,0
144,2,2002,3,JPTP,88,0
144,2,2002,3,JPTP,90,0
144,2,2002,3,JPTP,92,0
144,2,2002,3,JPTP,94,0
144,2,2002,3,JPTP,96,0
144,2,2002,3,JPTP,98,0
144,2,2002,3,JPTP,100,0
144,2,2002,3,JPTP,102,0
144,2,2002,3,JPTP,104,0
144,2,2002,3,JPTP,106,0
144,2,2002,3,JPTP,108,0
145,2,2003,2,JPTP,2,0
145,2,2003,2,JPTP,4,0
145,2,2003,2,JPTP,6,0
145,2,2003,2,JPTP,8,0
145,2,2003,2,JPTP,10,0
145,2,2003,2,JPTP,12,0
145,2,2003,2,JPTP,14,0
145,2,2003,2,JPTP,16,0
145,2,2003,2,JPTP,18,0
145,2,2003,2,JPTP,20,0
145,2,2003,2,JPTP,22,0
145,2,2003,2,JPTP,24,0
145,2,2003,2,JPTP,26,0
145,2,2003,2,JPTP,28,0
145,2,2003,2,JPTP,30,0
145,2,2003,2,JPTP,32,0
145,2,2003,2,JPTP,34,0
145,2,2003,2,JPTP,36,0
145,2,2003,2,JPTP,38,0
145,2,2003,2,JPTP,40,1.01907479462928
145,2,2003,2,JPTP,42,8.66213575434891
145,2,2003,2,JPTP,44,23.4387202764735
145,2,2003,2,JPTP,46,23.9482576737882
145,2,2003,2,JPTP,48,11.2098227409221
145,2,2003,2,JPTP,50,3.05722438388785
145,2,2003,2,JPTP,52,0.509537397314642
145,2,2003,2,JPTP,54,0
145,2,2003,2,JPTP,56,0
145,2,2003,2,JPTP,58,0
145,2,2003,2,JPTP,60,0
145,2,2003,2,JPTP,62,0
145,2,2003,2,JPTP,64,0
145,2,2003,2,JPTP,66,0
145,2,2003,2,JPTP,68,0
145,2,2003,2,JPTP,70,0
145,2,2003,2,JPTP,72,0
145,2,2003,2,JPTP,74,0
145,2,2003,2,JPTP,76,0
145,2,2003,2,JPTP,78,0
145,2,2003,2,JPTP,80,0
145,2,2003,2,JPTP,82,0
145,2,2003,2,JPTP,84,0
145,2,2003,2,JPTP,86,0
145,2,2003,2,JPTP,88,0
145,2,2003,2,JPTP,90,0
145,2,2003,2,JPTP,92,0
145,2,2003,2,JPTP,94,0
145,2,2003,2,JPTP,96,0
145,2,2003,2,JPTP,98,0
145,2,2003,2,JPTP,100,0
145,2,2003,2,JPTP,102,0
145,2,2003,2,JPTP,104,0
145,2,2003,2,JPTP,106,0
145,2,2003,2,JPTP,108,0
146,2,2003,3,JPTP,2,0
146,2,2003,3,JPTP,4,0
146,2,2003,3,JPTP,6,0
146,2,2003,3,JPTP,8,0
146,2,2003,3,JPTP,10,0
146,2,2003,3,JPTP,12,0
146,2,2003,3,JPTP,14,0
146,2,2003,3,JPTP,16,0
146,2,2003,3,JPTP,18,0
146,2,2003,3,JPTP,20,0
146,2,2003,3,JPTP,22,0
146,2,2003,3,JPTP,24,0
146,2,2003,3,JPTP,26,0
146,2,2003,3,JPTP,28,0
146,2,2003,3,JPTP,30,0
146,2,2003,3,JPTP,32,0
146,2,2003,3,JPTP,34,0
146,2,2003,3,JPTP,36,0
146,2,2003,3,JPTP,38,0.669584400317318
146,2,2003,3,JPTP,40,8.70459720412513
146,2,2003,3,JPTP,42,54.2363364257028
146,2,2003,3,JPTP,44,212.25825490059
146,2,2003,3,JPTP,46,237.702462112648
146,2,2003,3,JPTP,48,202.21448889583
146,2,2003,3,JPTP,50,133.916880063464
146,2,2003,3,JPTP,52,46.8709080222123
146,2,2003,3,JPTP,54,32.1400512152313
146,2,2003,3,JPTP,56,11.3829348053944
146,2,2003,3,JPTP,58,10.0437660047598
146,2,2003,3,JPTP,60,7.3654284034905
146,2,2003,3,JPTP,62,0
146,2,2003,3,JPTP,64,0
146,2,2003,3,JPTP,66,0
146,2,2003,3,JPTP,68,0
146,2,2003,3,JPTP,70,0
146,2,2003,3,JPTP,72,0
146,2,2003,3,JPTP,74,0
146,2,2003,3,JPTP,76,0
146,2,2003,3,JPTP,78,0
146,2,2003,3,JPTP,80,0
146,2,2003,3,JPTP,82,0
146,2,2003,3,JPTP,84,0
146,2,2003,3,JPTP,86,0
146,2,2003,3,JPTP,88,0
146,2,2003,3,JPTP,90,0
146,2,2003,3,JPTP,92,0
146,2,2003,3,JPTP,94,0
146,2,2003,3,JPTP,96,0
146,2,2003,3,JPTP,98,0
146,2,2003,3,JPTP,100,0
146,2,2003,3,JPTP,102,0
146,2,2003,3,JPTP,104,0
146,2,2003,3,JPTP,106,0
146,2,2003,3,JPTP,108,0
147,2,2003,4,JPTP,2,0
147,2,2003,4,JPTP,4,0
147,2,2003,4,JPTP,6,0
147,2,2003,4,JPTP,8,0
147,2,2003,4,JPTP,10,0
147,2,2003,4,JPTP,12,0
147,2,2003,4,JPTP,14,0
147,2,2003,4,JPTP,16,0
147,2,2003,4,JPTP,18,0
147,2,2003,4,JPTP,20,0
147,2,2003,4,JPTP,22,0
147,2,2003,4,JPTP,24,0
147,2,2003,4,JPTP,26,0
147,2,2003,4,JPTP,28,0
147,2,2003,4,JPTP,30,0
147,2,2003,4,JPTP,32,0
147,2,2003,4,JPTP,34,0
147,2,2003,4,JPTP,36,0
147,2,2003,4,JPTP,38,0
147,2,2003,4,JPTP,40,0
147,2,2003,4,JPTP,42,0
147,2,2003,4,JPTP,44,0
147,2,2003,4,JPTP,46,0
147,2,2003,4,JPTP,48,1.35876639283904
147,2,2003,4,JPTP,50,10.8701311427124
147,2,2003,4,JPTP,52,19.7021126961662
147,2,2003,4,JPTP,54,19.0227294997466
147,2,2003,4,JPTP,56,12.9082807319709
147,2,2003,4,JPTP,58,2.71753278567809
147,2,2003,4,JPTP,60,0.679383196419522
147,2,2003,4,JPTP,62,0
147,2,2003,4,JPTP,64,0
147,2,2003,4,JPTP,66,0
147,2,2003,4,JPTP,68,0
147,2,2003,4,JPTP,70,0
147,2,2003,4,JPTP,72,0
147,2,2003,4,JPTP,74,0
147,2,2003,4,JPTP,76,0
147,2,2003,4,JPTP,78,0
147,2,2003,4,JPTP,80,0
147,2,2003,4,JPTP,82,0
147,2,2003,4,JPTP,84,0
147,2,2003,4,JPTP,86,0
147,2,2003,4,JPTP,88,0
147,2,2003,4,JPTP,90,0
147,2,2003,4,JPTP,92,0
147,2,2003,4,JPTP,94,0
147,2,2003,4,JPTP,96,0
147,2,2003,4,JPTP,98,0
147,2,2003,4,JPTP,100,0
147,2,2003,4,JPTP,102,0
147,2,2003,4,JPTP,104,0
147,2,2003,4,JPTP,106,0
147,2,2003,4,JPTP,108,0
148,2,2004,2,JPTP,2,0
148,2,2004,2,JPTP,4,0
148,2,2004,2,JPTP,6,0
148,2,2004,2,JPTP,8,0
148,2,2004,2,JPTP,10,0
148,2,2004,2,JPTP,12,0
148,2,2004,2,JPTP,14,0
148,2,2004,2,JPTP,16,0
148,2,2004,2,JPTP,18,0
148,2,2004,2,JPTP,20,0
148,2,2004,2,JPTP,22,0
148,2,2004,2,JPTP,24,0
148,2,2004,2,JPTP,26,0
148,2,2004,2,JPTP,28,0
148,2,2004,2,JPTP,30,0
148,2,2004,2,JPTP,32,0
148,2,2004,2,JPTP,34,0
148,2,2004,2,JPTP,36,3.99558038290293
148,2,2004,2,JPTP,38,7.32523070198871
148,2,2004,2,JPTP,40,19.9779019145147
148,2,2004,2,JPTP,42,23.3075522336005
148,2,2004,2,JPTP,44,68.590796573167
148,2,2004,2,JPTP,46,91.2324187429503
148,2,2004,2,JPTP,48,98.557649444939
148,2,2004,2,JPTP,50,75.2500972113386
148,2,2004,2,JPTP,52,32.6305731270406
148,2,2004,2,JPTP,54,21.9756921059661
148,2,2004,2,JPTP,56,7.32523070198871
148,2,2004,2,JPTP,58,3.32965031908578
148,2,2004,2,JPTP,60,37.2920835737607
148,2,2004,2,JPTP,62,5.32744051053725
148,2,2004,2,JPTP,64,9.98895095725734
148,2,2004,2,JPTP,66,3.32965031908578
148,2,2004,2,JPTP,68,0.665930063817156
148,2,2004,2,JPTP,70,1.99779019145147
148,2,2004,2,JPTP,72,0
148,2,2004,2,JPTP,74,0
148,2,2004,2,JPTP,76,0
148,2,2004,2,JPTP,78,0
148,2,2004,2,JPTP,80,0
148,2,2004,2,JPTP,82,0
148,2,2004,2,JPTP,84,0
148,2,2004,2,JPTP,86,0
148,2,2004,2,JPTP,88,0
148,2,2004,2,JPTP,90,0
148,2,2004,2,JPTP,92,0
148,2,2004,2,JPTP,94,0
148,2,2004,2,JPTP,96,0
148,2,2004,2,JPTP,98,0
148,2,2004,2,JPTP,100,0
148,2,2004,2,JPTP,102,0
148,2,2004,2,JPTP,104,0
148,2,2004,2,JPTP,106,0
148,2,2004,2,JPTP,108,0
149,2,2004,3,JPTP,2,0
149,2,2004,3,JPTP,4,0
149,2,2004,3,JPTP,6,0
149,2,2004,3,JPTP,8,0
149,2,2004,3,JPTP,10,0
149,2,2004,3,JPTP,12,0
149,2,2004,3,JPTP,14,0
149,2,2004,3,JPTP,16,0
149,2,2004,3,JPTP,18,0
149,2,2004,3,JPTP,20,0
149,2,2004,3,JPTP,22,0
149,2,2004,3,JPTP,24,0
149,2,2004,3,JPTP,26,0
149,2,2004,3,JPTP,28,0.65325307348031
149,2,2004,3,JPTP,30,0.65325307348031
149,2,2004,3,JPTP,32,2.61301229392124
149,2,2004,3,JPTP,34,11.1053022491653
149,2,2004,3,JPTP,36,26.7833760126927
149,2,2004,3,JPTP,38,52.9134989519051
149,2,2004,3,JPTP,40,43.7679559231808
149,2,2004,3,JPTP,42,38.5419313353383
149,2,2004,3,JPTP,44,33.3159067474958
149,2,2004,3,JPTP,46,48.340727437543
149,2,2004,3,JPTP,48,101.907479462928
149,2,2004,3,JPTP,50,88.8424179933222
149,2,2004,3,JPTP,52,30.7028944535746
149,2,2004,3,JPTP,54,9.79879610220465
149,2,2004,3,JPTP,56,3.26626536740155
149,2,2004,3,JPTP,58,3.91951844088186
149,2,2004,3,JPTP,60,1
149,2,2004,3,JPTP,62,0
149,2,2004,3,JPTP,64,0.65325307348031
149,2,2004,3,JPTP,66,0
149,2,2004,3,JPTP,68,0
149,2,2004,3,JPTP,70,0
149,2,2004,3,JPTP,72,0
149,2,2004,3,JPTP,74,0
149,2,2004,3,JPTP,76,0
149,2,2004,3,JPTP,78,0
149,2,2004,3,JPTP,80,0
149,2,2004,3,JPTP,82,0
149,2,2004,3,JPTP,84,0
149,2,2004,3,JPTP,86,0
149,2,2004,3,JPTP,88,0
149,2,2004,3,JPTP,90,0
149,2,2004,3,JPTP,92,0
149,2,2004,3,JPTP,94,0
149,2,2004,3,JPTP,96,0
149,2,2004,3,JPTP,98,0
149,2,2004,3,JPTP,100,0
149,2,2004,3,JPTP,102,0
149,2,2004,3,JPTP,104,0
149,2,2004,3,JPTP,106,0
149,2,2004,3,JPTP,108,0
150,2,2005,2,JPTP,2,0
150,2,2005,2,JPTP,4,0
150,2,2005,2,JPTP,6,0
150,2,2005,2,JPTP,8,0
150,2,2005,2,JPTP,10,0
150,2,2005,2,JPTP,12,0
150,2,2005,2,JPTP,14,0
150,2,2005,2,JPTP,16,0
150,2,2005,2,JPTP,18,0
150,2,2005,2,JPTP,20,0
150,2,2005,2,JPTP,22,0
150,2,2005,2,JPTP,24,0
150,2,2005,2,JPTP,26,0
150,2,2005,2,JPTP,28,0
150,2,2005,2,JPTP,30,0
150,2,2005,2,JPTP,32,0
150,2,2005,2,JPTP,34,0
150,2,2005,2,JPTP,36,0
150,2,2005,2,JPTP,38,5.75477531084772
150,2,2005,2,JPTP,40,31.3315544701709
150,2,2005,2,JPTP,42,63.3025284193249
150,2,2005,2,JPTP,44,49.8747193606802
150,2,2005,2,JPTP,46,31.970973949154
150,2,2005,2,JPTP,48,7.03361426881388
150,2,2005,2,JPTP,50,0.63941947898308
150,2,2005,2,JPTP,52,0
150,2,2005,2,JPTP,54,0
150,2,2005,2,JPTP,56,0
150,2,2005,2,JPTP,58,0
150,2,2005,2,JPTP,60,0
150,2,2005,2,JPTP,62,0
150,2,2005,2,JPTP,64,0
150,2,2005,2,JPTP,66,0
150,2,2005,2,JPTP,68,0
150,2,2005,2,JPTP,70,0
150,2,2005,2,JPTP,72,0
150,2,2005,2,JPTP,74,0
150,2,2005,2,JPTP,76,0
150,2,2005,2,JPTP,78,0
150,2,2005,2,JPTP,80,0
150,2,2005,2,JPTP,82,0
150,2,2005,2,JPTP,84,0
150,2,2005,2,JPTP,86,0
150,2,2005,2,JPTP,88,0
150,2,2005,2,JPTP,90,0
150,2,2005,2,JPTP,92,0
150,2,2005,2,JPTP,94,0
150,2,2005,2,JPTP,96,0
150,2,2005,2,JPTP,98,0
150,2,2005,2,JPTP,100,0
150,2,2005,2,JPTP,102,0
150,2,2005,2,JPTP,104,0
150,2,2005,2,JPTP,106,0
150,2,2005,2,JPTP,108,0
151,2,2005,3,JPTP,2,0
151,2,2005,3,JPTP,4,0
151,2,2005,3,JPTP,6,0
151,2,2005,3,JPTP,8,0
151,2,2005,3,JPTP,10,0
151,2,2005,3,JPTP,12,0
151,2,2005,3,JPTP,14,0
151,2,2005,3,JPTP,16,0
151,2,2005,3,JPTP,18,0
151,2,2005,3,JPTP,20,0
151,2,2005,3,JPTP,22,0
151,2,2005,3,JPTP,24,0
151,2,2005,3,JPTP,26,0
151,2,2005,3,JPTP,28,0
151,2,2005,3,JPTP,30,0
151,2,2005,3,JPTP,32,1.35876639283904
151,2,2005,3,JPTP,34,1.35876639283904
151,2,2005,3,JPTP,36,2.03814958925857
151,2,2005,3,JPTP,38,6.1144487677757
151,2,2005,3,JPTP,40,9.51136474987332
151,2,2005,3,JPTP,42,27.8547110532004
151,2,2005,3,JPTP,44,75.411534802567
151,2,2005,3,JPTP,46,96.4724138915722
151,2,2005,3,JPTP,48,68.6177028383718
151,2,2005,3,JPTP,50,39.4042253923323
151,2,2005,3,JPTP,52,19.0227294997466
151,2,2005,3,JPTP,54,6.1144487677757
151,2,2005,3,JPTP,56,3.39691598209761
151,2,2005,3,JPTP,58,0.679383196419522
151,2,2005,3,JPTP,60,0
151,2,2005,3,JPTP,62,0
151,2,2005,3,JPTP,64,0
151,2,2005,3,JPTP,66,0
151,2,2005,3,JPTP,68,0
151,2,2005,3,JPTP,70,0
151,2,2005,3,JPTP,72,0
151,2,2005,3,JPTP,74,0
151,2,2005,3,JPTP,76,0
151,2,2005,3,JPTP,78,0
151,2,2005,3,JPTP,80,0
151,2,2005,3,JPTP,82,0
151,2,2005,3,JPTP,84,0
151,2,2005,3,JPTP,86,0
151,2,2005,3,JPTP,88,0
151,2,2005,3,JPTP,90,0
151,2,2005,3,JPTP,92,0
151,2,2005,3,JPTP,94,0
151,2,2005,3,JPTP,96,0
151,2,2005,3,JPTP,98,0
151,2,2005,3,JPTP,100,0
151,2,2005,3,JPTP,102,0
151,2,2005,3,JPTP,104,0
151,2,2005,3,JPTP,106,0
151,2,2005,3,JPTP,108,0
152,2,2005,4,JPTP,2,0
152,2,2005,4,JPTP,4,0
152,2,2005,4,JPTP,6,0
152,2,2005,4,JPTP,8,0
152,2,2005,4,JPTP,10,0
152,2,2005,4,JPTP,12,0
152,2,2005,4,JPTP,14,0
152,2,2005,4,JPTP,16,0
152,2,2005,4,JPTP,18,0
152,2,2005,4,JPTP,20,0
152,2,2005,4,JPTP,22,0
152,2,2005,4,JPTP,24,0
152,2,2005,4,JPTP,26,0
152,2,2005,4,JPTP,28,0
152,2,2005,4,JPTP,30,0
152,2,2005,4,JPTP,32,0
152,2,2005,4,JPTP,34,0
152,2,2005,4,JPTP,36,0.679383196419522
152,2,2005,4,JPTP,38,0.679383196419522
152,2,2005,4,JPTP,40,0
152,2,2005,4,JPTP,42,1.35876639283904
152,2,2005,4,JPTP,44,3.39691598209761
152,2,2005,4,JPTP,46,1.35876639283904
152,2,2005,4,JPTP,48,6.1144487677757
152,2,2005,4,JPTP,50,49.5949733386251
152,2,2005,4,JPTP,52,52.9918893207228
152,2,2005,4,JPTP,54,35.3279262138152
152,2,2005,4,JPTP,56,15.625813517649
152,2,2005,4,JPTP,58,1.35876639283904
152,2,2005,4,JPTP,60,1.35876639283904
152,2,2005,4,JPTP,62,0
152,2,2005,4,JPTP,64,0
152,2,2005,4,JPTP,66,0
152,2,2005,4,JPTP,68,0
152,2,2005,4,JPTP,70,0
152,2,2005,4,JPTP,72,0
152,2,2005,4,JPTP,74,0
152,2,2005,4,JPTP,76,0
152,2,2005,4,JPTP,78,0
152,2,2005,4,JPTP,80,0
152,2,2005,4,JPTP,82,0
152,2,2005,4,JPTP,84,0
152,2,2005,4,JPTP,86,0
152,2,2005,4,JPTP,88,0
152,2,2005,4,JPTP,90,0
152,2,2005,4,JPTP,92,0
152,2,2005,4,JPTP,94,0
152,2,2005,4,JPTP,96,0
152,2,2005,4,JPTP,98,0
152,2,2005,4,JPTP,100,0
152,2,2005,4,JPTP,102,0
152,2,2005,4,JPTP,104,0
152,2,2005,4,JPTP,106,0
152,2,2005,4,JPTP,108,0
153,2,2006,2,JPTP,2,0
153,2,2006,2,JPTP,4,0
153,2,2006,2,JPTP,6,0
153,2,2006,2,JPTP,8,0
153,2,2006,2,JPTP,10,0
153,2,2006,2,JPTP,12,0
153,2,2006,2,JPTP,14,0
153,2,2006,2,JPTP,16,0
153,2,2006,2,JPTP,18,0
153,2,2006,2,JPTP,20,0
153,2,2006,2,JPTP,22,0
153,2,2006,2,JPTP,24,0
153,2,2006,2,JPTP,26,0
153,2,2006,2,JPTP,28,1.09234160992943
153,2,2006,2,JPTP,30,0.546170804964714
153,2,2006,2,JPTP,32,1.63851241489414
153,2,2006,2,JPTP,34,7.10022046454128
153,2,2006,2,JPTP,36,5.46170804964714
153,2,2006,2,JPTP,38,10.3772452943296
153,2,2006,2,JPTP,40,25.1238570283769
153,2,2006,2,JPTP,42,25.1238570283769
153,2,2006,2,JPTP,44,41.5089811773183
153,2,2006,2,JPTP,46,32.7702482978829
153,2,2006,2,JPTP,48,28.4008818581651
153,2,2006,2,JPTP,50,26.2161986383063
153,2,2006,2,JPTP,52,46.4245184220007
153,2,2006,2,JPTP,54,40.9628103723536
153,2,2006,2,JPTP,56,14.2004409290826
153,2,2006,2,JPTP,58,4.91553724468243
153,2,2006,2,JPTP,60,3.823195634753
153,2,2006,2,JPTP,62,4.36936643971771
153,2,2006,2,JPTP,64,1.63851241489414
153,2,2006,2,JPTP,66,1.09234160992943
153,2,2006,2,JPTP,68,1.09234160992943
153,2,2006,2,JPTP,70,0
153,2,2006,2,JPTP,72,0
153,2,2006,2,JPTP,74,0
153,2,2006,2,JPTP,76,0
153,2,2006,2,JPTP,78,0
153,2,2006,2,JPTP,80,0
153,2,2006,2,JPTP,82,0
153,2,2006,2,JPTP,84,0
153,2,2006,2,JPTP,86,0
153,2,2006,2,JPTP,88,0
153,2,2006,2,JPTP,90,0
153,2,2006,2,JPTP,92,0
153,2,2006,2,JPTP,94,0
153,2,2006,2,JPTP,96,0
153,2,2006,2,JPTP,98,0
153,2,2006,2,JPTP,100,0
153,2,2006,2,JPTP,102,0
153,2,2006,2,JPTP,104,0
153,2,2006,2,JPTP,106,0
153,2,2006,2,JPTP,108,0
154,2,2006,3,JPTP,2,0
154,2,2006,3,JPTP,4,0
154,2,2006,3,JPTP,6,0
154,2,2006,3,JPTP,8,0
154,2,2006,3,JPTP,10,0
154,2,2006,3,JPTP,12,0
154,2,2006,3,JPTP,14,0
154,2,2006,3,JPTP,16,0
154,2,2006,3,JPTP,18,0
154,2,2006,3,JPTP,20,0
154,2,2006,3,JPTP,22,0
154,2,2006,3,JPTP,24,0
154,2,2006,3,JPTP,26,0
154,2,2006,3,JPTP,28,0
154,2,2006,3,JPTP,30,0
154,2,2006,3,JPTP,32,0
154,2,2006,3,JPTP,34,0
154,2,2006,3,JPTP,36,0
154,2,2006,3,JPTP,38,0
154,2,2006,3,JPTP,40,0
154,2,2006,3,JPTP,42,0
154,2,2006,3,JPTP,44,0
154,2,2006,3,JPTP,46,0
154,2,2006,3,JPTP,48,0
154,2,2006,3,JPTP,50,1
154,2,2006,3,JPTP,52,0
154,2,2006,3,JPTP,54,3.05722438388785
154,2,2006,3,JPTP,56,3.05722438388785
154,2,2006,3,JPTP,58,16.5090116729944
154,2,2006,3,JPTP,60,37.2981374834318
154,2,2006,3,JPTP,62,17.7319014265495
154,2,2006,3,JPTP,64,11.6174526587738
154,2,2006,3,JPTP,66,1.22288975355514
154,2,2006,3,JPTP,68,0
154,2,2006,3,JPTP,70,0
154,2,2006,3,JPTP,72,0
154,2,2006,3,JPTP,74,0
154,2,2006,3,JPTP,76,0
154,2,2006,3,JPTP,78,0
154,2,2006,3,JPTP,80,0
154,2,2006,3,JPTP,82,0
154,2,2006,3,JPTP,84,0
154,2,2006,3,JPTP,86,0
154,2,2006,3,JPTP,88,0
154,2,2006,3,JPTP,90,0
154,2,2006,3,JPTP,92,0
154,2,2006,3,JPTP,94,0
154,2,2006,3,JPTP,96,0
154,2,2006,3,JPTP,98,0
154,2,2006,3,JPTP,100,0
154,2,2006,3,JPTP,102,0
154,2,2006,3,JPTP,104,0
154,2,2006,3,JPTP,106,0
154,2,2006,3,JPTP,108,0
155,2,2007,2,JPTP,2,0
155,2,2007,2,JPTP,4,0
155,2,2007,2,JPTP,6,0
155,2,2007,2,JPTP,8,0
155,2,2007,2,JPTP,10,0
155,2,2007,2,JPTP,12,0
155,2,2007,2,JPTP,14,0
155,2,2007,2,JPTP,16,0
155,2,2007,2,JPTP,18,0
155,2,2007,2,JPTP,20,0
155,2,2007,2,JPTP,22,0
155,2,2007,2,JPTP,24,0
155,2,2007,2,JPTP,26,0
155,2,2007,2,JPTP,28,0
155,2,2007,2,JPTP,30,0
155,2,2007,2,JPTP,32,0
155,2,2007,2,JPTP,34,0
155,2,2007,2,JPTP,36,0
155,2,2007,2,JPTP,38,0
155,2,2007,2,JPTP,40,3.26103934281371
155,2,2007,2,JPTP,42,29.3493540853234
155,2,2007,2,JPTP,44,47.2850704707988
155,2,2007,2,JPTP,46,19.5662360568822
155,2,2007,2,JPTP,48,3.26103934281371
155,2,2007,2,JPTP,50,2.17402622854247
155,2,2007,2,JPTP,52,0.543506557135618
155,2,2007,2,JPTP,54,0
155,2,2007,2,JPTP,56,0
155,2,2007,2,JPTP,58,0
155,2,2007,2,JPTP,60,0
155,2,2007,2,JPTP,62,0
155,2,2007,2,JPTP,64,0
155,2,2007,2,JPTP,66,0
155,2,2007,2,JPTP,68,0
155,2,2007,2,JPTP,70,0
155,2,2007,2,JPTP,72,0
155,2,2007,2,JPTP,74,0
155,2,2007,2,JPTP,76,0
155,2,2007,2,JPTP,78,0
155,2,2007,2,JPTP,80,0
155,2,2007,2,JPTP,82,0
155,2,2007,2,JPTP,84,0
155,2,2007,2,JPTP,86,0
155,2,2007,2,JPTP,88,0
155,2,2007,2,JPTP,90,0
155,2,2007,2,JPTP,92,0
155,2,2007,2,JPTP,94,0
155,2,2007,2,JPTP,96,0
155,2,2007,2,JPTP,98,0
155,2,2007,2,JPTP,100,0
155,2,2007,2,JPTP,102,0
155,2,2007,2,JPTP,104,0
155,2,2007,2,JPTP,106,0
155,2,2007,2,JPTP,108,0
156,2,2008,2,JPTP,2,0
156,2,2008,2,JPTP,4,0
156,2,2008,2,JPTP,6,0
156,2,2008,2,JPTP,8,0
156,2,2008,2,JPTP,10,0
156,2,2008,2,JPTP,12,0
156,2,2008,2,JPTP,14,0
156,2,2008,2,JPTP,16,0
156,2,2008,2,JPTP,18,0
156,2,2008,2,JPTP,20,0
156,2,2008,2,JPTP,22,0
156,2,2008,2,JPTP,24,0
156,2,2008,2,JPTP,26,0
156,2,2008,2,JPTP,28,0
156,2,2008,2,JPTP,30,0
156,2,2008,2,JPTP,32,0
156,2,2008,2,JPTP,34,0
156,2,2008,2,JPTP,36,0
156,2,2008,2,JPTP,38,0
156,2,2008,2,JPTP,40,0.55357149337887
156,2,2008,2,JPTP,42,6.08928642716757
156,2,2008,2,JPTP,44,19.3750022682605
156,2,2008,2,JPTP,46,26.0178601888069
156,2,2008,2,JPTP,48,12.732144347714
156,2,2008,2,JPTP,50,8.30357240068305
156,2,2008,2,JPTP,52,2.21428597351548
156,2,2008,2,JPTP,54,0
156,2,2008,2,JPTP,56,0.55357149337887
156,2,2008,2,JPTP,58,0
156,2,2008,2,JPTP,60,0
156,2,2008,2,JPTP,62,0
156,2,2008,2,JPTP,64,0
156,2,2008,2,JPTP,66,0
156,2,2008,2,JPTP,68,0
156,2,2008,2,JPTP,70,0
156,2,2008,2,JPTP,72,0
156,2,2008,2,JPTP,74,0
156,2,2008,2,JPTP,76,0
156,2,2008,2,JPTP,78,0
156,2,2008,2,JPTP,80,0
156,2,2008,2,JPTP,82,0
156,2,2008,2,JPTP,84,0
156,2,2008,2,JPTP,86,0
156,2,2008,2,JPTP,88,0
156,2,2008,2,JPTP,90,0
156,2,2008,2,JPTP,92,0
156,2,2008,2,JPTP,94,0
156,2,2008,2,JPTP,96,0
156,2,2008,2,JPTP,98,0
156,2,2008,2,JPTP,100,0
156,2,2008,2,JPTP,102,0
156,2,2008,2,JPTP,104,0
156,2,2008,2,JPTP,106,0
156,2,2008,2,JPTP,108,0
157,2,2009,2,JPTP,2,0
157,2,2009,2,JPTP,4,0
157,2,2009,2,JPTP,6,0
157,2,2009,2,JPTP,8,0
157,2,2009,2,JPTP,10,0
157,2,2009,2,JPTP,12,0
157,2,2009,2,JPTP,14,0
157,2,2009,2,JPTP,16,0
157,2,2009,2,JPTP,18,0
157,2,2009,2,JPTP,20,0
157,2,2009,2,JPTP,22,0
157,2,2009,2,JPTP,24,0
157,2,2009,2,JPTP,26,0
157,2,2009,2,JPTP,28,0
157,2,2009,2,JPTP,30,0
157,2,2009,2,JPTP,32,0
157,2,2009,2,JPTP,34,0
157,2,2009,2,JPTP,36,0
157,2,2009,2,JPTP,38,5.60491137046106
157,2,2009,2,JPTP,40,24.4577950711028
157,2,2009,2,JPTP,42,19.871958495271
157,2,2009,2,JPTP,44,5.60491137046106
157,2,2009,2,JPTP,46,0
157,2,2009,2,JPTP,48,0
157,2,2009,2,JPTP,50,0
157,2,2009,2,JPTP,52,0
157,2,2009,2,JPTP,54,0
157,2,2009,2,JPTP,56,0
157,2,2009,2,JPTP,58,0
157,2,2009,2,JPTP,60,0
157,2,2009,2,JPTP,62,0
157,2,2009,2,JPTP,64,0
157,2,2009,2,JPTP,66,0
157,2,2009,2,JPTP,68,0
157,2,2009,2,JPTP,70,0
157,2,2009,2,JPTP,72,0
157,2,2009,2,JPTP,74,0
157,2,2009,2,JPTP,76,0
157,2,2009,2,JPTP,78,0
157,2,2009,2,JPTP,80,0
157,2,2009,2,JPTP,82,0
157,2,2009,2,JPTP,84,0
157,2,2009,2,JPTP,86,0
157,2,2009,2,JPTP,88,0
157,2,2009,2,JPTP,90,0
157,2,2009,2,JPTP,92,0
157,2,2009,2,JPTP,94,0
157,2,2009,2,JPTP,96,0
157,2,2009,2,JPTP,98,0
157,2,2009,2,JPTP,100,0
157,2,2009,2,JPTP,102,0
157,2,2009,2,JPTP,104,0
157,2,2009,2,JPTP,106,0
157,2,2009,2,JPTP,108,0
158,2,2010,2,JPTP,2,0
158,2,2010,2,JPTP,4,0
158,2,2010,2,JPTP,6,0
158,2,2010,2,JPTP,8,0
158,2,2010,2,JPTP,10,0
158,2,2010,2,JPTP,12,0
158,2,2010,2,JPTP,14,0
158,2,2010,2,JPTP,16,0
158,2,2010,2,JPTP,18,0
158,2,2010,2,JPTP,20,0
158,2,2010,2,JPTP,22,0
158,2,2010,2,JPTP,24,0
158,2,2010,2,JPTP,26,0
158,2,2010,2,JPTP,28,0
158,2,2010,2,JPTP,30,0
158,2,2010,2,JPTP,32,0
158,2,2010,2,JPTP,34,0
158,2,2010,2,JPTP,36,0
158,2,2010,2,JPTP,38,0.490665641858544
158,2,2010,2,JPTP,40,16.6826318231905
158,2,2010,2,JPTP,42,112.853097627465
158,2,2010,2,JPTP,44,80.4691652648012
158,2,2010,2,JPTP,46,20.1172913162003
158,2,2010,2,JPTP,48,12.2666410464636
158,2,2010,2,JPTP,50,1.96266256743418
158,2,2010,2,JPTP,52,0.490665641858544
158,2,2010,2,JPTP,54,0
158,2,2010,2,JPTP,56,0
158,2,2010,2,JPTP,58,0
158,2,2010,2,JPTP,60,0
158,2,2010,2,JPTP,62,0
158,2,2010,2,JPTP,64,0
158,2,2010,2,JPTP,66,0
158,2,2010,2,JPTP,68,0
158,2,2010,2,JPTP,70,0
158,2,2010,2,JPTP,72,0
158,2,2010,2,JPTP,74,0
158,2,2010,2,JPTP,76,0
158,2,2010,2,JPTP,78,0
158,2,2010,2,JPTP,80,0
158,2,2010,2,JPTP,82,0
158,2,2010,2,JPTP,84,0
158,2,2010,2,JPTP,86,0
158,2,2010,2,JPTP,88,0
158,2,2010,2,JPTP,90,0
158,2,2010,2,JPTP,92,0
158,2,2010,2,JPTP,94,0
158,2,2010,2,JPTP,96,0
158,2,2010,2,JPTP,98,0
158,2,2010,2,JPTP,100,0
158,2,2010,2,JPTP,102,0
158,2,2010,2,JPTP,104,0
158,2,2010,2,JPTP,106,0
158,2,2010,2,JPTP,108,0
159,2,2012,2,JPTP,2,0
159,2,2012,2,JPTP,4,0
159,2,2012,2,JPTP,6,0
159,2,2012,2,JPTP,8,0
159,2,2012,2,JPTP,10,0
159,2,2012,2,JPTP,12,0
159,2,2012,2,JPTP,14,0
159,2,2012,2,JPTP,16,0
159,2,2012,2,JPTP,18,0
159,2,2012,2,JPTP,20,0
159,2,2012,2,JPTP,22,0
159,2,2012,2,JPTP,24,0
159,2,2012,2,JPTP,26,0
159,2,2012,2,JPTP,28,0
159,2,2012,2,JPTP,30,0
159,2,2012,2,JPTP,32,0
159,2,2012,2,JPTP,34,0
159,2,2012,2,JPTP,36,0
159,2,2012,2,JPTP,38,0
159,2,2012,2,JPTP,40,0.627122950541098
159,2,2012,2,JPTP,42,6.89835245595207
159,2,2012,2,JPTP,44,14.4238278624452
159,2,2012,2,JPTP,46,26.3391639227261
159,2,2012,2,JPTP,48,9.40684425811646
159,2,2012,2,JPTP,50,2.50849180216439
159,2,2012,2,JPTP,52,2
159,2,2012,2,JPTP,54,0
159,2,2012,2,JPTP,56,1.2542459010822
159,2,2012,2,JPTP,58,0
159,2,2012,2,JPTP,60,0
159,2,2012,2,JPTP,62,0
159,2,2012,2,JPTP,64,0
159,2,2012,2,JPTP,66,0
159,2,2012,2,JPTP,68,0
159,2,2012,2,JPTP,70,0
159,2,2012,2,JPTP,72,0
159,2,2012,2,JPTP,74,0
159,2,2012,2,JPTP,76,0
159,2,2012,2,JPTP,78,0
159,2,2012,2,JPTP,80,0
159,2,2012,2,JPTP,82,0
159,2,2012,2,JPTP,84,0
159,2,2012,2,JPTP,86,0
159,2,2012,2,JPTP,88,0
159,2,2012,2,JPTP,90,0
159,2,2012,2,JPTP,92,0
159,2,2012,2,JPTP,94,0
159,2,2012,2,JPTP,96,0
159,2,2012,2,JPTP,98,0
159,2,2012,2,JPTP,100,0
159,2,2012,2,JPTP,102,0
159,2,2012,2,JPTP,104,0
159,2,2012,2,JPTP,106,0
159,2,2012,2,JPTP,108,0
160,2,2015,2,JPTP,2,0
160,2,2015,2,JPTP,4,0
160,2,2015,2,JPTP,6,0
160,2,2015,2,JPTP,8,0
160,2,2015,2,JPTP,10,0
160,2,2015,2,JPTP,12,0
160,2,2015,2,JPTP,14,0
160,2,2015,2,JPTP,16,0
160,2,2015,2,JPTP,18,0
160,2,2015,2,JPTP,20,0
160,2,2015,2,JPTP,22,0
160,2,2015,2,JPTP,24,0
160,2,2015,2,JPTP,26,0
160,2,2015,2,JPTP,28,0
160,2,2015,2,JPTP,30,0
160,2,2015,2,JPTP,32,0
160,2,2015,2,JPTP,34,0
160,2,2015,2,JPTP,36,0
160,2,2015,2,JPTP,38,0
160,2,2015,2,JPTP,40,0.672656630118339
160,2,2015,2,JPTP,42,2.01796989035502
160,2,2015,2,JPTP,44,4
160,2,2015,2,JPTP,46,24.2156386842602
160,2,2015,2,JPTP,48,49.1039339986388
160,2,2015,2,JPTP,50,87.4453619153841
160,2,2015,2,JPTP,52,60.5390967106505
160,2,2015,2,JPTP,54,12.7804759722484
160,2,2015,2,JPTP,56,2.01796989035502
160,2,2015,2,JPTP,58,1.34531326023668
160,2,2015,2,JPTP,60,0
160,2,2015,2,JPTP,62,0
160,2,2015,2,JPTP,64,0
160,2,2015,2,JPTP,66,0
160,2,2015,2,JPTP,68,0
160,2,2015,2,JPTP,70,0
160,2,2015,2,JPTP,72,0
160,2,2015,2,JPTP,74,0
160,2,2015,2,JPTP,76,0
160,2,2015,2,JPTP,78,0
160,2,2015,2,JPTP,80,0
160,2,2015,2,JPTP,82,0
160,2,2015,2,JPTP,84,0
160,2,2015,2,JPTP,86,0
160,2,2015,2,JPTP,88,0
160,2,2015,2,JPTP,90,0
160,2,2015,2,JPTP,92,0
160,2,2015,2,JPTP,94,0
160,2,2015,2,JPTP,96,0
160,2,2015,2,JPTP,98,0
160,2,2015,2,JPTP,100,0
160,2,2015,2,JPTP,102,0
160,2,2015,2,JPTP,104,0
160,2,2015,2,JPTP,106,0
160,2,2015,2,JPTP,108,0
161,2,2016,2,JPTP,2,0
161,2,2016,2,JPTP,4,0
161,2,2016,2,JPTP,6,0
161,2,2016,2,JPTP,8,0
161,2,2016,2,JPTP,10,0
161,2,2016,2,JPTP,12,0
161,2,2016,2,JPTP,14,0
161,2,2016,2,JPTP,16,0
161,2,2016,2,JPTP,18,0
161,2,2016,2,JPTP,20,0
161,2,2016,2,JPTP,22,0
161,2,2016,2,JPTP,24,0
161,2,2016,2,JPTP,26,0
161,2,2016,2,JPTP,28,0
161,2,2016,2,JPTP,30,0
161,2,2016,2,JPTP,32,0.679383196419522
161,2,2016,2,JPTP,34,0
161,2,2016,2,JPTP,36,0
161,2,2016,2,JPTP,38,0
161,2,2016,2,JPTP,40,0
161,2,2016,2,JPTP,42,5.43506557135618
161,2,2016,2,JPTP,44,37.3660758030737
161,2,2016,2,JPTP,46,31.9310102317176
161,2,2016,2,JPTP,48,23.0990286782638
161,2,2016,2,JPTP,50,29.892860642459
161,2,2016,2,JPTP,52,26.4959446603614
161,2,2016,2,JPTP,54,15.625813517649
161,2,2016,2,JPTP,56,4.75568237493666
161,2,2016,2,JPTP,58,0.679383196419522
161,2,2016,2,JPTP,60,0.679383196419522
161,2,2016,2,JPTP,62,0
161,2,2016,2,JPTP,64,0
161,2,2016,2,JPTP,66,0
161,2,2016,2,JPTP,68,0
161,2,2016,2,JPTP,70,0
161,2,2016,2,JPTP,72,0
161,2,2016,2,JPTP,74,0
161,2,2016,2,JPTP,76,0
161,2,2016,2,JPTP,78,0
161,2,2016,2,JPTP,80,0
161,2,2016,2,JPTP,82,0
161,2,2016,2,JPTP,84,0
161,2,2016,2,JPTP,86,0
161,2,2016,2,JPTP,88,0
161,2,2016,2,JPTP,90,0
161,2,2016,2,JPTP,92,0
161,2,2016,2,JPTP,94,0
161,2,2016,2,JPTP,96,0
161,2,2016,2,JPTP,98,0
161,2,2016,2,JPTP,100,0
161,2,2016,2,JPTP,102,0
161,2,2016,2,JPTP,104,0
161,2,2016,2,JPTP,106,0
161,2,2016,2,JPTP,108,0
162,2,2018,2,JPTP,2,0
162,2,2018,2,JPTP,4,0
162,2,2018,2,JPTP,6,0
162,2,2018,2,JPTP,8,0
162,2,2018,2,JPTP,10,0
162,2,2018,2,JPTP,12,0
162,2,2018,2,JPTP,14,0
162,2,2018,2,JPTP,16,0
162,2,2018,2,JPTP,18,0
162,2,2018,2,JPTP,20,0
162,2,2018,2,JPTP,22,0
162,2,2018,2,JPTP,24,0
162,2,2018,2,JPTP,26,0
162,2,2018,2,JPTP,28,0
162,2,2018,2,JPTP,30,0
162,2,2018,2,JPTP,32,0
162,2,2018,2,JPTP,34,0
162,2,2018,2,JPTP,36,0
162,2,2018,2,JPTP,38,0
162,2,2018,2,JPTP,40,4.07629917851713
162,2,2018,2,JPTP,42,17.6639631069076
162,2,2018,2,JPTP,44,29.892860642459
162,2,2018,2,JPTP,46,21.7402622854247
162,2,2018,2,JPTP,48,8.83198155345379
162,2,2018,2,JPTP,50,0
162,2,2018,2,JPTP,52,0
162,2,2018,2,JPTP,54,0
162,2,2018,2,JPTP,56,0
162,2,2018,2,JPTP,58,0
162,2,2018,2,JPTP,60,0
162,2,2018,2,JPTP,62,0
162,2,2018,2,JPTP,64,0
162,2,2018,2,JPTP,66,0
162,2,2018,2,JPTP,68,0
162,2,2018,2,JPTP,70,0
162,2,2018,2,JPTP,72,0
162,2,2018,2,JPTP,74,0
162,2,2018,2,JPTP,76,0
162,2,2018,2,JPTP,78,0
162,2,2018,2,JPTP,80,0
162,2,2018,2,JPTP,82,0
162,2,2018,2,JPTP,84,0
162,2,2018,2,JPTP,86,0
162,2,2018,2,JPTP,88,0
162,2,2018,2,JPTP,90,0
162,2,2018,2,JPTP,92,0
162,2,2018,2,JPTP,94,0
162,2,2018,2,JPTP,96,0
162,2,2018,2,JPTP,98,0
162,2,2018,2,JPTP,100,0
162,2,2018,2,JPTP,102,0
162,2,2018,2,JPTP,104,0
162,2,2018,2,JPTP,106,0
162,2,2018,2,JPTP,108,0
163,2,2019,4,JPTP,2,0
163,2,2019,4,JPTP,4,0
163,2,2019,4,JPTP,6,0
163,2,2019,4,JPTP,8,0
163,2,2019,4,JPTP,10,0
163,2,2019,4,JPTP,12,0
163,2,2019,4,JPTP,14,0
163,2,2019,4,JPTP,16,0
163,2,2019,4,JPTP,18,0
163,2,2019,4,JPTP,20,0
163,2,2019,4,JPTP,22,0
163,2,2019,4,JPTP,24,0
163,2,2019,4,JPTP,26,0
163,2,2019,4,JPTP,28,0
163,2,2019,4,JPTP,30,0
163,2,2019,4,JPTP,32,0
163,2,2019,4,JPTP,34,0
163,2,2019,4,JPTP,36,0
163,2,2019,4,JPTP,38,0
163,2,2019,4,JPTP,40,0.543506557135618
163,2,2019,4,JPTP,42,0
163,2,2019,4,JPTP,44,3.80454589994933
163,2,2019,4,JPTP,46,13.0441573712548
163,2,2019,4,JPTP,48,94.0266343844619
163,2,2019,4,JPTP,50,230.446780225502
163,2,2019,4,JPTP,52,165.225993369228
163,2,2019,4,JPTP,54,70.1123458704947
163,2,2019,4,JPTP,56,8.15259835703427
163,2,2019,4,JPTP,58,0
163,2,2019,4,JPTP,60,0.543506557135618
163,2,2019,4,JPTP,62,0
163,2,2019,4,JPTP,64,0
163,2,2019,4,JPTP,66,0
163,2,2019,4,JPTP,68,0
163,2,2019,4,JPTP,70,0
163,2,2019,4,JPTP,72,0
163,2,2019,4,JPTP,74,0
163,2,2019,4,JPTP,76,0
163,2,2019,4,JPTP,78,0
163,2,2019,4,JPTP,80,0
163,2,2019,4,JPTP,82,0
163,2,2019,4,JPTP,84,0
163,2,2019,4,JPTP,86,0
163,2,2019,4,JPTP,88,0
163,2,2019,4,JPTP,90,0
163,2,2019,4,JPTP,92,0
163,2,2019,4,JPTP,94,0
163,2,2019,4,JPTP,96,0
163,2,2019,4,JPTP,98,0
163,2,2019,4,JPTP,100,0
163,2,2019,4,JPTP,102,0
163,2,2019,4,JPTP,104,0
163,2,2019,4,JPTP,106,0
163,2,2019,4,JPTP,108,0
164,2,2020,4,JPTP,2,0
164,2,2020,4,JPTP,4,0
164,2,2020,4,JPTP,6,0
164,2,2020,4,JPTP,8,0
164,2,2020,4,JPTP,10,0
164,2,2020,4,JPTP,12,0
164,2,2020,4,JPTP,14,0
164,2,2020,4,JPTP,16,0
164,2,2020,4,JPTP,18,0
164,2,2020,4,JPTP,20,0
164,2,2020,4,JPTP,22,0
164,2,2020,4,JPTP,24,0
164,2,2020,4,JPTP,26,0
164,2,2020,4,JPTP,28,0
164,2,2020,4,JPTP,30,0
164,2,2020,4,JPTP,32,0
164,2,2020,4,JPTP,34,41.2843788894003
164,2,2020,4,JPTP,36,205.805709687458
164,2,2020,4,JPTP,38,249.554827615032
164,2,2020,4,JPTP,40,94.8924529696663
164,2,2020,4,JPTP,42,54.8404435993526
164,2,2020,4,JPTP,44,73.3259863856512
164,2,2020,4,JPTP,46,33.2739770153375
164,2,2020,4,JPTP,48,6.16184759543288
164,2,2020,4,JPTP,50,9.24277139314932
164,2,2020,4,JPTP,52,3.08092379771644
164,2,2020,4,JPTP,54,1.23236951908658
164,2,2020,4,JPTP,56,0.616184759543288
164,2,2020,4,JPTP,58,1.84855427862986
164,2,2020,4,JPTP,60,0.616184759543288
164,2,2020,4,JPTP,62,1.23236951908658
164,2,2020,4,JPTP,64,0
164,2,2020,4,JPTP,66,0
164,2,2020,4,JPTP,68,1.23236951908658
164,2,2020,4,JPTP,70,0.616184759543288
164,2,2020,4,JPTP,72,1.23236951908658
164,2,2020,4,JPTP,74,0
164,2,2020,4,JPTP,76,0.616184759543288
164,2,2020,4,JPTP,78,0
164,2,2020,4,JPTP,80,0
164,2,2020,4,JPTP,82,0
164,2,2020,4,JPTP,84,0
164,2,2020,4,JPTP,86,0
164,2,2020,4,JPTP,88,0
164,2,2020,4,JPTP,90,0
164,2,2020,4,JPTP,92,0
164,2,2020,4,JPTP,94,0
164,2,2020,4,JPTP,96,0
164,2,2020,4,JPTP,98,0
164,2,2020,4,JPTP,100,0
164,2,2020,4,JPTP,102,0
164,2,2020,4,JPTP,104,0
164,2,2020,4,JPTP,106,0
164,2,2020,4,JPTP,108,0
165,2,2021,2,JPTP,2,0
165,2,2021,2,JPTP,4,0
165,2,2021,2,JPTP,6,0
165,2,2021,2,JPTP,8,0
165,2,2021,2,JPTP,10,0
165,2,2021,2,JPTP,12,0
165,2,2021,2,JPTP,14,0
165,2,2021,2,JPTP,16,0
165,2,2021,2,JPTP,18,0
165,2,2021,2,JPTP,20,0
165,2,2021,2,JPTP,22,0
165,2,2021,2,JPTP,24,0
165,2,2021,2,JPTP,26,0
165,2,2021,2,JPTP,28,0
165,2,2021,2,JPTP,30,0
165,2,2021,2,JPTP,32,0
165,2,2021,2,JPTP,34,0
165,2,2021,2,JPTP,36,1.35876639283904
165,2,2021,2,JPTP,38,1.35876639283904
165,2,2021,2,JPTP,40,0.679383196419522
165,2,2021,2,JPTP,42,1.35876639283904
165,2,2021,2,JPTP,44,11.5495143391319
165,2,2021,2,JPTP,46,8.83198155345379
165,2,2021,2,JPTP,48,9.51136474987332
165,2,2021,2,JPTP,50,7.47321516061475
165,2,2021,2,JPTP,52,8.15259835703427
165,2,2021,2,JPTP,54,3.39691598209761
165,2,2021,2,JPTP,56,1.35876639283904
165,2,2021,2,JPTP,58,0.679383196419522
165,2,2021,2,JPTP,60,0
165,2,2021,2,JPTP,62,0
165,2,2021,2,JPTP,64,0
165,2,2021,2,JPTP,66,0
165,2,2021,2,JPTP,68,0
165,2,2021,2,JPTP,70,0
165,2,2021,2,JPTP,72,0
165,2,2021,2,JPTP,74,0
165,2,2021,2,JPTP,76,0
165,2,2021,2,JPTP,78,0
165,2,2021,2,JPTP,80,0
165,2,2021,2,JPTP,82,0
165,2,2021,2,JPTP,84,0
165,2,2021,2,JPTP,86,0
165,2,2021,2,JPTP,88,0
165,2,2021,2,JPTP,90,0
165,2,2021,2,JPTP,92,0
165,2,2021,2,JPTP,94,0
165,2,2021,2,JPTP,96,0
165,2,2021,2,JPTP,98,0
165,2,2021,2,JPTP,100,0
165,2,2021,2,JPTP,102,0
165,2,2021,2,JPTP,104,0
165,2,2021,2,JPTP,106,0
165,2,2021,2,JPTP,108,0
166,2,2021,3,JPTP,2,0
166,2,2021,3,JPTP,4,0
166,2,2021,3,JPTP,6,0
166,2,2021,3,JPTP,8,0
166,2,2021,3,JPTP,10,0
166,2,2021,3,JPTP,12,0
166,2,2021,3,JPTP,14,0
166,2,2021,3,JPTP,16,0
166,2,2021,3,JPTP,18,0
166,2,2021,3,JPTP,20,0
166,2,2021,3,JPTP,22,0
166,2,2021,3,JPTP,24,0
166,2,2021,3,JPTP,26,0
166,2,2021,3,JPTP,28,0
166,2,2021,3,JPTP,30,0
166,2,2021,3,JPTP,32,0
166,2,2021,3,JPTP,34,0
166,2,2021,3,JPTP,36,0
166,2,2021,3,JPTP,38,0
166,2,2021,3,JPTP,40,0
166,2,2021,3,JPTP,42,0
166,2,2021,3,JPTP,44,0.679383196419522
166,2,2021,3,JPTP,46,5.43506557135618
166,2,2021,3,JPTP,48,4.07629917851713
166,2,2021,3,JPTP,50,15.625813517649
166,2,2021,3,JPTP,52,10.8701311427124
166,2,2021,3,JPTP,54,7.47321516061475
166,2,2021,3,JPTP,56,2.03814958925857
166,2,2021,3,JPTP,58,2.03814958925857
166,2,2021,3,JPTP,60,0
166,2,2021,3,JPTP,62,0.679383196419522
166,2,2021,3,JPTP,64,0
166,2,2021,3,JPTP,66,0
166,2,2021,3,JPTP,68,0
166,2,2021,3,JPTP,70,0
166,2,2021,3,JPTP,72,0
166,2,2021,3,JPTP,74,0
166,2,2021,3,JPTP,76,0
166,2,2021,3,JPTP,78,0
166,2,2021,3,JPTP,80,0
166,2,2021,3,JPTP,82,0
166,2,2021,3,JPTP,84,0
166,2,2021,3,JPTP,86,0
166,2,2021,3,JPTP,88,0
166,2,2021,3,JPTP,90,0
166,2,2021,3,JPTP,92,0
166,2,2021,3,JPTP,94,0
166,2,2021,3,JPTP,96,0
166,2,2021,3,JPTP,98,0
166,2,2021,3,JPTP,100,0
166,2,2021,3,JPTP,102,0
166,2,2021,3,JPTP,104,0
166,2,2021,3,JPTP,106,0
166,2,2021,3,JPTP,108,0
167,2,2022,4,JPTP,2,0
167,2,2022,4,JPTP,4,0
167,2,2022,4,JPTP,6,0
167,2,2022,4,JPTP,8,0
167,2,2022,4,JPTP,10,0
167,2,2022,4,JPTP,12,0
167,2,2022,4,JPTP,14,0
167,2,2022,4,JPTP,16,0
167,2,2022,4,JPTP,18,0
167,2,2022,4,JPTP,20,0
167,2,2022,4,JPTP,22,0
167,2,2022,4,JPTP,24,0
167,2,2022,4,JPTP,26,0
167,2,2022,4,JPTP,28,0.543506557135618
167,2,2022,4,JPTP,30,2.17402622854247
167,2,2022,4,JPTP,32,14.6746770426617
167,2,2022,4,JPTP,34,101.092219627225
167,2,2022,4,JPTP,36,329.364973624185
167,2,2022,4,JPTP,38,169.030539269177
167,2,2022,4,JPTP,40,21.1967557282891
167,2,2022,4,JPTP,42,1.63051967140685
167,2,2022,4,JPTP,44,0
167,2,2022,4,JPTP,46,0
167,2,2022,4,JPTP,48,0
167,2,2022,4,JPTP,50,0
167,2,2022,4,JPTP,52,0
167,2,2022,4,JPTP,54,0
167,2,2022,4,JPTP,56,0
167,2,2022,4,JPTP,58,0
167,2,2022,4,JPTP,60,0
167,2,2022,4,JPTP,62,0
167,2,2022,4,JPTP,64,0
167,2,2022,4,JPTP,66,0
167,2,2022,4,JPTP,68,0
167,2,2022,4,JPTP,70,0
167,2,2022,4,JPTP,72,0
167,2,2022,4,JPTP,74,0
167,2,2022,4,JPTP,76,0
167,2,2022,4,JPTP,78,0
167,2,2022,4,JPTP,80,0
167,2,2022,4,JPTP,82,0
167,2,2022,4,JPTP,84,0
167,2,2022,4,JPTP,86,0
167,2,2022,4,JPTP,88,0
167,2,2022,4,JPTP,90,0
167,2,2022,4,JPTP,92,0
167,2,2022,4,JPTP,94,0
167,2,2022,4,JPTP,96,0
167,2,2022,4,JPTP,98,0
167,2,2022,4,JPTP,100,0
167,2,2022,4,JPTP,102,0
167,2,2022,4,JPTP,104,0
167,2,2022,4,JPTP,106,0
167,2,2022,4,JPTP,108,0
168,3,1989,1,JPTP,2,0
168,3,1989,1,JPTP,4,0
168,3,1989,1,JPTP,6,0
168,3,1989,1,JPTP,8,0
168,3,1989,1,JPTP,10,0
168,3,1989,1,JPTP,12,0
168,3,1989,1,JPTP,14,0
168,3,1989,1,JPTP,16,0
168,3,1989,1,JPTP,18,0
168,3,1989,1,JPTP,20,0
168,3,1989,1,JPTP,22,0
168,3,1989,1,JPTP,24,0
168,3,1989,1,JPTP,26,2.36813571323376
168,3,1989,1,JPTP,28,4.14423749815909
168,3,1989,1,JPTP,30,7.69644106800973
168,3,1989,1,JPTP,32,16.5769499926364
168,3,1989,1,JPTP,34,29.6016964154221
168,3,1989,1,JPTP,36,40.258307124974
168,3,1989,1,JPTP,38,76.3723767517889
168,3,1989,1,JPTP,40,152.152719575269
168,3,1989,1,JPTP,42,172.873907066065
168,3,1989,1,JPTP,44,133.799667797708
168,3,1989,1,JPTP,46,107.750174952136
168,3,1989,1,JPTP,48,69.2679696120876
168,3,1989,1,JPTP,50,55.6511892609935
168,3,1989,1,JPTP,52,60.9794946157694
168,3,1989,1,JPTP,54,55.059155332685
168,3,1989,1,JPTP,56,33.1538999852727
168,3,1989,1,JPTP,58,23.6813571323376
168,3,1989,1,JPTP,60,27.8255946304967
168,3,1989,1,JPTP,62,20.7211874907954
168,3,1989,1,JPTP,64,14.2088142794026
168,3,1989,1,JPTP,66,6.51237321139285
168,3,1989,1,JPTP,68,11.8406785661688
168,3,1989,1,JPTP,70,8.28847499631818
168,3,1989,1,JPTP,72,2.36813571323376
168,3,1989,1,JPTP,74,0.592033928308441
168,3,1989,1,JPTP,76,0.592033928308441
168,3,1989,1,JPTP,78,0
168,3,1989,1,JPTP,80,0
168,3,1989,1,JPTP,82,0
168,3,1989,1,JPTP,84,0
168,3,1989,1,JPTP,86,0
168,3,1989,1,JPTP,88,0
168,3,1989,1,JPTP,90,0
168,3,1989,1,JPTP,92,0
168,3,1989,1,JPTP,94,0
168,3,1989,1,JPTP,96,0
168,3,1989,1,JPTP,98,0
168,3,1989,1,JPTP,100,0
168,3,1989,1,JPTP,102,0
168,3,1989,1,JPTP,104,0
168,3,1989,1,JPTP,106,0
168,3,1989,1,JPTP,108,0
169,3,1989,4,JPTP,2,0
169,3,1989,4,JPTP,4,0
169,3,1989,4,JPTP,6,0
169,3,1989,4,JPTP,8,0
169,3,1989,4,JPTP,10,0
169,3,1989,4,JPTP,12,0
169,3,1989,4,JPTP,14,0
169,3,1989,4,JPTP,16,0
169,3,1989,4,JPTP,18,0
169,3,1989,4,JPTP,20,0
169,3,1989,4,JPTP,22,0
169,3,1989,4,JPTP,24,0.524977924505995
169,3,1989,4,JPTP,26,1.04995584901199
169,3,1989,4,JPTP,28,3.14986754703597
169,3,1989,4,JPTP,30,5.24977924505995
169,3,1989,4,JPTP,32,9.44960264110791
169,3,1989,4,JPTP,34,19.4241832067218
169,3,1989,4,JPTP,36,35.1735209419016
169,3,1989,4,JPTP,38,58.2725496201654
169,3,1989,4,JPTP,40,116.020121315825
169,3,1989,4,JPTP,42,124.419768107921
169,3,1989,4,JPTP,44,120.219944711873
169,3,1989,4,JPTP,46,80.3216224494172
169,3,1989,4,JPTP,48,58.2725496201654
169,3,1989,4,JPTP,50,56.1726379221414
169,3,1989,4,JPTP,52,45.1481015075155
169,3,1989,4,JPTP,54,39.8983222624556
169,3,1989,4,JPTP,56,22.5740507537578
169,3,1989,4,JPTP,58,18.3742273577098
169,3,1989,4,JPTP,60,22.0490728292518
169,3,1989,4,JPTP,62,12.5994701881439
169,3,1989,4,JPTP,64,11.5495143391319
169,3,1989,4,JPTP,66,9.44960264110791
169,3,1989,4,JPTP,68,5.77475716956594
169,3,1989,4,JPTP,70,2.62488962252997
169,3,1989,4,JPTP,72,3.67484547154196
169,3,1989,4,JPTP,74,0
169,3,1989,4,JPTP,76,0
169,3,1989,4,JPTP,78,0
169,3,1989,4,JPTP,80,0
169,3,1989,4,JPTP,82,0
169,3,1989,4,JPTP,84,0
169,3,1989,4,JPTP,86,0
169,3,1989,4,JPTP,88,0
169,3,1989,4,JPTP,90,0
169,3,1989,4,JPTP,92,0
169,3,1989,4,JPTP,94,0
169,3,1989,4,JPTP,96,0
169,3,1989,4,JPTP,98,0
169,3,1989,4,JPTP,100,0
169,3,1989,4,JPTP,102,0
169,3,1989,4,JPTP,104,0
169,3,1989,4,JPTP,106,0
169,3,1989,4,JPTP,108,0
170,3,1990,1,JPTP,2,0
170,3,1990,1,JPTP,4,0
170,3,1990,1,JPTP,6,0
170,3,1990,1,JPTP,8,0
170,3,1990,1,JPTP,10,0
170,3,1990,1,JPTP,12,0
170,3,1990,1,JPTP,14,0
170,3,1990,1,JPTP,16,0
170,3,1990,1,JPTP,18,0
170,3,1990,1,JPTP,20,0
170,3,1990,1,JPTP,22,0.65325307348031
170,3,1990,1,JPTP,24,0
170,3,1990,1,JPTP,26,0.65325307348031
170,3,1990,1,JPTP,28,0.65325307348031
170,3,1990,1,JPTP,30,3.91951844088186
170,3,1990,1,JPTP,32,9.14554302872434
170,3,1990,1,JPTP,34,24.8236167922518
170,3,1990,1,JPTP,36,30.0496413800943
170,3,1990,1,JPTP,38,52.9134989519051
170,3,1990,1,JPTP,40,123.464830887779
170,3,1990,1,JPTP,42,125.42459010822
170,3,1990,1,JPTP,44,107.786757124251
170,3,1990,1,JPTP,46,70.5513319358735
170,3,1990,1,JPTP,48,48.340727437543
170,3,1990,1,JPTP,50,44.4212089966611
170,3,1990,1,JPTP,52,41.1549436292595
170,3,1990,1,JPTP,54,33.3159067474958
170,3,1990,1,JPTP,56,29.396388306614
170,3,1990,1,JPTP,58,15.6780737635274
170,3,1990,1,JPTP,60,19.5975922044093
170,3,1990,1,JPTP,62,13.7183145430865
170,3,1990,1,JPTP,64,8.49228995524403
170,3,1990,1,JPTP,66,7.83903688176372
170,3,1990,1,JPTP,68,4.57277151436217
170,3,1990,1,JPTP,70,3.91951844088186
170,3,1990,1,JPTP,72,1.95975922044093
170,3,1990,1,JPTP,74,1.95975922044093
170,3,1990,1,JPTP,76,0.65325307348031
170,3,1990,1,JPTP,78,0
170,3,1990,1,JPTP,80,0
170,3,1990,1,JPTP,82,0
170,3,1990,1,JPTP,84,0
170,3,1990,1,JPTP,86,0
170,3,1990,1,JPTP,88,0
170,3,1990,1,JPTP,90,0
170,3,1990,1,JPTP,92,0
170,3,1990,1,JPTP,94,0
170,3,1990,1,JPTP,96,0
170,3,1990,1,JPTP,98,0
170,3,1990,1,JPTP,100,0
170,3,1990,1,JPTP,102,0
170,3,1990,1,JPTP,104,0
170,3,1990,1,JPTP,106,0
170,3,1990,1,JPTP,108,0
171,3,1990,2,JPTP,2,0
171,3,1990,2,JPTP,4,0
171,3,1990,2,JPTP,6,0
171,3,1990,2,JPTP,8,0
171,3,1990,2,JPTP,10,0
171,3,1990,2,JPTP,12,0
171,3,1990,2,JPTP,14,0
171,3,1990,2,JPTP,16,0
171,3,1990,2,JPTP,18,0
171,3,1990,2,JPTP,20,0
171,3,1990,2,JPTP,22,0
171,3,1990,2,JPTP,24,0
171,3,1990,2,JPTP,26,0.622767930051229
171,3,1990,2,JPTP,28,0
171,3,1990,2,JPTP,30,0.622767930051229
171,3,1990,2,JPTP,32,0.622767930051229
171,3,1990,2,JPTP,34,2.49107172020492
171,3,1990,2,JPTP,36,1.86830379015369
171,3,1990,2,JPTP,38,6.85044723056352
171,3,1990,2,JPTP,40,11.8325906709733
171,3,1990,2,JPTP,42,12.4553586010246
171,3,1990,2,JPTP,44,16.1919661813319
171,3,1990,2,JPTP,46,3.73660758030737
171,3,1990,2,JPTP,48,3.11383965025614
171,3,1990,2,JPTP,50,3.73660758030737
171,3,1990,2,JPTP,52,4.3593755103586
171,3,1990,2,JPTP,54,6.85044723056352
171,3,1990,2,JPTP,56,1.86830379015369
171,3,1990,2,JPTP,58,0.622767930051229
171,3,1990,2,JPTP,60,3.73660758030737
171,3,1990,2,JPTP,62,0.622767930051229
171,3,1990,2,JPTP,64,0.622767930051229
171,3,1990,2,JPTP,66,0
171,3,1990,2,JPTP,68,0
171,3,1990,2,JPTP,70,0
171,3,1990,2,JPTP,72,0
171,3,1990,2,JPTP,74,0
171,3,1990,2,JPTP,76,0
171,3,1990,2,JPTP,78,0
171,3,1990,2,JPTP,80,0
171,3,1990,2,JPTP,82,0
171,3,1990,2,JPTP,84,0
171,3,1990,2,JPTP,86,0
171,3,1990,2,JPTP,88,0
171,3,1990,2,JPTP,90,0
171,3,1990,2,JPTP,92,0
171,3,1990,2,JPTP,94,0
171,3,1990,2,JPTP,96,0
171,3,1990,2,JPTP,98,0
171,3,1990,2,JPTP,100,0
171,3,1990,2,JPTP,102,0
171,3,1990,2,JPTP,104,0
171,3,1990,2,JPTP,106,0
171,3,1990,2,JPTP,108,0
172,3,1990,3,JPTP,2,0
172,3,1990,3,JPTP,4,0
172,3,1990,3,JPTP,6,0
172,3,1990,3,JPTP,8,0
172,3,1990,3,JPTP,10,0
172,3,1990,3,JPTP,12,0
172,3,1990,3,JPTP,14,0
172,3,1990,3,JPTP,16,0
172,3,1990,3,JPTP,18,0
172,3,1990,3,JPTP,20,0
172,3,1990,3,JPTP,22,0
172,3,1990,3,JPTP,24,0
172,3,1990,3,JPTP,26,0.883198155345379
172,3,1990,3,JPTP,28,1.32479723301807
172,3,1990,3,JPTP,30,1.76639631069076
172,3,1990,3,JPTP,32,3.97439169905421
172,3,1990,3,JPTP,34,9.27358063112648
172,3,1990,3,JPTP,36,13.6895714078534
172,3,1990,3,JPTP,38,28.7039400487248
172,3,1990,3,JPTP,40,59.1742764081404
172,3,1990,3,JPTP,42,68.0062579615942
172,3,1990,3,JPTP,44,52.5502902430501
172,3,1990,3,JPTP,46,35.7695252914879
172,3,1990,3,JPTP,48,24.7295483496706
172,3,1990,3,JPTP,50,28.7039400487248
172,3,1990,3,JPTP,52,18.9887603399257
172,3,1990,3,JPTP,54,19.4303594175983
172,3,1990,3,JPTP,56,14.1311704855261
172,3,1990,3,JPTP,58,7.94878339810841
172,3,1990,3,JPTP,60,7.50718432043572
172,3,1990,3,JPTP,62,4.85758985439959
172,3,1990,3,JPTP,64,5.74078800974497
172,3,1990,3,JPTP,66,3.53279262138152
172,3,1990,3,JPTP,68,3.53279262138152
172,3,1990,3,JPTP,70,2.20799538836345
172,3,1990,3,JPTP,72,1.76639631069076
172,3,1990,3,JPTP,74,0.883198155345379
172,3,1990,3,JPTP,76,0
172,3,1990,3,JPTP,78,0.44159907767269
172,3,1990,3,JPTP,80,0
172,3,1990,3,JPTP,82,0
172,3,1990,3,JPTP,84,0
172,3,1990,3,JPTP,86,0
172,3,1990,3,JPTP,88,0
172,3,1990,3,JPTP,90,0
172,3,1990,3,JPTP,92,0
172,3,1990,3,JPTP,94,0
172,3,1990,3,JPTP,96,0
172,3,1990,3,JPTP,98,0
172,3,1990,3,JPTP,100,0
172,3,1990,3,JPTP,102,0
172,3,1990,3,JPTP,104,0
172,3,1990,3,JPTP,106,0
172,3,1990,3,JPTP,108,0
173,3,1990,4,JPTP,2,0
173,3,1990,4,JPTP,4,0
173,3,1990,4,JPTP,6,0
173,3,1990,4,JPTP,8,0
173,3,1990,4,JPTP,10,0
173,3,1990,4,JPTP,12,0
173,3,1990,4,JPTP,14,0
173,3,1990,4,JPTP,16,0
173,3,1990,4,JPTP,18,0
173,3,1990,4,JPTP,20,0
173,3,1990,4,JPTP,22,0
173,3,1990,4,JPTP,24,0
173,3,1990,4,JPTP,26,0
173,3,1990,4,JPTP,28,0
173,3,1990,4,JPTP,30,1.08701311427124
173,3,1990,4,JPTP,32,3.26103934281371
173,3,1990,4,JPTP,34,6.52207868562742
173,3,1990,4,JPTP,36,6.52207868562742
173,3,1990,4,JPTP,38,13.5876639283904
173,3,1990,4,JPTP,40,33.1538999852727
173,3,1990,4,JPTP,42,33.1538999852727
173,3,1990,4,JPTP,44,24.4577950711028
173,3,1990,4,JPTP,46,23.3707819568316
173,3,1990,4,JPTP,48,11.413637699848
173,3,1990,4,JPTP,50,8.69610491416989
173,3,1990,4,JPTP,52,15.7616901569329
173,3,1990,4,JPTP,54,9.78311802844112
173,3,1990,4,JPTP,56,6.52207868562742
173,3,1990,4,JPTP,58,4.89155901422056
173,3,1990,4,JPTP,60,4.89155901422056
173,3,1990,4,JPTP,62,1.08701311427124
173,3,1990,4,JPTP,64,2.17402622854247
173,3,1990,4,JPTP,66,1.08701311427124
173,3,1990,4,JPTP,68,2.71753278567809
173,3,1990,4,JPTP,70,0.543506557135618
173,3,1990,4,JPTP,72,1.63051967140685
173,3,1990,4,JPTP,74,0.543506557135618
173,3,1990,4,JPTP,76,0.543506557135618
173,3,1990,4,JPTP,78,0
173,3,1990,4,JPTP,80,0
173,3,1990,4,JPTP,82,0
173,3,1990,4,JPTP,84,0
173,3,1990,4,JPTP,86,0
173,3,1990,4,JPTP,88,0
173,3,1990,4,JPTP,90,0
173,3,1990,4,JPTP,92,0
173,3,1990,4,JPTP,94,0
173,3,1990,4,JPTP,96,0
173,3,1990,4,JPTP,98,0
173,3,1990,4,JPTP,100,0
173,3,1990,4,JPTP,102,0
173,3,1990,4,JPTP,104,0
173,3,1990,4,JPTP,106,0
173,3,1990,4,JPTP,108,0
174,3,1991,1,JPTP,2,0
174,3,1991,1,JPTP,4,0
174,3,1991,1,JPTP,6,0
174,3,1991,1,JPTP,8,0
174,3,1991,1,JPTP,10,0
174,3,1991,1,JPTP,12,0
174,3,1991,1,JPTP,14,0
174,3,1991,1,JPTP,16,0
174,3,1991,1,JPTP,18,0
174,3,1991,1,JPTP,20,0
174,3,1991,1,JPTP,22,0
174,3,1991,1,JPTP,24,0
174,3,1991,1,JPTP,26,0
174,3,1991,1,JPTP,28,0
174,3,1991,1,JPTP,30,1.52861219194393
174,3,1991,1,JPTP,32,0.509537397314642
174,3,1991,1,JPTP,34,5.60491137046106
174,3,1991,1,JPTP,36,5.09537397314642
174,3,1991,1,JPTP,38,8.66213575434891
174,3,1991,1,JPTP,40,18.3433463033271
174,3,1991,1,JPTP,42,16.8147341113832
174,3,1991,1,JPTP,44,16.3051967140685
174,3,1991,1,JPTP,46,13.7575097274953
174,3,1991,1,JPTP,48,7.64306095971963
174,3,1991,1,JPTP,50,5.60491137046106
174,3,1991,1,JPTP,52,5.60491137046106
174,3,1991,1,JPTP,54,5.60491137046106
174,3,1991,1,JPTP,56,4.07629917851713
174,3,1991,1,JPTP,58,4.58583657583178
174,3,1991,1,JPTP,60,2.54768698657321
174,3,1991,1,JPTP,62,4.07629917851713
174,3,1991,1,JPTP,64,1.52861219194393
174,3,1991,1,JPTP,66,0.509537397314642
174,3,1991,1,JPTP,68,1.01907479462928
174,3,1991,1,JPTP,70,0
174,3,1991,1,JPTP,72,0
174,3,1991,1,JPTP,74,0
174,3,1991,1,JPTP,76,0
174,3,1991,1,JPTP,78,0
174,3,1991,1,JPTP,80,0
174,3,1991,1,JPTP,82,0
174,3,1991,1,JPTP,84,0
174,3,1991,1,JPTP,86,0
174,3,1991,1,JPTP,88,0
174,3,1991,1,JPTP,90,0
174,3,1991,1,JPTP,92,0
174,3,1991,1,JPTP,94,0
174,3,1991,1,JPTP,96,0
174,3,1991,1,JPTP,98,0
174,3,1991,1,JPTP,100,0
174,3,1991,1,JPTP,102,0
174,3,1991,1,JPTP,104,0
174,3,1991,1,JPTP,106,0
174,3,1991,1,JPTP,108,0
175,3,1991,2,JPTP,2,0
175,3,1991,2,JPTP,4,0
175,3,1991,2,JPTP,6,0
175,3,1991,2,JPTP,8,0
175,3,1991,2,JPTP,10,0
175,3,1991,2,JPTP,12,0
175,3,1991,2,JPTP,14,0
175,3,1991,2,JPTP,16,0
175,3,1991,2,JPTP,18,0
175,3,1991,2,JPTP,20,0
175,3,1991,2,JPTP,22,0
175,3,1991,2,JPTP,24,0
175,3,1991,2,JPTP,26,0.679383196419522
175,3,1991,2,JPTP,28,1.35876639283904
175,3,1991,2,JPTP,30,2.03814958925857
175,3,1991,2,JPTP,32,2.71753278567809
175,3,1991,2,JPTP,34,5.43506557135618
175,3,1991,2,JPTP,36,12.9082807319709
175,3,1991,2,JPTP,38,22.4196454818442
175,3,1991,2,JPTP,40,44.159907767269
175,3,1991,2,JPTP,42,31.251627035298
175,3,1991,2,JPTP,44,33.2897766245566
175,3,1991,2,JPTP,46,25.1371782675223
175,3,1991,2,JPTP,48,15.625813517649
175,3,1991,2,JPTP,50,14.26704712481
175,3,1991,2,JPTP,52,18.3433463033271
175,3,1991,2,JPTP,54,14.9464303212295
175,3,1991,2,JPTP,56,7.47321516061475
175,3,1991,2,JPTP,58,3.39691598209761
175,3,1991,2,JPTP,60,8.15259835703427
175,3,1991,2,JPTP,62,6.79383196419522
175,3,1991,2,JPTP,64,2.71753278567809
175,3,1991,2,JPTP,66,0.679383196419522
175,3,1991,2,JPTP,68,3.39691598209761
175,3,1991,2,JPTP,70,2.03814958925857
175,3,1991,2,JPTP,72,0
175,3,1991,2,JPTP,74,0
175,3,1991,2,JPTP,76,0
175,3,1991,2,JPTP,78,0
175,3,1991,2,JPTP,80,0
175,3,1991,2,JPTP,82,0
175,3,1991,2,JPTP,84,0
175,3,1991,2,JPTP,86,0
175,3,1991,2,JPTP,88,0
175,3,1991,2,JPTP,90,0
175,3,1991,2,JPTP,92,0
175,3,1991,2,JPTP,94,0
175,3,1991,2,JPTP,96,0
175,3,1991,2,JPTP,98,0
175,3,1991,2,JPTP,100,0
175,3,1991,2,JPTP,102,0
175,3,1991,2,JPTP,104,0
175,3,1991,2,JPTP,106,0
175,3,1991,2,JPTP,108,0
176,3,1991,4,JPTP,2,0
176,3,1991,4,JPTP,4,0
176,3,1991,4,JPTP,6,0
176,3,1991,4,JPTP,8,0
176,3,1991,4,JPTP,10,0
176,3,1991,4,JPTP,12,0
176,3,1991,4,JPTP,14,0
176,3,1991,4,JPTP,16,0
176,3,1991,4,JPTP,18,0
176,3,1991,4,JPTP,20,0
176,3,1991,4,JPTP,22,0
176,3,1991,4,JPTP,24,0
176,3,1991,4,JPTP,26,0
176,3,1991,4,JPTP,28,0
176,3,1991,4,JPTP,30,0.815259835703427
176,3,1991,4,JPTP,32,1.35876639283904
176,3,1991,4,JPTP,34,2.44577950711028
176,3,1991,4,JPTP,36,3.26103934281371
176,3,1991,4,JPTP,38,3.53279262138152
176,3,1991,4,JPTP,40,7.88084507846646
176,3,1991,4,JPTP,42,10.0548713070089
176,3,1991,4,JPTP,44,8.15259835703427
176,3,1991,4,JPTP,46,6.52207868562742
176,3,1991,4,JPTP,48,4.34805245708494
176,3,1991,4,JPTP,50,4.07629917851713
176,3,1991,4,JPTP,52,4.34805245708494
176,3,1991,4,JPTP,54,3.80454589994933
176,3,1991,4,JPTP,56,2.44577950711028
176,3,1991,4,JPTP,58,1.35876639283904
176,3,1991,4,JPTP,60,2.17402622854247
176,3,1991,4,JPTP,62,0.815259835703427
176,3,1991,4,JPTP,64,1.08701311427124
176,3,1991,4,JPTP,66,1.08701311427124
176,3,1991,4,JPTP,68,0.271753278567809
176,3,1991,4,JPTP,70,0.271753278567809
176,3,1991,4,JPTP,72,0
176,3,1991,4,JPTP,74,0
176,3,1991,4,JPTP,76,0
176,3,1991,4,JPTP,78,0
176,3,1991,4,JPTP,80,0
176,3,1991,4,JPTP,82,0
176,3,1991,4,JPTP,84,0
176,3,1991,4,JPTP,86,0
176,3,1991,4,JPTP,88,0
176,3,1991,4,JPTP,90,0
176,3,1991,4,JPTP,92,0
176,3,1991,4,JPTP,94,0
176,3,1991,4,JPTP,96,0
176,3,1991,4,JPTP,98,0
176,3,1991,4,JPTP,100,0
176,3,1991,4,JPTP,102,0
176,3,1991,4,JPTP,104,0
176,3,1991,4,JPTP,106,0
176,3,1991,4,JPTP,108,0
177,3,1992,1,JPTP,2,0
177,3,1992,1,JPTP,4,0
177,3,1992,1,JPTP,6,0
177,3,1992,1,JPTP,8,0
177,3,1992,1,JPTP,10,0
177,3,1992,1,JPTP,12,0
177,3,1992,1,JPTP,14,0
177,3,1992,1,JPTP,16,0
177,3,1992,1,JPTP,18,0
177,3,1992,1,JPTP,20,0
177,3,1992,1,JPTP,22,0
177,3,1992,1,JPTP,24,0
177,3,1992,1,JPTP,26,0
177,3,1992,1,JPTP,28,0.988193740246578
177,3,1992,1,JPTP,30,0.494096870123289
177,3,1992,1,JPTP,32,1.48229061036987
177,3,1992,1,JPTP,34,4.4468718311096
177,3,1992,1,JPTP,36,7.90554992197263
177,3,1992,1,JPTP,38,15.8110998439453
177,3,1992,1,JPTP,40,32.1162965580138
177,3,1992,1,JPTP,42,28.6576184671508
177,3,1992,1,JPTP,44,31.6221996878905
177,3,1992,1,JPTP,46,15.8110998439453
177,3,1992,1,JPTP,48,15.8110998439453
177,3,1992,1,JPTP,50,13.3406154933288
177,3,1992,1,JPTP,52,12.3524217530822
177,3,1992,1,JPTP,54,8.39964679209591
177,3,1992,1,JPTP,56,7.90554992197263
177,3,1992,1,JPTP,58,2.47048435061645
177,3,1992,1,JPTP,60,3.95277496098631
177,3,1992,1,JPTP,62,1.97638748049316
177,3,1992,1,JPTP,64,1.48229061036987
177,3,1992,1,JPTP,66,1.48229061036987
177,3,1992,1,JPTP,68,0.494096870123289
177,3,1992,1,JPTP,70,0
177,3,1992,1,JPTP,72,0
177,3,1992,1,JPTP,74,0.494096870123289
177,3,1992,1,JPTP,76,0
177,3,1992,1,JPTP,78,0
177,3,1992,1,JPTP,80,0
177,3,1992,1,JPTP,82,0
177,3,1992,1,JPTP,84,0
177,3,1992,1,JPTP,86,0
177,3,1992,1,JPTP,88,0
177,3,1992,1,JPTP,90,0
177,3,1992,1,JPTP,92,0
177,3,1992,1,JPTP,94,0
177,3,1992,1,JPTP,96,0
177,3,1992,1,JPTP,98,0
177,3,1992,1,JPTP,100,0
177,3,1992,1,JPTP,102,0
177,3,1992,1,JPTP,104,0
177,3,1992,1,JPTP,106,0
177,3,1992,1,JPTP,108,0
178,3,1993,1,JPTP,2,0
178,3,1993,1,JPTP,4,0
178,3,1993,1,JPTP,6,0
178,3,1993,1,JPTP,8,0
178,3,1993,1,JPTP,10,0
178,3,1993,1,JPTP,12,0
178,3,1993,1,JPTP,14,0
178,3,1993,1,JPTP,16,0
178,3,1993,1,JPTP,18,0
178,3,1993,1,JPTP,20,0
178,3,1993,1,JPTP,22,0
178,3,1993,1,JPTP,24,0
178,3,1993,1,JPTP,26,0
178,3,1993,1,JPTP,28,1.13230532736587
178,3,1993,1,JPTP,30,1.69845799104881
178,3,1993,1,JPTP,32,1.13230532736587
178,3,1993,1,JPTP,34,10.1907479462928
178,3,1993,1,JPTP,36,9.05844261892697
178,3,1993,1,JPTP,38,14.1538165920734
178,3,1993,1,JPTP,40,34.5353124846591
178,3,1993,1,JPTP,42,44.7260604309519
178,3,1993,1,JPTP,44,39.6306864578055
178,3,1993,1,JPTP,46,24.3445645383662
178,3,1993,1,JPTP,48,16.4184272468051
178,3,1993,1,JPTP,50,23.7784118746833
178,3,1993,1,JPTP,52,13.5876639283905
178,3,1993,1,JPTP,54,11.8892059373416
178,3,1993,1,JPTP,56,8.49228995524403
178,3,1993,1,JPTP,58,6.22767930051229
178,3,1993,1,JPTP,60,7.35998462787816
178,3,1993,1,JPTP,62,7.35998462787816
178,3,1993,1,JPTP,64,2.26461065473174
178,3,1993,1,JPTP,66,0.566152663682935
178,3,1993,1,JPTP,68,1.13230532736587
178,3,1993,1,JPTP,70,1.69845799104881
178,3,1993,1,JPTP,72,0.566152663682935
178,3,1993,1,JPTP,74,0.566152663682935
178,3,1993,1,JPTP,76,0
178,3,1993,1,JPTP,78,0
178,3,1993,1,JPTP,80,0
178,3,1993,1,JPTP,82,0
178,3,1993,1,JPTP,84,0
178,3,1993,1,JPTP,86,0
178,3,1993,1,JPTP,88,0
178,3,1993,1,JPTP,90,0
178,3,1993,1,JPTP,92,0
178,3,1993,1,JPTP,94,0
178,3,1993,1,JPTP,96,0
178,3,1993,1,JPTP,98,0
178,3,1993,1,JPTP,100,0
178,3,1993,1,JPTP,102,0
178,3,1993,1,JPTP,104,0
178,3,1993,1,JPTP,106,0
178,3,1993,1,JPTP,108,0
179,3,1993,2,JPTP,2,0
179,3,1993,2,JPTP,4,0
179,3,1993,2,JPTP,6,0
179,3,1993,2,JPTP,8,0
179,3,1993,2,JPTP,10,0
179,3,1993,2,JPTP,12,0
179,3,1993,2,JPTP,14,0
179,3,1993,2,JPTP,16,0
179,3,1993,2,JPTP,18,0
179,3,1993,2,JPTP,20,0
179,3,1993,2,JPTP,22,0
179,3,1993,2,JPTP,24,0
179,3,1993,2,JPTP,26,0
179,3,1993,2,JPTP,28,0
179,3,1993,2,JPTP,30,1.35876639283904
179,3,1993,2,JPTP,32,0.679383196419522
179,3,1993,2,JPTP,34,0.679383196419522
179,3,1993,2,JPTP,36,4.07629917851713
179,3,1993,2,JPTP,38,6.79383196419522
179,3,1993,2,JPTP,40,8.15259835703427
179,3,1993,2,JPTP,42,8.15259835703427
179,3,1993,2,JPTP,44,12.2288975355514
179,3,1993,2,JPTP,46,4.75568237493666
179,3,1993,2,JPTP,48,4.75568237493666
179,3,1993,2,JPTP,50,2.03814958925857
179,3,1993,2,JPTP,52,4.75568237493666
179,3,1993,2,JPTP,54,4.07629917851713
179,3,1993,2,JPTP,56,1.35876639283904
179,3,1993,2,JPTP,58,2.03814958925857
179,3,1993,2,JPTP,60,1.35876639283904
179,3,1993,2,JPTP,62,3.39691598209761
179,3,1993,2,JPTP,64,0.679383196419522
179,3,1993,2,JPTP,66,0.679383196419522
179,3,1993,2,JPTP,68,0.679383196419522
179,3,1993,2,JPTP,70,0
179,3,1993,2,JPTP,72,1.35876639283904
179,3,1993,2,JPTP,74,0
179,3,1993,2,JPTP,76,0
179,3,1993,2,JPTP,78,0
179,3,1993,2,JPTP,80,0
179,3,1993,2,JPTP,82,0
179,3,1993,2,JPTP,84,0
179,3,1993,2,JPTP,86,0
179,3,1993,2,JPTP,88,0
179,3,1993,2,JPTP,90,0
179,3,1993,2,JPTP,92,0
179,3,1993,2,JPTP,94,0
179,3,1993,2,JPTP,96,0
179,3,1993,2,JPTP,98,0
179,3,1993,2,JPTP,100,0
179,3,1993,2,JPTP,102,0
179,3,1993,2,JPTP,104,0
179,3,1993,2,JPTP,106,0
179,3,1993,2,JPTP,108,0
180,3,1994,1,JPTP,2,0
180,3,1994,1,JPTP,4,0
180,3,1994,1,JPTP,6,0
180,3,1994,1,JPTP,8,0
180,3,1994,1,JPTP,10,0
180,3,1994,1,JPTP,12,0
180,3,1994,1,JPTP,14,0
180,3,1994,1,JPTP,16,0
180,3,1994,1,JPTP,18,0
180,3,1994,1,JPTP,20,0
180,3,1994,1,JPTP,22,0
180,3,1994,1,JPTP,24,0
180,3,1994,1,JPTP,26,1.9787860089889
180,3,1994,1,JPTP,28,4.61716735430743
180,3,1994,1,JPTP,30,6.59595336329633
180,3,1994,1,JPTP,32,14.5110973992519
180,3,1994,1,JPTP,34,42.8736968614262
180,3,1994,1,JPTP,36,62.0019616149856
180,3,1994,1,JPTP,38,116.088779194016
180,3,1994,1,JPTP,40,237.454321078668
180,3,1994,1,JPTP,42,269.77449255882
180,3,1994,1,JPTP,44,228.879581706383
180,3,1994,1,JPTP,46,162.26045273709
180,3,1994,1,JPTP,48,108.83323049439
180,3,1994,1,JPTP,50,93.662537758808
180,3,1994,1,JPTP,52,96.3009191041265
180,3,1994,1,JPTP,54,92.3433470861487
180,3,1994,1,JPTP,56,51.4484362337114
180,3,1994,1,JPTP,58,31.6605761438224
180,3,1994,1,JPTP,60,45.5120782067447
180,3,1994,1,JPTP,62,29.6817901348335
180,3,1994,1,JPTP,64,31.6605761438224
180,3,1994,1,JPTP,66,17.8090740809001
180,3,1994,1,JPTP,68,10.5535253812741
180,3,1994,1,JPTP,70,7.9151440359556
180,3,1994,1,JPTP,72,5.9363580269667
180,3,1994,1,JPTP,74,5.27676269063707
180,3,1994,1,JPTP,76,1.31919067265927
180,3,1994,1,JPTP,78,0
180,3,1994,1,JPTP,80,1.31919067265927
180,3,1994,1,JPTP,82,0
180,3,1994,1,JPTP,84,0
180,3,1994,1,JPTP,86,0
180,3,1994,1,JPTP,88,0
180,3,1994,1,JPTP,90,0
180,3,1994,1,JPTP,92,0
180,3,1994,1,JPTP,94,0
180,3,1994,1,JPTP,96,0
180,3,1994,1,JPTP,98,0
180,3,1994,1,JPTP,100,0
180,3,1994,1,JPTP,102,0
180,3,1994,1,JPTP,104,0
180,3,1994,1,JPTP,106,0
180,3,1994,1,JPTP,108,0
181,3,1994,2,JPTP,2,0
181,3,1994,2,JPTP,4,0
181,3,1994,2,JPTP,6,0
181,3,1994,2,JPTP,8,0
181,3,1994,2,JPTP,10,0
181,3,1994,2,JPTP,12,0
181,3,1994,2,JPTP,14,0
181,3,1994,2,JPTP,16,0
181,3,1994,2,JPTP,18,0
181,3,1994,2,JPTP,20,0
181,3,1994,2,JPTP,22,0
181,3,1994,2,JPTP,24,0
181,3,1994,2,JPTP,26,0
181,3,1994,2,JPTP,28,0
181,3,1994,2,JPTP,30,2
181,3,1994,2,JPTP,32,0.679383196419522
181,3,1994,2,JPTP,34,4.75568237493666
181,3,1994,2,JPTP,36,3
181,3,1994,2,JPTP,38,7.47321516061475
181,3,1994,2,JPTP,40,19.0227294997466
181,3,1994,2,JPTP,42,23.0990286782638
181,3,1994,2,JPTP,44,13.5876639283904
181,3,1994,2,JPTP,46,8.15259835703427
181,3,1994,2,JPTP,48,6.79383196419522
181,3,1994,2,JPTP,50,7.47321516061475
181,3,1994,2,JPTP,52,6.79383196419522
181,3,1994,2,JPTP,54,2.03814958925857
181,3,1994,2,JPTP,56,5.43506557135618
181,3,1994,2,JPTP,58,3.39691598209761
181,3,1994,2,JPTP,60,2.71753278567809
181,3,1994,2,JPTP,62,4.07629917851713
181,3,1994,2,JPTP,64,2.71753278567809
181,3,1994,2,JPTP,66,0.679383196419522
181,3,1994,2,JPTP,68,0
181,3,1994,2,JPTP,70,1
181,3,1994,2,JPTP,72,0.679383196419522
181,3,1994,2,JPTP,74,0
181,3,1994,2,JPTP,76,0
181,3,1994,2,JPTP,78,0
181,3,1994,2,JPTP,80,0
181,3,1994,2,JPTP,82,0
181,3,1994,2,JPTP,84,0
181,3,1994,2,JPTP,86,0
181,3,1994,2,JPTP,88,0
181,3,1994,2,JPTP,90,0
181,3,1994,2,JPTP,92,0
181,3,1994,2,JPTP,94,0
181,3,1994,2,JPTP,96,0
181,3,1994,2,JPTP,98,0
181,3,1994,2,JPTP,100,0
181,3,1994,2,JPTP,102,0
181,3,1994,2,JPTP,104,0
181,3,1994,2,JPTP,106,0
181,3,1994,2,JPTP,108,0
182,3,1995,1,JPTP,2,0
182,3,1995,1,JPTP,4,0
182,3,1995,1,JPTP,6,0
182,3,1995,1,JPTP,8,0
182,3,1995,1,JPTP,10,0
182,3,1995,1,JPTP,12,0
182,3,1995,1,JPTP,14,0
182,3,1995,1,JPTP,16,0
182,3,1995,1,JPTP,18,0
182,3,1995,1,JPTP,20,0
182,3,1995,1,JPTP,22,0
182,3,1995,1,JPTP,24,0
182,3,1995,1,JPTP,26,3.64265032973872
182,3,1995,1,JPTP,28,4.85686710631829
182,3,1995,1,JPTP,30,15.7848180955344
182,3,1995,1,JPTP,32,30.3554194144893
182,3,1995,1,JPTP,34,54.032646557791
182,3,1995,1,JPTP,36,91.6733666317577
182,3,1995,1,JPTP,38,161.490831285083
182,3,1995,1,JPTP,40,312.05371158095
182,3,1995,1,JPTP,42,375.192983963088
182,3,1995,1,JPTP,44,298.697327038575
182,3,1995,1,JPTP,46,187.596491981544
182,3,1995,1,JPTP,48,148.134446742708
182,3,1995,1,JPTP,50,116.564810551639
182,3,1995,1,JPTP,52,123.850111211116
182,3,1995,1,JPTP,54,121.421677657957
182,3,1995,1,JPTP,56,58.8895136641093
182,3,1995,1,JPTP,58,46.1402375100237
182,3,1995,1,JPTP,60,49.7828878397625
182,3,1995,1,JPTP,62,47.9615626748931
182,3,1995,1,JPTP,64,26.1056606964608
182,3,1995,1,JPTP,66,20.6416852018527
182,3,1995,1,JPTP,68,13.3563845423753
182,3,1995,1,JPTP,70,7.28530065947743
182,3,1995,1,JPTP,72,3.64265032973872
182,3,1995,1,JPTP,74,5.46397549460807
182,3,1995,1,JPTP,76,3.03554194144893
182,3,1995,1,JPTP,78,1.21421677657957
182,3,1995,1,JPTP,80,0.607108388289786
182,3,1995,1,JPTP,82,0
182,3,1995,1,JPTP,84,0.607108388289786
182,3,1995,1,JPTP,86,0
182,3,1995,1,JPTP,88,0
182,3,1995,1,JPTP,90,0
182,3,1995,1,JPTP,92,0
182,3,1995,1,JPTP,94,0
182,3,1995,1,JPTP,96,0
182,3,1995,1,JPTP,98,0
182,3,1995,1,JPTP,100,0
182,3,1995,1,JPTP,102,0
182,3,1995,1,JPTP,104,0
182,3,1995,1,JPTP,106,0
182,3,1995,1,JPTP,108,0
183,3,1995,2,JPTP,2,0
183,3,1995,2,JPTP,4,0
183,3,1995,2,JPTP,6,0
183,3,1995,2,JPTP,8,0
183,3,1995,2,JPTP,10,0
183,3,1995,2,JPTP,12,0
183,3,1995,2,JPTP,14,0
183,3,1995,2,JPTP,16,0
183,3,1995,2,JPTP,18,0
183,3,1995,2,JPTP,20,0
183,3,1995,2,JPTP,22,0
183,3,1995,2,JPTP,24,0
183,3,1995,2,JPTP,26,0
183,3,1995,2,JPTP,28,0
183,3,1995,2,JPTP,30,0
183,3,1995,2,JPTP,32,0
183,3,1995,2,JPTP,34,2.03814958925857
183,3,1995,2,JPTP,36,4.07629917851713
183,3,1995,2,JPTP,38,5.43506557135618
183,3,1995,2,JPTP,40,10.8701311427124
183,3,1995,2,JPTP,42,5.43506557135618
183,3,1995,2,JPTP,44,6.79383196419522
183,3,1995,2,JPTP,46,3.39691598209761
183,3,1995,2,JPTP,48,3.39691598209761
183,3,1995,2,JPTP,50,2.03814958925857
183,3,1995,2,JPTP,52,6.1144487677757
183,3,1995,2,JPTP,54,2.71753278567809
183,3,1995,2,JPTP,56,0.679383196419522
183,3,1995,2,JPTP,58,2.03814958925857
183,3,1995,2,JPTP,60,0.679383196419522
183,3,1995,2,JPTP,62,0.679383196419522
183,3,1995,2,JPTP,64,0
183,3,1995,2,JPTP,66,0
183,3,1995,2,JPTP,68,0.679383196419522
183,3,1995,2,JPTP,70,0
183,3,1995,2,JPTP,72,0
183,3,1995,2,JPTP,74,0
183,3,1995,2,JPTP,76,0
183,3,1995,2,JPTP,78,0
183,3,1995,2,JPTP,80,0
183,3,1995,2,JPTP,82,0
183,3,1995,2,JPTP,84,0
183,3,1995,2,JPTP,86,0
183,3,1995,2,JPTP,88,0
183,3,1995,2,JPTP,90,0
183,3,1995,2,JPTP,92,0
183,3,1995,2,JPTP,94,0
183,3,1995,2,JPTP,96,0
183,3,1995,2,JPTP,98,0
183,3,1995,2,JPTP,100,0
183,3,1995,2,JPTP,102,0
183,3,1995,2,JPTP,104,0
183,3,1995,2,JPTP,106,0
183,3,1995,2,JPTP,108,0
184,3,1995,4,JPTP,2,0
184,3,1995,4,JPTP,4,0
184,3,1995,4,JPTP,6,0
184,3,1995,4,JPTP,8,0
184,3,1995,4,JPTP,10,0
184,3,1995,4,JPTP,12,0
184,3,1995,4,JPTP,14,0
184,3,1995,4,JPTP,16,0
184,3,1995,4,JPTP,18,0
184,3,1995,4,JPTP,20,0
184,3,1995,4,JPTP,22,0
184,3,1995,4,JPTP,24,0
184,3,1995,4,JPTP,26,1.29248510538348
184,3,1995,4,JPTP,28,1.29248510538348
184,3,1995,4,JPTP,30,5.16994042153393
184,3,1995,4,JPTP,32,10.9861233957596
184,3,1995,4,JPTP,34,26.4959446603614
184,3,1995,4,JPTP,36,47.1757063464971
184,3,1995,4,JPTP,38,84.0115318499263
184,3,1995,4,JPTP,40,149.282029671792
184,3,1995,4,JPTP,42,188.056582833297
184,3,1995,4,JPTP,44,147.343302013717
184,3,1995,4,JPTP,46,101.460080772603
184,3,1995,4,JPTP,48,58.8080722949484
184,3,1995,4,JPTP,50,74.3178935595502
184,3,1995,4,JPTP,52,69.794195690708
184,3,1995,4,JPTP,54,66.5629829272493
184,3,1995,4,JPTP,56,30.3733999765118
184,3,1995,4,JPTP,58,20.033519133444
184,3,1995,4,JPTP,60,21.3260042388275
184,3,1995,4,JPTP,62,18.0947914753687
184,3,1995,4,JPTP,64,20.6797616861357
184,3,1995,4,JPTP,66,7.75491063230089
184,3,1995,4,JPTP,68,7.75491063230089
184,3,1995,4,JPTP,70,6.46242552691741
184,3,1995,4,JPTP,72,3.2312127634587
184,3,1995,4,JPTP,74,1.29248510538348
184,3,1995,4,JPTP,76,1.29248510538348
184,3,1995,4,JPTP,78,0.646242552691741
184,3,1995,4,JPTP,80,0.646242552691741
184,3,1995,4,JPTP,82,0
184,3,1995,4,JPTP,84,0
184,3,1995,4,JPTP,86,0
184,3,1995,4,JPTP,88,0
184,3,1995,4,JPTP,90,0
184,3,1995,4,JPTP,92,0
184,3,1995,4,JPTP,94,0
184,3,1995,4,JPTP,96,0
184,3,1995,4,JPTP,98,0
184,3,1995,4,JPTP,100,0
184,3,1995,4,JPTP,102,0
184,3,1995,4,JPTP,104,0
184,3,1995,4,JPTP,106,0
184,3,1995,4,JPTP,108,0
185,3,1996,1,JPTP,2,0
185,3,1996,1,JPTP,4,0
185,3,1996,1,JPTP,6,0
185,3,1996,1,JPTP,8,0
185,3,1996,1,JPTP,10,0
185,3,1996,1,JPTP,12,0
185,3,1996,1,JPTP,14,0
185,3,1996,1,JPTP,16,0
185,3,1996,1,JPTP,18,0
185,3,1996,1,JPTP,20,0
185,3,1996,1,JPTP,22,0.601985110751476
185,3,1996,1,JPTP,24,0.601985110751476
185,3,1996,1,JPTP,26,3.61191066450885
185,3,1996,1,JPTP,28,3.61191066450885
185,3,1996,1,JPTP,30,9.02977666127213
185,3,1996,1,JPTP,32,20.4674937655502
185,3,1996,1,JPTP,34,47.5568237493666
185,3,1996,1,JPTP,36,72.2382132901771
185,3,1996,1,JPTP,38,117.387096596538
185,3,1996,1,JPTP,40,240.79404430059
185,3,1996,1,JPTP,42,282.331016942442
185,3,1996,1,JPTP,44,222.132505867294
185,3,1996,1,JPTP,46,155.914143684632
185,3,1996,1,JPTP,48,96.9196028309876
185,3,1996,1,JPTP,50,119.193051928792
185,3,1996,1,JPTP,52,82.4719601729522
185,3,1996,1,JPTP,54,92.7057070557272
185,3,1996,1,JPTP,56,43.9449130848577
185,3,1996,1,JPTP,58,25.283374651562
185,3,1996,1,JPTP,60,37.3230768665915
185,3,1996,1,JPTP,62,27.6913150945679
185,3,1996,1,JPTP,64,15.6516128795384
185,3,1996,1,JPTP,66,10.8357319935266
185,3,1996,1,JPTP,68,14.4476426580354
185,3,1996,1,JPTP,70,5.41786599676328
185,3,1996,1,JPTP,72,4.8158808860118
185,3,1996,1,JPTP,74,4.8158808860118
185,3,1996,1,JPTP,76,0.601985110751476
185,3,1996,1,JPTP,78,0.601985110751476
185,3,1996,1,JPTP,80,0
185,3,1996,1,JPTP,82,0
185,3,1996,1,JPTP,84,0
185,3,1996,1,JPTP,86,0
185,3,1996,1,JPTP,88,0
185,3,1996,1,JPTP,90,0
185,3,1996,1,JPTP,92,0
185,3,1996,1,JPTP,94,0
185,3,1996,1,JPTP,96,0
185,3,1996,1,JPTP,98,0
185,3,1996,1,JPTP,100,0
185,3,1996,1,JPTP,102,0
185,3,1996,1,JPTP,104,0
185,3,1996,1,JPTP,106,0
185,3,1996,1,JPTP,108,0
186,3,1996,4,JPTP,2,0
186,3,1996,4,JPTP,4,0
186,3,1996,4,JPTP,6,0
186,3,1996,4,JPTP,8,0
186,3,1996,4,JPTP,10,0
186,3,1996,4,JPTP,12,0
186,3,1996,4,JPTP,14,0
186,3,1996,4,JPTP,16,0
186,3,1996,4,JPTP,18,0
186,3,1996,4,JPTP,20,0
186,3,1996,4,JPTP,22,0
186,3,1996,4,JPTP,24,0
186,3,1996,4,JPTP,26,0
186,3,1996,4,JPTP,28,0
186,3,1996,4,JPTP,30,0
186,3,1996,4,JPTP,32,0
186,3,1996,4,JPTP,34,1.35876639283904
186,3,1996,4,JPTP,36,2.03814958925857
186,3,1996,4,JPTP,38,4.07629917851713
186,3,1996,4,JPTP,40,4.07629917851713
186,3,1996,4,JPTP,42,4.75568237493666
186,3,1996,4,JPTP,44,6.79383196419522
186,3,1996,4,JPTP,46,5.43506557135618
186,3,1996,4,JPTP,48,3.39691598209761
186,3,1996,4,JPTP,50,3.39691598209761
186,3,1996,4,JPTP,52,0.679383196419522
186,3,1996,4,JPTP,54,1.35876639283904
186,3,1996,4,JPTP,56,2.03814958925857
186,3,1996,4,JPTP,58,1.35876639283904
186,3,1996,4,JPTP,60,1.35876639283904
186,3,1996,4,JPTP,62,0
186,3,1996,4,JPTP,64,0
186,3,1996,4,JPTP,66,1.35876639283904
186,3,1996,4,JPTP,68,0
186,3,1996,4,JPTP,70,0
186,3,1996,4,JPTP,72,0
186,3,1996,4,JPTP,74,0
186,3,1996,4,JPTP,76,0
186,3,1996,4,JPTP,78,0
186,3,1996,4,JPTP,80,0
186,3,1996,4,JPTP,82,0
186,3,1996,4,JPTP,84,0
186,3,1996,4,JPTP,86,0
186,3,1996,4,JPTP,88,0
186,3,1996,4,JPTP,90,0
186,3,1996,4,JPTP,92,0
186,3,1996,4,JPTP,94,0
186,3,1996,4,JPTP,96,0
186,3,1996,4,JPTP,98,0
186,3,1996,4,JPTP,100,0
186,3,1996,4,JPTP,102,0
186,3,1996,4,JPTP,104,0
186,3,1996,4,JPTP,106,0
186,3,1996,4,JPTP,108,0
187,3,1997,1,JPTP,2,0
187,3,1997,1,JPTP,4,0
187,3,1997,1,JPTP,6,0
187,3,1997,1,JPTP,8,0
187,3,1997,1,JPTP,10,0
187,3,1997,1,JPTP,12,0
187,3,1997,1,JPTP,14,0
187,3,1997,1,JPTP,16,0
187,3,1997,1,JPTP,18,0
187,3,1997,1,JPTP,20,0
187,3,1997,1,JPTP,22,0
187,3,1997,1,JPTP,24,0
187,3,1997,1,JPTP,26,2.28519802432021
187,3,1997,1,JPTP,28,2.85649753040027
187,3,1997,1,JPTP,30,2.85649753040027
187,3,1997,1,JPTP,32,10.854690615521
187,3,1997,1,JPTP,34,25.7084777736024
187,3,1997,1,JPTP,36,42.2761634499239
187,3,1997,1,JPTP,38,75.982834308647
187,3,1997,1,JPTP,40,152.536968123374
187,3,1997,1,JPTP,42,166.248156269295
187,3,1997,1,JPTP,44,146.252673556494
187,3,1997,1,JPTP,46,105.69040862481
187,3,1997,1,JPTP,48,70.8411387539266
187,3,1997,1,JPTP,50,81.1245298633675
187,3,1997,1,JPTP,52,65.6994431992061
187,3,1997,1,JPTP,54,64.556844187046
187,3,1997,1,JPTP,56,34.8492698708832
187,3,1997,1,JPTP,58,23.4232797492822
187,3,1997,1,JPTP,60,23.4232797492822
187,3,1997,1,JPTP,62,22.8519802432021
187,3,1997,1,JPTP,64,17.7102846884816
187,3,1997,1,JPTP,66,17.7102846884816
187,3,1997,1,JPTP,68,7.42689357904069
187,3,1997,1,JPTP,70,5.14169555472048
187,3,1997,1,JPTP,72,5.71299506080053
187,3,1997,1,JPTP,74,1.14259901216011
187,3,1997,1,JPTP,76,1.14259901216011
187,3,1997,1,JPTP,78,0
187,3,1997,1,JPTP,80,0
187,3,1997,1,JPTP,82,0
187,3,1997,1,JPTP,84,0
187,3,1997,1,JPTP,86,0
187,3,1997,1,JPTP,88,0
187,3,1997,1,JPTP,90,0
187,3,1997,1,JPTP,92,0
187,3,1997,1,JPTP,94,0
187,3,1997,1,JPTP,96,0
187,3,1997,1,JPTP,98,0
187,3,1997,1,JPTP,100,0
187,3,1997,1,JPTP,102,0
187,3,1997,1,JPTP,104,0
187,3,1997,1,JPTP,106,0
187,3,1997,1,JPTP,108,0
188,3,1997,3,JPTP,2,0
188,3,1997,3,JPTP,4,0
188,3,1997,3,JPTP,6,0
188,3,1997,3,JPTP,8,0
188,3,1997,3,JPTP,10,0
188,3,1997,3,JPTP,12,0
188,3,1997,3,JPTP,14,0
188,3,1997,3,JPTP,16,0
188,3,1997,3,JPTP,18,0
188,3,1997,3,JPTP,20,0
188,3,1997,3,JPTP,22,0
188,3,1997,3,JPTP,24,0
188,3,1997,3,JPTP,26,0
188,3,1997,3,JPTP,28,0
188,3,1997,3,JPTP,30,0
188,3,1997,3,JPTP,32,0
188,3,1997,3,JPTP,34,1.35876639283904
188,3,1997,3,JPTP,36,0.679383196419522
188,3,1997,3,JPTP,38,1.35876639283904
188,3,1997,3,JPTP,40,6.1144487677757
188,3,1997,3,JPTP,42,4.75568237493666
188,3,1997,3,JPTP,44,7.47321516061475
188,3,1997,3,JPTP,46,2.03814958925857
188,3,1997,3,JPTP,48,2.03814958925857
188,3,1997,3,JPTP,50,4.07629917851713
188,3,1997,3,JPTP,52,3.39691598209761
188,3,1997,3,JPTP,54,2.03814958925857
188,3,1997,3,JPTP,56,0.679383196419522
188,3,1997,3,JPTP,58,1.35876639283904
188,3,1997,3,JPTP,60,1.35876639283904
188,3,1997,3,JPTP,62,1.35876639283904
188,3,1997,3,JPTP,64,0
188,3,1997,3,JPTP,66,0
188,3,1997,3,JPTP,68,0
188,3,1997,3,JPTP,70,0
188,3,1997,3,JPTP,72,0.679383196419522
188,3,1997,3,JPTP,74,0
188,3,1997,3,JPTP,76,0
188,3,1997,3,JPTP,78,0
188,3,1997,3,JPTP,80,0
188,3,1997,3,JPTP,82,0
188,3,1997,3,JPTP,84,0
188,3,1997,3,JPTP,86,0
188,3,1997,3,JPTP,88,0
188,3,1997,3,JPTP,90,0
188,3,1997,3,JPTP,92,0
188,3,1997,3,JPTP,94,0
188,3,1997,3,JPTP,96,0
188,3,1997,3,JPTP,98,0
188,3,1997,3,JPTP,100,0
188,3,1997,3,JPTP,102,0
188,3,1997,3,JPTP,104,0
188,3,1997,3,JPTP,106,0
188,3,1997,3,JPTP,108,0
189,3,1999,4,JPTP,2,0
189,3,1999,4,JPTP,4,0
189,3,1999,4,JPTP,6,0
189,3,1999,4,JPTP,8,0
189,3,1999,4,JPTP,10,0
189,3,1999,4,JPTP,12,0
189,3,1999,4,JPTP,14,0
189,3,1999,4,JPTP,16,0
189,3,1999,4,JPTP,18,0
189,3,1999,4,JPTP,20,0
189,3,1999,4,JPTP,22,0
189,3,1999,4,JPTP,24,0
189,3,1999,4,JPTP,26,0
189,3,1999,4,JPTP,28,0
189,3,1999,4,JPTP,30,0
189,3,1999,4,JPTP,32,0.679383196419522
189,3,1999,4,JPTP,34,2.71753278567809
189,3,1999,4,JPTP,36,5.43506557135618
189,3,1999,4,JPTP,38,16.3051967140685
189,3,1999,4,JPTP,40,33.2897766245566
189,3,1999,4,JPTP,42,25.1371782675223
189,3,1999,4,JPTP,44,8.83198155345379
189,3,1999,4,JPTP,46,4.07629917851713
189,3,1999,4,JPTP,48,3.39691598209761
189,3,1999,4,JPTP,50,2.03814958925857
189,3,1999,4,JPTP,52,0.679383196419522
189,3,1999,4,JPTP,54,0
189,3,1999,4,JPTP,56,0
189,3,1999,4,JPTP,58,0
189,3,1999,4,JPTP,60,0
189,3,1999,4,JPTP,62,0
189,3,1999,4,JPTP,64,0
189,3,1999,4,JPTP,66,0
189,3,1999,4,JPTP,68,0
189,3,1999,4,JPTP,70,0
189,3,1999,4,JPTP,72,0
189,3,1999,4,JPTP,74,0
189,3,1999,4,JPTP,76,0
189,3,1999,4,JPTP,78,0
189,3,1999,4,JPTP,80,0
189,3,1999,4,JPTP,82,0
189,3,1999,4,JPTP,84,0
189,3,1999,4,JPTP,86,0
189,3,1999,4,JPTP,88,0
189,3,1999,4,JPTP,90,0
189,3,1999,4,JPTP,92,0
189,3,1999,4,JPTP,94,0
189,3,1999,4,JPTP,96,0
189,3,1999,4,JPTP,98,0
189,3,1999,4,JPTP,100,0
189,3,1999,4,JPTP,102,0
189,3,1999,4,JPTP,104,0
189,3,1999,4,JPTP,106,0
189,3,1999,4,JPTP,108,0
190,3,2000,1,JPTP,2,0
190,3,2000,1,JPTP,4,0
190,3,2000,1,JPTP,6,0
190,3,2000,1,JPTP,8,0
190,3,2000,1,JPTP,10,0
190,3,2000,1,JPTP,12,0
190,3,2000,1,JPTP,14,0
190,3,2000,1,JPTP,16,0
190,3,2000,1,JPTP,18,0
190,3,2000,1,JPTP,20,0
190,3,2000,1,JPTP,22,0
190,3,2000,1,JPTP,24,0
190,3,2000,1,JPTP,26,0
190,3,2000,1,JPTP,28,0
190,3,2000,1,JPTP,30,0
190,3,2000,1,JPTP,32,0
190,3,2000,1,JPTP,34,0
190,3,2000,1,JPTP,36,0
190,3,2000,1,JPTP,38,0.679383196419522
190,3,2000,1,JPTP,40,0.679383196419522
190,3,2000,1,JPTP,42,12.9082807319709
190,3,2000,1,JPTP,44,23.7784118746833
190,3,2000,1,JPTP,46,31.251627035298
190,3,2000,1,JPTP,48,17.6639631069076
190,3,2000,1,JPTP,50,5.43506557135618
190,3,2000,1,JPTP,52,1.35876639283904
190,3,2000,1,JPTP,54,0
190,3,2000,1,JPTP,56,0
190,3,2000,1,JPTP,58,0
190,3,2000,1,JPTP,60,0
190,3,2000,1,JPTP,62,0
190,3,2000,1,JPTP,64,0
190,3,2000,1,JPTP,66,0
190,3,2000,1,JPTP,68,0
190,3,2000,1,JPTP,70,0
190,3,2000,1,JPTP,72,0
190,3,2000,1,JPTP,74,0
190,3,2000,1,JPTP,76,0
190,3,2000,1,JPTP,78,0
190,3,2000,1,JPTP,80,0
190,3,2000,1,JPTP,82,0
190,3,2000,1,JPTP,84,0
190,3,2000,1,JPTP,86,0
190,3,2000,1,JPTP,88,0
190,3,2000,1,JPTP,90,0
190,3,2000,1,JPTP,92,0
190,3,2000,1,JPTP,94,0
190,3,2000,1,JPTP,96,0
190,3,2000,1,JPTP,98,0
190,3,2000,1,JPTP,100,0
190,3,2000,1,JPTP,102,0
190,3,2000,1,JPTP,104,0
190,3,2000,1,JPTP,106,0
190,3,2000,1,JPTP,108,0
191,3,2001,1,JPTP,2,0
191,3,2001,1,JPTP,4,0
191,3,2001,1,JPTP,6,0
191,3,2001,1,JPTP,8,0
191,3,2001,1,JPTP,10,0
191,3,2001,1,JPTP,12,0
191,3,2001,1,JPTP,14,0
191,3,2001,1,JPTP,16,0
191,3,2001,1,JPTP,18,0
191,3,2001,1,JPTP,20,0
191,3,2001,1,JPTP,22,0
191,3,2001,1,JPTP,24,0
191,3,2001,1,JPTP,26,0
191,3,2001,1,JPTP,28,0
191,3,2001,1,JPTP,30,17.6639631069076
191,3,2001,1,JPTP,32,27.1753278567809
191,3,2001,1,JPTP,34,9.51136474987332
191,3,2001,1,JPTP,36,0.679383196419522
191,3,2001,1,JPTP,38,0
191,3,2001,1,JPTP,40,4.75568237493666
191,3,2001,1,JPTP,42,14.26704712481
191,3,2001,1,JPTP,44,11.5495143391319
191,3,2001,1,JPTP,46,8.83198155345379
191,3,2001,1,JPTP,48,3.39691598209761
191,3,2001,1,JPTP,50,4.07629917851713
191,3,2001,1,JPTP,52,1.35876639283904
191,3,2001,1,JPTP,54,0
191,3,2001,1,JPTP,56,0
191,3,2001,1,JPTP,58,0
191,3,2001,1,JPTP,60,0
191,3,2001,1,JPTP,62,0
191,3,2001,1,JPTP,64,0
191,3,2001,1,JPTP,66,0
191,3,2001,1,JPTP,68,0
191,3,2001,1,JPTP,70,0
191,3,2001,1,JPTP,72,0
191,3,2001,1,JPTP,74,0
191,3,2001,1,JPTP,76,0
191,3,2001,1,JPTP,78,0
191,3,2001,1,JPTP,80,0
191,3,2001,1,JPTP,82,0
191,3,2001,1,JPTP,84,0
191,3,2001,1,JPTP,86,0
191,3,2001,1,JPTP,88,0
191,3,2001,1,JPTP,90,0
191,3,2001,1,JPTP,92,0
191,3,2001,1,JPTP,94,0
191,3,2001,1,JPTP,96,0
191,3,2001,1,JPTP,98,0
191,3,2001,1,JPTP,100,0
191,3,2001,1,JPTP,102,0
191,3,2001,1,JPTP,104,0
191,3,2001,1,JPTP,106,0
191,3,2001,1,JPTP,108,0
192,3,2002,1,JPTP,2,0
192,3,2002,1,JPTP,4,0
192,3,2002,1,JPTP,6,0
192,3,2002,1,JPTP,8,0
192,3,2002,1,JPTP,10,0
192,3,2002,1,JPTP,12,0
192,3,2002,1,JPTP,14,0
192,3,2002,1,JPTP,16,0
192,3,2002,1,JPTP,18,0
192,3,2002,1,JPTP,20,0
192,3,2002,1,JPTP,22,0
192,3,2002,1,JPTP,24,0
192,3,2002,1,JPTP,26,0
192,3,2002,1,JPTP,28,0
192,3,2002,1,JPTP,30,0
192,3,2002,1,JPTP,32,0
192,3,2002,1,JPTP,34,4.07629917851713
192,3,2002,1,JPTP,36,48.2362069457861
192,3,2002,1,JPTP,38,14.26704712481
192,3,2002,1,JPTP,40,1.35876639283904
192,3,2002,1,JPTP,42,0.679383196419522
192,3,2002,1,JPTP,44,2.71753278567809
192,3,2002,1,JPTP,46,21.0608790890052
192,3,2002,1,JPTP,48,26.4959446603614
192,3,2002,1,JPTP,50,14.26704712481
192,3,2002,1,JPTP,52,2.71753278567809
192,3,2002,1,JPTP,54,6.79383196419522
192,3,2002,1,JPTP,56,7.47321516061475
192,3,2002,1,JPTP,58,18.3433463033271
192,3,2002,1,JPTP,60,55.0300389099813
192,3,2002,1,JPTP,62,66.5795532491132
192,3,2002,1,JPTP,64,52.3125061243032
192,3,2002,1,JPTP,66,8.83198155345379
192,3,2002,1,JPTP,68,1.35876639283904
192,3,2002,1,JPTP,70,0
192,3,2002,1,JPTP,72,0
192,3,2002,1,JPTP,74,0
192,3,2002,1,JPTP,76,0
192,3,2002,1,JPTP,78,0
192,3,2002,1,JPTP,80,0
192,3,2002,1,JPTP,82,0
192,3,2002,1,JPTP,84,0
192,3,2002,1,JPTP,86,0
192,3,2002,1,JPTP,88,0
192,3,2002,1,JPTP,90,0
192,3,2002,1,JPTP,92,0
192,3,2002,1,JPTP,94,0
192,3,2002,1,JPTP,96,0
192,3,2002,1,JPTP,98,0
192,3,2002,1,JPTP,100,0
192,3,2002,1,JPTP,102,0
192,3,2002,1,JPTP,104,0
192,3,2002,1,JPTP,106,0
192,3,2002,1,JPTP,108,0
193,3,2002,2,JPTP,2,0
193,3,2002,2,JPTP,4,0
193,3,2002,2,JPTP,6,0
193,3,2002,2,JPTP,8,0
193,3,2002,2,JPTP,10,0
193,3,2002,2,JPTP,12,0
193,3,2002,2,JPTP,14,0
193,3,2002,2,JPTP,16,0
193,3,2002,2,JPTP,18,0
193,3,2002,2,JPTP,20,0
193,3,2002,2,JPTP,22,0
193,3,2002,2,JPTP,24,0
193,3,2002,2,JPTP,26,0
193,3,2002,2,JPTP,28,0
193,3,2002,2,JPTP,30,0
193,3,2002,2,JPTP,32,0
193,3,2002,2,JPTP,34,0
193,3,2002,2,JPTP,36,0.452922130946348
193,3,2002,2,JPTP,38,0.905844261892697
193,3,2002,2,JPTP,40,3.62337704757079
193,3,2002,2,JPTP,42,13.1347417974441
193,3,2002,2,JPTP,44,13.1347417974441
193,3,2002,2,JPTP,46,2.71753278567809
193,3,2002,2,JPTP,48,0.452922130946348
193,3,2002,2,JPTP,50,0.905844261892697
193,3,2002,2,JPTP,52,0
193,3,2002,2,JPTP,54,0
193,3,2002,2,JPTP,56,0.452922130946348
193,3,2002,2,JPTP,58,0
193,3,2002,2,JPTP,60,0
193,3,2002,2,JPTP,62,0
193,3,2002,2,JPTP,64,0
193,3,2002,2,JPTP,66,0
193,3,2002,2,JPTP,68,0
193,3,2002,2,JPTP,70,0
193,3,2002,2,JPTP,72,0
193,3,2002,2,JPTP,74,0
193,3,2002,2,JPTP,76,0
193,3,2002,2,JPTP,78,0
193,3,2002,2,JPTP,80,0
193,3,2002,2,JPTP,82,0
193,3,2002,2,JPTP,84,0
193,3,2002,2,JPTP,86,0
193,3,2002,2,JPTP,88,0
193,3,2002,2,JPTP,90,0
193,3,2002,2,JPTP,92,0
193,3,2002,2,JPTP,94,0
193,3,2002,2,JPTP,96,0
193,3,2002,2,JPTP,98,0
193,3,2002,2,JPTP,100,0
193,3,2002,2,JPTP,102,0
193,3,2002,2,JPTP,104,0
193,3,2002,2,JPTP,106,0
193,3,2002,2,JPTP,108,0
194,3,2002,4,JPTP,2,0
194,3,2002,4,JPTP,4,0
194,3,2002,4,JPTP,6,0
194,3,2002,4,JPTP,8,0
194,3,2002,4,JPTP,10,0
194,3,2002,4,JPTP,12,0
194,3,2002,4,JPTP,14,0
194,3,2002,4,JPTP,16,0
194,3,2002,4,JPTP,18,0
194,3,2002,4,JPTP,20,0
194,3,2002,4,JPTP,22,0
194,3,2002,4,JPTP,24,0
194,3,2002,4,JPTP,26,0
194,3,2002,4,JPTP,28,0
194,3,2002,4,JPTP,30,0
194,3,2002,4,JPTP,32,0
194,3,2002,4,JPTP,34,0
194,3,2002,4,JPTP,36,0
194,3,2002,4,JPTP,38,0
194,3,2002,4,JPTP,40,0
194,3,2002,4,JPTP,42,0
194,3,2002,4,JPTP,44,2.7792948944435
194,3,2002,4,JPTP,46,0
194,3,2002,4,JPTP,48,5.0027308099983
194,3,2002,4,JPTP,50,9.44960264110791
194,3,2002,4,JPTP,52,25.0136540499915
194,3,2002,4,JPTP,54,25.5695130288802
194,3,2002,4,JPTP,56,21.1226411977706
194,3,2002,4,JPTP,58,13.8964744722175
194,3,2002,4,JPTP,60,13.8964744722175
194,3,2002,4,JPTP,62,8.8937436622192
194,3,2002,4,JPTP,64,5.0027308099983
194,3,2002,4,JPTP,66,1.1117179577774
194,3,2002,4,JPTP,68,0.5558589788887
194,3,2002,4,JPTP,70,2.7792948944435
194,3,2002,4,JPTP,72,1.1117179577774
194,3,2002,4,JPTP,74,1.6675769366661
194,3,2002,4,JPTP,76,0.5558589788887
194,3,2002,4,JPTP,78,0.5558589788887
194,3,2002,4,JPTP,80,0
194,3,2002,4,JPTP,82,0
194,3,2002,4,JPTP,84,0
194,3,2002,4,JPTP,86,0
194,3,2002,4,JPTP,88,0
194,3,2002,4,JPTP,90,0
194,3,2002,4,JPTP,92,0
194,3,2002,4,JPTP,94,0
194,3,2002,4,JPTP,96,0
194,3,2002,4,JPTP,98,0
194,3,2002,4,JPTP,100,0
194,3,2002,4,JPTP,102,0
194,3,2002,4,JPTP,104,0
194,3,2002,4,JPTP,106,0
194,3,2002,4,JPTP,108,0
195,3,2003,1,JPTP,2,0
195,3,2003,1,JPTP,4,0
195,3,2003,1,JPTP,6,0
195,3,2003,1,JPTP,8,0
195,3,2003,1,JPTP,10,0
195,3,2003,1,JPTP,12,0
195,3,2003,1,JPTP,14,0
195,3,2003,1,JPTP,16,0
195,3,2003,1,JPTP,18,0
195,3,2003,1,JPTP,20,0
195,3,2003,1,JPTP,22,0
195,3,2003,1,JPTP,24,0
195,3,2003,1,JPTP,26,21.7402622854247
195,3,2003,1,JPTP,28,33.9691598209761
195,3,2003,1,JPTP,30,2.71753278567809
195,3,2003,1,JPTP,32,0
195,3,2003,1,JPTP,34,0.679383196419522
195,3,2003,1,JPTP,36,0
195,3,2003,1,JPTP,38,1.35876639283904
195,3,2003,1,JPTP,40,1.35876639283904
195,3,2003,1,JPTP,42,0.679383196419522
195,3,2003,1,JPTP,44,2.71753278567809
195,3,2003,1,JPTP,46,0.679383196419522
195,3,2003,1,JPTP,48,0
195,3,2003,1,JPTP,50,0
195,3,2003,1,JPTP,52,0
195,3,2003,1,JPTP,54,0.679383196419522
195,3,2003,1,JPTP,56,2.71753278567809
195,3,2003,1,JPTP,58,6.1144487677757
195,3,2003,1,JPTP,60,15.625813517649
195,3,2003,1,JPTP,62,9.51136474987332
195,3,2003,1,JPTP,64,23.7784118746833
195,3,2003,1,JPTP,66,39.4042253923323
195,3,2003,1,JPTP,68,38.0454589994933
195,3,2003,1,JPTP,70,61.144487677757
195,3,2003,1,JPTP,72,26.4959446603614
195,3,2003,1,JPTP,74,11.5495143391319
195,3,2003,1,JPTP,76,1.35876639283904
195,3,2003,1,JPTP,78,0.679383196419522
195,3,2003,1,JPTP,80,0
195,3,2003,1,JPTP,82,0
195,3,2003,1,JPTP,84,0
195,3,2003,1,JPTP,86,0
195,3,2003,1,JPTP,88,0
195,3,2003,1,JPTP,90,0
195,3,2003,1,JPTP,92,0
195,3,2003,1,JPTP,94,0
195,3,2003,1,JPTP,96,0
195,3,2003,1,JPTP,98,0
195,3,2003,1,JPTP,100,0
195,3,2003,1,JPTP,102,0
195,3,2003,1,JPTP,104,0
195,3,2003,1,JPTP,106,0
195,3,2003,1,JPTP,108,0
196,3,2003,4,JPTP,2,0
196,3,2003,4,JPTP,4,0
196,3,2003,4,JPTP,6,0
196,3,2003,4,JPTP,8,0
196,3,2003,4,JPTP,10,0
196,3,2003,4,JPTP,12,0
196,3,2003,4,JPTP,14,0
196,3,2003,4,JPTP,16,0
196,3,2003,4,JPTP,18,0
196,3,2003,4,JPTP,20,0
196,3,2003,4,JPTP,22,0
196,3,2003,4,JPTP,24,0
196,3,2003,4,JPTP,26,0
196,3,2003,4,JPTP,28,0
196,3,2003,4,JPTP,30,0
196,3,2003,4,JPTP,32,2.03814958925857
196,3,2003,4,JPTP,34,1.35876639283904
196,3,2003,4,JPTP,36,4.75568237493666
196,3,2003,4,JPTP,38,4.07629917851713
196,3,2003,4,JPTP,40,5.43506557135618
196,3,2003,4,JPTP,42,5.43506557135618
196,3,2003,4,JPTP,44,2.03814958925857
196,3,2003,4,JPTP,46,0.679383196419522
196,3,2003,4,JPTP,48,14.9464303212295
196,3,2003,4,JPTP,50,34.6485430173956
196,3,2003,4,JPTP,52,50.9537397314642
196,3,2003,4,JPTP,54,33.9691598209761
196,3,2003,4,JPTP,56,7.47321516061475
196,3,2003,4,JPTP,58,2.03814958925857
196,3,2003,4,JPTP,60,0
196,3,2003,4,JPTP,62,0
196,3,2003,4,JPTP,64,0
196,3,2003,4,JPTP,66,0
196,3,2003,4,JPTP,68,0
196,3,2003,4,JPTP,70,0
196,3,2003,4,JPTP,72,0
196,3,2003,4,JPTP,74,0
196,3,2003,4,JPTP,76,0
196,3,2003,4,JPTP,78,0
196,3,2003,4,JPTP,80,0
196,3,2003,4,JPTP,82,0
196,3,2003,4,JPTP,84,0
196,3,2003,4,JPTP,86,0
196,3,2003,4,JPTP,88,0
196,3,2003,4,JPTP,90,0
196,3,2003,4,JPTP,92,0
196,3,2003,4,JPTP,94,0
196,3,2003,4,JPTP,96,0
196,3,2003,4,JPTP,98,0
196,3,2003,4,JPTP,100,0
196,3,2003,4,JPTP,102,0
196,3,2003,4,JPTP,104,0
196,3,2003,4,JPTP,106,0
196,3,2003,4,JPTP,108,0
197,3,2004,1,JPTP,2,0
197,3,2004,1,JPTP,4,0
197,3,2004,1,JPTP,6,0
197,3,2004,1,JPTP,8,0
197,3,2004,1,JPTP,10,0
197,3,2004,1,JPTP,12,0
197,3,2004,1,JPTP,14,0
197,3,2004,1,JPTP,16,0
197,3,2004,1,JPTP,18,0
197,3,2004,1,JPTP,20,0
197,3,2004,1,JPTP,22,0
197,3,2004,1,JPTP,24,0
197,3,2004,1,JPTP,26,0.603896174595131
197,3,2004,1,JPTP,28,0
197,3,2004,1,JPTP,30,0
197,3,2004,1,JPTP,32,0.603896174595131
197,3,2004,1,JPTP,34,3.62337704757079
197,3,2004,1,JPTP,36,2.41558469838052
197,3,2004,1,JPTP,38,21.7402622854247
197,3,2004,1,JPTP,40,36.837666650303
197,3,2004,1,JPTP,42,32.6103934281371
197,3,2004,1,JPTP,44,32.006497253542
197,3,2004,1,JPTP,46,19.9285737616393
197,3,2004,1,JPTP,48,8.45454644433184
197,3,2004,1,JPTP,50,9.05844261892697
197,3,2004,1,JPTP,52,9.6623387935221
197,3,2004,1,JPTP,54,16.9090928886637
197,3,2004,1,JPTP,56,12.6818196664978
197,3,2004,1,JPTP,58,12.0779234919026
197,3,2004,1,JPTP,60,18.1168852378539
197,3,2004,1,JPTP,62,4.83116939676105
197,3,2004,1,JPTP,64,7.8506502697367
197,3,2004,1,JPTP,66,2.41558469838052
197,3,2004,1,JPTP,68,2.41558469838052
197,3,2004,1,JPTP,70,4.22727322216592
197,3,2004,1,JPTP,72,18.1168852378539
197,3,2004,1,JPTP,74,12.6818196664978
197,3,2004,1,JPTP,76,7.8506502697367
197,3,2004,1,JPTP,78,1.20779234919026
197,3,2004,1,JPTP,80,1.81168852378539
197,3,2004,1,JPTP,82,0
197,3,2004,1,JPTP,84,0
197,3,2004,1,JPTP,86,0
197,3,2004,1,JPTP,88,0
197,3,2004,1,JPTP,90,0
197,3,2004,1,JPTP,92,0
197,3,2004,1,JPTP,94,0
197,3,2004,1,JPTP,96,0
197,3,2004,1,JPTP,98,0
197,3,2004,1,JPTP,100,0
197,3,2004,1,JPTP,102,0
197,3,2004,1,JPTP,104,0
197,3,2004,1,JPTP,106,0
197,3,2004,1,JPTP,108,0
198,3,2004,4,JPTP,2,0
198,3,2004,4,JPTP,4,0
198,3,2004,4,JPTP,6,0
198,3,2004,4,JPTP,8,0
198,3,2004,4,JPTP,10,0
198,3,2004,4,JPTP,12,0
198,3,2004,4,JPTP,14,0
198,3,2004,4,JPTP,16,0
198,3,2004,4,JPTP,18,0
198,3,2004,4,JPTP,20,0
198,3,2004,4,JPTP,22,0
198,3,2004,4,JPTP,24,0
198,3,2004,4,JPTP,26,0
198,3,2004,4,JPTP,28,0
198,3,2004,4,JPTP,30,0
198,3,2004,4,JPTP,32,0
198,3,2004,4,JPTP,34,0
198,3,2004,4,JPTP,36,0
198,3,2004,4,JPTP,38,0
198,3,2004,4,JPTP,40,0
198,3,2004,4,JPTP,42,0
198,3,2004,4,JPTP,44,0
198,3,2004,4,JPTP,46,0
198,3,2004,4,JPTP,48,0
198,3,2004,4,JPTP,50,0.679383196419522
198,3,2004,4,JPTP,52,2.71753278567809
198,3,2004,4,JPTP,54,9.51136474987332
198,3,2004,4,JPTP,56,14.26704712481
198,3,2004,4,JPTP,58,6.1144487677757
198,3,2004,4,JPTP,60,2.71753278567809
198,3,2004,4,JPTP,62,0
198,3,2004,4,JPTP,64,0
198,3,2004,4,JPTP,66,0
198,3,2004,4,JPTP,68,0
198,3,2004,4,JPTP,70,0
198,3,2004,4,JPTP,72,0
198,3,2004,4,JPTP,74,0
198,3,2004,4,JPTP,76,0
198,3,2004,4,JPTP,78,0
198,3,2004,4,JPTP,80,0
198,3,2004,4,JPTP,82,0
198,3,2004,4,JPTP,84,0
198,3,2004,4,JPTP,86,0
198,3,2004,4,JPTP,88,0
198,3,2004,4,JPTP,90,0
198,3,2004,4,JPTP,92,0
198,3,2004,4,JPTP,94,0
198,3,2004,4,JPTP,96,0
198,3,2004,4,JPTP,98,0
198,3,2004,4,JPTP,100,0
198,3,2004,4,JPTP,102,0
198,3,2004,4,JPTP,104,0
198,3,2004,4,JPTP,106,0
198,3,2004,4,JPTP,108,0
199,3,2005,1,JPTP,2,0
199,3,2005,1,JPTP,4,0
199,3,2005,1,JPTP,6,0
199,3,2005,1,JPTP,8,0
199,3,2005,1,JPTP,10,0
199,3,2005,1,JPTP,12,0
199,3,2005,1,JPTP,14,0
199,3,2005,1,JPTP,16,0
199,3,2005,1,JPTP,18,0
199,3,2005,1,JPTP,20,0
199,3,2005,1,JPTP,22,0
199,3,2005,1,JPTP,24,0
199,3,2005,1,JPTP,26,0
199,3,2005,1,JPTP,28,0
199,3,2005,1,JPTP,30,0
199,3,2005,1,JPTP,32,0
199,3,2005,1,JPTP,34,0.679383196419522
199,3,2005,1,JPTP,36,23.0990286782638
199,3,2005,1,JPTP,38,23.0990286782638
199,3,2005,1,JPTP,40,8.15259835703427
199,3,2005,1,JPTP,42,6.1144487677757
199,3,2005,1,JPTP,44,6.79383196419522
199,3,2005,1,JPTP,46,10.1907479462928
199,3,2005,1,JPTP,48,12.2288975355514
199,3,2005,1,JPTP,50,8.83198155345379
199,3,2005,1,JPTP,52,0.679383196419522
199,3,2005,1,JPTP,54,1.35876639283904
199,3,2005,1,JPTP,56,11.5495143391319
199,3,2005,1,JPTP,58,15.625813517649
199,3,2005,1,JPTP,60,28.5340942496199
199,3,2005,1,JPTP,62,20.3814958925857
199,3,2005,1,JPTP,64,29.2134774460395
199,3,2005,1,JPTP,66,5.43506557135618
199,3,2005,1,JPTP,68,0.679383196419522
199,3,2005,1,JPTP,70,0
199,3,2005,1,JPTP,72,0
199,3,2005,1,JPTP,74,0
199,3,2005,1,JPTP,76,0
199,3,2005,1,JPTP,78,0
199,3,2005,1,JPTP,80,0
199,3,2005,1,JPTP,82,0
199,3,2005,1,JPTP,84,0
199,3,2005,1,JPTP,86,0
199,3,2005,1,JPTP,88,0
199,3,2005,1,JPTP,90,0
199,3,2005,1,JPTP,92,0
199,3,2005,1,JPTP,94,0
199,3,2005,1,JPTP,96,0
199,3,2005,1,JPTP,98,0
199,3,2005,1,JPTP,100,0
199,3,2005,1,JPTP,102,0
199,3,2005,1,JPTP,104,0
199,3,2005,1,JPTP,106,0
199,3,2005,1,JPTP,108,0
200,3,2006,1,JPTP,2,0
200,3,2006,1,JPTP,4,0
200,3,2006,1,JPTP,6,0
200,3,2006,1,JPTP,8,0
200,3,2006,1,JPTP,10,0
200,3,2006,1,JPTP,12,0
200,3,2006,1,JPTP,14,0
200,3,2006,1,JPTP,16,0
200,3,2006,1,JPTP,18,0
200,3,2006,1,JPTP,20,0
200,3,2006,1,JPTP,22,0
200,3,2006,1,JPTP,24,0
200,3,2006,1,JPTP,26,0
200,3,2006,1,JPTP,28,0
200,3,2006,1,JPTP,30,0
200,3,2006,1,JPTP,32,0
200,3,2006,1,JPTP,34,0.582328454073876
200,3,2006,1,JPTP,36,1.74698536222163
200,3,2006,1,JPTP,38,2.32931381629551
200,3,2006,1,JPTP,40,5.24095608666489
200,3,2006,1,JPTP,42,9.8995837192559
200,3,2006,1,JPTP,44,2.91164227036938
200,3,2006,1,JPTP,46,1.16465690814775
200,3,2006,1,JPTP,48,2.91164227036938
200,3,2006,1,JPTP,50,0.582328454073876
200,3,2006,1,JPTP,52,4.65862763259101
200,3,2006,1,JPTP,54,1.74698536222163
200,3,2006,1,JPTP,56,3.49397072444326
200,3,2006,1,JPTP,58,0.582328454073876
200,3,2006,1,JPTP,60,3.49397072444326
200,3,2006,1,JPTP,62,3.49397072444326
200,3,2006,1,JPTP,64,18.0521820762902
200,3,2006,1,JPTP,66,25.0401235251767
200,3,2006,1,JPTP,68,10.4819121733298
200,3,2006,1,JPTP,70,12.2288975355514
200,3,2006,1,JPTP,72,5.82328454073876
200,3,2006,1,JPTP,74,4.07629917851713
200,3,2006,1,JPTP,76,0
200,3,2006,1,JPTP,78,0
200,3,2006,1,JPTP,80,0
200,3,2006,1,JPTP,82,0
200,3,2006,1,JPTP,84,0
200,3,2006,1,JPTP,86,0
200,3,2006,1,JPTP,88,0
200,3,2006,1,JPTP,90,0
200,3,2006,1,JPTP,92,0
200,3,2006,1,JPTP,94,0
200,3,2006,1,JPTP,96,0
200,3,2006,1,JPTP,98,0
200,3,2006,1,JPTP,100,0
200,3,2006,1,JPTP,102,0
200,3,2006,1,JPTP,104,0
200,3,2006,1,JPTP,106,0
200,3,2006,1,JPTP,108,0
201,3,2006,2,JPTP,2,0
201,3,2006,2,JPTP,4,0
201,3,2006,2,JPTP,6,0
201,3,2006,2,JPTP,8,0
201,3,2006,2,JPTP,10,0
201,3,2006,2,JPTP,12,0
201,3,2006,2,JPTP,14,0
201,3,2006,2,JPTP,16,0
201,3,2006,2,JPTP,18,0
201,3,2006,2,JPTP,20,0
201,3,2006,2,JPTP,22,0
201,3,2006,2,JPTP,24,0
201,3,2006,2,JPTP,26,0
201,3,2006,2,JPTP,28,0
201,3,2006,2,JPTP,30,0
201,3,2006,2,JPTP,32,0
201,3,2006,2,JPTP,34,0
201,3,2006,2,JPTP,36,2.03814958925857
201,3,2006,2,JPTP,38,3.39691598209761
201,3,2006,2,JPTP,40,5.43506557135618
201,3,2006,2,JPTP,42,12.9082807319709
201,3,2006,2,JPTP,44,3.39691598209761
201,3,2006,2,JPTP,46,11.5495143391319
201,3,2006,2,JPTP,48,6.79383196419522
201,3,2006,2,JPTP,50,13.5876639283904
201,3,2006,2,JPTP,52,5.43506557135618
201,3,2006,2,JPTP,54,0.679383196419522
201,3,2006,2,JPTP,56,0.679383196419522
201,3,2006,2,JPTP,58,0.679383196419522
201,3,2006,2,JPTP,60,0
201,3,2006,2,JPTP,62,0
201,3,2006,2,JPTP,64,0
201,3,2006,2,JPTP,66,0
201,3,2006,2,JPTP,68,0
201,3,2006,2,JPTP,70,0
201,3,2006,2,JPTP,72,0
201,3,2006,2,JPTP,74,0
201,3,2006,2,JPTP,76,0
201,3,2006,2,JPTP,78,0
201,3,2006,2,JPTP,80,0
201,3,2006,2,JPTP,82,0
201,3,2006,2,JPTP,84,0
201,3,2006,2,JPTP,86,0
201,3,2006,2,JPTP,88,0
201,3,2006,2,JPTP,90,0
201,3,2006,2,JPTP,92,0
201,3,2006,2,JPTP,94,0
201,3,2006,2,JPTP,96,0
201,3,2006,2,JPTP,98,0
201,3,2006,2,JPTP,100,0
201,3,2006,2,JPTP,102,0
201,3,2006,2,JPTP,104,0
201,3,2006,2,JPTP,106,0
201,3,2006,2,JPTP,108,0
202,3,2007,1,JPTP,2,0
202,3,2007,1,JPTP,4,0
202,3,2007,1,JPTP,6,0
202,3,2007,1,JPTP,8,0
202,3,2007,1,JPTP,10,0
202,3,2007,1,JPTP,12,0
202,3,2007,1,JPTP,14,0
202,3,2007,1,JPTP,16,0
202,3,2007,1,JPTP,18,0
202,3,2007,1,JPTP,20,0
202,3,2007,1,JPTP,22,0
202,3,2007,1,JPTP,24,0
202,3,2007,1,JPTP,26,0
202,3,2007,1,JPTP,28,1.26818196664978
202,3,2007,1,JPTP,30,0.634090983324888
202,3,2007,1,JPTP,32,1.26818196664978
202,3,2007,1,JPTP,34,6.97500081657376
202,3,2007,1,JPTP,36,11.413637699848
202,3,2007,1,JPTP,38,13.9500016331475
202,3,2007,1,JPTP,40,25.3636393329955
202,3,2007,1,JPTP,42,29.1681852329448
202,3,2007,1,JPTP,44,19.6568204830715
202,3,2007,1,JPTP,46,13.9500016331475
202,3,2007,1,JPTP,48,15.2181835997973
202,3,2007,1,JPTP,50,6.97500081657376
202,3,2007,1,JPTP,52,5.70681884992399
202,3,2007,1,JPTP,54,3.80454589994933
202,3,2007,1,JPTP,56,2.53636393329955
202,3,2007,1,JPTP,58,1.26818196664978
202,3,2007,1,JPTP,60,3.17045491662444
202,3,2007,1,JPTP,62,3.17045491662444
202,3,2007,1,JPTP,64,1.26818196664978
202,3,2007,1,JPTP,66,1.26818196664978
202,3,2007,1,JPTP,68,0
202,3,2007,1,JPTP,70,2.53636393329955
202,3,2007,1,JPTP,72,0
202,3,2007,1,JPTP,74,1.26818196664978
202,3,2007,1,JPTP,76,0
202,3,2007,1,JPTP,78,0
202,3,2007,1,JPTP,80,0
202,3,2007,1,JPTP,82,0
202,3,2007,1,JPTP,84,0
202,3,2007,1,JPTP,86,0
202,3,2007,1,JPTP,88,0
202,3,2007,1,JPTP,90,0
202,3,2007,1,JPTP,92,0
202,3,2007,1,JPTP,94,0
202,3,2007,1,JPTP,96,0
202,3,2007,1,JPTP,98,0
202,3,2007,1,JPTP,100,0
202,3,2007,1,JPTP,102,0
202,3,2007,1,JPTP,104,0
202,3,2007,1,JPTP,106,0
202,3,2007,1,JPTP,108,0
203,3,2007,2,JPTP,2,0
203,3,2007,2,JPTP,4,0
203,3,2007,2,JPTP,6,0
203,3,2007,2,JPTP,8,0
203,3,2007,2,JPTP,10,0
203,3,2007,2,JPTP,12,0
203,3,2007,2,JPTP,14,0
203,3,2007,2,JPTP,16,0
203,3,2007,2,JPTP,18,0
203,3,2007,2,JPTP,20,0
203,3,2007,2,JPTP,22,0
203,3,2007,2,JPTP,24,0
203,3,2007,2,JPTP,26,0
203,3,2007,2,JPTP,28,0
203,3,2007,2,JPTP,30,0
203,3,2007,2,JPTP,32,0
203,3,2007,2,JPTP,34,0
203,3,2007,2,JPTP,36,0
203,3,2007,2,JPTP,38,2.71753278567809
203,3,2007,2,JPTP,40,7.47321516061475
203,3,2007,2,JPTP,42,28.5340942496199
203,3,2007,2,JPTP,44,19.0227294997466
203,3,2007,2,JPTP,46,13.5876639283904
203,3,2007,2,JPTP,48,2.71753278567809
203,3,2007,2,JPTP,50,3.39691598209761
203,3,2007,2,JPTP,52,1
203,3,2007,2,JPTP,54,0.679383196419522
203,3,2007,2,JPTP,56,0
203,3,2007,2,JPTP,58,0
203,3,2007,2,JPTP,60,0
203,3,2007,2,JPTP,62,0
203,3,2007,2,JPTP,64,0
203,3,2007,2,JPTP,66,0
203,3,2007,2,JPTP,68,0
203,3,2007,2,JPTP,70,0
203,3,2007,2,JPTP,72,0
203,3,2007,2,JPTP,74,0
203,3,2007,2,JPTP,76,0
203,3,2007,2,JPTP,78,0
203,3,2007,2,JPTP,80,0
203,3,2007,2,JPTP,82,0
203,3,2007,2,JPTP,84,0
203,3,2007,2,JPTP,86,0
203,3,2007,2,JPTP,88,0
203,3,2007,2,JPTP,90,0
203,3,2007,2,JPTP,92,0
203,3,2007,2,JPTP,94,0
203,3,2007,2,JPTP,96,0
203,3,2007,2,JPTP,98,0
203,3,2007,2,JPTP,100,0
203,3,2007,2,JPTP,102,0
203,3,2007,2,JPTP,104,0
203,3,2007,2,JPTP,106,0
203,3,2007,2,JPTP,108,0
204,3,2007,4,JPTP,2,0
204,3,2007,4,JPTP,4,0
204,3,2007,4,JPTP,6,0
204,3,2007,4,JPTP,8,0
204,3,2007,4,JPTP,10,0
204,3,2007,4,JPTP,12,0
204,3,2007,4,JPTP,14,0
204,3,2007,4,JPTP,16,0
204,3,2007,4,JPTP,18,0
204,3,2007,4,JPTP,20,0
204,3,2007,4,JPTP,22,0
204,3,2007,4,JPTP,24,0
204,3,2007,4,JPTP,26,0
204,3,2007,4,JPTP,28,0
204,3,2007,4,JPTP,30,0
204,3,2007,4,JPTP,32,0
204,3,2007,4,JPTP,34,0
204,3,2007,4,JPTP,36,0
204,3,2007,4,JPTP,38,0
204,3,2007,4,JPTP,40,0
204,3,2007,4,JPTP,42,0
204,3,2007,4,JPTP,44,0
204,3,2007,4,JPTP,46,0
204,3,2007,4,JPTP,48,3.39691598209761
204,3,2007,4,JPTP,50,14.26704712481
204,3,2007,4,JPTP,52,27.8547110532004
204,3,2007,4,JPTP,54,13.5876639283904
204,3,2007,4,JPTP,56,5.43506557135618
204,3,2007,4,JPTP,58,2.71753278567809
204,3,2007,4,JPTP,60,0
204,3,2007,4,JPTP,62,0.679383196419522
204,3,2007,4,JPTP,64,0
204,3,2007,4,JPTP,66,0
204,3,2007,4,JPTP,68,0
204,3,2007,4,JPTP,70,0
204,3,2007,4,JPTP,72,0
204,3,2007,4,JPTP,74,0
204,3,2007,4,JPTP,76,0
204,3,2007,4,JPTP,78,0
204,3,2007,4,JPTP,80,0
204,3,2007,4,JPTP,82,0
204,3,2007,4,JPTP,84,0
204,3,2007,4,JPTP,86,0
204,3,2007,4,JPTP,88,0
204,3,2007,4,JPTP,90,0
204,3,2007,4,JPTP,92,0
204,3,2007,4,JPTP,94,0
204,3,2007,4,JPTP,96,0
204,3,2007,4,JPTP,98,0
204,3,2007,4,JPTP,100,0
204,3,2007,4,JPTP,102,0
204,3,2007,4,JPTP,104,0
204,3,2007,4,JPTP,106,0
204,3,2007,4,JPTP,108,0
205,3,2008,1,JPTP,2,0
205,3,2008,1,JPTP,4,0
205,3,2008,1,JPTP,6,0
205,3,2008,1,JPTP,8,0
205,3,2008,1,JPTP,10,0
205,3,2008,1,JPTP,12,0
205,3,2008,1,JPTP,14,0
205,3,2008,1,JPTP,16,0
205,3,2008,1,JPTP,18,0
205,3,2008,1,JPTP,20,0
205,3,2008,1,JPTP,22,0
205,3,2008,1,JPTP,24,0
205,3,2008,1,JPTP,26,0
205,3,2008,1,JPTP,28,0
205,3,2008,1,JPTP,30,0
205,3,2008,1,JPTP,32,0
205,3,2008,1,JPTP,34,0
205,3,2008,1,JPTP,36,0
205,3,2008,1,JPTP,38,0.905844261892697
205,3,2008,1,JPTP,40,1.35876639283904
205,3,2008,1,JPTP,42,3.17045491662444
205,3,2008,1,JPTP,44,4.98214344040983
205,3,2008,1,JPTP,46,22.6461065473174
205,3,2008,1,JPTP,48,10.8701311427124
205,3,2008,1,JPTP,50,5.43506557135618
205,3,2008,1,JPTP,52,16.3051967140685
205,3,2008,1,JPTP,54,22.6461065473174
205,3,2008,1,JPTP,56,15.8522745831222
205,3,2008,1,JPTP,58,4.98214344040983
205,3,2008,1,JPTP,60,2.71753278567809
205,3,2008,1,JPTP,62,0.905844261892697
205,3,2008,1,JPTP,64,0.452922130946348
205,3,2008,1,JPTP,66,0
205,3,2008,1,JPTP,68,0
205,3,2008,1,JPTP,70,0
205,3,2008,1,JPTP,72,0
205,3,2008,1,JPTP,74,0
205,3,2008,1,JPTP,76,0
205,3,2008,1,JPTP,78,0
205,3,2008,1,JPTP,80,0
205,3,2008,1,JPTP,82,0
205,3,2008,1,JPTP,84,0
205,3,2008,1,JPTP,86,0
205,3,2008,1,JPTP,88,0
205,3,2008,1,JPTP,90,0
205,3,2008,1,JPTP,92,0
205,3,2008,1,JPTP,94,0
205,3,2008,1,JPTP,96,0
205,3,2008,1,JPTP,98,0
205,3,2008,1,JPTP,100,0
205,3,2008,1,JPTP,102,0
205,3,2008,1,JPTP,104,0
205,3,2008,1,JPTP,106,0
205,3,2008,1,JPTP,108,0
206,3,2008,4,JPTP,2,0
206,3,2008,4,JPTP,4,0
206,3,2008,4,JPTP,6,0
206,3,2008,4,JPTP,8,0
206,3,2008,4,JPTP,10,0
206,3,2008,4,JPTP,12,0
206,3,2008,4,JPTP,14,0
206,3,2008,4,JPTP,16,0
206,3,2008,4,JPTP,18,0
206,3,2008,4,JPTP,20,0
206,3,2008,4,JPTP,22,0
206,3,2008,4,JPTP,24,0.679383196419522
206,3,2008,4,JPTP,26,1.35876639283904
206,3,2008,4,JPTP,28,0
206,3,2008,4,JPTP,30,0
206,3,2008,4,JPTP,32,0
206,3,2008,4,JPTP,34,0
206,3,2008,4,JPTP,36,2.03814958925857
206,3,2008,4,JPTP,38,8.15259835703427
206,3,2008,4,JPTP,40,5.43506557135618
206,3,2008,4,JPTP,42,2.71753278567809
206,3,2008,4,JPTP,44,0.679383196419522
206,3,2008,4,JPTP,46,0
206,3,2008,4,JPTP,48,0
206,3,2008,4,JPTP,50,6.79383196419522
206,3,2008,4,JPTP,52,82.8847499631817
206,3,2008,4,JPTP,54,74.7321516061475
206,3,2008,4,JPTP,56,10.8701311427124
206,3,2008,4,JPTP,58,0.679383196419522
206,3,2008,4,JPTP,60,2.03814958925857
206,3,2008,4,JPTP,62,0.679383196419522
206,3,2008,4,JPTP,64,1.35876639283904
206,3,2008,4,JPTP,66,1.35876639283904
206,3,2008,4,JPTP,68,2.03814958925857
206,3,2008,4,JPTP,70,0.679383196419522
206,3,2008,4,JPTP,72,0
206,3,2008,4,JPTP,74,0
206,3,2008,4,JPTP,76,0
206,3,2008,4,JPTP,78,0
206,3,2008,4,JPTP,80,0
206,3,2008,4,JPTP,82,0
206,3,2008,4,JPTP,84,0
206,3,2008,4,JPTP,86,0
206,3,2008,4,JPTP,88,0
206,3,2008,4,JPTP,90,0
206,3,2008,4,JPTP,92,0
206,3,2008,4,JPTP,94,0
206,3,2008,4,JPTP,96,0
206,3,2008,4,JPTP,98,0
206,3,2008,4,JPTP,100,0
206,3,2008,4,JPTP,102,0
206,3,2008,4,JPTP,104,0
206,3,2008,4,JPTP,106,0
206,3,2008,4,JPTP,108,0
207,3,2009,1,JPTP,2,0
207,3,2009,1,JPTP,4,0
207,3,2009,1,JPTP,6,0
207,3,2009,1,JPTP,8,0
207,3,2009,1,JPTP,10,0
207,3,2009,1,JPTP,12,0
207,3,2009,1,JPTP,14,0
207,3,2009,1,JPTP,16,0
207,3,2009,1,JPTP,18,0
207,3,2009,1,JPTP,20,0
207,3,2009,1,JPTP,22,0
207,3,2009,1,JPTP,24,0
207,3,2009,1,JPTP,26,0
207,3,2009,1,JPTP,28,0
207,3,2009,1,JPTP,30,0
207,3,2009,1,JPTP,32,0
207,3,2009,1,JPTP,34,2.71753278567809
207,3,2009,1,JPTP,36,4.07629917851713
207,3,2009,1,JPTP,38,0
207,3,2009,1,JPTP,40,1.35876639283904
207,3,2009,1,JPTP,42,4.07629917851713
207,3,2009,1,JPTP,44,8.15259835703427
207,3,2009,1,JPTP,46,7.47321516061475
207,3,2009,1,JPTP,48,7.47321516061475
207,3,2009,1,JPTP,50,10.1907479462928
207,3,2009,1,JPTP,52,13.5876639283904
207,3,2009,1,JPTP,54,40.7629917851714
207,3,2009,1,JPTP,56,19.7021126961662
207,3,2009,1,JPTP,58,6.1144487677757
207,3,2009,1,JPTP,60,2.03814958925857
207,3,2009,1,JPTP,62,0.679383196419522
207,3,2009,1,JPTP,64,9.51136474987332
207,3,2009,1,JPTP,66,9.51136474987332
207,3,2009,1,JPTP,68,2.03814958925857
207,3,2009,1,JPTP,70,0
207,3,2009,1,JPTP,72,0
207,3,2009,1,JPTP,74,0
207,3,2009,1,JPTP,76,0
207,3,2009,1,JPTP,78,0
207,3,2009,1,JPTP,80,0
207,3,2009,1,JPTP,82,0
207,3,2009,1,JPTP,84,0
207,3,2009,1,JPTP,86,0
207,3,2009,1,JPTP,88,0
207,3,2009,1,JPTP,90,0
207,3,2009,1,JPTP,92,0
207,3,2009,1,JPTP,94,0
207,3,2009,1,JPTP,96,0
207,3,2009,1,JPTP,98,0
207,3,2009,1,JPTP,100,0
207,3,2009,1,JPTP,102,0
207,3,2009,1,JPTP,104,0
207,3,2009,1,JPTP,106,0
207,3,2009,1,JPTP,108,0
208,3,2009,2,JPTP,2,0
208,3,2009,2,JPTP,4,0
208,3,2009,2,JPTP,6,0
208,3,2009,2,JPTP,8,0
208,3,2009,2,JPTP,10,0
208,3,2009,2,JPTP,12,0
208,3,2009,2,JPTP,14,0
208,3,2009,2,JPTP,16,0
208,3,2009,2,JPTP,18,0
208,3,2009,2,JPTP,20,0
208,3,2009,2,JPTP,22,0
208,3,2009,2,JPTP,24,0
208,3,2009,2,JPTP,26,0
208,3,2009,2,JPTP,28,0.64703161563764
208,3,2009,2,JPTP,30,0
208,3,2009,2,JPTP,32,0
208,3,2009,2,JPTP,34,1.94109484691292
208,3,2009,2,JPTP,36,5.82328454073876
208,3,2009,2,JPTP,38,58.2328454073876
208,3,2009,2,JPTP,40,185.698073688003
208,3,2009,2,JPTP,42,311.869238737343
208,3,2009,2,JPTP,44,210.285275082233
208,3,2009,2,JPTP,46,97.7017739612837
208,3,2009,2,JPTP,48,32.351580781882
208,3,2009,2,JPTP,50,19.4109484691292
208,3,2009,2,JPTP,52,12.2936006971152
208,3,2009,2,JPTP,54,14.8817271596657
208,3,2009,2,JPTP,56,12.2936006971152
208,3,2009,2,JPTP,58,6.4703161563764
208,3,2009,2,JPTP,60,1.94109484691292
208,3,2009,2,JPTP,62,0
208,3,2009,2,JPTP,64,0
208,3,2009,2,JPTP,66,0
208,3,2009,2,JPTP,68,0
208,3,2009,2,JPTP,70,0
208,3,2009,2,JPTP,72,0
208,3,2009,2,JPTP,74,0
208,3,2009,2,JPTP,76,0
208,3,2009,2,JPTP,78,0
208,3,2009,2,JPTP,80,0
208,3,2009,2,JPTP,82,0
208,3,2009,2,JPTP,84,0
208,3,2009,2,JPTP,86,0
208,3,2009,2,JPTP,88,0
208,3,2009,2,JPTP,90,0
208,3,2009,2,JPTP,92,0
208,3,2009,2,JPTP,94,0
208,3,2009,2,JPTP,96,0
208,3,2009,2,JPTP,98,0
208,3,2009,2,JPTP,100,0
208,3,2009,2,JPTP,102,0
208,3,2009,2,JPTP,104,0
208,3,2009,2,JPTP,106,0
208,3,2009,2,JPTP,108,0
209,3,2010,1,JPTP,2,0
209,3,2010,1,JPTP,4,0
209,3,2010,1,JPTP,6,0
209,3,2010,1,JPTP,8,0
209,3,2010,1,JPTP,10,0
209,3,2010,1,JPTP,12,0
209,3,2010,1,JPTP,14,0
209,3,2010,1,JPTP,16,0
209,3,2010,1,JPTP,18,0
209,3,2010,1,JPTP,20,0
209,3,2010,1,JPTP,22,0
209,3,2010,1,JPTP,24,0
209,3,2010,1,JPTP,26,0
209,3,2010,1,JPTP,28,0
209,3,2010,1,JPTP,30,0
209,3,2010,1,JPTP,32,0
209,3,2010,1,JPTP,34,0
209,3,2010,1,JPTP,36,0.169845799104881
209,3,2010,1,JPTP,38,1.01907479462928
209,3,2010,1,JPTP,40,3.90645337941225
209,3,2010,1,JPTP,42,11.2098227409221
209,3,2010,1,JPTP,44,9.6812105489782
209,3,2010,1,JPTP,46,3.90645337941225
209,3,2010,1,JPTP,48,1.35876639283904
209,3,2010,1,JPTP,50,1.01907479462928
209,3,2010,1,JPTP,52,0
209,3,2010,1,JPTP,54,0
209,3,2010,1,JPTP,56,0
209,3,2010,1,JPTP,58,0
209,3,2010,1,JPTP,60,0
209,3,2010,1,JPTP,62,0
209,3,2010,1,JPTP,64,0
209,3,2010,1,JPTP,66,0
209,3,2010,1,JPTP,68,0
209,3,2010,1,JPTP,70,0
209,3,2010,1,JPTP,72,0.169845799104881
209,3,2010,1,JPTP,74,0
209,3,2010,1,JPTP,76,0
209,3,2010,1,JPTP,78,0
209,3,2010,1,JPTP,80,0
209,3,2010,1,JPTP,82,0
209,3,2010,1,JPTP,84,0
209,3,2010,1,JPTP,86,0
209,3,2010,1,JPTP,88,0
209,3,2010,1,JPTP,90,0
209,3,2010,1,JPTP,92,0
209,3,2010,1,JPTP,94,0
209,3,2010,1,JPTP,96,0
209,3,2010,1,JPTP,98,0
209,3,2010,1,JPTP,100,0
209,3,2010,1,JPTP,102,0
209,3,2010,1,JPTP,104,0
209,3,2010,1,JPTP,106,0
209,3,2010,1,JPTP,108,0
210,3,2010,2,JPTP,2,0
210,3,2010,2,JPTP,4,0
210,3,2010,2,JPTP,6,0
210,3,2010,2,JPTP,8,0
210,3,2010,2,JPTP,10,0
210,3,2010,2,JPTP,12,0
210,3,2010,2,JPTP,14,0
210,3,2010,2,JPTP,16,0
210,3,2010,2,JPTP,18,0
210,3,2010,2,JPTP,20,0
210,3,2010,2,JPTP,22,0
210,3,2010,2,JPTP,24,0
210,3,2010,2,JPTP,26,0
210,3,2010,2,JPTP,28,0
210,3,2010,2,JPTP,30,0
210,3,2010,2,JPTP,32,0
210,3,2010,2,JPTP,34,0
210,3,2010,2,JPTP,36,15.2823890447337
210,3,2010,2,JPTP,38,160.797310818502
210,3,2010,2,JPTP,40,1039.86690673949
210,3,2010,2,JPTP,42,568.106201445534
210,3,2010,2,JPTP,44,114.950143684301
210,3,2010,2,JPTP,46,32.5581331822587
210,3,2010,2,JPTP,48,11.295678859151
210,3,2010,2,JPTP,50,3.98671018558269
210,3,2010,2,JPTP,52,0.664451697597115
210,3,2010,2,JPTP,54,0.664451697597115
210,3,2010,2,JPTP,56,0
210,3,2010,2,JPTP,58,0
210,3,2010,2,JPTP,60,0
210,3,2010,2,JPTP,62,0
210,3,2010,2,JPTP,64,0
210,3,2010,2,JPTP,66,0
210,3,2010,2,JPTP,68,0
210,3,2010,2,JPTP,70,0
210,3,2010,2,JPTP,72,0
210,3,2010,2,JPTP,74,0
210,3,2010,2,JPTP,76,0
210,3,2010,2,JPTP,78,0
210,3,2010,2,JPTP,80,0
210,3,2010,2,JPTP,82,0
210,3,2010,2,JPTP,84,0
210,3,2010,2,JPTP,86,0
210,3,2010,2,JPTP,88,0
210,3,2010,2,JPTP,90,0
210,3,2010,2,JPTP,92,0
210,3,2010,2,JPTP,94,0
210,3,2010,2,JPTP,96,0
210,3,2010,2,JPTP,98,0
210,3,2010,2,JPTP,100,0
210,3,2010,2,JPTP,102,0
210,3,2010,2,JPTP,104,0
210,3,2010,2,JPTP,106,0
210,3,2010,2,JPTP,108,0
211,3,2011,1,JPTP,2,0
211,3,2011,1,JPTP,4,0
211,3,2011,1,JPTP,6,0
211,3,2011,1,JPTP,8,0
211,3,2011,1,JPTP,10,0
211,3,2011,1,JPTP,12,0
211,3,2011,1,JPTP,14,0
211,3,2011,1,JPTP,16,0
211,3,2011,1,JPTP,18,0
211,3,2011,1,JPTP,20,0
211,3,2011,1,JPTP,22,0
211,3,2011,1,JPTP,24,0
211,3,2011,1,JPTP,26,0
211,3,2011,1,JPTP,28,0
211,3,2011,1,JPTP,30,0
211,3,2011,1,JPTP,32,0
211,3,2011,1,JPTP,34,0
211,3,2011,1,JPTP,36,2.03814958925857
211,3,2011,1,JPTP,38,10.8701311427124
211,3,2011,1,JPTP,40,13.5876639283904
211,3,2011,1,JPTP,42,21.0608790890052
211,3,2011,1,JPTP,44,11.5495143391319
211,3,2011,1,JPTP,46,4.07629917851713
211,3,2011,1,JPTP,48,2.71753278567809
211,3,2011,1,JPTP,50,3.39691598209761
211,3,2011,1,JPTP,52,12.9082807319709
211,3,2011,1,JPTP,54,9.51136474987332
211,3,2011,1,JPTP,56,12.2288975355514
211,3,2011,1,JPTP,58,8.15259835703427
211,3,2011,1,JPTP,60,16.9845799104881
211,3,2011,1,JPTP,62,8.83198155345379
211,3,2011,1,JPTP,64,8.83198155345379
211,3,2011,1,JPTP,66,0
211,3,2011,1,JPTP,68,0
211,3,2011,1,JPTP,70,0
211,3,2011,1,JPTP,72,0
211,3,2011,1,JPTP,74,0
211,3,2011,1,JPTP,76,0
211,3,2011,1,JPTP,78,0
211,3,2011,1,JPTP,80,0
211,3,2011,1,JPTP,82,0
211,3,2011,1,JPTP,84,0
211,3,2011,1,JPTP,86,0
211,3,2011,1,JPTP,88,0
211,3,2011,1,JPTP,90,0
211,3,2011,1,JPTP,92,0
211,3,2011,1,JPTP,94,0
211,3,2011,1,JPTP,96,0
211,3,2011,1,JPTP,98,0
211,3,2011,1,JPTP,100,0
211,3,2011,1,JPTP,102,0
211,3,2011,1,JPTP,104,0
211,3,2011,1,JPTP,106,0
211,3,2011,1,JPTP,108,0
212,3,2011,2,JPTP,2,0
212,3,2011,2,JPTP,4,0
212,3,2011,2,JPTP,6,0
212,3,2011,2,JPTP,8,0
212,3,2011,2,JPTP,10,0
212,3,2011,2,JPTP,12,0
212,3,2011,2,JPTP,14,0
212,3,2011,2,JPTP,16,0
212,3,2011,2,JPTP,18,0
212,3,2011,2,JPTP,20,0
212,3,2011,2,JPTP,22,0
212,3,2011,2,JPTP,24,0
212,3,2011,2,JPTP,26,0
212,3,2011,2,JPTP,28,0
212,3,2011,2,JPTP,30,0
212,3,2011,2,JPTP,32,0
212,3,2011,2,JPTP,34,0
212,3,2011,2,JPTP,36,0
212,3,2011,2,JPTP,38,0
212,3,2011,2,JPTP,40,2.71753278567809
212,3,2011,2,JPTP,42,16.8487032712042
212,3,2011,2,JPTP,44,28.8058475281878
212,3,2011,2,JPTP,46,8.15259835703427
212,3,2011,2,JPTP,48,7.60909179989865
212,3,2011,2,JPTP,50,2.71753278567809
212,3,2011,2,JPTP,52,0
212,3,2011,2,JPTP,54,0.543506557135618
212,3,2011,2,JPTP,56,0.543506557135618
212,3,2011,2,JPTP,58,0
212,3,2011,2,JPTP,60,0
212,3,2011,2,JPTP,62,0
212,3,2011,2,JPTP,64,0
212,3,2011,2,JPTP,66,0
212,3,2011,2,JPTP,68,0
212,3,2011,2,JPTP,70,0
212,3,2011,2,JPTP,72,0
212,3,2011,2,JPTP,74,0
212,3,2011,2,JPTP,76,0
212,3,2011,2,JPTP,78,0
212,3,2011,2,JPTP,80,0
212,3,2011,2,JPTP,82,0
212,3,2011,2,JPTP,84,0
212,3,2011,2,JPTP,86,0
212,3,2011,2,JPTP,88,0
212,3,2011,2,JPTP,90,0
212,3,2011,2,JPTP,92,0
212,3,2011,2,JPTP,94,0
212,3,2011,2,JPTP,96,0
212,3,2011,2,JPTP,98,0
212,3,2011,2,JPTP,100,0
212,3,2011,2,JPTP,102,0
212,3,2011,2,JPTP,104,0
212,3,2011,2,JPTP,106,0
212,3,2011,2,JPTP,108,0
213,3,2011,4,JPTP,2,0
213,3,2011,4,JPTP,4,0
213,3,2011,4,JPTP,6,0
213,3,2011,4,JPTP,8,0
213,3,2011,4,JPTP,10,0
213,3,2011,4,JPTP,12,0
213,3,2011,4,JPTP,14,0
213,3,2011,4,JPTP,16,0
213,3,2011,4,JPTP,18,0
213,3,2011,4,JPTP,20,0
213,3,2011,4,JPTP,22,2.03814958925857
213,3,2011,4,JPTP,24,3.39691598209761
213,3,2011,4,JPTP,26,6.79383196419522
213,3,2011,4,JPTP,28,12.9082807319709
213,3,2011,4,JPTP,30,14.26704712481
213,3,2011,4,JPTP,32,4.75568237493666
213,3,2011,4,JPTP,34,2.03814958925857
213,3,2011,4,JPTP,36,0
213,3,2011,4,JPTP,38,1.35876639283904
213,3,2011,4,JPTP,40,0.679383196419522
213,3,2011,4,JPTP,42,0
213,3,2011,4,JPTP,44,0
213,3,2011,4,JPTP,46,0
213,3,2011,4,JPTP,48,0
213,3,2011,4,JPTP,50,0
213,3,2011,4,JPTP,52,0.679383196419522
213,3,2011,4,JPTP,54,0
213,3,2011,4,JPTP,56,0
213,3,2011,4,JPTP,58,0
213,3,2011,4,JPTP,60,0
213,3,2011,4,JPTP,62,0
213,3,2011,4,JPTP,64,0
213,3,2011,4,JPTP,66,0
213,3,2011,4,JPTP,68,0
213,3,2011,4,JPTP,70,0
213,3,2011,4,JPTP,72,0
213,3,2011,4,JPTP,74,0
213,3,2011,4,JPTP,76,0
213,3,2011,4,JPTP,78,0
213,3,2011,4,JPTP,80,0
213,3,2011,4,JPTP,82,0
213,3,2011,4,JPTP,84,0
213,3,2011,4,JPTP,86,0
213,3,2011,4,JPTP,88,0
213,3,2011,4,JPTP,90,0
213,3,2011,4,JPTP,92,0
213,3,2011,4,JPTP,94,0
213,3,2011,4,JPTP,96,0
213,3,2011,4,JPTP,98,0
213,3,2011,4,JPTP,100,0
213,3,2011,4,JPTP,102,0
213,3,2011,4,JPTP,104,0
213,3,2011,4,JPTP,106,0
213,3,2011,4,JPTP,108,0
214,3,2012,1,JPTP,2,0
214,3,2012,1,JPTP,4,0
214,3,2012,1,JPTP,6,0
214,3,2012,1,JPTP,8,0
214,3,2012,1,JPTP,10,0
214,3,2012,1,JPTP,12,0
214,3,2012,1,JPTP,14,0
214,3,2012,1,JPTP,16,0
214,3,2012,1,JPTP,18,0
214,3,2012,1,JPTP,20,0
214,3,2012,1,JPTP,22,0
214,3,2012,1,JPTP,24,0
214,3,2012,1,JPTP,26,0.592033928308441
214,3,2012,1,JPTP,28,0.592033928308441
214,3,2012,1,JPTP,30,1.18406785661688
214,3,2012,1,JPTP,32,4.73627142646753
214,3,2012,1,JPTP,34,98.8696660275097
214,3,2012,1,JPTP,36,471.851040861828
214,3,2012,1,JPTP,38,1088.75039415922
214,3,2012,1,JPTP,40,537.566806904064
214,3,2012,1,JPTP,42,301.937303437305
214,3,2012,1,JPTP,44,133.799667797708
214,3,2012,1,JPTP,46,81.7006821065649
214,3,2012,1,JPTP,48,34.3379678418896
214,3,2012,1,JPTP,50,22.4972892757208
214,3,2012,1,JPTP,52,20.7211874907954
214,3,2012,1,JPTP,54,17.1689839209448
214,3,2012,1,JPTP,56,10.0645767812435
214,3,2012,1,JPTP,58,12.4327124944773
214,3,2012,1,JPTP,60,31.3777982003474
214,3,2012,1,JPTP,62,21.3132214191039
214,3,2012,1,JPTP,64,51.5069517628344
214,3,2012,1,JPTP,66,44.4025446231331
214,3,2012,1,JPTP,68,45.58661247975
214,3,2012,1,JPTP,70,91.1732249594999
214,3,2012,1,JPTP,72,26.6415267738798
214,3,2012,1,JPTP,74,14.800848207711
214,3,2012,1,JPTP,76,1.18406785661688
214,3,2012,1,JPTP,78,5.32830535477597
214,3,2012,1,JPTP,80,1.77610178492532
214,3,2012,1,JPTP,82,0.592033928308441
214,3,2012,1,JPTP,84,0.592033928308441
214,3,2012,1,JPTP,86,0
214,3,2012,1,JPTP,88,0
214,3,2012,1,JPTP,90,0
214,3,2012,1,JPTP,92,0
214,3,2012,1,JPTP,94,0
214,3,2012,1,JPTP,96,0
214,3,2012,1,JPTP,98,0
214,3,2012,1,JPTP,100,0
214,3,2012,1,JPTP,102,0
214,3,2012,1,JPTP,104,0
214,3,2012,1,JPTP,106,0
214,3,2012,1,JPTP,108,0
215,3,2012,2,JPTP,2,0
215,3,2012,2,JPTP,4,0
215,3,2012,2,JPTP,6,0
215,3,2012,2,JPTP,8,0
215,3,2012,2,JPTP,10,0
215,3,2012,2,JPTP,12,0
215,3,2012,2,JPTP,14,0
215,3,2012,2,JPTP,16,0
215,3,2012,2,JPTP,18,0
215,3,2012,2,JPTP,20,0
215,3,2012,2,JPTP,22,0
215,3,2012,2,JPTP,24,0
215,3,2012,2,JPTP,26,0
215,3,2012,2,JPTP,28,1.26818196664978
215,3,2012,2,JPTP,30,1.90227294997466
215,3,2012,2,JPTP,32,0
215,3,2012,2,JPTP,34,1.26818196664978
215,3,2012,2,JPTP,36,24.7295483496706
215,3,2012,2,JPTP,38,183.252294180893
215,3,2012,2,JPTP,40,214.322752363812
215,3,2012,2,JPTP,42,66.5795532491132
215,3,2012,2,JPTP,44,12.0477286831729
215,3,2012,2,JPTP,46,2.53636393329955
215,3,2012,2,JPTP,48,0.634090983324888
215,3,2012,2,JPTP,50,0
215,3,2012,2,JPTP,52,0
215,3,2012,2,JPTP,54,0
215,3,2012,2,JPTP,56,0
215,3,2012,2,JPTP,58,0.634090983324888
215,3,2012,2,JPTP,60,0
215,3,2012,2,JPTP,62,0
215,3,2012,2,JPTP,64,0
215,3,2012,2,JPTP,66,0
215,3,2012,2,JPTP,68,0
215,3,2012,2,JPTP,70,0
215,3,2012,2,JPTP,72,0
215,3,2012,2,JPTP,74,0
215,3,2012,2,JPTP,76,0
215,3,2012,2,JPTP,78,0
215,3,2012,2,JPTP,80,0
215,3,2012,2,JPTP,82,0
215,3,2012,2,JPTP,84,0
215,3,2012,2,JPTP,86,0
215,3,2012,2,JPTP,88,0
215,3,2012,2,JPTP,90,0
215,3,2012,2,JPTP,92,0
215,3,2012,2,JPTP,94,0
215,3,2012,2,JPTP,96,0
215,3,2012,2,JPTP,98,0
215,3,2012,2,JPTP,100,0
215,3,2012,2,JPTP,102,0
215,3,2012,2,JPTP,104,0
215,3,2012,2,JPTP,106,0
215,3,2012,2,JPTP,108,0
216,3,2012,4,JPTP,2,0
216,3,2012,4,JPTP,4,0
216,3,2012,4,JPTP,6,0
216,3,2012,4,JPTP,8,0
216,3,2012,4,JPTP,10,0
216,3,2012,4,JPTP,12,0
216,3,2012,4,JPTP,14,0
216,3,2012,4,JPTP,16,0
216,3,2012,4,JPTP,18,0
216,3,2012,4,JPTP,20,0
216,3,2012,4,JPTP,22,0
216,3,2012,4,JPTP,24,0
216,3,2012,4,JPTP,26,0
216,3,2012,4,JPTP,28,0
216,3,2012,4,JPTP,30,0
216,3,2012,4,JPTP,32,1.35876639283904
216,3,2012,4,JPTP,34,2.71753278567809
216,3,2012,4,JPTP,36,27.8547110532004
216,3,2012,4,JPTP,38,77.4496843918256
216,3,2012,4,JPTP,40,56.3888053028204
216,3,2012,4,JPTP,42,19.0227294997466
216,3,2012,4,JPTP,44,8.83198155345379
216,3,2012,4,JPTP,46,3.39691598209761
216,3,2012,4,JPTP,48,1.35876639283904
216,3,2012,4,JPTP,50,0
216,3,2012,4,JPTP,52,0
216,3,2012,4,JPTP,54,0
216,3,2012,4,JPTP,56,0
216,3,2012,4,JPTP,58,0
216,3,2012,4,JPTP,60,0
216,3,2012,4,JPTP,62,0.679383196419522
216,3,2012,4,JPTP,64,2.03814958925857
216,3,2012,4,JPTP,66,1.35876639283904
216,3,2012,4,JPTP,68,0.679383196419522
216,3,2012,4,JPTP,70,0
216,3,2012,4,JPTP,72,0
216,3,2012,4,JPTP,74,0
216,3,2012,4,JPTP,76,0
216,3,2012,4,JPTP,78,0
216,3,2012,4,JPTP,80,0
216,3,2012,4,JPTP,82,0
216,3,2012,4,JPTP,84,0
216,3,2012,4,JPTP,86,0
216,3,2012,4,JPTP,88,0
216,3,2012,4,JPTP,90,0
216,3,2012,4,JPTP,92,0
216,3,2012,4,JPTP,94,0
216,3,2012,4,JPTP,96,0
216,3,2012,4,JPTP,98,0
216,3,2012,4,JPTP,100,0
216,3,2012,4,JPTP,102,0
216,3,2012,4,JPTP,104,0
216,3,2012,4,JPTP,106,0
216,3,2012,4,JPTP,108,0
217,3,2013,1,JPTP,2,0
217,3,2013,1,JPTP,4,0
217,3,2013,1,JPTP,6,0
217,3,2013,1,JPTP,8,0
217,3,2013,1,JPTP,10,0
217,3,2013,1,JPTP,12,0
217,3,2013,1,JPTP,14,0
217,3,2013,1,JPTP,16,0
217,3,2013,1,JPTP,18,0
217,3,2013,1,JPTP,20,0
217,3,2013,1,JPTP,22,0
217,3,2013,1,JPTP,24,0
217,3,2013,1,JPTP,26,0
217,3,2013,1,JPTP,28,0
217,3,2013,1,JPTP,30,5.64410655486988
217,3,2013,1,JPTP,32,137.967049119041
217,3,2013,1,JPTP,34,421.426622763618
217,3,2013,1,JPTP,36,353.697344105179
217,3,2013,1,JPTP,38,550.613950575084
217,3,2013,1,JPTP,40,320.459827726501
217,3,2013,1,JPTP,42,196.289483519364
217,3,2013,1,JPTP,44,148.62813927824
217,3,2013,1,JPTP,46,75.8818770154728
217,3,2013,1,JPTP,48,37.0002540819248
217,3,2013,1,JPTP,50,13.1695819613631
217,3,2013,1,JPTP,52,7.52547540649317
217,3,2013,1,JPTP,54,10.6610901591987
217,3,2013,1,JPTP,56,15.0509508129863
217,3,2013,1,JPTP,58,12.542459010822
217,3,2013,1,JPTP,60,5.64410655486988
217,3,2013,1,JPTP,62,6.27122950541098
217,3,2013,1,JPTP,64,1.88136885162329
217,3,2013,1,JPTP,66,15.0509508129863
217,3,2013,1,JPTP,68,18.8136885162329
217,3,2013,1,JPTP,70,29.4747786754316
217,3,2013,1,JPTP,72,16.9323196646096
217,3,2013,1,JPTP,74,5.01698360432878
217,3,2013,1,JPTP,76,1.88136885162329
217,3,2013,1,JPTP,78,0.627122950541098
217,3,2013,1,JPTP,80,0
217,3,2013,1,JPTP,82,0
217,3,2013,1,JPTP,84,0
217,3,2013,1,JPTP,86,0
217,3,2013,1,JPTP,88,0
217,3,2013,1,JPTP,90,0
217,3,2013,1,JPTP,92,0
217,3,2013,1,JPTP,94,0
217,3,2013,1,JPTP,96,0
217,3,2013,1,JPTP,98,0
217,3,2013,1,JPTP,100,0
217,3,2013,1,JPTP,102,0
217,3,2013,1,JPTP,104,0
217,3,2013,1,JPTP,106,0
217,3,2013,1,JPTP,108,0
218,3,2013,2,JPTP,2,0
218,3,2013,2,JPTP,4,0
218,3,2013,2,JPTP,6,0
218,3,2013,2,JPTP,8,0
218,3,2013,2,JPTP,10,0
218,3,2013,2,JPTP,12,0
218,3,2013,2,JPTP,14,0
218,3,2013,2,JPTP,16,0
218,3,2013,2,JPTP,18,0
218,3,2013,2,JPTP,20,0
218,3,2013,2,JPTP,22,0
218,3,2013,2,JPTP,24,0
218,3,2013,2,JPTP,26,0
218,3,2013,2,JPTP,28,0
218,3,2013,2,JPTP,30,0
218,3,2013,2,JPTP,32,0
218,3,2013,2,JPTP,34,0.679383196419522
218,3,2013,2,JPTP,36,4.07629917851713
218,3,2013,2,JPTP,38,19.7021126961662
218,3,2013,2,JPTP,40,129.762190516129
218,3,2013,2,JPTP,42,132.479723301807
218,3,2013,2,JPTP,44,91.7167315166355
218,3,2013,2,JPTP,46,46.1980573565275
218,3,2013,2,JPTP,48,16.3051967140685
218,3,2013,2,JPTP,50,8.83198155345379
218,3,2013,2,JPTP,52,5.43506557135618
218,3,2013,2,JPTP,54,2.71753278567809
218,3,2013,2,JPTP,56,0
218,3,2013,2,JPTP,58,0
218,3,2013,2,JPTP,60,0.679383196419522
218,3,2013,2,JPTP,62,0
218,3,2013,2,JPTP,64,0
218,3,2013,2,JPTP,66,0
218,3,2013,2,JPTP,68,0
218,3,2013,2,JPTP,70,0
218,3,2013,2,JPTP,72,0
218,3,2013,2,JPTP,74,0
218,3,2013,2,JPTP,76,0
218,3,2013,2,JPTP,78,0
218,3,2013,2,JPTP,80,0
218,3,2013,2,JPTP,82,0
218,3,2013,2,JPTP,84,0
218,3,2013,2,JPTP,86,0
218,3,2013,2,JPTP,88,0
218,3,2013,2,JPTP,90,0
218,3,2013,2,JPTP,92,0
218,3,2013,2,JPTP,94,0
218,3,2013,2,JPTP,96,0
218,3,2013,2,JPTP,98,0
218,3,2013,2,JPTP,100,0
218,3,2013,2,JPTP,102,0
218,3,2013,2,JPTP,104,0
218,3,2013,2,JPTP,106,0
218,3,2013,2,JPTP,108,0
219,3,2013,4,JPTP,2,0
219,3,2013,4,JPTP,4,0
219,3,2013,4,JPTP,6,0
219,3,2013,4,JPTP,8,0
219,3,2013,4,JPTP,10,0
219,3,2013,4,JPTP,12,0
219,3,2013,4,JPTP,14,0
219,3,2013,4,JPTP,16,0
219,3,2013,4,JPTP,18,0
219,3,2013,4,JPTP,20,0
219,3,2013,4,JPTP,22,0
219,3,2013,4,JPTP,24,0
219,3,2013,4,JPTP,26,0
219,3,2013,4,JPTP,28,0
219,3,2013,4,JPTP,30,0
219,3,2013,4,JPTP,32,0
219,3,2013,4,JPTP,34,0
219,3,2013,4,JPTP,36,0
219,3,2013,4,JPTP,38,0
219,3,2013,4,JPTP,40,0
219,3,2013,4,JPTP,42,0
219,3,2013,4,JPTP,44,1.81168852378539
219,3,2013,4,JPTP,46,0
219,3,2013,4,JPTP,48,0.452922130946348
219,3,2013,4,JPTP,50,1.35876639283904
219,3,2013,4,JPTP,52,5.88798770230253
219,3,2013,4,JPTP,54,29.892860642459
219,3,2013,4,JPTP,56,17.2110409759612
219,3,2013,4,JPTP,58,4.07629917851713
219,3,2013,4,JPTP,60,2.26461065473174
219,3,2013,4,JPTP,62,1.81168852378539
219,3,2013,4,JPTP,64,2.26461065473174
219,3,2013,4,JPTP,66,5.43506557135618
219,3,2013,4,JPTP,68,3.62337704757079
219,3,2013,4,JPTP,70,2.26461065473174
219,3,2013,4,JPTP,72,0.452922130946348
219,3,2013,4,JPTP,74,0
219,3,2013,4,JPTP,76,0
219,3,2013,4,JPTP,78,0
219,3,2013,4,JPTP,80,0
219,3,2013,4,JPTP,82,0
219,3,2013,4,JPTP,84,0
219,3,2013,4,JPTP,86,0
219,3,2013,4,JPTP,88,0
219,3,2013,4,JPTP,90,0
219,3,2013,4,JPTP,92,0
219,3,2013,4,JPTP,94,0
219,3,2013,4,JPTP,96,0
219,3,2013,4,JPTP,98,0
219,3,2013,4,JPTP,100,0
219,3,2013,4,JPTP,102,0
219,3,2013,4,JPTP,104,0
219,3,2013,4,JPTP,106,0
219,3,2013,4,JPTP,108,0
220,3,2014,1,JPTP,2,0
220,3,2014,1,JPTP,4,0
220,3,2014,1,JPTP,6,0
220,3,2014,1,JPTP,8,0
220,3,2014,1,JPTP,10,0
220,3,2014,1,JPTP,12,0
220,3,2014,1,JPTP,14,0
220,3,2014,1,JPTP,16,0
220,3,2014,1,JPTP,18,0
220,3,2014,1,JPTP,20,0
220,3,2014,1,JPTP,22,0
220,3,2014,1,JPTP,24,0
220,3,2014,1,JPTP,26,0.574862704662673
220,3,2014,1,JPTP,28,0
220,3,2014,1,JPTP,30,0
220,3,2014,1,JPTP,32,0.574862704662673
220,3,2014,1,JPTP,34,10.3475286839281
220,3,2014,1,JPTP,36,61.510309398906
220,3,2014,1,JPTP,38,81.0556413574369
220,3,2014,1,JPTP,40,75.3070143108101
220,3,2014,1,JPTP,42,71.2829753781714
220,3,2014,1,JPTP,44,60.9354466942433
220,3,2014,1,JPTP,46,28.7431352331336
220,3,2014,1,JPTP,48,17.2458811398802
220,3,2014,1,JPTP,50,5.74862704662673
220,3,2014,1,JPTP,52,5.17376434196406
220,3,2014,1,JPTP,54,2.29945081865069
220,3,2014,1,JPTP,56,0.574862704662673
220,3,2014,1,JPTP,58,0
220,3,2014,1,JPTP,60,1.14972540932535
220,3,2014,1,JPTP,62,1.72458811398802
220,3,2014,1,JPTP,64,1.14972540932535
220,3,2014,1,JPTP,66,1.72458811398802
220,3,2014,1,JPTP,68,0
220,3,2014,1,JPTP,70,3.44917622797604
220,3,2014,1,JPTP,72,1.14972540932535
220,3,2014,1,JPTP,74,7.47321516061475
220,3,2014,1,JPTP,76,1.14972540932535
220,3,2014,1,JPTP,78,0
220,3,2014,1,JPTP,80,0
220,3,2014,1,JPTP,82,0
220,3,2014,1,JPTP,84,0
220,3,2014,1,JPTP,86,0
220,3,2014,1,JPTP,88,0
220,3,2014,1,JPTP,90,0
220,3,2014,1,JPTP,92,0
220,3,2014,1,JPTP,94,0
220,3,2014,1,JPTP,96,0
220,3,2014,1,JPTP,98,0
220,3,2014,1,JPTP,100,0
220,3,2014,1,JPTP,102,0
220,3,2014,1,JPTP,104,0
220,3,2014,1,JPTP,106,0
220,3,2014,1,JPTP,108,0
221,3,2014,2,JPTP,2,0
221,3,2014,2,JPTP,4,0
221,3,2014,2,JPTP,6,0
221,3,2014,2,JPTP,8,0
221,3,2014,2,JPTP,10,0
221,3,2014,2,JPTP,12,0
221,3,2014,2,JPTP,14,0
221,3,2014,2,JPTP,16,0
221,3,2014,2,JPTP,18,0
221,3,2014,2,JPTP,20,0
221,3,2014,2,JPTP,22,0
221,3,2014,2,JPTP,24,0
221,3,2014,2,JPTP,26,0
221,3,2014,2,JPTP,28,0
221,3,2014,2,JPTP,30,0
221,3,2014,2,JPTP,32,0
221,3,2014,2,JPTP,34,1.35876639283904
221,3,2014,2,JPTP,36,0
221,3,2014,2,JPTP,38,13.5876639283904
221,3,2014,2,JPTP,40,34.6485430173956
221,3,2014,2,JPTP,42,14.26704712481
221,3,2014,2,JPTP,44,13.5876639283904
221,3,2014,2,JPTP,46,12.9082807319709
221,3,2014,2,JPTP,48,8.15259835703427
221,3,2014,2,JPTP,50,4.07629917851713
221,3,2014,2,JPTP,52,2.03814958925857
221,3,2014,2,JPTP,54,1.35876639283904
221,3,2014,2,JPTP,56,0.679383196419522
221,3,2014,2,JPTP,58,0
221,3,2014,2,JPTP,60,1.35876639283904
221,3,2014,2,JPTP,62,0
221,3,2014,2,JPTP,64,0
221,3,2014,2,JPTP,66,0
221,3,2014,2,JPTP,68,0
221,3,2014,2,JPTP,70,0
221,3,2014,2,JPTP,72,0
221,3,2014,2,JPTP,74,0
221,3,2014,2,JPTP,76,0
221,3,2014,2,JPTP,78,0
221,3,2014,2,JPTP,80,0
221,3,2014,2,JPTP,82,0
221,3,2014,2,JPTP,84,0
221,3,2014,2,JPTP,86,0
221,3,2014,2,JPTP,88,0
221,3,2014,2,JPTP,90,0
221,3,2014,2,JPTP,92,0
221,3,2014,2,JPTP,94,0
221,3,2014,2,JPTP,96,0
221,3,2014,2,JPTP,98,0
221,3,2014,2,JPTP,100,0
221,3,2014,2,JPTP,102,0
221,3,2014,2,JPTP,104,0
221,3,2014,2,JPTP,106,0
221,3,2014,2,JPTP,108,0
222,3,2014,4,JPTP,2,0
222,3,2014,4,JPTP,4,0
222,3,2014,4,JPTP,6,0
222,3,2014,4,JPTP,8,0
222,3,2014,4,JPTP,10,0
222,3,2014,4,JPTP,12,0
222,3,2014,4,JPTP,14,0
222,3,2014,4,JPTP,16,0
222,3,2014,4,JPTP,18,0
222,3,2014,4,JPTP,20,0
222,3,2014,4,JPTP,22,0
222,3,2014,4,JPTP,24,0
222,3,2014,4,JPTP,26,0
222,3,2014,4,JPTP,28,0
222,3,2014,4,JPTP,30,0
222,3,2014,4,JPTP,32,0
222,3,2014,4,JPTP,34,0
222,3,2014,4,JPTP,36,0
222,3,2014,4,JPTP,38,0
222,3,2014,4,JPTP,40,0.679383196419522
222,3,2014,4,JPTP,42,0
222,3,2014,4,JPTP,44,1.35876639283904
222,3,2014,4,JPTP,46,0.679383196419522
222,3,2014,4,JPTP,48,0
222,3,2014,4,JPTP,50,2.03814958925857
222,3,2014,4,JPTP,52,5.43506557135618
222,3,2014,4,JPTP,54,3.39691598209761
222,3,2014,4,JPTP,56,5.43506557135618
222,3,2014,4,JPTP,58,5.43506557135618
222,3,2014,4,JPTP,60,17.6639631069076
222,3,2014,4,JPTP,62,1.35876639283904
222,3,2014,4,JPTP,64,0
222,3,2014,4,JPTP,66,0
222,3,2014,4,JPTP,68,0
222,3,2014,4,JPTP,70,0
222,3,2014,4,JPTP,72,0
222,3,2014,4,JPTP,74,0
222,3,2014,4,JPTP,76,0
222,3,2014,4,JPTP,78,0
222,3,2014,4,JPTP,80,0
222,3,2014,4,JPTP,82,0
222,3,2014,4,JPTP,84,0
222,3,2014,4,JPTP,86,0
222,3,2014,4,JPTP,88,0
222,3,2014,4,JPTP,90,0
222,3,2014,4,JPTP,92,0
222,3,2014,4,JPTP,94,0
222,3,2014,4,JPTP,96,0
222,3,2014,4,JPTP,98,0
222,3,2014,4,JPTP,100,0
222,3,2014,4,JPTP,102,0
222,3,2014,4,JPTP,104,0
222,3,2014,4,JPTP,106,0
222,3,2014,4,JPTP,108,0
223,3,2015,1,JPTP,2,0
223,3,2015,1,JPTP,4,0
223,3,2015,1,JPTP,6,0
223,3,2015,1,JPTP,8,0
223,3,2015,1,JPTP,10,0
223,3,2015,1,JPTP,12,0
223,3,2015,1,JPTP,14,0
223,3,2015,1,JPTP,16,0
223,3,2015,1,JPTP,18,0
223,3,2015,1,JPTP,20,0
223,3,2015,1,JPTP,22,0
223,3,2015,1,JPTP,24,0
223,3,2015,1,JPTP,26,0
223,3,2015,1,JPTP,28,0
223,3,2015,1,JPTP,30,3.92269949932663
223,3,2015,1,JPTP,32,1.30756649977554
223,3,2015,1,JPTP,34,11.1143152480921
223,3,2015,1,JPTP,36,39.2269949932663
223,3,2015,1,JPTP,38,144.486098225198
223,3,2015,1,JPTP,40,275.89653145264
223,3,2015,1,JPTP,42,386.385900683673
223,3,2015,1,JPTP,44,175.867694219811
223,3,2015,1,JPTP,46,44.4572609923685
223,3,2015,1,JPTP,48,13.7294482476432
223,3,2015,1,JPTP,50,6.53783249887772
223,3,2015,1,JPTP,52,1.30756649977554
223,3,2015,1,JPTP,54,2.61513299955109
223,3,2015,1,JPTP,56,5.88404924898995
223,3,2015,1,JPTP,58,7.1916157487655
223,3,2015,1,JPTP,60,16.9983644970821
223,3,2015,1,JPTP,62,21.5748472462965
223,3,2015,1,JPTP,64,41.1883447429297
223,3,2015,1,JPTP,66,23.5361969959598
223,3,2015,1,JPTP,68,7.84539899865327
223,3,2015,1,JPTP,70,2.61513299955109
223,3,2015,1,JPTP,72,0.653783249887772
223,3,2015,1,JPTP,74,0
223,3,2015,1,JPTP,76,0
223,3,2015,1,JPTP,78,0
223,3,2015,1,JPTP,80,0
223,3,2015,1,JPTP,82,0
223,3,2015,1,JPTP,84,0
223,3,2015,1,JPTP,86,0
223,3,2015,1,JPTP,88,0
223,3,2015,1,JPTP,90,0
223,3,2015,1,JPTP,92,0
223,3,2015,1,JPTP,94,0
223,3,2015,1,JPTP,96,0
223,3,2015,1,JPTP,98,0
223,3,2015,1,JPTP,100,0
223,3,2015,1,JPTP,102,0
223,3,2015,1,JPTP,104,0
223,3,2015,1,JPTP,106,0
223,3,2015,1,JPTP,108,0
224,3,2015,2,JPTP,2,0
224,3,2015,2,JPTP,4,0
224,3,2015,2,JPTP,6,0
224,3,2015,2,JPTP,8,0
224,3,2015,2,JPTP,10,0
224,3,2015,2,JPTP,12,0
224,3,2015,2,JPTP,14,0
224,3,2015,2,JPTP,16,0
224,3,2015,2,JPTP,18,0
224,3,2015,2,JPTP,20,0
224,3,2015,2,JPTP,22,0
224,3,2015,2,JPTP,24,0
224,3,2015,2,JPTP,26,0
224,3,2015,2,JPTP,28,0
224,3,2015,2,JPTP,30,0.679383196419522
224,3,2015,2,JPTP,32,0
224,3,2015,2,JPTP,34,0
224,3,2015,2,JPTP,36,0
224,3,2015,2,JPTP,38,0
224,3,2015,2,JPTP,40,6.79383196419522
224,3,2015,2,JPTP,42,36.0073094102347
224,3,2015,2,JPTP,44,19.0227294997466
224,3,2015,2,JPTP,46,3.39691598209761
224,3,2015,2,JPTP,48,0
224,3,2015,2,JPTP,50,0.679383196419522
224,3,2015,2,JPTP,52,0
224,3,2015,2,JPTP,54,0
224,3,2015,2,JPTP,56,0
224,3,2015,2,JPTP,58,0.679383196419522
224,3,2015,2,JPTP,60,0
224,3,2015,2,JPTP,62,0
224,3,2015,2,JPTP,64,0
224,3,2015,2,JPTP,66,0
224,3,2015,2,JPTP,68,0
224,3,2015,2,JPTP,70,0.679383196419522
224,3,2015,2,JPTP,72,0
224,3,2015,2,JPTP,74,0
224,3,2015,2,JPTP,76,0
224,3,2015,2,JPTP,78,0
224,3,2015,2,JPTP,80,0
224,3,2015,2,JPTP,82,0
224,3,2015,2,JPTP,84,0
224,3,2015,2,JPTP,86,0
224,3,2015,2,JPTP,88,0
224,3,2015,2,JPTP,90,0
224,3,2015,2,JPTP,92,0
224,3,2015,2,JPTP,94,0
224,3,2015,2,JPTP,96,0
224,3,2015,2,JPTP,98,0
224,3,2015,2,JPTP,100,0
224,3,2015,2,JPTP,102,0
224,3,2015,2,JPTP,104,0
224,3,2015,2,JPTP,106,0
224,3,2015,2,JPTP,108,0
225,3,2016,1,JPTP,2,0
225,3,2016,1,JPTP,4,0
225,3,2016,1,JPTP,6,0
225,3,2016,1,JPTP,8,0
225,3,2016,1,JPTP,10,0
225,3,2016,1,JPTP,12,0
225,3,2016,1,JPTP,14,0
225,3,2016,1,JPTP,16,0
225,3,2016,1,JPTP,18,0
225,3,2016,1,JPTP,20,0
225,3,2016,1,JPTP,22,0
225,3,2016,1,JPTP,24,0
225,3,2016,1,JPTP,26,0
225,3,2016,1,JPTP,28,0.629973509407194
225,3,2016,1,JPTP,30,1.88992052822158
225,3,2016,1,JPTP,32,6.29973509407194
225,3,2016,1,JPTP,34,38.4283840738388
225,3,2016,1,JPTP,36,132.924410484918
225,3,2016,1,JPTP,38,187.102132293936
225,3,2016,1,JPTP,40,483.189681715317
225,3,2016,1,JPTP,42,689.820992800877
225,3,2016,1,JPTP,44,456.100820810808
225,3,2016,1,JPTP,46,197.181708444452
225,3,2016,1,JPTP,48,56.0676423372402
225,3,2016,1,JPTP,50,28.3488079233237
225,3,2016,1,JPTP,52,3.77984105644316
225,3,2016,1,JPTP,54,5.03978807525755
225,3,2016,1,JPTP,56,10.0795761505151
225,3,2016,1,JPTP,58,5.66976158466474
225,3,2016,1,JPTP,60,8.18965562229352
225,3,2016,1,JPTP,62,3.77984105644316
225,3,2016,1,JPTP,64,6.29973509407194
225,3,2016,1,JPTP,66,3.77984105644316
225,3,2016,1,JPTP,68,1.88992052822158
225,3,2016,1,JPTP,70,4.40981456585035
225,3,2016,1,JPTP,72,0
225,3,2016,1,JPTP,74,0.629973509407194
225,3,2016,1,JPTP,76,0
225,3,2016,1,JPTP,78,0
225,3,2016,1,JPTP,80,0
225,3,2016,1,JPTP,82,0
225,3,2016,1,JPTP,84,0
225,3,2016,1,JPTP,86,0
225,3,2016,1,JPTP,88,0
225,3,2016,1,JPTP,90,0
225,3,2016,1,JPTP,92,0
225,3,2016,1,JPTP,94,0
225,3,2016,1,JPTP,96,0
225,3,2016,1,JPTP,98,0
225,3,2016,1,JPTP,100,0
225,3,2016,1,JPTP,102,0
225,3,2016,1,JPTP,104,0
225,3,2016,1,JPTP,106,0
225,3,2016,1,JPTP,108,0
226,3,2016,2,JPTP,2,0
226,3,2016,2,JPTP,4,0
226,3,2016,2,JPTP,6,0
226,3,2016,2,JPTP,8,0
226,3,2016,2,JPTP,10,0
226,3,2016,2,JPTP,12,0
226,3,2016,2,JPTP,14,0
226,3,2016,2,JPTP,16,0
226,3,2016,2,JPTP,18,0
226,3,2016,2,JPTP,20,0
226,3,2016,2,JPTP,22,0
226,3,2016,2,JPTP,24,0
226,3,2016,2,JPTP,26,0
226,3,2016,2,JPTP,28,0
226,3,2016,2,JPTP,30,0
226,3,2016,2,JPTP,32,0
226,3,2016,2,JPTP,34,1.35876639283904
226,3,2016,2,JPTP,36,1.35876639283904
226,3,2016,2,JPTP,38,13.9273555266002
226,3,2016,2,JPTP,40,25.4768698657321
226,3,2016,2,JPTP,42,12.9082807319709
226,3,2016,2,JPTP,44,5.77475716956594
226,3,2016,2,JPTP,46,2.71753278567809
226,3,2016,2,JPTP,48,1.01907479462928
226,3,2016,2,JPTP,50,0
226,3,2016,2,JPTP,52,0
226,3,2016,2,JPTP,54,0.679383196419522
226,3,2016,2,JPTP,56,0
226,3,2016,2,JPTP,58,0
226,3,2016,2,JPTP,60,0
226,3,2016,2,JPTP,62,0
226,3,2016,2,JPTP,64,0
226,3,2016,2,JPTP,66,0
226,3,2016,2,JPTP,68,0
226,3,2016,2,JPTP,70,0
226,3,2016,2,JPTP,72,0
226,3,2016,2,JPTP,74,0
226,3,2016,2,JPTP,76,0
226,3,2016,2,JPTP,78,0
226,3,2016,2,JPTP,80,0
226,3,2016,2,JPTP,82,0
226,3,2016,2,JPTP,84,0
226,3,2016,2,JPTP,86,0
226,3,2016,2,JPTP,88,0
226,3,2016,2,JPTP,90,0
226,3,2016,2,JPTP,92,0
226,3,2016,2,JPTP,94,0
226,3,2016,2,JPTP,96,0
226,3,2016,2,JPTP,98,0
226,3,2016,2,JPTP,100,0
226,3,2016,2,JPTP,102,0
226,3,2016,2,JPTP,104,0
226,3,2016,2,JPTP,106,0
226,3,2016,2,JPTP,108,0
227,3,2017,2,JPTP,2,0
227,3,2017,2,JPTP,4,0
227,3,2017,2,JPTP,6,0
227,3,2017,2,JPTP,8,0
227,3,2017,2,JPTP,10,0
227,3,2017,2,JPTP,12,0
227,3,2017,2,JPTP,14,0
227,3,2017,2,JPTP,16,0
227,3,2017,2,JPTP,18,0
227,3,2017,2,JPTP,20,0
227,3,2017,2,JPTP,22,0.169845799104881
227,3,2017,2,JPTP,24,0.169845799104881
227,3,2017,2,JPTP,26,0.169845799104881
227,3,2017,2,JPTP,28,0
227,3,2017,2,JPTP,30,0
227,3,2017,2,JPTP,32,0
227,3,2017,2,JPTP,34,0.169845799104881
227,3,2017,2,JPTP,36,0.339691598209761
227,3,2017,2,JPTP,38,0.849228995524403
227,3,2017,2,JPTP,40,7.81290675882451
227,3,2017,2,JPTP,42,27.1753278567809
227,3,2017,2,JPTP,44,18.8528837006417
227,3,2017,2,JPTP,46,4.58583657583178
227,3,2017,2,JPTP,48,2.71753278567809
227,3,2017,2,JPTP,50,0.509537397314642
227,3,2017,2,JPTP,52,0.679383196419522
227,3,2017,2,JPTP,54,0.339691598209761
227,3,2017,2,JPTP,56,0.169845799104881
227,3,2017,2,JPTP,58,0.169845799104881
227,3,2017,2,JPTP,60,0
227,3,2017,2,JPTP,62,0.169845799104881
227,3,2017,2,JPTP,64,0
227,3,2017,2,JPTP,66,0
227,3,2017,2,JPTP,68,0
227,3,2017,2,JPTP,70,0
227,3,2017,2,JPTP,72,0
227,3,2017,2,JPTP,74,0
227,3,2017,2,JPTP,76,0
227,3,2017,2,JPTP,78,0
227,3,2017,2,JPTP,80,0
227,3,2017,2,JPTP,82,0
227,3,2017,2,JPTP,84,0
227,3,2017,2,JPTP,86,0
227,3,2017,2,JPTP,88,0
227,3,2017,2,JPTP,90,0
227,3,2017,2,JPTP,92,0
227,3,2017,2,JPTP,94,0
227,3,2017,2,JPTP,96,0
227,3,2017,2,JPTP,98,0
227,3,2017,2,JPTP,100,0
227,3,2017,2,JPTP,102,0
227,3,2017,2,JPTP,104,0
227,3,2017,2,JPTP,106,0
227,3,2017,2,JPTP,108,0
228,3,2017,4,JPTP,2,0
228,3,2017,4,JPTP,4,0
228,3,2017,4,JPTP,6,0
228,3,2017,4,JPTP,8,0
228,3,2017,4,JPTP,10,0
228,3,2017,4,JPTP,12,0
228,3,2017,4,JPTP,14,0
228,3,2017,4,JPTP,16,0
228,3,2017,4,JPTP,18,0
228,3,2017,4,JPTP,20,0
228,3,2017,4,JPTP,22,0
228,3,2017,4,JPTP,24,0
228,3,2017,4,JPTP,26,0
228,3,2017,4,JPTP,28,0
228,3,2017,4,JPTP,30,0
228,3,2017,4,JPTP,32,0
228,3,2017,4,JPTP,34,0.679383196419522
228,3,2017,4,JPTP,36,4.07629917851713
228,3,2017,4,JPTP,38,4.75568237493666
228,3,2017,4,JPTP,40,7.47321516061475
228,3,2017,4,JPTP,42,6.79383196419522
228,3,2017,4,JPTP,44,0
228,3,2017,4,JPTP,46,1.35876639283904
228,3,2017,4,JPTP,48,0
228,3,2017,4,JPTP,50,0
228,3,2017,4,JPTP,52,0.679383196419522
228,3,2017,4,JPTP,54,2.03814958925857
228,3,2017,4,JPTP,56,5.43506557135618
228,3,2017,4,JPTP,58,8.15259835703427
228,3,2017,4,JPTP,60,13.5876639283904
228,3,2017,4,JPTP,62,12.9082807319709
228,3,2017,4,JPTP,64,27.1753278567809
228,3,2017,4,JPTP,66,17.6639631069076
228,3,2017,4,JPTP,68,7.47321516061475
228,3,2017,4,JPTP,70,2.71753278567809
228,3,2017,4,JPTP,72,1.35876639283904
228,3,2017,4,JPTP,74,0.679383196419522
228,3,2017,4,JPTP,76,0
228,3,2017,4,JPTP,78,0.679383196419522
228,3,2017,4,JPTP,80,0
228,3,2017,4,JPTP,82,0
228,3,2017,4,JPTP,84,0.679383196419522
228,3,2017,4,JPTP,86,0
228,3,2017,4,JPTP,88,0
228,3,2017,4,JPTP,90,0
228,3,2017,4,JPTP,92,0
228,3,2017,4,JPTP,94,0
228,3,2017,4,JPTP,96,0
228,3,2017,4,JPTP,98,0
228,3,2017,4,JPTP,100,0
228,3,2017,4,JPTP,102,0
228,3,2017,4,JPTP,104,0
228,3,2017,4,JPTP,106,0
228,3,2017,4,JPTP,108,0
229,3,2018,2,JPTP,2,0
229,3,2018,2,JPTP,4,0
229,3,2018,2,JPTP,6,0
229,3,2018,2,JPTP,8,0
229,3,2018,2,JPTP,10,0
229,3,2018,2,JPTP,12,0
229,3,2018,2,JPTP,14,0
229,3,2018,2,JPTP,16,0
229,3,2018,2,JPTP,18,0
229,3,2018,2,JPTP,20,0
229,3,2018,2,JPTP,22,0
229,3,2018,2,JPTP,24,0
229,3,2018,2,JPTP,26,0
229,3,2018,2,JPTP,28,0
229,3,2018,2,JPTP,30,0
229,3,2018,2,JPTP,32,0.679383196419522
229,3,2018,2,JPTP,34,0.679383196419522
229,3,2018,2,JPTP,36,0.679383196419522
229,3,2018,2,JPTP,38,0
229,3,2018,2,JPTP,40,6.79383196419522
229,3,2018,2,JPTP,42,29.892860642459
229,3,2018,2,JPTP,44,26.4959446603614
229,3,2018,2,JPTP,46,6.1144487677757
229,3,2018,2,JPTP,48,1.35876639283904
229,3,2018,2,JPTP,50,0.679383196419522
229,3,2018,2,JPTP,52,0
229,3,2018,2,JPTP,54,0
229,3,2018,2,JPTP,56,0
229,3,2018,2,JPTP,58,0
229,3,2018,2,JPTP,60,0
229,3,2018,2,JPTP,62,0
229,3,2018,2,JPTP,64,0
229,3,2018,2,JPTP,66,0
229,3,2018,2,JPTP,68,0
229,3,2018,2,JPTP,70,0
229,3,2018,2,JPTP,72,0
229,3,2018,2,JPTP,74,0
229,3,2018,2,JPTP,76,0
229,3,2018,2,JPTP,78,0
229,3,2018,2,JPTP,80,0
229,3,2018,2,JPTP,82,0
229,3,2018,2,JPTP,84,0
229,3,2018,2,JPTP,86,0
229,3,2018,2,JPTP,88,0
229,3,2018,2,JPTP,90,0
229,3,2018,2,JPTP,92,0
229,3,2018,2,JPTP,94,0
229,3,2018,2,JPTP,96,0
229,3,2018,2,JPTP,98,0
229,3,2018,2,JPTP,100,0
229,3,2018,2,JPTP,102,0
229,3,2018,2,JPTP,104,0
229,3,2018,2,JPTP,106,0
229,3,2018,2,JPTP,108,0
230,3,2019,2,JPTP,2,0
230,3,2019,2,JPTP,4,0
230,3,2019,2,JPTP,6,0
230,3,2019,2,JPTP,8,0
230,3,2019,2,JPTP,10,0
230,3,2019,2,JPTP,12,0
230,3,2019,2,JPTP,14,0
230,3,2019,2,JPTP,16,0
230,3,2019,2,JPTP,18,0
230,3,2019,2,JPTP,20,0
230,3,2019,2,JPTP,22,0
230,3,2019,2,JPTP,24,0
230,3,2019,2,JPTP,26,0
230,3,2019,2,JPTP,28,0
230,3,2019,2,JPTP,30,0
230,3,2019,2,JPTP,32,0
230,3,2019,2,JPTP,34,0
230,3,2019,2,JPTP,36,0
230,3,2019,2,JPTP,38,0.776437938765169
230,3,2019,2,JPTP,40,7.76437938765168
230,3,2019,2,JPTP,42,37.6572400301107
230,3,2019,2,JPTP,44,51.6331229278837
230,3,2019,2,JPTP,46,20.1873864078944
230,3,2019,2,JPTP,48,2.71753278567809
230,3,2019,2,JPTP,50,2.71753278567809
230,3,2019,2,JPTP,52,0.776437938765169
230,3,2019,2,JPTP,54,0.776437938765169
230,3,2019,2,JPTP,56,0.388218969382584
230,3,2019,2,JPTP,58,0
230,3,2019,2,JPTP,60,0
230,3,2019,2,JPTP,62,0
230,3,2019,2,JPTP,64,0
230,3,2019,2,JPTP,66,0
230,3,2019,2,JPTP,68,0
230,3,2019,2,JPTP,70,0
230,3,2019,2,JPTP,72,0
230,3,2019,2,JPTP,74,0
230,3,2019,2,JPTP,76,0
230,3,2019,2,JPTP,78,0
230,3,2019,2,JPTP,80,0
230,3,2019,2,JPTP,82,0
230,3,2019,2,JPTP,84,0
230,3,2019,2,JPTP,86,0
230,3,2019,2,JPTP,88,0
230,3,2019,2,JPTP,90,0
230,3,2019,2,JPTP,92,0
230,3,2019,2,JPTP,94,0
230,3,2019,2,JPTP,96,0
230,3,2019,2,JPTP,98,0
230,3,2019,2,JPTP,100,0
230,3,2019,2,JPTP,102,0
230,3,2019,2,JPTP,104,0
230,3,2019,2,JPTP,106,0
230,3,2019,2,JPTP,108,0
231,3,2019,4,JPTP,2,0
231,3,2019,4,JPTP,4,0
231,3,2019,4,JPTP,6,0
231,3,2019,4,JPTP,8,0
231,3,2019,4,JPTP,10,0
231,3,2019,4,JPTP,12,0
231,3,2019,4,JPTP,14,0
231,3,2019,4,JPTP,16,0
231,3,2019,4,JPTP,18,0
231,3,2019,4,JPTP,20,0
231,3,2019,4,JPTP,22,0
231,3,2019,4,JPTP,24,0
231,3,2019,4,JPTP,26,0
231,3,2019,4,JPTP,28,0
231,3,2019,4,JPTP,30,0
231,3,2019,4,JPTP,32,0
231,3,2019,4,JPTP,34,0
231,3,2019,4,JPTP,36,0.905844261892697
231,3,2019,4,JPTP,38,5.20860450588301
231,3,2019,4,JPTP,40,10.417209011766
231,3,2019,4,JPTP,42,6.1144487677757
231,3,2019,4,JPTP,44,3.39691598209761
231,3,2019,4,JPTP,46,2.71753278567809
231,3,2019,4,JPTP,48,1.58522745831222
231,3,2019,4,JPTP,50,0.452922130946348
231,3,2019,4,JPTP,52,0.679383196419522
231,3,2019,4,JPTP,54,3.17045491662444
231,3,2019,4,JPTP,56,1.13230532736587
231,3,2019,4,JPTP,58,1.13230532736587
231,3,2019,4,JPTP,60,0.452922130946348
231,3,2019,4,JPTP,62,0
231,3,2019,4,JPTP,64,0
231,3,2019,4,JPTP,66,0
231,3,2019,4,JPTP,68,0
231,3,2019,4,JPTP,70,0
231,3,2019,4,JPTP,72,0
231,3,2019,4,JPTP,74,0
231,3,2019,4,JPTP,76,0
231,3,2019,4,JPTP,78,0
231,3,2019,4,JPTP,80,0
231,3,2019,4,JPTP,82,0
231,3,2019,4,JPTP,84,0
231,3,2019,4,JPTP,86,0
231,3,2019,4,JPTP,88,0
231,3,2019,4,JPTP,90,0
231,3,2019,4,JPTP,92,0
231,3,2019,4,JPTP,94,0
231,3,2019,4,JPTP,96,0
231,3,2019,4,JPTP,98,0
231,3,2019,4,JPTP,100,0
231,3,2019,4,JPTP,102,0
231,3,2019,4,JPTP,104,0
231,3,2019,4,JPTP,106,0
231,3,2019,4,JPTP,108,0
232,3,2020,1,JPTP,2,0
232,3,2020,1,JPTP,4,0
232,3,2020,1,JPTP,6,0
232,3,2020,1,JPTP,8,0
232,3,2020,1,JPTP,10,0
232,3,2020,1,JPTP,12,0
232,3,2020,1,JPTP,14,0
232,3,2020,1,JPTP,16,0
232,3,2020,1,JPTP,18,0
232,3,2020,1,JPTP,20,0
232,3,2020,1,JPTP,22,0.472614397509233
232,3,2020,1,JPTP,24,2.8356863850554
232,3,2020,1,JPTP,26,2.8356863850554
232,3,2020,1,JPTP,28,0.472614397509233
232,3,2020,1,JPTP,30,0
232,3,2020,1,JPTP,32,0.472614397509233
232,3,2020,1,JPTP,34,1.89045759003693
232,3,2020,1,JPTP,36,0.472614397509233
232,3,2020,1,JPTP,38,2.8356863850554
232,3,2020,1,JPTP,40,8.97967355267543
232,3,2020,1,JPTP,42,20.322419092897
232,3,2020,1,JPTP,44,36.8639230057202
232,3,2020,1,JPTP,46,6.14398716762003
232,3,2020,1,JPTP,48,8.50705915516619
232,3,2020,1,JPTP,50,75.145689203968
232,3,2020,1,JPTP,52,415.900669808125
232,3,2020,1,JPTP,54,796.355259803058
232,3,2020,1,JPTP,56,244.814257909783
232,3,2020,1,JPTP,58,20.322419092897
232,3,2020,1,JPTP,60,9.92490234769389
232,3,2020,1,JPTP,62,1.89045759003693
232,3,2020,1,JPTP,64,10.3975167452031
232,3,2020,1,JPTP,66,11.3427455402216
232,3,2020,1,JPTP,68,2.36307198754616
232,3,2020,1,JPTP,70,5.6713727701108
232,3,2020,1,JPTP,72,0
232,3,2020,1,JPTP,74,0
232,3,2020,1,JPTP,76,0
232,3,2020,1,JPTP,78,0
232,3,2020,1,JPTP,80,0
232,3,2020,1,JPTP,82,0
232,3,2020,1,JPTP,84,0
232,3,2020,1,JPTP,86,0
232,3,2020,1,JPTP,88,0
232,3,2020,1,JPTP,90,0
232,3,2020,1,JPTP,92,0
232,3,2020,1,JPTP,94,0
232,3,2020,1,JPTP,96,0
232,3,2020,1,JPTP,98,0
232,3,2020,1,JPTP,100,0
232,3,2020,1,JPTP,102,0
232,3,2020,1,JPTP,104,0
232,3,2020,1,JPTP,106,0
232,3,2020,1,JPTP,108,0
233,3,2020,4,JPTP,2,0
233,3,2020,4,JPTP,4,0
233,3,2020,4,JPTP,6,0
233,3,2020,4,JPTP,8,0
233,3,2020,4,JPTP,10,0
233,3,2020,4,JPTP,12,0
233,3,2020,4,JPTP,14,0
233,3,2020,4,JPTP,16,0
233,3,2020,4,JPTP,18,0
233,3,2020,4,JPTP,20,0
233,3,2020,4,JPTP,22,0
233,3,2020,4,JPTP,24,0
233,3,2020,4,JPTP,26,0
233,3,2020,4,JPTP,28,0
233,3,2020,4,JPTP,30,0
233,3,2020,4,JPTP,32,0
233,3,2020,4,JPTP,34,0
233,3,2020,4,JPTP,36,4.75568237493666
233,3,2020,4,JPTP,38,12.9082807319709
233,3,2020,4,JPTP,40,8.83198155345379
233,3,2020,4,JPTP,42,4.07629917851713
233,3,2020,4,JPTP,44,9.51136474987332
233,3,2020,4,JPTP,46,6.1144487677757
233,3,2020,4,JPTP,48,8.15259835703427
233,3,2020,4,JPTP,50,1.35876639283904
233,3,2020,4,JPTP,52,1.35876639283904
233,3,2020,4,JPTP,54,0
233,3,2020,4,JPTP,56,0
233,3,2020,4,JPTP,58,0
233,3,2020,4,JPTP,60,0
233,3,2020,4,JPTP,62,0
233,3,2020,4,JPTP,64,0
233,3,2020,4,JPTP,66,0
233,3,2020,4,JPTP,68,0
233,3,2020,4,JPTP,70,0
233,3,2020,4,JPTP,72,0
233,3,2020,4,JPTP,74,0
233,3,2020,4,JPTP,76,0
233,3,2020,4,JPTP,78,0
233,3,2020,4,JPTP,80,0
233,3,2020,4,JPTP,82,0
233,3,2020,4,JPTP,84,0
233,3,2020,4,JPTP,86,0
233,3,2020,4,JPTP,88,0
233,3,2020,4,JPTP,90,0
233,3,2020,4,JPTP,92,0
233,3,2020,4,JPTP,94,0
233,3,2020,4,JPTP,96,0
233,3,2020,4,JPTP,98,0
233,3,2020,4,JPTP,100,0
233,3,2020,4,JPTP,102,0
233,3,2020,4,JPTP,104,0
233,3,2020,4,JPTP,106,0
233,3,2020,4,JPTP,108,0
234,3,2021,1,JPTP,2,0
234,3,2021,1,JPTP,4,0
234,3,2021,1,JPTP,6,0
234,3,2021,1,JPTP,8,0
234,3,2021,1,JPTP,10,0
234,3,2021,1,JPTP,12,0
234,3,2021,1,JPTP,14,0
234,3,2021,1,JPTP,16,0
234,3,2021,1,JPTP,18,0
234,3,2021,1,JPTP,20,0
234,3,2021,1,JPTP,22,0
234,3,2021,1,JPTP,24,0
234,3,2021,1,JPTP,26,0
234,3,2021,1,JPTP,28,0
234,3,2021,1,JPTP,30,0
234,3,2021,1,JPTP,32,0
234,3,2021,1,JPTP,34,0
234,3,2021,1,JPTP,36,0.547889674531873
234,3,2021,1,JPTP,38,7.67045544344622
234,3,2021,1,JPTP,40,36.7086081936355
234,3,2021,1,JPTP,42,106.290596859183
234,3,2021,1,JPTP,44,122.179397420608
234,3,2021,1,JPTP,46,31.7776011228486
234,3,2021,1,JPTP,48,19.1761386086156
234,3,2021,1,JPTP,50,8.76623479250997
234,3,2021,1,JPTP,52,4.93100707078686
234,3,2021,1,JPTP,54,3.83522772172311
234,3,2021,1,JPTP,56,6.57467609438248
234,3,2021,1,JPTP,58,5.47889674531873
234,3,2021,1,JPTP,60,0.547889674531873
234,3,2021,1,JPTP,62,0
234,3,2021,1,JPTP,64,0
234,3,2021,1,JPTP,66,0
234,3,2021,1,JPTP,68,0
234,3,2021,1,JPTP,70,0
234,3,2021,1,JPTP,72,0
234,3,2021,1,JPTP,74,0
234,3,2021,1,JPTP,76,0
234,3,2021,1,JPTP,78,0
234,3,2021,1,JPTP,80,0
234,3,2021,1,JPTP,82,0
234,3,2021,1,JPTP,84,0
234,3,2021,1,JPTP,86,0
234,3,2021,1,JPTP,88,0
234,3,2021,1,JPTP,90,0
234,3,2021,1,JPTP,92,0
234,3,2021,1,JPTP,94,0
234,3,2021,1,JPTP,96,0
234,3,2021,1,JPTP,98,0
234,3,2021,1,JPTP,100,0
234,3,2021,1,JPTP,102,0
234,3,2021,1,JPTP,104,0
234,3,2021,1,JPTP,106,0
234,3,2021,1,JPTP,108,0
235,3,2022,2,JPTP,2,0
235,3,2022,2,JPTP,4,0
235,3,2022,2,JPTP,6,0
235,3,2022,2,JPTP,8,0
235,3,2022,2,JPTP,10,0
235,3,2022,2,JPTP,12,0
235,3,2022,2,JPTP,14,0
235,3,2022,2,JPTP,16,0
235,3,2022,2,JPTP,18,0
235,3,2022,2,JPTP,20,0
235,3,2022,2,JPTP,22,0
235,3,2022,2,JPTP,24,0
235,3,2022,2,JPTP,26,0
235,3,2022,2,JPTP,28,0
235,3,2022,2,JPTP,30,0
235,3,2022,2,JPTP,32,0
235,3,2022,2,JPTP,34,3.31971334614085
235,3,2022,2,JPTP,36,68.3860949305015
235,3,2022,2,JPTP,38,120.837565799527
235,3,2022,2,JPTP,40,11.2870253768789
235,3,2022,2,JPTP,42,8.63125469996621
235,3,2022,2,JPTP,44,4.64759868459719
235,3,2022,2,JPTP,46,1.99182800768451
235,3,2022,2,JPTP,48,0
235,3,2022,2,JPTP,50,0
235,3,2022,2,JPTP,52,0
235,3,2022,2,JPTP,54,0
235,3,2022,2,JPTP,56,0
235,3,2022,2,JPTP,58,0
235,3,2022,2,JPTP,60,0
235,3,2022,2,JPTP,62,0
235,3,2022,2,JPTP,64,0
235,3,2022,2,JPTP,66,0
235,3,2022,2,JPTP,68,0
235,3,2022,2,JPTP,70,0
235,3,2022,2,JPTP,72,0
235,3,2022,2,JPTP,74,0
235,3,2022,2,JPTP,76,0
235,3,2022,2,JPTP,78,0
235,3,2022,2,JPTP,80,0
235,3,2022,2,JPTP,82,0
235,3,2022,2,JPTP,84,0
235,3,2022,2,JPTP,86,0
235,3,2022,2,JPTP,88,0
235,3,2022,2,JPTP,90,0
235,3,2022,2,JPTP,92,0
235,3,2022,2,JPTP,94,0
235,3,2022,2,JPTP,96,0
235,3,2022,2,JPTP,98,0
235,3,2022,2,JPTP,100,0
235,3,2022,2,JPTP,102,0
235,3,2022,2,JPTP,104,0
235,3,2022,2,JPTP,106,0
235,3,2022,2,JPTP,108,0
236,4,1989,1,JPTP,2,0
236,4,1989,1,JPTP,4,0
236,4,1989,1,JPTP,6,0
236,4,1989,1,JPTP,8,0
236,4,1989,1,JPTP,10,0
236,4,1989,1,JPTP,12,0
236,4,1989,1,JPTP,14,0
236,4,1989,1,JPTP,16,0
236,4,1989,1,JPTP,18,0
236,4,1989,1,JPTP,20,0
236,4,1989,1,JPTP,22,0
236,4,1989,1,JPTP,24,0
236,4,1989,1,JPTP,26,0
236,4,1989,1,JPTP,28,0
236,4,1989,1,JPTP,30,0
236,4,1989,1,JPTP,32,0
236,4,1989,1,JPTP,34,0.679383196419522
236,4,1989,1,JPTP,36,2.03814958925857
236,4,1989,1,JPTP,38,6.1144487677757
236,4,1989,1,JPTP,40,9.51136474987332
236,4,1989,1,JPTP,42,6.79383196419522
236,4,1989,1,JPTP,44,6.79383196419522
236,4,1989,1,JPTP,46,4.07629917851713
236,4,1989,1,JPTP,48,3.39691598209761
236,4,1989,1,JPTP,50,3.39691598209761
236,4,1989,1,JPTP,52,1.35876639283904
236,4,1989,1,JPTP,54,1.35876639283904
236,4,1989,1,JPTP,56,0.679383196419522
236,4,1989,1,JPTP,58,1.35876639283904
236,4,1989,1,JPTP,60,0
236,4,1989,1,JPTP,62,0
236,4,1989,1,JPTP,64,2.71753278567809
236,4,1989,1,JPTP,66,0.679383196419522
236,4,1989,1,JPTP,68,0.679383196419522
236,4,1989,1,JPTP,70,0
236,4,1989,1,JPTP,72,0
236,4,1989,1,JPTP,74,0.679383196419522
236,4,1989,1,JPTP,76,0
236,4,1989,1,JPTP,78,0
236,4,1989,1,JPTP,80,0
236,4,1989,1,JPTP,82,0
236,4,1989,1,JPTP,84,0
236,4,1989,1,JPTP,86,0
236,4,1989,1,JPTP,88,0
236,4,1989,1,JPTP,90,0
236,4,1989,1,JPTP,92,0
236,4,1989,1,JPTP,94,0
236,4,1989,1,JPTP,96,0
236,4,1989,1,JPTP,98,0
236,4,1989,1,JPTP,100,0
236,4,1989,1,JPTP,102,0
236,4,1989,1,JPTP,104,0
236,4,1989,1,JPTP,106,0
236,4,1989,1,JPTP,108,0
237,4,1989,4,JPTP,2,0
237,4,1989,4,JPTP,4,0
237,4,1989,4,JPTP,6,0
237,4,1989,4,JPTP,8,0
237,4,1989,4,JPTP,10,0
237,4,1989,4,JPTP,12,0
237,4,1989,4,JPTP,14,0
237,4,1989,4,JPTP,16,0
237,4,1989,4,JPTP,18,0
237,4,1989,4,JPTP,20,0
237,4,1989,4,JPTP,22,0
237,4,1989,4,JPTP,24,0
237,4,1989,4,JPTP,26,0
237,4,1989,4,JPTP,28,1.01907479462928
237,4,1989,4,JPTP,30,1.52861219194393
237,4,1989,4,JPTP,32,1.01907479462928
237,4,1989,4,JPTP,34,5.09537397314642
237,4,1989,4,JPTP,36,3.56676178120249
237,4,1989,4,JPTP,38,9.17167315166355
237,4,1989,4,JPTP,40,18.8528837006417
237,4,1989,4,JPTP,42,20.8910332899003
237,4,1989,4,JPTP,44,21.9101080845296
237,4,1989,4,JPTP,46,12.2288975355514
237,4,1989,4,JPTP,48,8.66213575434891
237,4,1989,4,JPTP,50,9.17167315166355
237,4,1989,4,JPTP,52,10.1907479462928
237,4,1989,4,JPTP,54,8.66213575434891
237,4,1989,4,JPTP,56,4.07629917851713
237,4,1989,4,JPTP,58,2.03814958925857
237,4,1989,4,JPTP,60,4.58583657583178
237,4,1989,4,JPTP,62,3.05722438388785
237,4,1989,4,JPTP,64,3.05722438388785
237,4,1989,4,JPTP,66,1.52861219194393
237,4,1989,4,JPTP,68,0
237,4,1989,4,JPTP,70,1.01907479462928
237,4,1989,4,JPTP,72,1.01907479462928
237,4,1989,4,JPTP,74,0
237,4,1989,4,JPTP,76,0
237,4,1989,4,JPTP,78,0
237,4,1989,4,JPTP,80,0
237,4,1989,4,JPTP,82,0
237,4,1989,4,JPTP,84,0
237,4,1989,4,JPTP,86,0
237,4,1989,4,JPTP,88,0
237,4,1989,4,JPTP,90,0
237,4,1989,4,JPTP,92,0
237,4,1989,4,JPTP,94,0
237,4,1989,4,JPTP,96,0
237,4,1989,4,JPTP,98,0
237,4,1989,4,JPTP,100,0
237,4,1989,4,JPTP,102,0
237,4,1989,4,JPTP,104,0
237,4,1989,4,JPTP,106,0
237,4,1989,4,JPTP,108,0
238,4,1990,1,JPTP,2,0
238,4,1990,1,JPTP,4,0
238,4,1990,1,JPTP,6,0
238,4,1990,1,JPTP,8,0
238,4,1990,1,JPTP,10,0
238,4,1990,1,JPTP,12,0
238,4,1990,1,JPTP,14,0
238,4,1990,1,JPTP,16,0
238,4,1990,1,JPTP,18,0
238,4,1990,1,JPTP,20,0
238,4,1990,1,JPTP,22,0
238,4,1990,1,JPTP,24,0
238,4,1990,1,JPTP,26,0
238,4,1990,1,JPTP,28,0.630855825246699
238,4,1990,1,JPTP,30,0.630855825246699
238,4,1990,1,JPTP,32,0.630855825246699
238,4,1990,1,JPTP,34,3.1542791262335
238,4,1990,1,JPTP,36,8.83198155345379
238,4,1990,1,JPTP,38,9.46283737870049
238,4,1990,1,JPTP,40,24.6033771846213
238,4,1990,1,JPTP,42,33.4353587380751
238,4,1990,1,JPTP,44,19.5565305826477
238,4,1990,1,JPTP,46,15.1405398059208
238,4,1990,1,JPTP,48,9.46283737870049
238,4,1990,1,JPTP,50,12.617116504934
238,4,1990,1,JPTP,52,10.7245490291939
238,4,1990,1,JPTP,54,8.20112572820709
238,4,1990,1,JPTP,56,6.30855825246699
238,4,1990,1,JPTP,58,1.8925674757401
238,4,1990,1,JPTP,60,3.7851349514802
238,4,1990,1,JPTP,62,2.5234233009868
238,4,1990,1,JPTP,64,0.630855825246699
238,4,1990,1,JPTP,66,0
238,4,1990,1,JPTP,68,1.8925674757401
238,4,1990,1,JPTP,70,0.630855825246699
238,4,1990,1,JPTP,72,2.5234233009868
238,4,1990,1,JPTP,74,0
238,4,1990,1,JPTP,76,0
238,4,1990,1,JPTP,78,0
238,4,1990,1,JPTP,80,0
238,4,1990,1,JPTP,82,0
238,4,1990,1,JPTP,84,0
238,4,1990,1,JPTP,86,0
238,4,1990,1,JPTP,88,0
238,4,1990,1,JPTP,90,0
238,4,1990,1,JPTP,92,0
238,4,1990,1,JPTP,94,0
238,4,1990,1,JPTP,96,0
238,4,1990,1,JPTP,98,0
238,4,1990,1,JPTP,100,0
238,4,1990,1,JPTP,102,0
238,4,1990,1,JPTP,104,0
238,4,1990,1,JPTP,106,0
238,4,1990,1,JPTP,108,0
239,4,1990,3,JPTP,2,0
239,4,1990,3,JPTP,4,0
239,4,1990,3,JPTP,6,0
239,4,1990,3,JPTP,8,0
239,4,1990,3,JPTP,10,0
239,4,1990,3,JPTP,12,0
239,4,1990,3,JPTP,14,0
239,4,1990,3,JPTP,16,0
239,4,1990,3,JPTP,18,0
239,4,1990,3,JPTP,20,0
239,4,1990,3,JPTP,22,0
239,4,1990,3,JPTP,24,0
239,4,1990,3,JPTP,26,0.945228795018466
239,4,1990,3,JPTP,28,1.4178431925277
239,4,1990,3,JPTP,30,5.19875837260156
239,4,1990,3,JPTP,32,11.8153599377308
239,4,1990,3,JPTP,34,22.6854910804432
239,4,1990,3,JPTP,36,45.8435965583956
239,4,1990,3,JPTP,38,49.1518973409602
239,4,1990,3,JPTP,40,128.551116122511
239,4,1990,3,JPTP,42,150.763992805445
239,4,1990,3,JPTP,44,102.084709861994
239,4,1990,3,JPTP,46,79.3992187815511
239,4,1990,3,JPTP,48,53.4054269185433
239,4,1990,3,JPTP,50,49.1518973409602
239,4,1990,3,JPTP,52,50.5697405334879
239,4,1990,3,JPTP,54,49.6245117384695
239,4,1990,3,JPTP,56,27.8842494530447
239,4,1990,3,JPTP,58,15.1236607202955
239,4,1990,3,JPTP,60,21.2676478879155
239,4,1990,3,JPTP,62,19.3771902978786
239,4,1990,3,JPTP,64,8.50705915516619
239,4,1990,3,JPTP,66,7.0892159626385
239,4,1990,3,JPTP,68,6.14398716762003
239,4,1990,3,JPTP,70,3.30830078256463
239,4,1990,3,JPTP,72,3.78091518007386
239,4,1990,3,JPTP,74,1.89045759003693
239,4,1990,3,JPTP,76,0.472614397509233
239,4,1990,3,JPTP,78,0
239,4,1990,3,JPTP,80,0
239,4,1990,3,JPTP,82,0
239,4,1990,3,JPTP,84,0
239,4,1990,3,JPTP,86,0
239,4,1990,3,JPTP,88,0
239,4,1990,3,JPTP,90,0
239,4,1990,3,JPTP,92,0
239,4,1990,3,JPTP,94,0
239,4,1990,3,JPTP,96,0
239,4,1990,3,JPTP,98,0
239,4,1990,3,JPTP,100,0
239,4,1990,3,JPTP,102,0
239,4,1990,3,JPTP,104,0
239,4,1990,3,JPTP,106,0
239,4,1990,3,JPTP,108,0
240,4,1990,4,JPTP,2,0
240,4,1990,4,JPTP,4,0
240,4,1990,4,JPTP,6,0
240,4,1990,4,JPTP,8,0
240,4,1990,4,JPTP,10,0
240,4,1990,4,JPTP,12,0
240,4,1990,4,JPTP,14,0
240,4,1990,4,JPTP,16,0
240,4,1990,4,JPTP,18,0
240,4,1990,4,JPTP,20,0
240,4,1990,4,JPTP,22,0
240,4,1990,4,JPTP,24,0
240,4,1990,4,JPTP,26,0
240,4,1990,4,JPTP,28,0.679383196419522
240,4,1990,4,JPTP,30,0
240,4,1990,4,JPTP,32,1.35876639283904
240,4,1990,4,JPTP,34,2.03814958925857
240,4,1990,4,JPTP,36,1.35876639283904
240,4,1990,4,JPTP,38,7.47321516061475
240,4,1990,4,JPTP,40,7.47321516061475
240,4,1990,4,JPTP,42,12.2288975355514
240,4,1990,4,JPTP,44,8.83198155345379
240,4,1990,4,JPTP,46,2.03814958925857
240,4,1990,4,JPTP,48,3.39691598209761
240,4,1990,4,JPTP,50,2.03814958925857
240,4,1990,4,JPTP,52,0.679383196419522
240,4,1990,4,JPTP,54,4.75568237493666
240,4,1990,4,JPTP,56,2.03814958925857
240,4,1990,4,JPTP,58,0
240,4,1990,4,JPTP,60,0.679383196419522
240,4,1990,4,JPTP,62,0
240,4,1990,4,JPTP,64,0
240,4,1990,4,JPTP,66,1.35876639283904
240,4,1990,4,JPTP,68,0
240,4,1990,4,JPTP,70,0
240,4,1990,4,JPTP,72,0
240,4,1990,4,JPTP,74,0
240,4,1990,4,JPTP,76,0
240,4,1990,4,JPTP,78,0
240,4,1990,4,JPTP,80,0
240,4,1990,4,JPTP,82,0
240,4,1990,4,JPTP,84,0
240,4,1990,4,JPTP,86,0
240,4,1990,4,JPTP,88,0
240,4,1990,4,JPTP,90,0
240,4,1990,4,JPTP,92,0
240,4,1990,4,JPTP,94,0
240,4,1990,4,JPTP,96,0
240,4,1990,4,JPTP,98,0
240,4,1990,4,JPTP,100,0
240,4,1990,4,JPTP,102,0
240,4,1990,4,JPTP,104,0
240,4,1990,4,JPTP,106,0
240,4,1990,4,JPTP,108,0
241,4,1991,1,JPTP,2,0
241,4,1991,1,JPTP,4,0
241,4,1991,1,JPTP,6,0
241,4,1991,1,JPTP,8,0
241,4,1991,1,JPTP,10,0
241,4,1991,1,JPTP,12,0
241,4,1991,1,JPTP,14,0
241,4,1991,1,JPTP,16,0
241,4,1991,1,JPTP,18,0
241,4,1991,1,JPTP,20,0
241,4,1991,1,JPTP,22,0
241,4,1991,1,JPTP,24,0
241,4,1991,1,JPTP,26,0
241,4,1991,1,JPTP,28,0
241,4,1991,1,JPTP,30,0
241,4,1991,1,JPTP,32,1.56780737635274
241,4,1991,1,JPTP,34,4.70342212905823
241,4,1991,1,JPTP,36,7.83903688176372
241,4,1991,1,JPTP,38,8.36163934054797
241,4,1991,1,JPTP,40,22.4719057277227
241,4,1991,1,JPTP,42,26.1301229392124
241,4,1991,1,JPTP,44,22.4719057277227
241,4,1991,1,JPTP,46,10.452049175685
241,4,1991,1,JPTP,48,12.0198565520377
241,4,1991,1,JPTP,50,10.9746516344692
241,4,1991,1,JPTP,52,9.40684425811646
241,4,1991,1,JPTP,54,9.92944671690071
241,4,1991,1,JPTP,56,3.65821721148974
241,4,1991,1,JPTP,58,3.13561475270549
241,4,1991,1,JPTP,60,5.74862704662673
241,4,1991,1,JPTP,62,3.65821721148974
241,4,1991,1,JPTP,64,1.0452049175685
241,4,1991,1,JPTP,66,1.0452049175685
241,4,1991,1,JPTP,68,1.0452049175685
241,4,1991,1,JPTP,70,0.522602458784248
241,4,1991,1,JPTP,72,0.522602458784248
241,4,1991,1,JPTP,74,0
241,4,1991,1,JPTP,76,0
241,4,1991,1,JPTP,78,0
241,4,1991,1,JPTP,80,0
241,4,1991,1,JPTP,82,0
241,4,1991,1,JPTP,84,0
241,4,1991,1,JPTP,86,0
241,4,1991,1,JPTP,88,0
241,4,1991,1,JPTP,90,0
241,4,1991,1,JPTP,92,0
241,4,1991,1,JPTP,94,0
241,4,1991,1,JPTP,96,0
241,4,1991,1,JPTP,98,0
241,4,1991,1,JPTP,100,0
241,4,1991,1,JPTP,102,0
241,4,1991,1,JPTP,104,0
241,4,1991,1,JPTP,106,0
241,4,1991,1,JPTP,108,0
242,4,1991,2,JPTP,2,0
242,4,1991,2,JPTP,4,0
242,4,1991,2,JPTP,6,0
242,4,1991,2,JPTP,8,0
242,4,1991,2,JPTP,10,0
242,4,1991,2,JPTP,12,0
242,4,1991,2,JPTP,14,0
242,4,1991,2,JPTP,16,0
242,4,1991,2,JPTP,18,0
242,4,1991,2,JPTP,20,0
242,4,1991,2,JPTP,22,0
242,4,1991,2,JPTP,24,0
242,4,1991,2,JPTP,26,0
242,4,1991,2,JPTP,28,0
242,4,1991,2,JPTP,30,0
242,4,1991,2,JPTP,32,0.679383196419522
242,4,1991,2,JPTP,34,1.35876639283904
242,4,1991,2,JPTP,36,4.07629917851713
242,4,1991,2,JPTP,38,2.71753278567809
242,4,1991,2,JPTP,40,6.1144487677757
242,4,1991,2,JPTP,42,12.2288975355514
242,4,1991,2,JPTP,44,10.8701311427124
242,4,1991,2,JPTP,46,1.35876639283904
242,4,1991,2,JPTP,48,4.75568237493666
242,4,1991,2,JPTP,50,4.75568237493666
242,4,1991,2,JPTP,52,4.75568237493666
242,4,1991,2,JPTP,54,2.03814958925857
242,4,1991,2,JPTP,56,2.71753278567809
242,4,1991,2,JPTP,58,1.35876639283904
242,4,1991,2,JPTP,60,3.39691598209761
242,4,1991,2,JPTP,62,1.35876639283904
242,4,1991,2,JPTP,64,1.35876639283904
242,4,1991,2,JPTP,66,1.35876639283904
242,4,1991,2,JPTP,68,0
242,4,1991,2,JPTP,70,0.679383196419522
242,4,1991,2,JPTP,72,0
242,4,1991,2,JPTP,74,0
242,4,1991,2,JPTP,76,0
242,4,1991,2,JPTP,78,0
242,4,1991,2,JPTP,80,0
242,4,1991,2,JPTP,82,0
242,4,1991,2,JPTP,84,0
242,4,1991,2,JPTP,86,0
242,4,1991,2,JPTP,88,0
242,4,1991,2,JPTP,90,0
242,4,1991,2,JPTP,92,0
242,4,1991,2,JPTP,94,0
242,4,1991,2,JPTP,96,0
242,4,1991,2,JPTP,98,0
242,4,1991,2,JPTP,100,0
242,4,1991,2,JPTP,102,0
242,4,1991,2,JPTP,104,0
242,4,1991,2,JPTP,106,0
242,4,1991,2,JPTP,108,0
243,4,1993,4,JPTP,2,0
243,4,1993,4,JPTP,4,0
243,4,1993,4,JPTP,6,0
243,4,1993,4,JPTP,8,0
243,4,1993,4,JPTP,10,0
243,4,1993,4,JPTP,12,0
243,4,1993,4,JPTP,14,0
243,4,1993,4,JPTP,16,0
243,4,1993,4,JPTP,18,0
243,4,1993,4,JPTP,20,0
243,4,1993,4,JPTP,22,0
243,4,1993,4,JPTP,24,0
243,4,1993,4,JPTP,26,0.603896174595131
243,4,1993,4,JPTP,28,1.20779234919026
243,4,1993,4,JPTP,30,2.41558469838052
243,4,1993,4,JPTP,32,7.24675409514157
243,4,1993,4,JPTP,34,12.6818196664978
243,4,1993,4,JPTP,36,18.1168852378539
243,4,1993,4,JPTP,38,30.7987049043517
243,4,1993,4,JPTP,40,76.6948141735816
243,4,1993,4,JPTP,42,79.1103988719622
243,4,1993,4,JPTP,44,58.5779289357277
243,4,1993,4,JPTP,46,47.7077977930154
243,4,1993,4,JPTP,48,34.4220819519225
243,4,1993,4,JPTP,50,31.4026010789468
243,4,1993,4,JPTP,52,18.7207814124491
243,4,1993,4,JPTP,54,21.1363661108296
243,4,1993,4,JPTP,56,19.3246775870442
243,4,1993,4,JPTP,58,6.03896174595131
243,4,1993,4,JPTP,60,10.2662349681172
243,4,1993,4,JPTP,62,7.24675409514157
243,4,1993,4,JPTP,64,10.8701311427124
243,4,1993,4,JPTP,66,3.01948087297566
243,4,1993,4,JPTP,68,1.81168852378539
243,4,1993,4,JPTP,70,1.81168852378539
243,4,1993,4,JPTP,72,1.20779234919026
243,4,1993,4,JPTP,74,1.81168852378539
243,4,1993,4,JPTP,76,0
243,4,1993,4,JPTP,78,0
243,4,1993,4,JPTP,80,0
243,4,1993,4,JPTP,82,0
243,4,1993,4,JPTP,84,0
243,4,1993,4,JPTP,86,0
243,4,1993,4,JPTP,88,0
243,4,1993,4,JPTP,90,0
243,4,1993,4,JPTP,92,0
243,4,1993,4,JPTP,94,0
243,4,1993,4,JPTP,96,0
243,4,1993,4,JPTP,98,0
243,4,1993,4,JPTP,100,0
243,4,1993,4,JPTP,102,0
243,4,1993,4,JPTP,104,0
243,4,1993,4,JPTP,106,0
243,4,1993,4,JPTP,108,0
244,4,1994,1,JPTP,2,0
244,4,1994,1,JPTP,4,0
244,4,1994,1,JPTP,6,0
244,4,1994,1,JPTP,8,0
244,4,1994,1,JPTP,10,0
244,4,1994,1,JPTP,12,0
244,4,1994,1,JPTP,14,0
244,4,1994,1,JPTP,16,0
244,4,1994,1,JPTP,18,0
244,4,1994,1,JPTP,20,0
244,4,1994,1,JPTP,22,0
244,4,1994,1,JPTP,24,0
244,4,1994,1,JPTP,26,0
244,4,1994,1,JPTP,28,0.679383196419522
244,4,1994,1,JPTP,30,0
244,4,1994,1,JPTP,32,0.679383196419522
244,4,1994,1,JPTP,34,1.35876639283904
244,4,1994,1,JPTP,36,1.35876639283904
244,4,1994,1,JPTP,38,2.71753278567809
244,4,1994,1,JPTP,40,2.71753278567809
244,4,1994,1,JPTP,42,4.75568237493666
244,4,1994,1,JPTP,44,3.39691598209761
244,4,1994,1,JPTP,46,3.39691598209761
244,4,1994,1,JPTP,48,2.03814958925857
244,4,1994,1,JPTP,50,4.07629917851713
244,4,1994,1,JPTP,52,0.679383196419522
244,4,1994,1,JPTP,54,2.03814958925857
244,4,1994,1,JPTP,56,0
244,4,1994,1,JPTP,58,0
244,4,1994,1,JPTP,60,0.679383196419522
244,4,1994,1,JPTP,62,2.03814958925857
244,4,1994,1,JPTP,64,0.679383196419522
244,4,1994,1,JPTP,66,0
244,4,1994,1,JPTP,68,0
244,4,1994,1,JPTP,70,0
244,4,1994,1,JPTP,72,0
244,4,1994,1,JPTP,74,0
244,4,1994,1,JPTP,76,0
244,4,1994,1,JPTP,78,0
244,4,1994,1,JPTP,80,0
244,4,1994,1,JPTP,82,0
244,4,1994,1,JPTP,84,0
244,4,1994,1,JPTP,86,0
244,4,1994,1,JPTP,88,0
244,4,1994,1,JPTP,90,0
244,4,1994,1,JPTP,92,0
244,4,1994,1,JPTP,94,0
244,4,1994,1,JPTP,96,0
244,4,1994,1,JPTP,98,0
244,4,1994,1,JPTP,100,0
244,4,1994,1,JPTP,102,0
244,4,1994,1,JPTP,104,0
244,4,1994,1,JPTP,106,0
244,4,1994,1,JPTP,108,0
245,4,1994,4,JPTP,2,0
245,4,1994,4,JPTP,4,0
245,4,1994,4,JPTP,6,0
245,4,1994,4,JPTP,8,0
245,4,1994,4,JPTP,10,0
245,4,1994,4,JPTP,12,0
245,4,1994,4,JPTP,14,0
245,4,1994,4,JPTP,16,0
245,4,1994,4,JPTP,18,0
245,4,1994,4,JPTP,20,0
245,4,1994,4,JPTP,22,0
245,4,1994,4,JPTP,24,0
245,4,1994,4,JPTP,26,0
245,4,1994,4,JPTP,28,0
245,4,1994,4,JPTP,30,0
245,4,1994,4,JPTP,32,1.35876639283904
245,4,1994,4,JPTP,34,3.39691598209761
245,4,1994,4,JPTP,36,6.79383196419522
245,4,1994,4,JPTP,38,8.15259835703427
245,4,1994,4,JPTP,40,10.8701311427124
245,4,1994,4,JPTP,42,17.6639631069076
245,4,1994,4,JPTP,44,10.8701311427124
245,4,1994,4,JPTP,46,6.1144487677757
245,4,1994,4,JPTP,48,5.43506557135618
245,4,1994,4,JPTP,50,6.1144487677757
245,4,1994,4,JPTP,52,5.43506557135618
245,4,1994,4,JPTP,54,4.07629917851713
245,4,1994,4,JPTP,56,2.71753278567809
245,4,1994,4,JPTP,58,2.71753278567809
245,4,1994,4,JPTP,60,3.39691598209761
245,4,1994,4,JPTP,62,2.71753278567809
245,4,1994,4,JPTP,64,2.03814958925857
245,4,1994,4,JPTP,66,0.679383196419522
245,4,1994,4,JPTP,68,0.679383196419522
245,4,1994,4,JPTP,70,0
245,4,1994,4,JPTP,72,0
245,4,1994,4,JPTP,74,0.679383196419522
245,4,1994,4,JPTP,76,0
245,4,1994,4,JPTP,78,0
245,4,1994,4,JPTP,80,0
245,4,1994,4,JPTP,82,0
245,4,1994,4,JPTP,84,0
245,4,1994,4,JPTP,86,0
245,4,1994,4,JPTP,88,0
245,4,1994,4,JPTP,90,0
245,4,1994,4,JPTP,92,0
245,4,1994,4,JPTP,94,0
245,4,1994,4,JPTP,96,0
245,4,1994,4,JPTP,98,0
245,4,1994,4,JPTP,100,0
245,4,1994,4,JPTP,102,0
245,4,1994,4,JPTP,104,0
245,4,1994,4,JPTP,106,0
245,4,1994,4,JPTP,108,0
246,4,1995,1,JPTP,2,0
246,4,1995,1,JPTP,4,0
246,4,1995,1,JPTP,6,0
246,4,1995,1,JPTP,8,0
246,4,1995,1,JPTP,10,0
246,4,1995,1,JPTP,12,0
246,4,1995,1,JPTP,14,0
246,4,1995,1,JPTP,16,0
246,4,1995,1,JPTP,18,0
246,4,1995,1,JPTP,20,0
246,4,1995,1,JPTP,22,0
246,4,1995,1,JPTP,24,0
246,4,1995,1,JPTP,26,0
246,4,1995,1,JPTP,28,0
246,4,1995,1,JPTP,30,1.35876639283904
246,4,1995,1,JPTP,32,0.679383196419522
246,4,1995,1,JPTP,34,1.35876639283904
246,4,1995,1,JPTP,36,1.35876639283904
246,4,1995,1,JPTP,38,2.03814958925857
246,4,1995,1,JPTP,40,8.15259835703427
246,4,1995,1,JPTP,42,4.75568237493666
246,4,1995,1,JPTP,44,2.03814958925857
246,4,1995,1,JPTP,46,3.39691598209761
246,4,1995,1,JPTP,48,1
246,4,1995,1,JPTP,50,3.39691598209761
246,4,1995,1,JPTP,52,0.679383196419522
246,4,1995,1,JPTP,54,0.679383196419522
246,4,1995,1,JPTP,56,0.679383196419522
246,4,1995,1,JPTP,58,0.679383196419522
246,4,1995,1,JPTP,60,0
246,4,1995,1,JPTP,62,0.679383196419522
246,4,1995,1,JPTP,64,0
246,4,1995,1,JPTP,66,0
246,4,1995,1,JPTP,68,0
246,4,1995,1,JPTP,70,0.679383196419522
246,4,1995,1,JPTP,72,0.679383196419522
246,4,1995,1,JPTP,74,0
246,4,1995,1,JPTP,76,0
246,4,1995,1,JPTP,78,0
246,4,1995,1,JPTP,80,0
246,4,1995,1,JPTP,82,0
246,4,1995,1,JPTP,84,0
246,4,1995,1,JPTP,86,0
246,4,1995,1,JPTP,88,0
246,4,1995,1,JPTP,90,0
246,4,1995,1,JPTP,92,0
246,4,1995,1,JPTP,94,0
246,4,1995,1,JPTP,96,0
246,4,1995,1,JPTP,98,0
246,4,1995,1,JPTP,100,0
246,4,1995,1,JPTP,102,0
246,4,1995,1,JPTP,104,0
246,4,1995,1,JPTP,106,0
246,4,1995,1,JPTP,108,0
247,4,1995,4,JPTP,2,0
247,4,1995,4,JPTP,4,0
247,4,1995,4,JPTP,6,0
247,4,1995,4,JPTP,8,0
247,4,1995,4,JPTP,10,0
247,4,1995,4,JPTP,12,0
247,4,1995,4,JPTP,14,0
247,4,1995,4,JPTP,16,0
247,4,1995,4,JPTP,18,0
247,4,1995,4,JPTP,20,0
247,4,1995,4,JPTP,22,0
247,4,1995,4,JPTP,24,0
247,4,1995,4,JPTP,26,0
247,4,1995,4,JPTP,28,0
247,4,1995,4,JPTP,30,0
247,4,1995,4,JPTP,32,2.71753278567809
247,4,1995,4,JPTP,34,2.26461065473174
247,4,1995,4,JPTP,36,5.43506557135618
247,4,1995,4,JPTP,38,9.96428688081966
247,4,1995,4,JPTP,40,20.834418023532
247,4,1995,4,JPTP,42,22.1931844163711
247,4,1995,4,JPTP,44,22.1931844163711
247,4,1995,4,JPTP,46,14.9464303212295
247,4,1995,4,JPTP,48,5.43506557135618
247,4,1995,4,JPTP,50,8.15259835703427
247,4,1995,4,JPTP,52,9.96428688081966
247,4,1995,4,JPTP,54,4.07629917851713
247,4,1995,4,JPTP,56,4.98214344040983
247,4,1995,4,JPTP,58,1.35876639283904
247,4,1995,4,JPTP,60,2.26461065473174
247,4,1995,4,JPTP,62,1.81168852378539
247,4,1995,4,JPTP,64,2.26461065473174
247,4,1995,4,JPTP,66,1.35876639283904
247,4,1995,4,JPTP,68,0.905844261892697
247,4,1995,4,JPTP,70,0.905844261892697
247,4,1995,4,JPTP,72,0.452922130946348
247,4,1995,4,JPTP,74,0
247,4,1995,4,JPTP,76,0
247,4,1995,4,JPTP,78,0
247,4,1995,4,JPTP,80,0
247,4,1995,4,JPTP,82,0
247,4,1995,4,JPTP,84,0
247,4,1995,4,JPTP,86,0
247,4,1995,4,JPTP,88,0
247,4,1995,4,JPTP,90,0
247,4,1995,4,JPTP,92,0
247,4,1995,4,JPTP,94,0
247,4,1995,4,JPTP,96,0
247,4,1995,4,JPTP,98,0
247,4,1995,4,JPTP,100,0
247,4,1995,4,JPTP,102,0
247,4,1995,4,JPTP,104,0
247,4,1995,4,JPTP,106,0
247,4,1995,4,JPTP,108,0
248,4,1996,1,JPTP,2,0
248,4,1996,1,JPTP,4,0
248,4,1996,1,JPTP,6,0
248,4,1996,1,JPTP,8,0
248,4,1996,1,JPTP,10,0
248,4,1996,1,JPTP,12,0
248,4,1996,1,JPTP,14,0
248,4,1996,1,JPTP,16,0
248,4,1996,1,JPTP,18,0
248,4,1996,1,JPTP,20,0
248,4,1996,1,JPTP,22,0
248,4,1996,1,JPTP,24,0
248,4,1996,1,JPTP,26,0
248,4,1996,1,JPTP,28,0
248,4,1996,1,JPTP,30,3.39691598209761
248,4,1996,1,JPTP,32,2.71753278567809
248,4,1996,1,JPTP,34,7.47321516061475
248,4,1996,1,JPTP,36,9.51136474987332
248,4,1996,1,JPTP,38,23.7784118746833
248,4,1996,1,JPTP,40,37.3660758030737
248,4,1996,1,JPTP,42,51.6331229278837
248,4,1996,1,JPTP,44,34.6485430173956
248,4,1996,1,JPTP,46,14.9464303212295
248,4,1996,1,JPTP,48,16.3051967140685
248,4,1996,1,JPTP,50,19.0227294997466
248,4,1996,1,JPTP,52,17.6639631069076
248,4,1996,1,JPTP,54,15.625813517649
248,4,1996,1,JPTP,56,8.15259835703427
248,4,1996,1,JPTP,58,6.1144487677757
248,4,1996,1,JPTP,60,6.79383196419522
248,4,1996,1,JPTP,62,5.43506557135618
248,4,1996,1,JPTP,64,5.43506557135618
248,4,1996,1,JPTP,66,0.679383196419522
248,4,1996,1,JPTP,68,2.71753278567809
248,4,1996,1,JPTP,70,0.679383196419522
248,4,1996,1,JPTP,72,0.679383196419522
248,4,1996,1,JPTP,74,0
248,4,1996,1,JPTP,76,0
248,4,1996,1,JPTP,78,0
248,4,1996,1,JPTP,80,0
248,4,1996,1,JPTP,82,0
248,4,1996,1,JPTP,84,0
248,4,1996,1,JPTP,86,0
248,4,1996,1,JPTP,88,0
248,4,1996,1,JPTP,90,0
248,4,1996,1,JPTP,92,0
248,4,1996,1,JPTP,94,0
248,4,1996,1,JPTP,96,0
248,4,1996,1,JPTP,98,0
248,4,1996,1,JPTP,100,0
248,4,1996,1,JPTP,102,0
248,4,1996,1,JPTP,104,0
248,4,1996,1,JPTP,106,0
248,4,1996,1,JPTP,108,0
249,4,1996,4,JPTP,2,0
249,4,1996,4,JPTP,4,0
249,4,1996,4,JPTP,6,0
249,4,1996,4,JPTP,8,0
249,4,1996,4,JPTP,10,0
249,4,1996,4,JPTP,12,0
249,4,1996,4,JPTP,14,0
249,4,1996,4,JPTP,16,0
249,4,1996,4,JPTP,18,0
249,4,1996,4,JPTP,20,0
249,4,1996,4,JPTP,22,0
249,4,1996,4,JPTP,24,1.35876639283904
249,4,1996,4,JPTP,26,0.679383196419522
249,4,1996,4,JPTP,28,5.43506557135618
249,4,1996,4,JPTP,30,7.47321516061475
249,4,1996,4,JPTP,32,19.0227294997466
249,4,1996,4,JPTP,34,38.7248421959128
249,4,1996,4,JPTP,36,58.4269548920789
249,4,1996,4,JPTP,38,103.266245855767
249,4,1996,4,JPTP,40,188.868528604627
249,4,1996,4,JPTP,42,207.211874907954
249,4,1996,4,JPTP,44,189.547911801047
249,4,1996,4,JPTP,46,128.40342412329
249,4,1996,4,JPTP,48,82.8847499631817
249,4,1996,4,JPTP,50,74.7321516061475
249,4,1996,4,JPTP,52,83.5641331596013
249,4,1996,4,JPTP,54,80.8466003739232
249,4,1996,4,JPTP,56,40.0836085887518
249,4,1996,4,JPTP,58,25.8165614639419
249,4,1996,4,JPTP,60,35.3279262138152
249,4,1996,4,JPTP,62,28.5340942496199
249,4,1996,4,JPTP,64,19.0227294997466
249,4,1996,4,JPTP,66,11.5495143391319
249,4,1996,4,JPTP,68,8.15259835703427
249,4,1996,4,JPTP,70,6.79383196419522
249,4,1996,4,JPTP,72,2.71753278567809
249,4,1996,4,JPTP,74,2.71753278567809
249,4,1996,4,JPTP,76,1.35876639283904
249,4,1996,4,JPTP,78,0.679383196419522
249,4,1996,4,JPTP,80,0
249,4,1996,4,JPTP,82,0
249,4,1996,4,JPTP,84,0
249,4,1996,4,JPTP,86,0
249,4,1996,4,JPTP,88,0
249,4,1996,4,JPTP,90,0
249,4,1996,4,JPTP,92,0
249,4,1996,4,JPTP,94,0
249,4,1996,4,JPTP,96,0
249,4,1996,4,JPTP,98,0
249,4,1996,4,JPTP,100,0
249,4,1996,4,JPTP,102,0
249,4,1996,4,JPTP,104,0
249,4,1996,4,JPTP,106,0
249,4,1996,4,JPTP,108,0
250,4,1997,1,JPTP,2,0
250,4,1997,1,JPTP,4,0
250,4,1997,1,JPTP,6,0
250,4,1997,1,JPTP,8,0
250,4,1997,1,JPTP,10,0
250,4,1997,1,JPTP,12,0
250,4,1997,1,JPTP,14,0
250,4,1997,1,JPTP,16,0
250,4,1997,1,JPTP,18,0
250,4,1997,1,JPTP,20,0
250,4,1997,1,JPTP,22,0
250,4,1997,1,JPTP,24,0
250,4,1997,1,JPTP,26,0.566152663682935
250,4,1997,1,JPTP,28,0
250,4,1997,1,JPTP,30,1.13230532736587
250,4,1997,1,JPTP,32,1.69845799104881
250,4,1997,1,JPTP,34,1.13230532736587
250,4,1997,1,JPTP,36,2.26461065473174
250,4,1997,1,JPTP,38,4.52922130946348
250,4,1997,1,JPTP,40,9.6245952826099
250,4,1997,1,JPTP,42,20.3814958925857
250,4,1997,1,JPTP,44,18.1168852378539
250,4,1997,1,JPTP,46,11.8892059373416
250,4,1997,1,JPTP,48,6.79383196419523
250,4,1997,1,JPTP,50,5.09537397314642
250,4,1997,1,JPTP,52,3.96306864578055
250,4,1997,1,JPTP,54,5.09537397314642
250,4,1997,1,JPTP,56,2.83076331841468
250,4,1997,1,JPTP,58,1
250,4,1997,1,JPTP,60,1.69845799104881
250,4,1997,1,JPTP,62,3.96306864578055
250,4,1997,1,JPTP,64,1.69845799104881
250,4,1997,1,JPTP,66,0.566152663682935
250,4,1997,1,JPTP,68,1.13230532736587
250,4,1997,1,JPTP,70,0
250,4,1997,1,JPTP,72,0
250,4,1997,1,JPTP,74,0
250,4,1997,1,JPTP,76,0
250,4,1997,1,JPTP,78,0
250,4,1997,1,JPTP,80,0
250,4,1997,1,JPTP,82,0
250,4,1997,1,JPTP,84,0
250,4,1997,1,JPTP,86,0
250,4,1997,1,JPTP,88,0
250,4,1997,1,JPTP,90,0
250,4,1997,1,JPTP,92,0
250,4,1997,1,JPTP,94,0
250,4,1997,1,JPTP,96,0
250,4,1997,1,JPTP,98,0
250,4,1997,1,JPTP,100,0
250,4,1997,1,JPTP,102,0
250,4,1997,1,JPTP,104,0
250,4,1997,1,JPTP,106,0
250,4,1997,1,JPTP,108,0
251,4,1997,4,JPTP,2,0
251,4,1997,4,JPTP,4,0
251,4,1997,4,JPTP,6,0
251,4,1997,4,JPTP,8,0
251,4,1997,4,JPTP,10,0
251,4,1997,4,JPTP,12,0
251,4,1997,4,JPTP,14,0
251,4,1997,4,JPTP,16,0
251,4,1997,4,JPTP,18,0
251,4,1997,4,JPTP,20,0
251,4,1997,4,JPTP,22,0
251,4,1997,4,JPTP,24,0
251,4,1997,4,JPTP,26,0
251,4,1997,4,JPTP,28,0
251,4,1997,4,JPTP,30,0
251,4,1997,4,JPTP,32,0
251,4,1997,4,JPTP,34,0
251,4,1997,4,JPTP,36,4.75568237493666
251,4,1997,4,JPTP,38,6.1144487677757
251,4,1997,4,JPTP,40,4.07629917851713
251,4,1997,4,JPTP,42,6.1144487677757
251,4,1997,4,JPTP,44,8.15259835703427
251,4,1997,4,JPTP,46,2.71753278567809
251,4,1997,4,JPTP,48,6.1144487677757
251,4,1997,4,JPTP,50,14.26704712481
251,4,1997,4,JPTP,52,33.2897766245566
251,4,1997,4,JPTP,54,29.2134774460395
251,4,1997,4,JPTP,56,21.0608790890052
251,4,1997,4,JPTP,58,5.43506557135618
251,4,1997,4,JPTP,60,5.43506557135618
251,4,1997,4,JPTP,62,0.679383196419522
251,4,1997,4,JPTP,64,0.679383196419522
251,4,1997,4,JPTP,66,0
251,4,1997,4,JPTP,68,0
251,4,1997,4,JPTP,70,1.35876639283904
251,4,1997,4,JPTP,72,0
251,4,1997,4,JPTP,74,0
251,4,1997,4,JPTP,76,0
251,4,1997,4,JPTP,78,0
251,4,1997,4,JPTP,80,0
251,4,1997,4,JPTP,82,0
251,4,1997,4,JPTP,84,0
251,4,1997,4,JPTP,86,0
251,4,1997,4,JPTP,88,0
251,4,1997,4,JPTP,90,0
251,4,1997,4,JPTP,92,0
251,4,1997,4,JPTP,94,0
251,4,1997,4,JPTP,96,0
251,4,1997,4,JPTP,98,0
251,4,1997,4,JPTP,100,0
251,4,1997,4,JPTP,102,0
251,4,1997,4,JPTP,104,0
251,4,1997,4,JPTP,106,0
251,4,1997,4,JPTP,108,0
252,4,1998,1,JPTP,2,0
252,4,1998,1,JPTP,4,0
252,4,1998,1,JPTP,6,0
252,4,1998,1,JPTP,8,0
252,4,1998,1,JPTP,10,0
252,4,1998,1,JPTP,12,0
252,4,1998,1,JPTP,14,0
252,4,1998,1,JPTP,16,0
252,4,1998,1,JPTP,18,0
252,4,1998,1,JPTP,20,0
252,4,1998,1,JPTP,22,0
252,4,1998,1,JPTP,24,0
252,4,1998,1,JPTP,26,0
252,4,1998,1,JPTP,28,0
252,4,1998,1,JPTP,30,0
252,4,1998,1,JPTP,32,0
252,4,1998,1,JPTP,34,0
252,4,1998,1,JPTP,36,0.679383196419522
252,4,1998,1,JPTP,38,3.39691598209761
252,4,1998,1,JPTP,40,27.1753278567809
252,4,1998,1,JPTP,42,59.785721284918
252,4,1998,1,JPTP,44,68.6177028383718
252,4,1998,1,JPTP,46,15.625813517649
252,4,1998,1,JPTP,48,25.1371782675223
252,4,1998,1,JPTP,50,33.2897766245566
252,4,1998,1,JPTP,52,91.7167315166355
252,4,1998,1,JPTP,54,138.594172069583
252,4,1998,1,JPTP,56,50.9537397314642
252,4,1998,1,JPTP,58,21.0608790890052
252,4,1998,1,JPTP,60,5.43506557135618
252,4,1998,1,JPTP,62,2.03814958925857
252,4,1998,1,JPTP,64,4.75568237493666
252,4,1998,1,JPTP,66,1.35876639283904
252,4,1998,1,JPTP,68,2.71753278567809
252,4,1998,1,JPTP,70,0.679383196419522
252,4,1998,1,JPTP,72,0
252,4,1998,1,JPTP,74,0
252,4,1998,1,JPTP,76,0
252,4,1998,1,JPTP,78,0
252,4,1998,1,JPTP,80,0
252,4,1998,1,JPTP,82,0
252,4,1998,1,JPTP,84,0
252,4,1998,1,JPTP,86,0
252,4,1998,1,JPTP,88,0
252,4,1998,1,JPTP,90,0
252,4,1998,1,JPTP,92,0
252,4,1998,1,JPTP,94,0
252,4,1998,1,JPTP,96,0
252,4,1998,1,JPTP,98,0
252,4,1998,1,JPTP,100,0
252,4,1998,1,JPTP,102,0
252,4,1998,1,JPTP,104,0
252,4,1998,1,JPTP,106,0
252,4,1998,1,JPTP,108,0
253,4,1998,4,JPTP,2,0
253,4,1998,4,JPTP,4,0
253,4,1998,4,JPTP,6,0
253,4,1998,4,JPTP,8,0
253,4,1998,4,JPTP,10,0
253,4,1998,4,JPTP,12,0
253,4,1998,4,JPTP,14,0
253,4,1998,4,JPTP,16,0
253,4,1998,4,JPTP,18,0
253,4,1998,4,JPTP,20,0
253,4,1998,4,JPTP,22,0
253,4,1998,4,JPTP,24,0
253,4,1998,4,JPTP,26,0
253,4,1998,4,JPTP,28,0
253,4,1998,4,JPTP,30,1.24553586010246
253,4,1998,4,JPTP,32,0.622767930051229
253,4,1998,4,JPTP,34,4.3593755103586
253,4,1998,4,JPTP,36,4.3593755103586
253,4,1998,4,JPTP,38,12.4553586010246
253,4,1998,4,JPTP,40,18.6830379015369
253,4,1998,4,JPTP,42,21.796877551793
253,4,1998,4,JPTP,44,24.9107172020492
253,4,1998,4,JPTP,46,19.3058058315881
253,4,1998,4,JPTP,48,26.1562530621516
253,4,1998,4,JPTP,50,43.593755103586
253,4,1998,4,JPTP,52,107.116083968811
253,4,1998,4,JPTP,54,84.0736705569159
253,4,1998,4,JPTP,56,18.6830379015369
253,4,1998,4,JPTP,58,3.11383965025614
253,4,1998,4,JPTP,60,2.49107172020492
253,4,1998,4,JPTP,62,2.49107172020492
253,4,1998,4,JPTP,64,2.49107172020492
253,4,1998,4,JPTP,66,1.24553586010246
253,4,1998,4,JPTP,68,1.24553586010246
253,4,1998,4,JPTP,70,0.622767930051229
253,4,1998,4,JPTP,72,0.622767930051229
253,4,1998,4,JPTP,74,0
253,4,1998,4,JPTP,76,0
253,4,1998,4,JPTP,78,0
253,4,1998,4,JPTP,80,0
253,4,1998,4,JPTP,82,0
253,4,1998,4,JPTP,84,0
253,4,1998,4,JPTP,86,0
253,4,1998,4,JPTP,88,0
253,4,1998,4,JPTP,90,0
253,4,1998,4,JPTP,92,0
253,4,1998,4,JPTP,94,0
253,4,1998,4,JPTP,96,0
253,4,1998,4,JPTP,98,0
253,4,1998,4,JPTP,100,0
253,4,1998,4,JPTP,102,0
253,4,1998,4,JPTP,104,0
253,4,1998,4,JPTP,106,0
253,4,1998,4,JPTP,108,0
254,4,1999,1,JPTP,2,0
254,4,1999,1,JPTP,4,0
254,4,1999,1,JPTP,6,0
254,4,1999,1,JPTP,8,0
254,4,1999,1,JPTP,10,0
254,4,1999,1,JPTP,12,0
254,4,1999,1,JPTP,14,0
254,4,1999,1,JPTP,16,0
254,4,1999,1,JPTP,18,0
254,4,1999,1,JPTP,20,0
254,4,1999,1,JPTP,22,0
254,4,1999,1,JPTP,24,0
254,4,1999,1,JPTP,26,0
254,4,1999,1,JPTP,28,0
254,4,1999,1,JPTP,30,0
254,4,1999,1,JPTP,32,0
254,4,1999,1,JPTP,34,0
254,4,1999,1,JPTP,36,0
254,4,1999,1,JPTP,38,0
254,4,1999,1,JPTP,40,0
254,4,1999,1,JPTP,42,0
254,4,1999,1,JPTP,44,11.5495143391319
254,4,1999,1,JPTP,46,7.47321516061475
254,4,1999,1,JPTP,48,4.75568237493666
254,4,1999,1,JPTP,50,32.6103934281371
254,4,1999,1,JPTP,52,59.1063380884985
254,4,1999,1,JPTP,54,40.7629917851714
254,4,1999,1,JPTP,56,4.75568237493666
254,4,1999,1,JPTP,58,0
254,4,1999,1,JPTP,60,0
254,4,1999,1,JPTP,62,2.03814958925857
254,4,1999,1,JPTP,64,1.35876639283904
254,4,1999,1,JPTP,66,2.71753278567809
254,4,1999,1,JPTP,68,0.679383196419522
254,4,1999,1,JPTP,70,1.35876639283904
254,4,1999,1,JPTP,72,0
254,4,1999,1,JPTP,74,0
254,4,1999,1,JPTP,76,0
254,4,1999,1,JPTP,78,0
254,4,1999,1,JPTP,80,0
254,4,1999,1,JPTP,82,0
254,4,1999,1,JPTP,84,0
254,4,1999,1,JPTP,86,0
254,4,1999,1,JPTP,88,0
254,4,1999,1,JPTP,90,0
254,4,1999,1,JPTP,92,0
254,4,1999,1,JPTP,94,0
254,4,1999,1,JPTP,96,0
254,4,1999,1,JPTP,98,0
254,4,1999,1,JPTP,100,0
254,4,1999,1,JPTP,102,0
254,4,1999,1,JPTP,104,0
254,4,1999,1,JPTP,106,0
254,4,1999,1,JPTP,108,0
255,4,1999,2,JPTP,2,0
255,4,1999,2,JPTP,4,0
255,4,1999,2,JPTP,6,0
255,4,1999,2,JPTP,8,0
255,4,1999,2,JPTP,10,0
255,4,1999,2,JPTP,12,0
255,4,1999,2,JPTP,14,0
255,4,1999,2,JPTP,16,0
255,4,1999,2,JPTP,18,0
255,4,1999,2,JPTP,20,0
255,4,1999,2,JPTP,22,0
255,4,1999,2,JPTP,24,0
255,4,1999,2,JPTP,26,0
255,4,1999,2,JPTP,28,0
255,4,1999,2,JPTP,30,0
255,4,1999,2,JPTP,32,0
255,4,1999,2,JPTP,34,0
255,4,1999,2,JPTP,36,0
255,4,1999,2,JPTP,38,0
255,4,1999,2,JPTP,40,0
255,4,1999,2,JPTP,42,0
255,4,1999,2,JPTP,44,0
255,4,1999,2,JPTP,46,0
255,4,1999,2,JPTP,48,1.35876639283904
255,4,1999,2,JPTP,50,4.75568237493666
255,4,1999,2,JPTP,52,12.9082807319709
255,4,1999,2,JPTP,54,46.877440552947
255,4,1999,2,JPTP,56,8.83198155345379
255,4,1999,2,JPTP,58,1.01907479462928
255,4,1999,2,JPTP,60,0
255,4,1999,2,JPTP,62,0.339691598209761
255,4,1999,2,JPTP,64,0.339691598209761
255,4,1999,2,JPTP,66,0
255,4,1999,2,JPTP,68,0
255,4,1999,2,JPTP,70,0
255,4,1999,2,JPTP,72,0
255,4,1999,2,JPTP,74,0
255,4,1999,2,JPTP,76,0
255,4,1999,2,JPTP,78,0
255,4,1999,2,JPTP,80,0
255,4,1999,2,JPTP,82,0
255,4,1999,2,JPTP,84,0
255,4,1999,2,JPTP,86,0
255,4,1999,2,JPTP,88,0
255,4,1999,2,JPTP,90,0
255,4,1999,2,JPTP,92,0
255,4,1999,2,JPTP,94,0
255,4,1999,2,JPTP,96,0
255,4,1999,2,JPTP,98,0
255,4,1999,2,JPTP,100,0
255,4,1999,2,JPTP,102,0
255,4,1999,2,JPTP,104,0
255,4,1999,2,JPTP,106,0
255,4,1999,2,JPTP,108,0
256,4,1999,4,JPTP,2,0
256,4,1999,4,JPTP,4,0
256,4,1999,4,JPTP,6,0
256,4,1999,4,JPTP,8,0
256,4,1999,4,JPTP,10,0
256,4,1999,4,JPTP,12,0
256,4,1999,4,JPTP,14,0
256,4,1999,4,JPTP,16,0
256,4,1999,4,JPTP,18,0
256,4,1999,4,JPTP,20,0
256,4,1999,4,JPTP,22,0
256,4,1999,4,JPTP,24,0
256,4,1999,4,JPTP,26,0
256,4,1999,4,JPTP,28,0
256,4,1999,4,JPTP,30,0
256,4,1999,4,JPTP,32,0.679383196419522
256,4,1999,4,JPTP,34,2.03814958925857
256,4,1999,4,JPTP,36,1.35876639283904
256,4,1999,4,JPTP,38,7.47321516061475
256,4,1999,4,JPTP,40,9.51136474987332
256,4,1999,4,JPTP,42,6.1144487677757
256,4,1999,4,JPTP,44,6.79383196419522
256,4,1999,4,JPTP,46,4.75568237493666
256,4,1999,4,JPTP,48,2.71753278567809
256,4,1999,4,JPTP,50,3.39691598209761
256,4,1999,4,JPTP,52,5.43506557135618
256,4,1999,4,JPTP,54,4.07629917851713
256,4,1999,4,JPTP,56,0.679383196419522
256,4,1999,4,JPTP,58,1.35876639283904
256,4,1999,4,JPTP,60,1.35876639283904
256,4,1999,4,JPTP,62,2.03814958925857
256,4,1999,4,JPTP,64,0
256,4,1999,4,JPTP,66,1.35876639283904
256,4,1999,4,JPTP,68,0.679383196419522
256,4,1999,4,JPTP,70,0
256,4,1999,4,JPTP,72,0
256,4,1999,4,JPTP,74,0
256,4,1999,4,JPTP,76,0
256,4,1999,4,JPTP,78,0
256,4,1999,4,JPTP,80,0
256,4,1999,4,JPTP,82,0
256,4,1999,4,JPTP,84,0
256,4,1999,4,JPTP,86,0
256,4,1999,4,JPTP,88,0
256,4,1999,4,JPTP,90,0
256,4,1999,4,JPTP,92,0
256,4,1999,4,JPTP,94,0
256,4,1999,4,JPTP,96,0
256,4,1999,4,JPTP,98,0
256,4,1999,4,JPTP,100,0
256,4,1999,4,JPTP,102,0
256,4,1999,4,JPTP,104,0
256,4,1999,4,JPTP,106,0
256,4,1999,4,JPTP,108,0
257,4,2000,4,JPTP,2,0
257,4,2000,4,JPTP,4,0
257,4,2000,4,JPTP,6,0
257,4,2000,4,JPTP,8,0
257,4,2000,4,JPTP,10,0
257,4,2000,4,JPTP,12,0
257,4,2000,4,JPTP,14,0
257,4,2000,4,JPTP,16,0
257,4,2000,4,JPTP,18,0
257,4,2000,4,JPTP,20,0
257,4,2000,4,JPTP,22,0
257,4,2000,4,JPTP,24,0
257,4,2000,4,JPTP,26,0
257,4,2000,4,JPTP,28,0
257,4,2000,4,JPTP,30,0.679383196419522
257,4,2000,4,JPTP,32,0.679383196419522
257,4,2000,4,JPTP,34,0.679383196419522
257,4,2000,4,JPTP,36,1.35876639283904
257,4,2000,4,JPTP,38,0.679383196419522
257,4,2000,4,JPTP,40,4.07629917851713
257,4,2000,4,JPTP,42,4.75568237493666
257,4,2000,4,JPTP,44,4.75568237493666
257,4,2000,4,JPTP,46,2.03814958925857
257,4,2000,4,JPTP,48,0.679383196419522
257,4,2000,4,JPTP,50,2.03814958925857
257,4,2000,4,JPTP,52,10.8701311427124
257,4,2000,4,JPTP,54,16.9845799104881
257,4,2000,4,JPTP,56,29.2134774460395
257,4,2000,4,JPTP,58,56.3888053028204
257,4,2000,4,JPTP,60,67.2589364455327
257,4,2000,4,JPTP,62,48.2362069457861
257,4,2000,4,JPTP,64,7.47321516061475
257,4,2000,4,JPTP,66,2.03814958925857
257,4,2000,4,JPTP,68,0.679383196419522
257,4,2000,4,JPTP,70,0
257,4,2000,4,JPTP,72,0
257,4,2000,4,JPTP,74,0
257,4,2000,4,JPTP,76,0
257,4,2000,4,JPTP,78,0
257,4,2000,4,JPTP,80,0
257,4,2000,4,JPTP,82,0
257,4,2000,4,JPTP,84,0
257,4,2000,4,JPTP,86,0
257,4,2000,4,JPTP,88,0
257,4,2000,4,JPTP,90,0
257,4,2000,4,JPTP,92,0
257,4,2000,4,JPTP,94,0
257,4,2000,4,JPTP,96,0
257,4,2000,4,JPTP,98,0
257,4,2000,4,JPTP,100,0
257,4,2000,4,JPTP,102,0
257,4,2000,4,JPTP,104,0
257,4,2000,4,JPTP,106,0
257,4,2000,4,JPTP,108,0
258,4,2001,1,JPTP,2,0
258,4,2001,1,JPTP,4,0
258,4,2001,1,JPTP,6,0
258,4,2001,1,JPTP,8,0
258,4,2001,1,JPTP,10,0
258,4,2001,1,JPTP,12,0
258,4,2001,1,JPTP,14,0
258,4,2001,1,JPTP,16,0
258,4,2001,1,JPTP,18,0
258,4,2001,1,JPTP,20,0
258,4,2001,1,JPTP,22,0
258,4,2001,1,JPTP,24,0
258,4,2001,1,JPTP,26,0
258,4,2001,1,JPTP,28,0
258,4,2001,1,JPTP,30,0
258,4,2001,1,JPTP,32,2.03814958925857
258,4,2001,1,JPTP,34,2.03814958925857
258,4,2001,1,JPTP,36,2.03814958925857
258,4,2001,1,JPTP,38,4.75568237493666
258,4,2001,1,JPTP,40,11.5495143391319
258,4,2001,1,JPTP,42,10.1907479462928
258,4,2001,1,JPTP,44,14.26704712481
258,4,2001,1,JPTP,46,8.83198155345379
258,4,2001,1,JPTP,48,5.43506557135618
258,4,2001,1,JPTP,50,19.7021126961662
258,4,2001,1,JPTP,52,42.1217581780104
258,4,2001,1,JPTP,54,72.0146188204694
258,4,2001,1,JPTP,56,106.663161837865
258,4,2001,1,JPTP,58,42.8011413744299
258,4,2001,1,JPTP,60,42.8011413744299
258,4,2001,1,JPTP,62,6.1144487677757
258,4,2001,1,JPTP,64,2.03814958925857
258,4,2001,1,JPTP,66,0.679383196419522
258,4,2001,1,JPTP,68,0
258,4,2001,1,JPTP,70,0.679383196419522
258,4,2001,1,JPTP,72,0.679383196419522
258,4,2001,1,JPTP,74,0
258,4,2001,1,JPTP,76,0.679383196419522
258,4,2001,1,JPTP,78,0
258,4,2001,1,JPTP,80,0
258,4,2001,1,JPTP,82,0
258,4,2001,1,JPTP,84,0
258,4,2001,1,JPTP,86,0
258,4,2001,1,JPTP,88,0
258,4,2001,1,JPTP,90,0
258,4,2001,1,JPTP,92,0
258,4,2001,1,JPTP,94,0
258,4,2001,1,JPTP,96,0
258,4,2001,1,JPTP,98,0
258,4,2001,1,JPTP,100,0
258,4,2001,1,JPTP,102,0
258,4,2001,1,JPTP,104,0
258,4,2001,1,JPTP,106,0
258,4,2001,1,JPTP,108,0
259,4,2001,4,JPTP,2,0
259,4,2001,4,JPTP,4,0
259,4,2001,4,JPTP,6,0
259,4,2001,4,JPTP,8,0
259,4,2001,4,JPTP,10,0
259,4,2001,4,JPTP,12,0
259,4,2001,4,JPTP,14,0
259,4,2001,4,JPTP,16,0
259,4,2001,4,JPTP,18,0
259,4,2001,4,JPTP,20,0
259,4,2001,4,JPTP,22,0
259,4,2001,4,JPTP,24,0
259,4,2001,4,JPTP,26,0
259,4,2001,4,JPTP,28,0
259,4,2001,4,JPTP,30,0
259,4,2001,4,JPTP,32,0
259,4,2001,4,JPTP,34,0
259,4,2001,4,JPTP,36,0
259,4,2001,4,JPTP,38,0
259,4,2001,4,JPTP,40,0
259,4,2001,4,JPTP,42,2.71753278567809
259,4,2001,4,JPTP,44,1.35876639283904
259,4,2001,4,JPTP,46,0
259,4,2001,4,JPTP,48,3.39691598209761
259,4,2001,4,JPTP,50,6.1144487677757
259,4,2001,4,JPTP,52,7.47321516061475
259,4,2001,4,JPTP,54,7.47321516061475
259,4,2001,4,JPTP,56,4.75568237493666
259,4,2001,4,JPTP,58,6.1144487677757
259,4,2001,4,JPTP,60,17.6639631069076
259,4,2001,4,JPTP,62,48.2362069457861
259,4,2001,4,JPTP,64,31.251627035298
259,4,2001,4,JPTP,66,24.4577950711028
259,4,2001,4,JPTP,68,31.9310102317176
259,4,2001,4,JPTP,70,13.5876639283904
259,4,2001,4,JPTP,72,5.43506557135618
259,4,2001,4,JPTP,74,1.35876639283904
259,4,2001,4,JPTP,76,0
259,4,2001,4,JPTP,78,0
259,4,2001,4,JPTP,80,0
259,4,2001,4,JPTP,82,0
259,4,2001,4,JPTP,84,0
259,4,2001,4,JPTP,86,0
259,4,2001,4,JPTP,88,0
259,4,2001,4,JPTP,90,0
259,4,2001,4,JPTP,92,0
259,4,2001,4,JPTP,94,0
259,4,2001,4,JPTP,96,0
259,4,2001,4,JPTP,98,0
259,4,2001,4,JPTP,100,0
259,4,2001,4,JPTP,102,0
259,4,2001,4,JPTP,104,0
259,4,2001,4,JPTP,106,0
259,4,2001,4,JPTP,108,0
260,4,2002,1,JPTP,2,0
260,4,2002,1,JPTP,4,0
260,4,2002,1,JPTP,6,0
260,4,2002,1,JPTP,8,0
260,4,2002,1,JPTP,10,0
260,4,2002,1,JPTP,12,0
260,4,2002,1,JPTP,14,0
260,4,2002,1,JPTP,16,0
260,4,2002,1,JPTP,18,0
260,4,2002,1,JPTP,20,0
260,4,2002,1,JPTP,22,0
260,4,2002,1,JPTP,24,0
260,4,2002,1,JPTP,26,0
260,4,2002,1,JPTP,28,0
260,4,2002,1,JPTP,30,0
260,4,2002,1,JPTP,32,0.636921746643302
260,4,2002,1,JPTP,34,0
260,4,2002,1,JPTP,36,0
260,4,2002,1,JPTP,38,0
260,4,2002,1,JPTP,40,1.91076523992991
260,4,2002,1,JPTP,42,8.27998270636293
260,4,2002,1,JPTP,44,10.8276696929361
260,4,2002,1,JPTP,46,18.4707306526558
260,4,2002,1,JPTP,48,1.91076523992991
260,4,2002,1,JPTP,50,0
260,4,2002,1,JPTP,52,0.636921746643302
260,4,2002,1,JPTP,54,0
260,4,2002,1,JPTP,56,0.636921746643302
260,4,2002,1,JPTP,58,3.18460873321651
260,4,2002,1,JPTP,60,3.82153047985981
260,4,2002,1,JPTP,62,5.09537397314642
260,4,2002,1,JPTP,64,19.1076523992991
260,4,2002,1,JPTP,66,45.8583657583178
260,4,2002,1,JPTP,68,50.9537397314642
260,4,2002,1,JPTP,70,19.7445741459424
260,4,2002,1,JPTP,72,0
260,4,2002,1,JPTP,74,0
260,4,2002,1,JPTP,76,0
260,4,2002,1,JPTP,78,0
260,4,2002,1,JPTP,80,0
260,4,2002,1,JPTP,82,0
260,4,2002,1,JPTP,84,0
260,4,2002,1,JPTP,86,0
260,4,2002,1,JPTP,88,0
260,4,2002,1,JPTP,90,0
260,4,2002,1,JPTP,92,0
260,4,2002,1,JPTP,94,0
260,4,2002,1,JPTP,96,0
260,4,2002,1,JPTP,98,0
260,4,2002,1,JPTP,100,0
260,4,2002,1,JPTP,102,0
260,4,2002,1,JPTP,104,0
260,4,2002,1,JPTP,106,0
260,4,2002,1,JPTP,108,0
261,4,2003,1,JPTP,2,0
261,4,2003,1,JPTP,4,0
261,4,2003,1,JPTP,6,0
261,4,2003,1,JPTP,8,0
261,4,2003,1,JPTP,10,0
261,4,2003,1,JPTP,12,0
261,4,2003,1,JPTP,14,0
261,4,2003,1,JPTP,16,0
261,4,2003,1,JPTP,18,0
261,4,2003,1,JPTP,20,0
261,4,2003,1,JPTP,22,0
261,4,2003,1,JPTP,24,0
261,4,2003,1,JPTP,26,0
261,4,2003,1,JPTP,28,0
261,4,2003,1,JPTP,30,0
261,4,2003,1,JPTP,32,0
261,4,2003,1,JPTP,34,0
261,4,2003,1,JPTP,36,0
261,4,2003,1,JPTP,38,0
261,4,2003,1,JPTP,40,0
261,4,2003,1,JPTP,42,0.339691598209761
261,4,2003,1,JPTP,44,0.339691598209761
261,4,2003,1,JPTP,46,0.679383196419522
261,4,2003,1,JPTP,48,1.01907479462928
261,4,2003,1,JPTP,50,2.71753278567809
261,4,2003,1,JPTP,52,8.15259835703427
261,4,2003,1,JPTP,54,8.15259835703427
261,4,2003,1,JPTP,56,9.17167315166355
261,4,2003,1,JPTP,58,6.45414036598546
261,4,2003,1,JPTP,60,6.79383196419522
261,4,2003,1,JPTP,62,11.8892059373416
261,4,2003,1,JPTP,64,16.3051967140685
261,4,2003,1,JPTP,66,5.09537397314642
261,4,2003,1,JPTP,68,2.03814958925857
261,4,2003,1,JPTP,70,1.69845799104881
261,4,2003,1,JPTP,72,0.339691598209761
261,4,2003,1,JPTP,74,0
261,4,2003,1,JPTP,76,0
261,4,2003,1,JPTP,78,0
261,4,2003,1,JPTP,80,0
261,4,2003,1,JPTP,82,0
261,4,2003,1,JPTP,84,0
261,4,2003,1,JPTP,86,0
261,4,2003,1,JPTP,88,0
261,4,2003,1,JPTP,90,0
261,4,2003,1,JPTP,92,0
261,4,2003,1,JPTP,94,0
261,4,2003,1,JPTP,96,0
261,4,2003,1,JPTP,98,0
261,4,2003,1,JPTP,100,0
261,4,2003,1,JPTP,102,0
261,4,2003,1,JPTP,104,0
261,4,2003,1,JPTP,106,0
261,4,2003,1,JPTP,108,0
262,4,2004,1,JPTP,2,0
262,4,2004,1,JPTP,4,0
262,4,2004,1,JPTP,6,0
262,4,2004,1,JPTP,8,0
262,4,2004,1,JPTP,10,0
262,4,2004,1,JPTP,12,0
262,4,2004,1,JPTP,14,0
262,4,2004,1,JPTP,16,0
262,4,2004,1,JPTP,18,0
262,4,2004,1,JPTP,20,0
262,4,2004,1,JPTP,22,0
262,4,2004,1,JPTP,24,0
262,4,2004,1,JPTP,26,0
262,4,2004,1,JPTP,28,0
262,4,2004,1,JPTP,30,0
262,4,2004,1,JPTP,32,0
262,4,2004,1,JPTP,34,0
262,4,2004,1,JPTP,36,0
262,4,2004,1,JPTP,38,0
262,4,2004,1,JPTP,40,0
262,4,2004,1,JPTP,42,0
262,4,2004,1,JPTP,44,0
262,4,2004,1,JPTP,46,0
262,4,2004,1,JPTP,48,0.679383196419522
262,4,2004,1,JPTP,50,3.39691598209761
262,4,2004,1,JPTP,52,24.4577950711028
262,4,2004,1,JPTP,54,7.47321516061475
262,4,2004,1,JPTP,56,6.1144487677757
262,4,2004,1,JPTP,58,3.39691598209761
262,4,2004,1,JPTP,60,11.5495143391319
262,4,2004,1,JPTP,62,8.15259835703427
262,4,2004,1,JPTP,64,6.79383196419522
262,4,2004,1,JPTP,66,12.2288975355514
262,4,2004,1,JPTP,68,5.43506557135618
262,4,2004,1,JPTP,70,0.679383196419522
262,4,2004,1,JPTP,72,0
262,4,2004,1,JPTP,74,0
262,4,2004,1,JPTP,76,0
262,4,2004,1,JPTP,78,0
262,4,2004,1,JPTP,80,0
262,4,2004,1,JPTP,82,0
262,4,2004,1,JPTP,84,0
262,4,2004,1,JPTP,86,0
262,4,2004,1,JPTP,88,0
262,4,2004,1,JPTP,90,0
262,4,2004,1,JPTP,92,0
262,4,2004,1,JPTP,94,0
262,4,2004,1,JPTP,96,0
262,4,2004,1,JPTP,98,0
262,4,2004,1,JPTP,100,0
262,4,2004,1,JPTP,102,0
262,4,2004,1,JPTP,104,0
262,4,2004,1,JPTP,106,0
262,4,2004,1,JPTP,108,0
263,4,2004,2,JPTP,2,0
263,4,2004,2,JPTP,4,0
263,4,2004,2,JPTP,6,0
263,4,2004,2,JPTP,8,0
263,4,2004,2,JPTP,10,0
263,4,2004,2,JPTP,12,0
263,4,2004,2,JPTP,14,0
263,4,2004,2,JPTP,16,0
263,4,2004,2,JPTP,18,0
263,4,2004,2,JPTP,20,0
263,4,2004,2,JPTP,22,0
263,4,2004,2,JPTP,24,0
263,4,2004,2,JPTP,26,0
263,4,2004,2,JPTP,28,4.75568237493666
263,4,2004,2,JPTP,30,8.15259835703427
263,4,2004,2,JPTP,32,16.9845799104881
263,4,2004,2,JPTP,34,12.2288975355514
263,4,2004,2,JPTP,36,3.39691598209761
263,4,2004,2,JPTP,38,0
263,4,2004,2,JPTP,40,0
263,4,2004,2,JPTP,42,0.679383196419522
263,4,2004,2,JPTP,44,0
263,4,2004,2,JPTP,46,2.71753278567809
263,4,2004,2,JPTP,48,0
263,4,2004,2,JPTP,50,0
263,4,2004,2,JPTP,52,0.679383196419522
263,4,2004,2,JPTP,54,0.679383196419522
263,4,2004,2,JPTP,56,0.679383196419522
263,4,2004,2,JPTP,58,0
263,4,2004,2,JPTP,60,0.679383196419522
263,4,2004,2,JPTP,62,0
263,4,2004,2,JPTP,64,0.679383196419522
263,4,2004,2,JPTP,66,0.679383196419522
263,4,2004,2,JPTP,68,0
263,4,2004,2,JPTP,70,0
263,4,2004,2,JPTP,72,0.679383196419522
263,4,2004,2,JPTP,74,0
263,4,2004,2,JPTP,76,0
263,4,2004,2,JPTP,78,0
263,4,2004,2,JPTP,80,0
263,4,2004,2,JPTP,82,0
263,4,2004,2,JPTP,84,0
263,4,2004,2,JPTP,86,0
263,4,2004,2,JPTP,88,0
263,4,2004,2,JPTP,90,0
263,4,2004,2,JPTP,92,0
263,4,2004,2,JPTP,94,0
263,4,2004,2,JPTP,96,0
263,4,2004,2,JPTP,98,0
263,4,2004,2,JPTP,100,0
263,4,2004,2,JPTP,102,0
263,4,2004,2,JPTP,104,0
263,4,2004,2,JPTP,106,0
263,4,2004,2,JPTP,108,0
264,4,2004,4,JPTP,2,0
264,4,2004,4,JPTP,4,0
264,4,2004,4,JPTP,6,0
264,4,2004,4,JPTP,8,0
264,4,2004,4,JPTP,10,0
264,4,2004,4,JPTP,12,0
264,4,2004,4,JPTP,14,0
264,4,2004,4,JPTP,16,0
264,4,2004,4,JPTP,18,0
264,4,2004,4,JPTP,20,0
264,4,2004,4,JPTP,22,0
264,4,2004,4,JPTP,24,0
264,4,2004,4,JPTP,26,0
264,4,2004,4,JPTP,28,0
264,4,2004,4,JPTP,30,4.36746340555407
264,4,2004,4,JPTP,32,13.5876639283904
264,4,2004,4,JPTP,34,1.94109484691292
264,4,2004,4,JPTP,36,2.42636855864115
264,4,2004,4,JPTP,38,6.30855825246699
264,4,2004,4,JPTP,40,6.79383196419522
264,4,2004,4,JPTP,42,16.0140324870316
264,4,2004,4,JPTP,44,21.8373170277704
264,4,2004,4,JPTP,46,17.9551273339445
264,4,2004,4,JPTP,48,14.5582113518469
264,4,2004,4,JPTP,50,10.1907479462928
264,4,2004,4,JPTP,52,5.33801082901053
264,4,2004,4,JPTP,54,13.5876639283904
264,4,2004,4,JPTP,56,20.3814958925857
264,4,2004,4,JPTP,58,16.0140324870316
264,4,2004,4,JPTP,60,12.1318427932058
264,4,2004,4,JPTP,62,6.30855825246699
264,4,2004,4,JPTP,64,1.45582113518469
264,4,2004,4,JPTP,66,0
264,4,2004,4,JPTP,68,0
264,4,2004,4,JPTP,70,0.48527371172823
264,4,2004,4,JPTP,72,0.970547423456461
264,4,2004,4,JPTP,74,0
264,4,2004,4,JPTP,76,0
264,4,2004,4,JPTP,78,0
264,4,2004,4,JPTP,80,0.48527371172823
264,4,2004,4,JPTP,82,0
264,4,2004,4,JPTP,84,0
264,4,2004,4,JPTP,86,0
264,4,2004,4,JPTP,88,0
264,4,2004,4,JPTP,90,0
264,4,2004,4,JPTP,92,0
264,4,2004,4,JPTP,94,0
264,4,2004,4,JPTP,96,0
264,4,2004,4,JPTP,98,0
264,4,2004,4,JPTP,100,0
264,4,2004,4,JPTP,102,0
264,4,2004,4,JPTP,104,0
264,4,2004,4,JPTP,106,0
264,4,2004,4,JPTP,108,0
265,4,2005,2,JPTP,2,0
265,4,2005,2,JPTP,4,0
265,4,2005,2,JPTP,6,0
265,4,2005,2,JPTP,8,0
265,4,2005,2,JPTP,10,0
265,4,2005,2,JPTP,12,0
265,4,2005,2,JPTP,14,0
265,4,2005,2,JPTP,16,0
265,4,2005,2,JPTP,18,0
265,4,2005,2,JPTP,20,0
265,4,2005,2,JPTP,22,0
265,4,2005,2,JPTP,24,0
265,4,2005,2,JPTP,26,0
265,4,2005,2,JPTP,28,0
265,4,2005,2,JPTP,30,0
265,4,2005,2,JPTP,32,0
265,4,2005,2,JPTP,34,1.35876639283904
265,4,2005,2,JPTP,36,4.07629917851713
265,4,2005,2,JPTP,38,6.79383196419522
265,4,2005,2,JPTP,40,48.2362069457861
265,4,2005,2,JPTP,42,49.5949733386251
265,4,2005,2,JPTP,44,24.4577950711028
265,4,2005,2,JPTP,46,12.9082807319709
265,4,2005,2,JPTP,48,5.43506557135618
265,4,2005,2,JPTP,50,3.39691598209761
265,4,2005,2,JPTP,52,2.03814958925857
265,4,2005,2,JPTP,54,0.679383196419522
265,4,2005,2,JPTP,56,0.679383196419522
265,4,2005,2,JPTP,58,0.679383196419522
265,4,2005,2,JPTP,60,0
265,4,2005,2,JPTP,62,0
265,4,2005,2,JPTP,64,0
265,4,2005,2,JPTP,66,0
265,4,2005,2,JPTP,68,0
265,4,2005,2,JPTP,70,0
265,4,2005,2,JPTP,72,0
265,4,2005,2,JPTP,74,0
265,4,2005,2,JPTP,76,0
265,4,2005,2,JPTP,78,0
265,4,2005,2,JPTP,80,0
265,4,2005,2,JPTP,82,0
265,4,2005,2,JPTP,84,0
265,4,2005,2,JPTP,86,0
265,4,2005,2,JPTP,88,0
265,4,2005,2,JPTP,90,0
265,4,2005,2,JPTP,92,0
265,4,2005,2,JPTP,94,0
265,4,2005,2,JPTP,96,0
265,4,2005,2,JPTP,98,0
265,4,2005,2,JPTP,100,0
265,4,2005,2,JPTP,102,0
265,4,2005,2,JPTP,104,0
265,4,2005,2,JPTP,106,0
265,4,2005,2,JPTP,108,0
266,4,2005,4,JPTP,2,0
266,4,2005,4,JPTP,4,0
266,4,2005,4,JPTP,6,0
266,4,2005,4,JPTP,8,0
266,4,2005,4,JPTP,10,0
266,4,2005,4,JPTP,12,0
266,4,2005,4,JPTP,14,0
266,4,2005,4,JPTP,16,0
266,4,2005,4,JPTP,18,0
266,4,2005,4,JPTP,20,0
266,4,2005,4,JPTP,22,0
266,4,2005,4,JPTP,24,0
266,4,2005,4,JPTP,26,0
266,4,2005,4,JPTP,28,0
266,4,2005,4,JPTP,30,0.509537397314642
266,4,2005,4,JPTP,32,1.52861219194393
266,4,2005,4,JPTP,34,9.6812105489782
266,4,2005,4,JPTP,36,6.1144487677757
266,4,2005,4,JPTP,38,0
266,4,2005,4,JPTP,40,2.03814958925857
266,4,2005,4,JPTP,42,0.509537397314642
266,4,2005,4,JPTP,44,1.52861219194393
266,4,2005,4,JPTP,46,1.01907479462928
266,4,2005,4,JPTP,48,2.54768698657321
266,4,2005,4,JPTP,50,18.3433463033271
266,4,2005,4,JPTP,52,10.1907479462928
266,4,2005,4,JPTP,54,8.15259835703427
266,4,2005,4,JPTP,56,8.15259835703427
266,4,2005,4,JPTP,58,7.64306095971963
266,4,2005,4,JPTP,60,18.3433463033271
266,4,2005,4,JPTP,62,6.62398616509034
266,4,2005,4,JPTP,64,2.03814958925857
266,4,2005,4,JPTP,66,0
266,4,2005,4,JPTP,68,0.509537397314642
266,4,2005,4,JPTP,70,7.13352356240499
266,4,2005,4,JPTP,72,6.1144487677757
266,4,2005,4,JPTP,74,7.64306095971963
266,4,2005,4,JPTP,76,1.01907479462928
266,4,2005,4,JPTP,78,0
266,4,2005,4,JPTP,80,0
266,4,2005,4,JPTP,82,0
266,4,2005,4,JPTP,84,0
266,4,2005,4,JPTP,86,0
266,4,2005,4,JPTP,88,0
266,4,2005,4,JPTP,90,0
266,4,2005,4,JPTP,92,0
266,4,2005,4,JPTP,94,0
266,4,2005,4,JPTP,96,0
266,4,2005,4,JPTP,98,0
266,4,2005,4,JPTP,100,0
266,4,2005,4,JPTP,102,0
266,4,2005,4,JPTP,104,0
266,4,2005,4,JPTP,106,0
266,4,2005,4,JPTP,108,0
267,4,2006,4,JPTP,2,0
267,4,2006,4,JPTP,4,0
267,4,2006,4,JPTP,6,0
267,4,2006,4,JPTP,8,0
267,4,2006,4,JPTP,10,0
267,4,2006,4,JPTP,12,0
267,4,2006,4,JPTP,14,0
267,4,2006,4,JPTP,16,0
267,4,2006,4,JPTP,18,0
267,4,2006,4,JPTP,20,0
267,4,2006,4,JPTP,22,0
267,4,2006,4,JPTP,24,0
267,4,2006,4,JPTP,26,0
267,4,2006,4,JPTP,28,0
267,4,2006,4,JPTP,30,0
267,4,2006,4,JPTP,32,0
267,4,2006,4,JPTP,34,0.679383196419522
267,4,2006,4,JPTP,36,8.15259835703427
267,4,2006,4,JPTP,38,6.79383196419522
267,4,2006,4,JPTP,40,14.26704712481
267,4,2006,4,JPTP,42,8.15259835703427
267,4,2006,4,JPTP,44,3.39691598209761
267,4,2006,4,JPTP,46,0
267,4,2006,4,JPTP,48,0
267,4,2006,4,JPTP,50,0
267,4,2006,4,JPTP,52,0
267,4,2006,4,JPTP,54,0
267,4,2006,4,JPTP,56,0
267,4,2006,4,JPTP,58,0
267,4,2006,4,JPTP,60,0
267,4,2006,4,JPTP,62,0
267,4,2006,4,JPTP,64,0
267,4,2006,4,JPTP,66,0
267,4,2006,4,JPTP,68,0
267,4,2006,4,JPTP,70,0
267,4,2006,4,JPTP,72,0
267,4,2006,4,JPTP,74,0
267,4,2006,4,JPTP,76,0
267,4,2006,4,JPTP,78,0
267,4,2006,4,JPTP,80,0
267,4,2006,4,JPTP,82,0
267,4,2006,4,JPTP,84,0
267,4,2006,4,JPTP,86,0
267,4,2006,4,JPTP,88,0
267,4,2006,4,JPTP,90,0
267,4,2006,4,JPTP,92,0
267,4,2006,4,JPTP,94,0
267,4,2006,4,JPTP,96,0
267,4,2006,4,JPTP,98,0
267,4,2006,4,JPTP,100,0
267,4,2006,4,JPTP,102,0
267,4,2006,4,JPTP,104,0
267,4,2006,4,JPTP,106,0
267,4,2006,4,JPTP,108,0
268,4,2007,4,JPTP,2,0
268,4,2007,4,JPTP,4,0
268,4,2007,4,JPTP,6,0
268,4,2007,4,JPTP,8,0
268,4,2007,4,JPTP,10,0
268,4,2007,4,JPTP,12,0
268,4,2007,4,JPTP,14,0
268,4,2007,4,JPTP,16,0
268,4,2007,4,JPTP,18,0
268,4,2007,4,JPTP,20,0
268,4,2007,4,JPTP,22,0
268,4,2007,4,JPTP,24,0
268,4,2007,4,JPTP,26,0
268,4,2007,4,JPTP,28,0
268,4,2007,4,JPTP,30,0
268,4,2007,4,JPTP,32,0
268,4,2007,4,JPTP,34,0
268,4,2007,4,JPTP,36,0.679383196419522
268,4,2007,4,JPTP,38,0
268,4,2007,4,JPTP,40,4.07629917851713
268,4,2007,4,JPTP,42,8.83198155345379
268,4,2007,4,JPTP,44,9.51136474987332
268,4,2007,4,JPTP,46,14.9464303212295
268,4,2007,4,JPTP,48,11.5495143391319
268,4,2007,4,JPTP,50,16.9845799104881
268,4,2007,4,JPTP,52,14.26704712481
268,4,2007,4,JPTP,54,12.9082807319709
268,4,2007,4,JPTP,56,10.1907479462928
268,4,2007,4,JPTP,58,8.15259835703427
268,4,2007,4,JPTP,60,10.8701311427124
268,4,2007,4,JPTP,62,5.43506557135618
268,4,2007,4,JPTP,64,4.75568237493666
268,4,2007,4,JPTP,66,2.71753278567809
268,4,2007,4,JPTP,68,0
268,4,2007,4,JPTP,70,0
268,4,2007,4,JPTP,72,0
268,4,2007,4,JPTP,74,0
268,4,2007,4,JPTP,76,0
268,4,2007,4,JPTP,78,0
268,4,2007,4,JPTP,80,0
268,4,2007,4,JPTP,82,0
268,4,2007,4,JPTP,84,0
268,4,2007,4,JPTP,86,0
268,4,2007,4,JPTP,88,0
268,4,2007,4,JPTP,90,0
268,4,2007,4,JPTP,92,0
268,4,2007,4,JPTP,94,0
268,4,2007,4,JPTP,96,0
268,4,2007,4,JPTP,98,0
268,4,2007,4,JPTP,100,0
268,4,2007,4,JPTP,102,0
268,4,2007,4,JPTP,104,0
268,4,2007,4,JPTP,106,0
268,4,2007,4,JPTP,108,0
269,4,2008,4,JPTP,2,0
269,4,2008,4,JPTP,4,0
269,4,2008,4,JPTP,6,0
269,4,2008,4,JPTP,8,0
269,4,2008,4,JPTP,10,0
269,4,2008,4,JPTP,12,0
269,4,2008,4,JPTP,14,0
269,4,2008,4,JPTP,16,0
269,4,2008,4,JPTP,18,0
269,4,2008,4,JPTP,20,0
269,4,2008,4,JPTP,22,0
269,4,2008,4,JPTP,24,0
269,4,2008,4,JPTP,26,0
269,4,2008,4,JPTP,28,0
269,4,2008,4,JPTP,30,0
269,4,2008,4,JPTP,32,0
269,4,2008,4,JPTP,34,0
269,4,2008,4,JPTP,36,0
269,4,2008,4,JPTP,38,0
269,4,2008,4,JPTP,40,0
269,4,2008,4,JPTP,42,0
269,4,2008,4,JPTP,44,14.26704712481
269,4,2008,4,JPTP,46,22.4196454818442
269,4,2008,4,JPTP,48,10.8701311427124
269,4,2008,4,JPTP,50,7.47321516061475
269,4,2008,4,JPTP,52,1.35876639283904
269,4,2008,4,JPTP,54,0
269,4,2008,4,JPTP,56,0
269,4,2008,4,JPTP,58,1.35876639283904
269,4,2008,4,JPTP,60,0
269,4,2008,4,JPTP,62,0
269,4,2008,4,JPTP,64,0
269,4,2008,4,JPTP,66,0
269,4,2008,4,JPTP,68,0
269,4,2008,4,JPTP,70,0
269,4,2008,4,JPTP,72,0
269,4,2008,4,JPTP,74,0
269,4,2008,4,JPTP,76,0
269,4,2008,4,JPTP,78,0
269,4,2008,4,JPTP,80,0
269,4,2008,4,JPTP,82,0
269,4,2008,4,JPTP,84,0
269,4,2008,4,JPTP,86,0
269,4,2008,4,JPTP,88,0
269,4,2008,4,JPTP,90,0
269,4,2008,4,JPTP,92,0
269,4,2008,4,JPTP,94,0
269,4,2008,4,JPTP,96,0
269,4,2008,4,JPTP,98,0
269,4,2008,4,JPTP,100,0
269,4,2008,4,JPTP,102,0
269,4,2008,4,JPTP,104,0
269,4,2008,4,JPTP,106,0
269,4,2008,4,JPTP,108,0
270,4,2010,1,JPTP,2,0
270,4,2010,1,JPTP,4,0
270,4,2010,1,JPTP,6,0
270,4,2010,1,JPTP,8,0
270,4,2010,1,JPTP,10,0
270,4,2010,1,JPTP,12,0
270,4,2010,1,JPTP,14,0
270,4,2010,1,JPTP,16,0
270,4,2010,1,JPTP,18,0
270,4,2010,1,JPTP,20,0
270,4,2010,1,JPTP,22,0
270,4,2010,1,JPTP,24,0
270,4,2010,1,JPTP,26,0
270,4,2010,1,JPTP,28,0
270,4,2010,1,JPTP,30,0
270,4,2010,1,JPTP,32,0
270,4,2010,1,JPTP,34,0
270,4,2010,1,JPTP,36,0.226461065473174
270,4,2010,1,JPTP,38,4.30276024399031
270,4,2010,1,JPTP,40,18.1168852378539
270,4,2010,1,JPTP,42,25.3636393329955
270,4,2010,1,JPTP,44,9.73782581534649
270,4,2010,1,JPTP,46,4.07629917851713
270,4,2010,1,JPTP,48,2.26461065473174
270,4,2010,1,JPTP,50,4.30276024399031
270,4,2010,1,JPTP,52,5.88798770230253
270,4,2010,1,JPTP,54,2.03814958925857
270,4,2010,1,JPTP,56,1.58522745831222
270,4,2010,1,JPTP,58,0.226461065473174
270,4,2010,1,JPTP,60,0
270,4,2010,1,JPTP,62,0
270,4,2010,1,JPTP,64,0
270,4,2010,1,JPTP,66,0
270,4,2010,1,JPTP,68,0
270,4,2010,1,JPTP,70,0
270,4,2010,1,JPTP,72,0
270,4,2010,1,JPTP,74,0
270,4,2010,1,JPTP,76,0
270,4,2010,1,JPTP,78,0
270,4,2010,1,JPTP,80,0
270,4,2010,1,JPTP,82,0
270,4,2010,1,JPTP,84,0
270,4,2010,1,JPTP,86,0
270,4,2010,1,JPTP,88,0
270,4,2010,1,JPTP,90,0
270,4,2010,1,JPTP,92,0
270,4,2010,1,JPTP,94,0
270,4,2010,1,JPTP,96,0
270,4,2010,1,JPTP,98,0
270,4,2010,1,JPTP,100,0
270,4,2010,1,JPTP,102,0
270,4,2010,1,JPTP,104,0
270,4,2010,1,JPTP,106,0
270,4,2010,1,JPTP,108,0
271,4,2011,3,JPTP,2,0
271,4,2011,3,JPTP,4,0
271,4,2011,3,JPTP,6,0
271,4,2011,3,JPTP,8,0
271,4,2011,3,JPTP,10,0
271,4,2011,3,JPTP,12,0
271,4,2011,3,JPTP,14,0
271,4,2011,3,JPTP,16,0
271,4,2011,3,JPTP,18,0
271,4,2011,3,JPTP,20,0
271,4,2011,3,JPTP,22,0
271,4,2011,3,JPTP,24,0
271,4,2011,3,JPTP,26,0
271,4,2011,3,JPTP,28,0
271,4,2011,3,JPTP,30,0
271,4,2011,3,JPTP,32,0
271,4,2011,3,JPTP,34,0
271,4,2011,3,JPTP,36,0.679383196419522
271,4,2011,3,JPTP,38,13.5876639283904
271,4,2011,3,JPTP,40,20.3814958925857
271,4,2011,3,JPTP,42,7.47321516061475
271,4,2011,3,JPTP,44,0.679383196419522
271,4,2011,3,JPTP,46,2.71753278567809
271,4,2011,3,JPTP,48,3.39691598209761
271,4,2011,3,JPTP,50,14.26704712481
271,4,2011,3,JPTP,52,23.0990286782638
271,4,2011,3,JPTP,54,11.5495143391319
271,4,2011,3,JPTP,56,4.07629917851713
271,4,2011,3,JPTP,58,1.35876639283904
271,4,2011,3,JPTP,60,0.679383196419522
271,4,2011,3,JPTP,62,2.03814958925857
271,4,2011,3,JPTP,64,0
271,4,2011,3,JPTP,66,0
271,4,2011,3,JPTP,68,0
271,4,2011,3,JPTP,70,0
271,4,2011,3,JPTP,72,0
271,4,2011,3,JPTP,74,0
271,4,2011,3,JPTP,76,0
271,4,2011,3,JPTP,78,0
271,4,2011,3,JPTP,80,0
271,4,2011,3,JPTP,82,0
271,4,2011,3,JPTP,84,0
271,4,2011,3,JPTP,86,0
271,4,2011,3,JPTP,88,0
271,4,2011,3,JPTP,90,0
271,4,2011,3,JPTP,92,0
271,4,2011,3,JPTP,94,0
271,4,2011,3,JPTP,96,0
271,4,2011,3,JPTP,98,0
271,4,2011,3,JPTP,100,0
271,4,2011,3,JPTP,102,0
271,4,2011,3,JPTP,104,0
271,4,2011,3,JPTP,106,0
271,4,2011,3,JPTP,108,0
272,4,2011,4,JPTP,2,0
272,4,2011,4,JPTP,4,0
272,4,2011,4,JPTP,6,0
272,4,2011,4,JPTP,8,0
272,4,2011,4,JPTP,10,0
272,4,2011,4,JPTP,12,0
272,4,2011,4,JPTP,14,0
272,4,2011,4,JPTP,16,0
272,4,2011,4,JPTP,18,0
272,4,2011,4,JPTP,20,0
272,4,2011,4,JPTP,22,0
272,4,2011,4,JPTP,24,0
272,4,2011,4,JPTP,26,0
272,4,2011,4,JPTP,28,0
272,4,2011,4,JPTP,30,1.35876639283904
272,4,2011,4,JPTP,32,4.07629917851713
272,4,2011,4,JPTP,34,2.03814958925857
272,4,2011,4,JPTP,36,14.9464303212295
272,4,2011,4,JPTP,38,10.8701311427124
272,4,2011,4,JPTP,40,12.9082807319709
272,4,2011,4,JPTP,42,12.2288975355514
272,4,2011,4,JPTP,44,3.39691598209761
272,4,2011,4,JPTP,46,4.75568237493666
272,4,2011,4,JPTP,48,2.71753278567809
272,4,2011,4,JPTP,50,0.679383196419522
272,4,2011,4,JPTP,52,5.43506557135618
272,4,2011,4,JPTP,54,6.1144487677757
272,4,2011,4,JPTP,56,2.03814958925857
272,4,2011,4,JPTP,58,1.35876639283904
272,4,2011,4,JPTP,60,0
272,4,2011,4,JPTP,62,0
272,4,2011,4,JPTP,64,0
272,4,2011,4,JPTP,66,0
272,4,2011,4,JPTP,68,0
272,4,2011,4,JPTP,70,0
272,4,2011,4,JPTP,72,0
272,4,2011,4,JPTP,74,0
272,4,2011,4,JPTP,76,0
272,4,2011,4,JPTP,78,0
272,4,2011,4,JPTP,80,0
272,4,2011,4,JPTP,82,0
272,4,2011,4,JPTP,84,0
272,4,2011,4,JPTP,86,0
272,4,2011,4,JPTP,88,0
272,4,2011,4,JPTP,90,0
272,4,2011,4,JPTP,92,0
272,4,2011,4,JPTP,94,0
272,4,2011,4,JPTP,96,0
272,4,2011,4,JPTP,98,0
272,4,2011,4,JPTP,100,0
272,4,2011,4,JPTP,102,0
272,4,2011,4,JPTP,104,0
272,4,2011,4,JPTP,106,0
272,4,2011,4,JPTP,108,0
273,4,2017,4,JPTP,2,0
273,4,2017,4,JPTP,4,0
273,4,2017,4,JPTP,6,0
273,4,2017,4,JPTP,8,0
273,4,2017,4,JPTP,10,0
273,4,2017,4,JPTP,12,0
273,4,2017,4,JPTP,14,0
273,4,2017,4,JPTP,16,0
273,4,2017,4,JPTP,18,0
273,4,2017,4,JPTP,20,0
273,4,2017,4,JPTP,22,0
273,4,2017,4,JPTP,24,0
273,4,2017,4,JPTP,26,0
273,4,2017,4,JPTP,28,0
273,4,2017,4,JPTP,30,0
273,4,2017,4,JPTP,32,0
273,4,2017,4,JPTP,34,0
273,4,2017,4,JPTP,36,2.71753278567809
273,4,2017,4,JPTP,38,11.5495143391319
273,4,2017,4,JPTP,40,9.51136474987332
273,4,2017,4,JPTP,42,9.51136474987332
273,4,2017,4,JPTP,44,6.1144487677757
273,4,2017,4,JPTP,46,4.75568237493666
273,4,2017,4,JPTP,48,0.679383196419522
273,4,2017,4,JPTP,50,0
273,4,2017,4,JPTP,52,0
273,4,2017,4,JPTP,54,0
273,4,2017,4,JPTP,56,0
273,4,2017,4,JPTP,58,0
273,4,2017,4,JPTP,60,0
273,4,2017,4,JPTP,62,0
273,4,2017,4,JPTP,64,0
273,4,2017,4,JPTP,66,0
273,4,2017,4,JPTP,68,0
273,4,2017,4,JPTP,70,0
273,4,2017,4,JPTP,72,0
273,4,2017,4,JPTP,74,0
273,4,2017,4,JPTP,76,0
273,4,2017,4,JPTP,78,0
273,4,2017,4,JPTP,80,0
273,4,2017,4,JPTP,82,0
273,4,2017,4,JPTP,84,0
273,4,2017,4,JPTP,86,0
273,4,2017,4,JPTP,88,0
273,4,2017,4,JPTP,90,0
273,4,2017,4,JPTP,92,0
273,4,2017,4,JPTP,94,0
273,4,2017,4,JPTP,96,0
273,4,2017,4,JPTP,98,0
273,4,2017,4,JPTP,100,0
273,4,2017,4,JPTP,102,0
273,4,2017,4,JPTP,104,0
273,4,2017,4,JPTP,106,0
273,4,2017,4,JPTP,108,0
274,4,2020,4,JPTP,2,0
274,4,2020,4,JPTP,4,0
274,4,2020,4,JPTP,6,0
274,4,2020,4,JPTP,8,0
274,4,2020,4,JPTP,10,0
274,4,2020,4,JPTP,12,0
274,4,2020,4,JPTP,14,0
274,4,2020,4,JPTP,16,0
274,4,2020,4,JPTP,18,0
274,4,2020,4,JPTP,20,0
274,4,2020,4,JPTP,22,0
274,4,2020,4,JPTP,24,0
274,4,2020,4,JPTP,26,0
274,4,2020,4,JPTP,28,0
274,4,2020,4,JPTP,30,1.52861219194393
274,4,2020,4,JPTP,32,4.58583657583178
274,4,2020,4,JPTP,34,12.738434932866
274,4,2020,4,JPTP,36,18.3433463033271
274,4,2020,4,JPTP,38,47.3869779502617
274,4,2020,4,JPTP,40,51.9728145260935
274,4,2020,4,JPTP,42,96.812105489782
274,4,2020,4,JPTP,44,136.046485083009
274,4,2020,4,JPTP,46,122.288975355514
274,4,2020,4,JPTP,48,81.5259835703427
274,4,2020,4,JPTP,50,47.3869779502617
274,4,2020,4,JPTP,52,20.8910332899003
274,4,2020,4,JPTP,54,27.005482057676
274,4,2020,4,JPTP,56,12.2288975355514
274,4,2020,4,JPTP,58,2.54768698657321
274,4,2020,4,JPTP,60,3.56676178120249
274,4,2020,4,JPTP,62,1.01907479462928
274,4,2020,4,JPTP,64,0.509537397314642
274,4,2020,4,JPTP,66,0
274,4,2020,4,JPTP,68,0
274,4,2020,4,JPTP,70,0
274,4,2020,4,JPTP,72,0
274,4,2020,4,JPTP,74,0
274,4,2020,4,JPTP,76,0
274,4,2020,4,JPTP,78,0
274,4,2020,4,JPTP,80,0
274,4,2020,4,JPTP,82,0
274,4,2020,4,JPTP,84,0
274,4,2020,4,JPTP,86,0
274,4,2020,4,JPTP,88,0
274,4,2020,4,JPTP,90,0
274,4,2020,4,JPTP,92,0
274,4,2020,4,JPTP,94,0
274,4,2020,4,JPTP,96,0
274,4,2020,4,JPTP,98,0
274,4,2020,4,JPTP,100,0
274,4,2020,4,JPTP,102,0
274,4,2020,4,JPTP,104,0
274,4,2020,4,JPTP,106,0
274,4,2020,4,JPTP,108,0
275,4,2021,1,JPTP,2,0
275,4,2021,1,JPTP,4,0
275,4,2021,1,JPTP,6,0
275,4,2021,1,JPTP,8,0
275,4,2021,1,JPTP,10,0
275,4,2021,1,JPTP,12,0
275,4,2021,1,JPTP,14,0
275,4,2021,1,JPTP,16,0
275,4,2021,1,JPTP,18,0
275,4,2021,1,JPTP,20,0
275,4,2021,1,JPTP,22,0
275,4,2021,1,JPTP,24,0
275,4,2021,1,JPTP,26,0
275,4,2021,1,JPTP,28,0
275,4,2021,1,JPTP,30,0
275,4,2021,1,JPTP,32,0
275,4,2021,1,JPTP,34,0.574862704662673
275,4,2021,1,JPTP,36,11.4972540932535
275,4,2021,1,JPTP,38,73.0075634921594
275,4,2021,1,JPTP,40,187.980104424694
275,4,2021,1,JPTP,42,180.506889264079
275,4,2021,1,JPTP,44,164.985596238187
275,4,2021,1,JPTP,46,262.712256030842
275,4,2021,1,JPTP,48,258.688217098203
275,4,2021,1,JPTP,50,209.824887201876
275,4,2021,1,JPTP,52,126.469795025788
275,4,2021,1,JPTP,54,66.68407374087
275,4,2021,1,JPTP,56,43.6895655543631
275,4,2021,1,JPTP,58,28.7431352331336
275,4,2021,1,JPTP,60,20.1201946631936
275,4,2021,1,JPTP,62,5.17376434196406
275,4,2021,1,JPTP,64,0
275,4,2021,1,JPTP,66,0
275,4,2021,1,JPTP,68,0
275,4,2021,1,JPTP,70,0
275,4,2021,1,JPTP,72,0
275,4,2021,1,JPTP,74,0
275,4,2021,1,JPTP,76,0
275,4,2021,1,JPTP,78,0
275,4,2021,1,JPTP,80,0
275,4,2021,1,JPTP,82,0
275,4,2021,1,JPTP,84,0
275,4,2021,1,JPTP,86,0
275,4,2021,1,JPTP,88,0
275,4,2021,1,JPTP,90,0
275,4,2021,1,JPTP,92,0
275,4,2021,1,JPTP,94,0
275,4,2021,1,JPTP,96,0
275,4,2021,1,JPTP,98,0
275,4,2021,1,JPTP,100,0
275,4,2021,1,JPTP,102,0
275,4,2021,1,JPTP,104,0
275,4,2021,1,JPTP,106,0
275,4,2021,1,JPTP,108,0
276,5,1992,4,JPTP,2,0
276,5,1992,4,JPTP,4,0
276,5,1992,4,JPTP,6,0
276,5,1992,4,JPTP,8,0
276,5,1992,4,JPTP,10,0
276,5,1992,4,JPTP,12,0
276,5,1992,4,JPTP,14,0
276,5,1992,4,JPTP,16,0
276,5,1992,4,JPTP,18,0
276,5,1992,4,JPTP,20,0
276,5,1992,4,JPTP,22,0
276,5,1992,4,JPTP,24,0
276,5,1992,4,JPTP,26,0
276,5,1992,4,JPTP,28,1.31070713135599
276,5,1992,4,JPTP,30,1.96606069703399
276,5,1992,4,JPTP,32,3.93212139406798
276,5,1992,4,JPTP,34,5.89818209110196
276,5,1992,4,JPTP,36,11.1410106165259
276,5,1992,4,JPTP,38,16.3838391419499
276,5,1992,4,JPTP,40,34.0783854152558
276,5,1992,4,JPTP,42,42.5979817690697
276,5,1992,4,JPTP,44,39.3212139406798
276,5,1992,4,JPTP,46,22.2820212330519
276,5,1992,4,JPTP,48,14.4177784449159
276,5,1992,4,JPTP,50,16.3838391419499
276,5,1992,4,JPTP,52,15.7284855762719
276,5,1992,4,JPTP,54,9.17494991949194
276,5,1992,4,JPTP,56,10.4856570508479
276,5,1992,4,JPTP,58,3.27676782838998
276,5,1992,4,JPTP,60,6.55353565677996
276,5,1992,4,JPTP,62,4.58747495974597
276,5,1992,4,JPTP,64,2.62141426271198
276,5,1992,4,JPTP,66,1.96606069703399
276,5,1992,4,JPTP,68,0.655353565677996
276,5,1992,4,JPTP,70,1.96606069703399
276,5,1992,4,JPTP,72,0.655353565677996
276,5,1992,4,JPTP,74,1.31070713135599
276,5,1992,4,JPTP,76,0
276,5,1992,4,JPTP,78,0
276,5,1992,4,JPTP,80,0
276,5,1992,4,JPTP,82,0
276,5,1992,4,JPTP,84,0
276,5,1992,4,JPTP,86,0
276,5,1992,4,JPTP,88,0
276,5,1992,4,JPTP,90,0
276,5,1992,4,JPTP,92,0
276,5,1992,4,JPTP,94,0
276,5,1992,4,JPTP,96,0
276,5,1992,4,JPTP,98,0
276,5,1992,4,JPTP,100,0
276,5,1992,4,JPTP,102,0
276,5,1992,4,JPTP,104,0
276,5,1992,4,JPTP,106,0
276,5,1992,4,JPTP,108,0
277,5,1996,1,JPTP,2,0
277,5,1996,1,JPTP,4,0
277,5,1996,1,JPTP,6,0
277,5,1996,1,JPTP,8,0
277,5,1996,1,JPTP,10,0
277,5,1996,1,JPTP,12,0
277,5,1996,1,JPTP,14,0
277,5,1996,1,JPTP,16,0
277,5,1996,1,JPTP,18,0
277,5,1996,1,JPTP,20,0
277,5,1996,1,JPTP,22,0
277,5,1996,1,JPTP,24,0
277,5,1996,1,JPTP,26,0
277,5,1996,1,JPTP,28,0.679383196419522
277,5,1996,1,JPTP,30,2.71753278567809
277,5,1996,1,JPTP,32,0.679383196419522
277,5,1996,1,JPTP,34,2.03814958925857
277,5,1996,1,JPTP,36,4.07629917851713
277,5,1996,1,JPTP,38,11.5495143391319
277,5,1996,1,JPTP,40,21.0608790890052
277,5,1996,1,JPTP,42,16.3051967140685
277,5,1996,1,JPTP,44,19.0227294997466
277,5,1996,1,JPTP,46,15.625813517649
277,5,1996,1,JPTP,48,6.1144487677757
277,5,1996,1,JPTP,50,11.5495143391319
277,5,1996,1,JPTP,52,6.79383196419522
277,5,1996,1,JPTP,54,8.15259835703427
277,5,1996,1,JPTP,56,2.03814958925857
277,5,1996,1,JPTP,58,2.03814958925857
277,5,1996,1,JPTP,60,4.07629917851713
277,5,1996,1,JPTP,62,1.35876639283904
277,5,1996,1,JPTP,64,1.35876639283904
277,5,1996,1,JPTP,66,0
277,5,1996,1,JPTP,68,3.39691598209761
277,5,1996,1,JPTP,70,0.679383196419522
277,5,1996,1,JPTP,72,0.679383196419522
277,5,1996,1,JPTP,74,0.679383196419522
277,5,1996,1,JPTP,76,0
277,5,1996,1,JPTP,78,0
277,5,1996,1,JPTP,80,0
277,5,1996,1,JPTP,82,0
277,5,1996,1,JPTP,84,0
277,5,1996,1,JPTP,86,0
277,5,1996,1,JPTP,88,0
277,5,1996,1,JPTP,90,0
277,5,1996,1,JPTP,92,0
277,5,1996,1,JPTP,94,0
277,5,1996,1,JPTP,96,0
277,5,1996,1,JPTP,98,0
277,5,1996,1,JPTP,100,0
277,5,1996,1,JPTP,102,0
277,5,1996,1,JPTP,104,0
277,5,1996,1,JPTP,106,0
277,5,1996,1,JPTP,108,0
278,6,2017,3,JPTP,2,0
278,6,2017,3,JPTP,4,0
278,6,2017,3,JPTP,6,0
278,6,2017,3,JPTP,8,0
278,6,2017,3,JPTP,10,0
278,6,2017,3,JPTP,12,0
278,6,2017,3,JPTP,14,0
278,6,2017,3,JPTP,16,0
278,6,2017,3,JPTP,18,0
278,6,2017,3,JPTP,20,0
278,6,2017,3,JPTP,22,0
278,6,2017,3,JPTP,24,0
278,6,2017,3,JPTP,26,0
278,6,2017,3,JPTP,28,0
278,6,2017,3,JPTP,30,0
278,6,2017,3,JPTP,32,0
278,6,2017,3,JPTP,34,0
278,6,2017,3,JPTP,36,4.92151606855087
278,6,2017,3,JPTP,38,29.5290964113052
278,6,2017,3,JPTP,40,31.3746649370118
278,6,2017,3,JPTP,42,12.3037901713772
278,6,2017,3,JPTP,44,1.23037901713772
278,6,2017,3,JPTP,46,1.84556852570658
278,6,2017,3,JPTP,48,1.23037901713772
278,6,2017,3,JPTP,50,0.615189508568859
278,6,2017,3,JPTP,52,0.615189508568859
278,6,2017,3,JPTP,54,0.615189508568859
278,6,2017,3,JPTP,56,0
278,6,2017,3,JPTP,58,0
278,6,2017,3,JPTP,60,0
278,6,2017,3,JPTP,62,0
278,6,2017,3,JPTP,64,0
278,6,2017,3,JPTP,66,0
278,6,2017,3,JPTP,68,0
278,6,2017,3,JPTP,70,0
278,6,2017,3,JPTP,72,0
278,6,2017,3,JPTP,74,0
278,6,2017,3,JPTP,76,0
278,6,2017,3,JPTP,78,0
278,6,2017,3,JPTP,80,0
278,6,2017,3,JPTP,82,0
278,6,2017,3,JPTP,84,0
278,6,2017,3,JPTP,86,0
278,6,2017,3,JPTP,88,0
278,6,2017,3,JPTP,90,0
278,6,2017,3,JPTP,92,0
278,6,2017,3,JPTP,94,0
278,6,2017,3,JPTP,96,0
278,6,2017,3,JPTP,98,0
278,6,2017,3,JPTP,100,0
278,6,2017,3,JPTP,102,0
278,6,2017,3,JPTP,104,0
278,6,2017,3,JPTP,106,0
278,6,2017,3,JPTP,108,0
279,6,2017,4,JPTP,2,0
279,6,2017,4,JPTP,4,0
279,6,2017,4,JPTP,6,0
279,6,2017,4,JPTP,8,0
279,6,2017,4,JPTP,10,0
279,6,2017,4,JPTP,12,0
279,6,2017,4,JPTP,14,0
279,6,2017,4,JPTP,16,0
279,6,2017,4,JPTP,18,0
279,6,2017,4,JPTP,20,0
279,6,2017,4,JPTP,22,0
279,6,2017,4,JPTP,24,0
279,6,2017,4,JPTP,26,0
279,6,2017,4,JPTP,28,0
279,6,2017,4,JPTP,30,0
279,6,2017,4,JPTP,32,0
279,6,2017,4,JPTP,34,0
279,6,2017,4,JPTP,36,0
279,6,2017,4,JPTP,38,0
279,6,2017,4,JPTP,40,0
279,6,2017,4,JPTP,42,0.6474992468973
279,6,2017,4,JPTP,44,3.8849954813838
279,6,2017,4,JPTP,46,10.3599879503568
279,6,2017,4,JPTP,48,12.3024856910487
279,6,2017,4,JPTP,50,40.7924525545299
279,6,2017,4,JPTP,52,90.649894565622
279,6,2017,4,JPTP,54,31.0799638510704
279,6,2017,4,JPTP,56,41.4399518014272
279,6,2017,4,JPTP,58,31.7274630979677
279,6,2017,4,JPTP,60,55.0374359862705
279,6,2017,4,JPTP,62,54.3899367393732
279,6,2017,4,JPTP,64,6.474992468973
279,6,2017,4,JPTP,66,4.5324947282811
279,6,2017,4,JPTP,68,0.6474992468973
279,6,2017,4,JPTP,70,0
279,6,2017,4,JPTP,72,0
279,6,2017,4,JPTP,74,0
279,6,2017,4,JPTP,76,0
279,6,2017,4,JPTP,78,0
279,6,2017,4,JPTP,80,0
279,6,2017,4,JPTP,82,0
279,6,2017,4,JPTP,84,0
279,6,2017,4,JPTP,86,0
279,6,2017,4,JPTP,88,0
279,6,2017,4,JPTP,90,0
279,6,2017,4,JPTP,92,0
279,6,2017,4,JPTP,94,0
279,6,2017,4,JPTP,96,0
279,6,2017,4,JPTP,98,0
279,6,2017,4,JPTP,100,0
279,6,2017,4,JPTP,102,0
279,6,2017,4,JPTP,104,0
279,6,2017,4,JPTP,106,0
279,6,2017,4,JPTP,108,0
280,7,1989,1,JPTP,2,0
280,7,1989,1,JPTP,4,0
280,7,1989,1,JPTP,6,0
280,7,1989,1,JPTP,8,0
280,7,1989,1,JPTP,10,0
280,7,1989,1,JPTP,12,0
280,7,1989,1,JPTP,14,0
280,7,1989,1,JPTP,16,0
280,7,1989,1,JPTP,18,0
280,7,1989,1,JPTP,20,0
280,7,1989,1,JPTP,22,0
280,7,1989,1,JPTP,24,0
280,7,1989,1,JPTP,26,1.77857393402281
280,7,1989,1,JPTP,28,2.37143191203041
280,7,1989,1,JPTP,30,6.52143775808362
280,7,1989,1,JPTP,32,15.4143074281977
280,7,1989,1,JPTP,34,33.7929047464333
280,7,1989,1,JPTP,36,61.6572297127906
280,7,1989,1,JPTP,38,107.900151997384
280,7,1989,1,JPTP,40,194.457416786494
280,7,1989,1,JPTP,42,203.943144434615
280,7,1989,1,JPTP,44,174.893103512243
280,7,1989,1,JPTP,46,122.721601447574
280,7,1989,1,JPTP,48,88.3358387231327
280,7,1989,1,JPTP,50,84.1858328770795
280,7,1989,1,JPTP,52,76.4786791629807
280,7,1989,1,JPTP,54,69.3643834268895
280,7,1989,1,JPTP,56,36.7571946364713
280,7,1989,1,JPTP,58,29.0500409223725
280,7,1989,1,JPTP,60,30.2357568783877
280,7,1989,1,JPTP,62,22.5286031642889
280,7,1989,1,JPTP,64,23.1214611422965
280,7,1989,1,JPTP,66,10.0785856261292
280,7,1989,1,JPTP,68,9.48572764812164
280,7,1989,1,JPTP,70,7.11429573609123
280,7,1989,1,JPTP,72,5.33572180206842
280,7,1989,1,JPTP,74,0.592857978007602
280,7,1989,1,JPTP,76,1
280,7,1989,1,JPTP,78,1.1857159560152
280,7,1989,1,JPTP,80,0
280,7,1989,1,JPTP,82,0
280,7,1989,1,JPTP,84,0
280,7,1989,1,JPTP,86,0
280,7,1989,1,JPTP,88,0
280,7,1989,1,JPTP,90,0
280,7,1989,1,JPTP,92,0
280,7,1989,1,JPTP,94,0
280,7,1989,1,JPTP,96,0
280,7,1989,1,JPTP,98,0
280,7,1989,1,JPTP,100,0
280,7,1989,1,JPTP,102,0
280,7,1989,1,JPTP,104,0
280,7,1989,1,JPTP,106,0
280,7,1989,1,JPTP,108,0
281,7,1990,1,JPTP,2,0
281,7,1990,1,JPTP,4,0
281,7,1990,1,JPTP,6,0
281,7,1990,1,JPTP,8,0
281,7,1990,1,JPTP,10,0
281,7,1990,1,JPTP,12,0
281,7,1990,1,JPTP,14,0
281,7,1990,1,JPTP,16,0
281,7,1990,1,JPTP,18,0
281,7,1990,1,JPTP,20,0
281,7,1990,1,JPTP,22,0
281,7,1990,1,JPTP,24,0
281,7,1990,1,JPTP,26,1.63305153425065
281,7,1990,1,JPTP,28,2.72175255708442
281,7,1990,1,JPTP,30,5.44350511416885
281,7,1990,1,JPTP,32,16.8748658539234
281,7,1990,1,JPTP,34,29.9392781279286
281,7,1990,1,JPTP,36,44.0923914247676
281,7,1990,1,JPTP,38,71.8542675070288
281,7,1990,1,JPTP,40,158.405998822313
281,7,1990,1,JPTP,42,176.369565699071
281,7,1990,1,JPTP,44,164.938204959316
281,7,1990,1,JPTP,46,103.426597169208
281,7,1990,1,JPTP,48,62.0559583015248
281,7,1990,1,JPTP,50,71.8542675070288
281,7,1990,1,JPTP,52,62.6003088129417
281,7,1990,1,JPTP,54,54.9794016531053
281,7,1990,1,JPTP,56,35.3827832420975
281,7,1990,1,JPTP,58,21.2296699452585
281,7,1990,1,JPTP,60,20.1409689224247
281,7,1990,1,JPTP,62,19.052267899591
281,7,1990,1,JPTP,64,15.2418143196728
281,7,1990,1,JPTP,66,10.3426597169208
281,7,1990,1,JPTP,68,8.16525767125327
281,7,1990,1,JPTP,70,5.44350511416885
281,7,1990,1,JPTP,72,1.63305153425065
281,7,1990,1,JPTP,74,2.72175255708442
281,7,1990,1,JPTP,76,2.17740204566754
281,7,1990,1,JPTP,78,0
281,7,1990,1,JPTP,80,0
281,7,1990,1,JPTP,82,0
281,7,1990,1,JPTP,84,0
281,7,1990,1,JPTP,86,0
281,7,1990,1,JPTP,88,0
281,7,1990,1,JPTP,90,0
281,7,1990,1,JPTP,92,0
281,7,1990,1,JPTP,94,0
281,7,1990,1,JPTP,96,0
281,7,1990,1,JPTP,98,0
281,7,1990,1,JPTP,100,0
281,7,1990,1,JPTP,102,0
281,7,1990,1,JPTP,104,0
281,7,1990,1,JPTP,106,0
281,7,1990,1,JPTP,108,0
282,7,1990,4,JPTP,2,0
282,7,1990,4,JPTP,4,0
282,7,1990,4,JPTP,6,0
282,7,1990,4,JPTP,8,0
282,7,1990,4,JPTP,10,0
282,7,1990,4,JPTP,12,0
282,7,1990,4,JPTP,14,0
282,7,1990,4,JPTP,16,0
282,7,1990,4,JPTP,18,0
282,7,1990,4,JPTP,20,0
282,7,1990,4,JPTP,22,0
282,7,1990,4,JPTP,24,0
282,7,1990,4,JPTP,26,0
282,7,1990,4,JPTP,28,0.679383196419522
282,7,1990,4,JPTP,30,0
282,7,1990,4,JPTP,32,1.35876639283904
282,7,1990,4,JPTP,34,2.71753278567809
282,7,1990,4,JPTP,36,3.39691598209761
282,7,1990,4,JPTP,38,3.39691598209761
282,7,1990,4,JPTP,40,9.51136474987332
282,7,1990,4,JPTP,42,8.83198155345379
282,7,1990,4,JPTP,44,14.26704712481
282,7,1990,4,JPTP,46,3.39691598209761
282,7,1990,4,JPTP,48,2.71753278567809
282,7,1990,4,JPTP,50,4.75568237493666
282,7,1990,4,JPTP,52,2.71753278567809
282,7,1990,4,JPTP,54,5.43506557135618
282,7,1990,4,JPTP,56,0
282,7,1990,4,JPTP,58,2.03814958925857
282,7,1990,4,JPTP,60,1.35876639283904
282,7,1990,4,JPTP,62,0.679383196419522
282,7,1990,4,JPTP,64,2.71753278567809
282,7,1990,4,JPTP,66,0.679383196419522
282,7,1990,4,JPTP,68,0
282,7,1990,4,JPTP,70,0
282,7,1990,4,JPTP,72,0.679383196419522
282,7,1990,4,JPTP,74,0
282,7,1990,4,JPTP,76,0
282,7,1990,4,JPTP,78,0
282,7,1990,4,JPTP,80,0
282,7,1990,4,JPTP,82,0
282,7,1990,4,JPTP,84,0
282,7,1990,4,JPTP,86,0
282,7,1990,4,JPTP,88,0
282,7,1990,4,JPTP,90,0
282,7,1990,4,JPTP,92,0
282,7,1990,4,JPTP,94,0
282,7,1990,4,JPTP,96,0
282,7,1990,4,JPTP,98,0
282,7,1990,4,JPTP,100,0
282,7,1990,4,JPTP,102,0
282,7,1990,4,JPTP,104,0
282,7,1990,4,JPTP,106,0
282,7,1990,4,JPTP,108,0
283,7,1991,1,JPTP,2,0
283,7,1991,1,JPTP,4,0
283,7,1991,1,JPTP,6,0
283,7,1991,1,JPTP,8,0
283,7,1991,1,JPTP,10,0
283,7,1991,1,JPTP,12,0
283,7,1991,1,JPTP,14,0
283,7,1991,1,JPTP,16,0
283,7,1991,1,JPTP,18,0
283,7,1991,1,JPTP,20,0
283,7,1991,1,JPTP,22,0
283,7,1991,1,JPTP,24,0
283,7,1991,1,JPTP,26,1.70163267888254
283,7,1991,1,JPTP,28,1.70163267888254
283,7,1991,1,JPTP,30,5.9557143760889
283,7,1991,1,JPTP,32,10.6352042430159
283,7,1991,1,JPTP,34,28.0769392015619
283,7,1991,1,JPTP,36,39.1375516142985
283,7,1991,1,JPTP,38,56.5792865728445
283,7,1991,1,JPTP,40,127.19704274647
283,7,1991,1,JPTP,42,160.8042881544
283,7,1991,1,JPTP,44,123.793777388705
283,7,1991,1,JPTP,46,94.4406136779811
283,7,1991,1,JPTP,48,52.3252048756382
283,7,1991,1,JPTP,50,52.3252048756382
283,7,1991,1,JPTP,52,48.4965313481525
283,7,1991,1,JPTP,54,43.8170414812255
283,7,1991,1,JPTP,56,29.3531637107239
283,7,1991,1,JPTP,58,18.717959467708
283,7,1991,1,JPTP,60,16.1655104493842
283,7,1991,1,JPTP,62,14.038469600781
283,7,1991,1,JPTP,64,11.9114287521778
283,7,1991,1,JPTP,66,7.65734705497144
283,7,1991,1,JPTP,68,7.2319388852508
283,7,1991,1,JPTP,70,6.38112254580953
283,7,1991,1,JPTP,72,1.27622450916191
283,7,1991,1,JPTP,74,0.850816339441271
283,7,1991,1,JPTP,76,1.27622450916191
283,7,1991,1,JPTP,78,0.425408169720636
283,7,1991,1,JPTP,80,0
283,7,1991,1,JPTP,82,0
283,7,1991,1,JPTP,84,0
283,7,1991,1,JPTP,86,0
283,7,1991,1,JPTP,88,0
283,7,1991,1,JPTP,90,0
283,7,1991,1,JPTP,92,0
283,7,1991,1,JPTP,94,0
283,7,1991,1,JPTP,96,0
283,7,1991,1,JPTP,98,0
283,7,1991,1,JPTP,100,0
283,7,1991,1,JPTP,102,0
283,7,1991,1,JPTP,104,0
283,7,1991,1,JPTP,106,0
283,7,1991,1,JPTP,108,0
284,7,1991,4,JPTP,2,0
284,7,1991,4,JPTP,4,0
284,7,1991,4,JPTP,6,0
284,7,1991,4,JPTP,8,0
284,7,1991,4,JPTP,10,0
284,7,1991,4,JPTP,12,0
284,7,1991,4,JPTP,14,0
284,7,1991,4,JPTP,16,0
284,7,1991,4,JPTP,18,0
284,7,1991,4,JPTP,20,0
284,7,1991,4,JPTP,22,0
284,7,1991,4,JPTP,24,0
284,7,1991,4,JPTP,26,0
284,7,1991,4,JPTP,28,0.339691598209761
284,7,1991,4,JPTP,30,0.679383196419522
284,7,1991,4,JPTP,32,0.339691598209761
284,7,1991,4,JPTP,34,1.69845799104881
284,7,1991,4,JPTP,36,1.01907479462928
284,7,1991,4,JPTP,38,2.71753278567809
284,7,1991,4,JPTP,40,7.47321516061475
284,7,1991,4,JPTP,42,5.77475716956594
284,7,1991,4,JPTP,44,5.09537397314642
284,7,1991,4,JPTP,46,5.43506557135618
284,7,1991,4,JPTP,48,1.69845799104881
284,7,1991,4,JPTP,50,2.03814958925857
284,7,1991,4,JPTP,52,2.37784118746833
284,7,1991,4,JPTP,54,3.39691598209761
284,7,1991,4,JPTP,56,0.679383196419522
284,7,1991,4,JPTP,58,0
284,7,1991,4,JPTP,60,1.35876639283904
284,7,1991,4,JPTP,62,1.01907479462928
284,7,1991,4,JPTP,64,0.679383196419522
284,7,1991,4,JPTP,66,0.339691598209761
284,7,1991,4,JPTP,68,0
284,7,1991,4,JPTP,70,0
284,7,1991,4,JPTP,72,0
284,7,1991,4,JPTP,74,0
284,7,1991,4,JPTP,76,0
284,7,1991,4,JPTP,78,0
284,7,1991,4,JPTP,80,0
284,7,1991,4,JPTP,82,0
284,7,1991,4,JPTP,84,0
284,7,1991,4,JPTP,86,0
284,7,1991,4,JPTP,88,0
284,7,1991,4,JPTP,90,0
284,7,1991,4,JPTP,92,0
284,7,1991,4,JPTP,94,0
284,7,1991,4,JPTP,96,0
284,7,1991,4,JPTP,98,0
284,7,1991,4,JPTP,100,0
284,7,1991,4,JPTP,102,0
284,7,1991,4,JPTP,104,0
284,7,1991,4,JPTP,106,0
284,7,1991,4,JPTP,108,0
285,7,1992,1,JPTP,2,0
285,7,1992,1,JPTP,4,0
285,7,1992,1,JPTP,6,0
285,7,1992,1,JPTP,8,0
285,7,1992,1,JPTP,10,0
285,7,1992,1,JPTP,12,0
285,7,1992,1,JPTP,14,0
285,7,1992,1,JPTP,16,0
285,7,1992,1,JPTP,18,0
285,7,1992,1,JPTP,20,0
285,7,1992,1,JPTP,22,0
285,7,1992,1,JPTP,24,0
285,7,1992,1,JPTP,26,0.438893569368364
285,7,1992,1,JPTP,28,4.82782926305201
285,7,1992,1,JPTP,30,3.07225498557855
285,7,1992,1,JPTP,32,11.8501263729458
285,7,1992,1,JPTP,34,24.13914631526
285,7,1992,1,JPTP,36,35.9892726882059
285,7,1992,1,JPTP,38,63.6395675584128
285,7,1992,1,JPTP,40,127.718028686194
285,7,1992,1,JPTP,42,143.079303614087
285,7,1992,1,JPTP,44,125.962454408721
285,7,1992,1,JPTP,46,94.3621174141983
285,7,1992,1,JPTP,48,63.2006739890444
285,7,1992,1,JPTP,50,52.6672283242037
285,7,1992,1,JPTP,52,53.5450154629404
285,7,1992,1,JPTP,54,43.0115697980997
285,7,1992,1,JPTP,56,25.4558270233651
285,7,1992,1,JPTP,58,17.9946363441029
285,7,1992,1,JPTP,60,23.2613591765233
285,7,1992,1,JPTP,62,13.1668070810509
285,7,1992,1,JPTP,64,11.4112328035775
285,7,1992,1,JPTP,66,6.58340354052546
285,7,1992,1,JPTP,68,7.02229710989383
285,7,1992,1,JPTP,70,5.26672283242037
285,7,1992,1,JPTP,72,1.31668070810509
285,7,1992,1,JPTP,74,0
285,7,1992,1,JPTP,76,0.877787138736728
285,7,1992,1,JPTP,78,0
285,7,1992,1,JPTP,80,0
285,7,1992,1,JPTP,82,0
285,7,1992,1,JPTP,84,0
285,7,1992,1,JPTP,86,0
285,7,1992,1,JPTP,88,0
285,7,1992,1,JPTP,90,0
285,7,1992,1,JPTP,92,0
285,7,1992,1,JPTP,94,0
285,7,1992,1,JPTP,96,0
285,7,1992,1,JPTP,98,0
285,7,1992,1,JPTP,100,0
285,7,1992,1,JPTP,102,0
285,7,1992,1,JPTP,104,0
285,7,1992,1,JPTP,106,0
285,7,1992,1,JPTP,108,0
286,7,1992,4,JPTP,2,0
286,7,1992,4,JPTP,4,0
286,7,1992,4,JPTP,6,0
286,7,1992,4,JPTP,8,0
286,7,1992,4,JPTP,10,0
286,7,1992,4,JPTP,12,0
286,7,1992,4,JPTP,14,0
286,7,1992,4,JPTP,16,0
286,7,1992,4,JPTP,18,0
286,7,1992,4,JPTP,20,0
286,7,1992,4,JPTP,22,0
286,7,1992,4,JPTP,24,0
286,7,1992,4,JPTP,26,0
286,7,1992,4,JPTP,28,2.35298570467249
286,7,1992,4,JPTP,30,10.5884356710262
286,7,1992,4,JPTP,32,15.8826535065393
286,7,1992,4,JPTP,34,23.5298570467249
286,7,1992,4,JPTP,36,40.5890034056005
286,7,1992,4,JPTP,38,57.0599033383079
286,7,1992,4,JPTP,40,130.002460183155
286,7,1992,4,JPTP,42,165.297245753243
286,7,1992,4,JPTP,44,140.590895854181
286,7,1992,4,JPTP,46,77.6485282541923
286,7,1992,4,JPTP,48,65.2953533046617
286,7,1992,4,JPTP,50,60.0011354691486
286,7,1992,4,JPTP,52,54.7069176336355
286,7,1992,4,JPTP,54,57.0599033383079
286,7,1992,4,JPTP,56,23.5298570467249
286,7,1992,4,JPTP,58,15.8826535065393
286,7,1992,4,JPTP,60,18.2356392112118
286,7,1992,4,JPTP,62,20.5886249158843
286,7,1992,4,JPTP,64,13.5296678018668
286,7,1992,4,JPTP,66,5.29421783551311
286,7,1992,4,JPTP,68,6.47071068784935
286,7,1992,4,JPTP,70,5.88246426168123
286,7,1992,4,JPTP,72,3.52947855700874
286,7,1992,4,JPTP,74,2.94123213084062
286,7,1992,4,JPTP,76,1.17649285233625
286,7,1992,4,JPTP,78,0.588246426168123
286,7,1992,4,JPTP,80,0
286,7,1992,4,JPTP,82,0
286,7,1992,4,JPTP,84,0
286,7,1992,4,JPTP,86,0
286,7,1992,4,JPTP,88,0
286,7,1992,4,JPTP,90,0
286,7,1992,4,JPTP,92,0
286,7,1992,4,JPTP,94,0
286,7,1992,4,JPTP,96,0
286,7,1992,4,JPTP,98,0
286,7,1992,4,JPTP,100,0
286,7,1992,4,JPTP,102,0
286,7,1992,4,JPTP,104,0
286,7,1992,4,JPTP,106,0
286,7,1992,4,JPTP,108,0
287,7,1993,1,JPTP,2,0
287,7,1993,1,JPTP,4,0
287,7,1993,1,JPTP,6,0
287,7,1993,1,JPTP,8,0
287,7,1993,1,JPTP,10,0
287,7,1993,1,JPTP,12,0
287,7,1993,1,JPTP,14,0
287,7,1993,1,JPTP,16,0
287,7,1993,1,JPTP,18,0
287,7,1993,1,JPTP,20,0
287,7,1993,1,JPTP,22,0
287,7,1993,1,JPTP,24,0
287,7,1993,1,JPTP,26,0.524523791353308
287,7,1993,1,JPTP,28,4.72071412217977
287,7,1993,1,JPTP,30,5.76976170488639
287,7,1993,1,JPTP,32,12.5885709924794
287,7,1993,1,JPTP,34,25.1771419849588
287,7,1993,1,JPTP,36,54.550474300744
287,7,1993,1,JPTP,38,80.7766638684094
287,7,1993,1,JPTP,40,175.715470103358
287,7,1993,1,JPTP,42,199.319040714257
287,7,1993,1,JPTP,44,153.160947075166
287,7,1993,1,JPTP,46,108.051901018781
287,7,1993,1,JPTP,48,89.1690445300623
287,7,1993,1,JPTP,50,65.0409501278102
287,7,1993,1,JPTP,52,66.0899977105168
287,7,1993,1,JPTP,54,63.4673787537502
287,7,1993,1,JPTP,56,34.094046437965
287,7,1993,1,JPTP,58,27.275237150372
287,7,1993,1,JPTP,60,30.9469036898452
287,7,1993,1,JPTP,62,20.456427862779
287,7,1993,1,JPTP,64,16.7847613233059
287,7,1993,1,JPTP,66,7.86785687029962
287,7,1993,1,JPTP,68,7.86785687029962
287,7,1993,1,JPTP,70,6.29428549623969
287,7,1993,1,JPTP,72,3.14714274811985
287,7,1993,1,JPTP,74,4.19619033082646
287,7,1993,1,JPTP,76,1.04904758270662
287,7,1993,1,JPTP,78,0.524523791353308
287,7,1993,1,JPTP,80,0
287,7,1993,1,JPTP,82,0
287,7,1993,1,JPTP,84,0
287,7,1993,1,JPTP,86,0
287,7,1993,1,JPTP,88,0
287,7,1993,1,JPTP,90,0
287,7,1993,1,JPTP,92,0
287,7,1993,1,JPTP,94,0
287,7,1993,1,JPTP,96,0
287,7,1993,1,JPTP,98,0
287,7,1993,1,JPTP,100,0
287,7,1993,1,JPTP,102,0
287,7,1993,1,JPTP,104,0
287,7,1993,1,JPTP,106,0
287,7,1993,1,JPTP,108,0
288,7,1993,4,JPTP,2,0
288,7,1993,4,JPTP,4,0
288,7,1993,4,JPTP,6,0
288,7,1993,4,JPTP,8,0
288,7,1993,4,JPTP,10,0
288,7,1993,4,JPTP,12,0
288,7,1993,4,JPTP,14,0
288,7,1993,4,JPTP,16,0
288,7,1993,4,JPTP,18,0
288,7,1993,4,JPTP,20,0
288,7,1993,4,JPTP,22,0
288,7,1993,4,JPTP,24,0
288,7,1993,4,JPTP,26,0.635552022456973
288,7,1993,4,JPTP,28,6.35552022456973
288,7,1993,4,JPTP,30,4.44886415719881
288,7,1993,4,JPTP,32,12.0754884266825
288,7,1993,4,JPTP,34,19.7021126961662
288,7,1993,4,JPTP,36,27.3287369656498
288,7,1993,4,JPTP,38,63.5552022456973
288,7,1993,4,JPTP,40,116.941572132083
288,7,1993,4,JPTP,42,132.19482067105
288,7,1993,4,JPTP,44,114.399364042255
288,7,1993,4,JPTP,46,72.4529305600949
288,7,1993,4,JPTP,48,35.5909132575905
288,7,1993,4,JPTP,50,45.1241935944451
288,7,1993,4,JPTP,52,51.4797138190148
288,7,1993,4,JPTP,54,44.4886415719881
288,7,1993,4,JPTP,56,23.515424830908
288,7,1993,4,JPTP,58,19.0665606737092
288,7,1993,4,JPTP,60,15.8888005614243
288,7,1993,4,JPTP,62,12.0754884266825
288,7,1993,4,JPTP,64,8.89772831439762
288,7,1993,4,JPTP,66,5.71996820211275
288,7,1993,4,JPTP,68,6.9910722470267
288,7,1993,4,JPTP,70,4.44886415719881
288,7,1993,4,JPTP,72,1.27110404491395
288,7,1993,4,JPTP,74,3.17776011228486
288,7,1993,4,JPTP,76,0.635552022456973
288,7,1993,4,JPTP,78,0.635552022456973
288,7,1993,4,JPTP,80,0
288,7,1993,4,JPTP,82,0
288,7,1993,4,JPTP,84,0
288,7,1993,4,JPTP,86,0
288,7,1993,4,JPTP,88,0
288,7,1993,4,JPTP,90,0
288,7,1993,4,JPTP,92,0
288,7,1993,4,JPTP,94,0
288,7,1993,4,JPTP,96,0
288,7,1993,4,JPTP,98,0
288,7,1993,4,JPTP,100,0
288,7,1993,4,JPTP,102,0
288,7,1993,4,JPTP,104,0
288,7,1993,4,JPTP,106,0
288,7,1993,4,JPTP,108,0
289,7,1994,1,JPTP,2,0
289,7,1994,1,JPTP,4,0
289,7,1994,1,JPTP,6,0
289,7,1994,1,JPTP,8,0
289,7,1994,1,JPTP,10,0
289,7,1994,1,JPTP,12,0
289,7,1994,1,JPTP,14,0
289,7,1994,1,JPTP,16,0
289,7,1994,1,JPTP,18,0
289,7,1994,1,JPTP,20,0
289,7,1994,1,JPTP,22,0
289,7,1994,1,JPTP,24,0
289,7,1994,1,JPTP,26,0
289,7,1994,1,JPTP,28,0
289,7,1994,1,JPTP,30,0.452922130946348
289,7,1994,1,JPTP,32,0.905844261892697
289,7,1994,1,JPTP,34,0.905844261892697
289,7,1994,1,JPTP,36,2.71753278567809
289,7,1994,1,JPTP,38,3.62337704757079
289,7,1994,1,JPTP,40,11.7759754046051
289,7,1994,1,JPTP,42,9.96428688081966
289,7,1994,1,JPTP,44,4.52922130946348
289,7,1994,1,JPTP,46,5.88798770230253
289,7,1994,1,JPTP,48,4.07629917851713
289,7,1994,1,JPTP,50,1.81168852378539
289,7,1994,1,JPTP,52,3.17045491662444
289,7,1994,1,JPTP,54,1.81168852378539
289,7,1994,1,JPTP,56,1.35876639283904
289,7,1994,1,JPTP,58,0.452922130946348
289,7,1994,1,JPTP,60,0
289,7,1994,1,JPTP,62,1.35876639283904
289,7,1994,1,JPTP,64,1.35876639283904
289,7,1994,1,JPTP,66,0.452922130946348
289,7,1994,1,JPTP,68,0.905844261892697
289,7,1994,1,JPTP,70,0.452922130946348
289,7,1994,1,JPTP,72,0
289,7,1994,1,JPTP,74,0
289,7,1994,1,JPTP,76,0
289,7,1994,1,JPTP,78,0
289,7,1994,1,JPTP,80,0
289,7,1994,1,JPTP,82,0
289,7,1994,1,JPTP,84,0
289,7,1994,1,JPTP,86,0
289,7,1994,1,JPTP,88,0
289,7,1994,1,JPTP,90,0
289,7,1994,1,JPTP,92,0
289,7,1994,1,JPTP,94,0
289,7,1994,1,JPTP,96,0
289,7,1994,1,JPTP,98,0
289,7,1994,1,JPTP,100,0
289,7,1994,1,JPTP,102,0
289,7,1994,1,JPTP,104,0
289,7,1994,1,JPTP,106,0
289,7,1994,1,JPTP,108,0
290,7,1994,4,JPTP,2,0
290,7,1994,4,JPTP,4,0
290,7,1994,4,JPTP,6,0
290,7,1994,4,JPTP,8,0
290,7,1994,4,JPTP,10,0
290,7,1994,4,JPTP,12,0
290,7,1994,4,JPTP,14,0
290,7,1994,4,JPTP,16,0
290,7,1994,4,JPTP,18,0
290,7,1994,4,JPTP,20,0
290,7,1994,4,JPTP,22,0.614057889071492
290,7,1994,4,JPTP,24,0
290,7,1994,4,JPTP,26,0
290,7,1994,4,JPTP,28,3.68434733442895
290,7,1994,4,JPTP,30,7.3686946688579
290,7,1994,4,JPTP,32,27.0185471191456
290,7,1994,4,JPTP,34,42.3699943459329
290,7,1994,4,JPTP,36,67.5463677978641
290,7,1994,4,JPTP,38,89.6524518044378
290,7,1994,4,JPTP,40,248.079387184883
290,7,1994,4,JPTP,42,258.518371299098
290,7,1994,4,JPTP,44,190.972003501234
290,7,1994,4,JPTP,46,143.075488153658
290,7,1994,4,JPTP,48,103.161725364011
290,7,1994,4,JPTP,50,92.1086833607237
290,7,1994,4,JPTP,52,92.7227412497952
290,7,1994,4,JPTP,54,84.1259308027943
290,7,1994,4,JPTP,56,44.8262259022189
290,7,1994,4,JPTP,58,30.7028944535746
290,7,1994,4,JPTP,60,36.229415455218
290,7,1994,4,JPTP,62,23.9482576737882
290,7,1994,4,JPTP,64,19.0357945612162
290,7,1994,4,JPTP,66,23.9482576737882
290,7,1994,4,JPTP,68,9.82492622514386
290,7,1994,4,JPTP,70,7.3686946688579
290,7,1994,4,JPTP,72,2.45623155628597
290,7,1994,4,JPTP,74,0
290,7,1994,4,JPTP,76,0
290,7,1994,4,JPTP,78,0
290,7,1994,4,JPTP,80,0
290,7,1994,4,JPTP,82,0
290,7,1994,4,JPTP,84,0
290,7,1994,4,JPTP,86,0
290,7,1994,4,JPTP,88,0
290,7,1994,4,JPTP,90,0
290,7,1994,4,JPTP,92,0
290,7,1994,4,JPTP,94,0
290,7,1994,4,JPTP,96,0
290,7,1994,4,JPTP,98,0
290,7,1994,4,JPTP,100,0
290,7,1994,4,JPTP,102,0
290,7,1994,4,JPTP,104,0
290,7,1994,4,JPTP,106,0
290,7,1994,4,JPTP,108,0
291,7,1995,4,JPTP,2,0
291,7,1995,4,JPTP,4,0
291,7,1995,4,JPTP,6,0
291,7,1995,4,JPTP,8,0
291,7,1995,4,JPTP,10,0
291,7,1995,4,JPTP,12,0
291,7,1995,4,JPTP,14,0
291,7,1995,4,JPTP,16,0
291,7,1995,4,JPTP,18,0
291,7,1995,4,JPTP,20,0
291,7,1995,4,JPTP,22,0
291,7,1995,4,JPTP,24,0
291,7,1995,4,JPTP,26,0
291,7,1995,4,JPTP,28,0
291,7,1995,4,JPTP,30,0.679383196419522
291,7,1995,4,JPTP,32,1.35876639283904
291,7,1995,4,JPTP,34,4.75568237493666
291,7,1995,4,JPTP,36,7.47321516061475
291,7,1995,4,JPTP,38,4.07629917851713
291,7,1995,4,JPTP,40,16.3051967140685
291,7,1995,4,JPTP,42,14.9464303212295
291,7,1995,4,JPTP,44,10.8701311427124
291,7,1995,4,JPTP,46,10.1907479462928
291,7,1995,4,JPTP,48,5.43506557135618
291,7,1995,4,JPTP,50,4.75568237493666
291,7,1995,4,JPTP,52,6.1144487677757
291,7,1995,4,JPTP,54,6.1144487677757
291,7,1995,4,JPTP,56,0.679383196419522
291,7,1995,4,JPTP,58,4.07629917851713
291,7,1995,4,JPTP,60,2.71753278567809
291,7,1995,4,JPTP,62,2.03814958925857
291,7,1995,4,JPTP,64,0.679383196419522
291,7,1995,4,JPTP,66,0.679383196419522
291,7,1995,4,JPTP,68,0.679383196419522
291,7,1995,4,JPTP,70,1.35876639283904
291,7,1995,4,JPTP,72,1.35876639283904
291,7,1995,4,JPTP,74,0
291,7,1995,4,JPTP,76,0
291,7,1995,4,JPTP,78,0
291,7,1995,4,JPTP,80,0
291,7,1995,4,JPTP,82,0
291,7,1995,4,JPTP,84,0
291,7,1995,4,JPTP,86,0
291,7,1995,4,JPTP,88,0
291,7,1995,4,JPTP,90,0
291,7,1995,4,JPTP,92,0
291,7,1995,4,JPTP,94,0
291,7,1995,4,JPTP,96,0
291,7,1995,4,JPTP,98,0
291,7,1995,4,JPTP,100,0
291,7,1995,4,JPTP,102,0
291,7,1995,4,JPTP,104,0
291,7,1995,4,JPTP,106,0
291,7,1995,4,JPTP,108,0
292,7,1996,1,JPTP,2,0
292,7,1996,1,JPTP,4,0
292,7,1996,1,JPTP,6,0
292,7,1996,1,JPTP,8,0
292,7,1996,1,JPTP,10,0
292,7,1996,1,JPTP,12,0
292,7,1996,1,JPTP,14,0
292,7,1996,1,JPTP,16,0
292,7,1996,1,JPTP,18,0
292,7,1996,1,JPTP,20,0
292,7,1996,1,JPTP,22,0
292,7,1996,1,JPTP,24,0
292,7,1996,1,JPTP,26,1.16465690814775
292,7,1996,1,JPTP,28,0
292,7,1996,1,JPTP,30,3.49397072444326
292,7,1996,1,JPTP,32,5.24095608666489
292,7,1996,1,JPTP,34,12.2288975355514
292,7,1996,1,JPTP,36,25.0401235251767
292,7,1996,1,JPTP,38,39.0160064229497
292,7,1996,1,JPTP,40,71.0440713970129
292,7,1996,1,JPTP,42,78.0320128458994
292,7,1996,1,JPTP,44,67.5501006725697
292,7,1996,1,JPTP,46,47.7509332340579
292,7,1996,1,JPTP,48,33.192721882211
292,7,1996,1,JPTP,50,27.9517657955461
292,7,1996,1,JPTP,52,29.1164227036938
292,7,1996,1,JPTP,54,23.2931381629551
292,7,1996,1,JPTP,56,23.2931381629551
292,7,1996,1,JPTP,58,9.8995837192559
292,7,1996,1,JPTP,60,8.15259835703427
292,7,1996,1,JPTP,62,10.4819121733298
292,7,1996,1,JPTP,64,9.31725526518202
292,7,1996,1,JPTP,66,6.98794144888652
292,7,1996,1,JPTP,68,3.49397072444326
292,7,1996,1,JPTP,70,3.49397072444326
292,7,1996,1,JPTP,72,1.16465690814775
292,7,1996,1,JPTP,74,1.16465690814775
292,7,1996,1,JPTP,76,0
292,7,1996,1,JPTP,78,0
292,7,1996,1,JPTP,80,0.582328454073876
292,7,1996,1,JPTP,82,0
292,7,1996,1,JPTP,84,0
292,7,1996,1,JPTP,86,0
292,7,1996,1,JPTP,88,0
292,7,1996,1,JPTP,90,0
292,7,1996,1,JPTP,92,0
292,7,1996,1,JPTP,94,0
292,7,1996,1,JPTP,96,0
292,7,1996,1,JPTP,98,0
292,7,1996,1,JPTP,100,0
292,7,1996,1,JPTP,102,0
292,7,1996,1,JPTP,104,0
292,7,1996,1,JPTP,106,0
292,7,1996,1,JPTP,108,0
293,7,1996,4,JPTP,2,0
293,7,1996,4,JPTP,4,0
293,7,1996,4,JPTP,6,0
293,7,1996,4,JPTP,8,0
293,7,1996,4,JPTP,10,0
293,7,1996,4,JPTP,12,0
293,7,1996,4,JPTP,14,0
293,7,1996,4,JPTP,16,0
293,7,1996,4,JPTP,18,0
293,7,1996,4,JPTP,20,0
293,7,1996,4,JPTP,22,0
293,7,1996,4,JPTP,24,0
293,7,1996,4,JPTP,26,0
293,7,1996,4,JPTP,28,0.679383196419522
293,7,1996,4,JPTP,30,1.35876639283904
293,7,1996,4,JPTP,32,2.03814958925857
293,7,1996,4,JPTP,34,1.35876639283904
293,7,1996,4,JPTP,36,6.1144487677757
293,7,1996,4,JPTP,38,8.15259835703427
293,7,1996,4,JPTP,40,29.892860642459
293,7,1996,4,JPTP,42,28.5340942496199
293,7,1996,4,JPTP,44,19.7021126961662
293,7,1996,4,JPTP,46,14.26704712481
293,7,1996,4,JPTP,48,10.1907479462928
293,7,1996,4,JPTP,50,8.83198155345379
293,7,1996,4,JPTP,52,6.1144487677757
293,7,1996,4,JPTP,54,7.47321516061475
293,7,1996,4,JPTP,56,4.07629917851713
293,7,1996,4,JPTP,58,2.03814958925857
293,7,1996,4,JPTP,60,4.75568237493666
293,7,1996,4,JPTP,62,2.03814958925857
293,7,1996,4,JPTP,64,0.679383196419522
293,7,1996,4,JPTP,66,0
293,7,1996,4,JPTP,68,2.71753278567809
293,7,1996,4,JPTP,70,2.03814958925857
293,7,1996,4,JPTP,72,0
293,7,1996,4,JPTP,74,0
293,7,1996,4,JPTP,76,0.679383196419522
293,7,1996,4,JPTP,78,0
293,7,1996,4,JPTP,80,0
293,7,1996,4,JPTP,82,0
293,7,1996,4,JPTP,84,0
293,7,1996,4,JPTP,86,0
293,7,1996,4,JPTP,88,0
293,7,1996,4,JPTP,90,0
293,7,1996,4,JPTP,92,0
293,7,1996,4,JPTP,94,0
293,7,1996,4,JPTP,96,0
293,7,1996,4,JPTP,98,0
293,7,1996,4,JPTP,100,0
293,7,1996,4,JPTP,102,0
293,7,1996,4,JPTP,104,0
293,7,1996,4,JPTP,106,0
293,7,1996,4,JPTP,108,0
294,7,1997,1,JPTP,2,0
294,7,1997,1,JPTP,4,0
294,7,1997,1,JPTP,6,0
294,7,1997,1,JPTP,8,0
294,7,1997,1,JPTP,10,0
294,7,1997,1,JPTP,12,0
294,7,1997,1,JPTP,14,0
294,7,1997,1,JPTP,16,0
294,7,1997,1,JPTP,18,0
294,7,1997,1,JPTP,20,0
294,7,1997,1,JPTP,22,0
294,7,1997,1,JPTP,24,0
294,7,1997,1,JPTP,26,0.622767930051229
294,7,1997,1,JPTP,28,0.622767930051229
294,7,1997,1,JPTP,30,4.3593755103586
294,7,1997,1,JPTP,32,4.98214344040983
294,7,1997,1,JPTP,34,13.0781265310758
294,7,1997,1,JPTP,36,18.0602699714856
294,7,1997,1,JPTP,38,34.2522361528176
294,7,1997,1,JPTP,40,79.0915271165061
294,7,1997,1,JPTP,42,82.2053667667622
294,7,1997,1,JPTP,44,66.6361685154815
294,7,1997,1,JPTP,46,41.1026833833811
294,7,1997,1,JPTP,48,28.6473247823565
294,7,1997,1,JPTP,50,26.1562530621516
294,7,1997,1,JPTP,52,30.5156285725102
294,7,1997,1,JPTP,54,34.2522361528176
294,7,1997,1,JPTP,56,18.6830379015369
294,7,1997,1,JPTP,58,12.4553586010246
294,7,1997,1,JPTP,60,13.0781265310758
294,7,1997,1,JPTP,62,8.09598309066597
294,7,1997,1,JPTP,64,8.09598309066597
294,7,1997,1,JPTP,66,4.3593755103586
294,7,1997,1,JPTP,68,4.3593755103586
294,7,1997,1,JPTP,70,2.49107172020492
294,7,1997,1,JPTP,72,1.24553586010246
294,7,1997,1,JPTP,74,0
294,7,1997,1,JPTP,76,0.622767930051229
294,7,1997,1,JPTP,78,0
294,7,1997,1,JPTP,80,0
294,7,1997,1,JPTP,82,0
294,7,1997,1,JPTP,84,0
294,7,1997,1,JPTP,86,0
294,7,1997,1,JPTP,88,0
294,7,1997,1,JPTP,90,0
294,7,1997,1,JPTP,92,0
294,7,1997,1,JPTP,94,0
294,7,1997,1,JPTP,96,0
294,7,1997,1,JPTP,98,0
294,7,1997,1,JPTP,100,0
294,7,1997,1,JPTP,102,0
294,7,1997,1,JPTP,104,0
294,7,1997,1,JPTP,106,0
294,7,1997,1,JPTP,108,0
295,7,1999,4,JPTP,2,0
295,7,1999,4,JPTP,4,0
295,7,1999,4,JPTP,6,0
295,7,1999,4,JPTP,8,0
295,7,1999,4,JPTP,10,0
295,7,1999,4,JPTP,12,0
295,7,1999,4,JPTP,14,0
295,7,1999,4,JPTP,16,0
295,7,1999,4,JPTP,18,0
295,7,1999,4,JPTP,20,0
295,7,1999,4,JPTP,22,0
295,7,1999,4,JPTP,24,0
295,7,1999,4,JPTP,26,0
295,7,1999,4,JPTP,28,0
295,7,1999,4,JPTP,30,0
295,7,1999,4,JPTP,32,0.679383196419522
295,7,1999,4,JPTP,34,2.03814958925857
295,7,1999,4,JPTP,36,6.1144487677757
295,7,1999,4,JPTP,38,8.15259835703427
295,7,1999,4,JPTP,40,11.5495143391319
295,7,1999,4,JPTP,42,14.9464303212295
295,7,1999,4,JPTP,44,13.5876639283904
295,7,1999,4,JPTP,46,9.51136474987332
295,7,1999,4,JPTP,48,8.15259835703427
295,7,1999,4,JPTP,50,6.1144487677757
295,7,1999,4,JPTP,52,10.1907479462928
295,7,1999,4,JPTP,54,12.9082807319709
295,7,1999,4,JPTP,56,8.15259835703427
295,7,1999,4,JPTP,58,7.47321516061475
295,7,1999,4,JPTP,60,4.07629917851713
295,7,1999,4,JPTP,62,5.43506557135618
295,7,1999,4,JPTP,64,12.9082807319709
295,7,1999,4,JPTP,66,0.679383196419522
295,7,1999,4,JPTP,68,1.35876639283904
295,7,1999,4,JPTP,70,0.679383196419522
295,7,1999,4,JPTP,72,1.35876639283904
295,7,1999,4,JPTP,74,0
295,7,1999,4,JPTP,76,0
295,7,1999,4,JPTP,78,0
295,7,1999,4,JPTP,80,0
295,7,1999,4,JPTP,82,0
295,7,1999,4,JPTP,84,0
295,7,1999,4,JPTP,86,0
295,7,1999,4,JPTP,88,0
295,7,1999,4,JPTP,90,0
295,7,1999,4,JPTP,92,0
295,7,1999,4,JPTP,94,0
295,7,1999,4,JPTP,96,0
295,7,1999,4,JPTP,98,0
295,7,1999,4,JPTP,100,0
295,7,1999,4,JPTP,102,0
295,7,1999,4,JPTP,104,0
295,7,1999,4,JPTP,106,0
295,7,1999,4,JPTP,108,0
296,7,2001,1,JPTP,2,0
296,7,2001,1,JPTP,4,0
296,7,2001,1,JPTP,6,0
296,7,2001,1,JPTP,8,0
296,7,2001,1,JPTP,10,0
296,7,2001,1,JPTP,12,0
296,7,2001,1,JPTP,14,0
296,7,2001,1,JPTP,16,0
296,7,2001,1,JPTP,18,0
296,7,2001,1,JPTP,20,0
296,7,2001,1,JPTP,22,0
296,7,2001,1,JPTP,24,0
296,7,2001,1,JPTP,26,0
296,7,2001,1,JPTP,28,0
296,7,2001,1,JPTP,30,0
296,7,2001,1,JPTP,32,0
296,7,2001,1,JPTP,34,3.39691598209761
296,7,2001,1,JPTP,36,3.39691598209761
296,7,2001,1,JPTP,38,0.679383196419522
296,7,2001,1,JPTP,40,0
296,7,2001,1,JPTP,42,0
296,7,2001,1,JPTP,44,0
296,7,2001,1,JPTP,46,0
296,7,2001,1,JPTP,48,0
296,7,2001,1,JPTP,50,0
296,7,2001,1,JPTP,52,0
296,7,2001,1,JPTP,54,0
296,7,2001,1,JPTP,56,2.03814958925857
296,7,2001,1,JPTP,58,16.3051967140685
296,7,2001,1,JPTP,60,35.3279262138152
296,7,2001,1,JPTP,62,23.7784118746833
296,7,2001,1,JPTP,64,8.15259835703427
296,7,2001,1,JPTP,66,0.679383196419522
296,7,2001,1,JPTP,68,1.35876639283904
296,7,2001,1,JPTP,70,0
296,7,2001,1,JPTP,72,0
296,7,2001,1,JPTP,74,0
296,7,2001,1,JPTP,76,0
296,7,2001,1,JPTP,78,0
296,7,2001,1,JPTP,80,0
296,7,2001,1,JPTP,82,0
296,7,2001,1,JPTP,84,0
296,7,2001,1,JPTP,86,0
296,7,2001,1,JPTP,88,0
296,7,2001,1,JPTP,90,0
296,7,2001,1,JPTP,92,0
296,7,2001,1,JPTP,94,0
296,7,2001,1,JPTP,96,0
296,7,2001,1,JPTP,98,0
296,7,2001,1,JPTP,100,0
296,7,2001,1,JPTP,102,0
296,7,2001,1,JPTP,104,0
296,7,2001,1,JPTP,106,0
296,7,2001,1,JPTP,108,0
297,7,2004,1,JPTP,2,0
297,7,2004,1,JPTP,4,0
297,7,2004,1,JPTP,6,0
297,7,2004,1,JPTP,8,0
297,7,2004,1,JPTP,10,0
297,7,2004,1,JPTP,12,0
297,7,2004,1,JPTP,14,0
297,7,2004,1,JPTP,16,0
297,7,2004,1,JPTP,18,0
297,7,2004,1,JPTP,20,0
297,7,2004,1,JPTP,22,0
297,7,2004,1,JPTP,24,0
297,7,2004,1,JPTP,26,0
297,7,2004,1,JPTP,28,0
297,7,2004,1,JPTP,30,0
297,7,2004,1,JPTP,32,0
297,7,2004,1,JPTP,34,0.679383196419522
297,7,2004,1,JPTP,36,3.39691598209761
297,7,2004,1,JPTP,38,0.679383196419522
297,7,2004,1,JPTP,40,0
297,7,2004,1,JPTP,42,4.07629917851713
297,7,2004,1,JPTP,44,8.15259835703427
297,7,2004,1,JPTP,46,10.1907479462928
297,7,2004,1,JPTP,48,4.75568237493666
297,7,2004,1,JPTP,50,7.47321516061475
297,7,2004,1,JPTP,52,1.35876639283904
297,7,2004,1,JPTP,54,4.07629917851713
297,7,2004,1,JPTP,56,4.07629917851713
297,7,2004,1,JPTP,58,0.679383196419522
297,7,2004,1,JPTP,60,1.35876639283904
297,7,2004,1,JPTP,62,1.35876639283904
297,7,2004,1,JPTP,64,0
297,7,2004,1,JPTP,66,2.03814958925857
297,7,2004,1,JPTP,68,0
297,7,2004,1,JPTP,70,0
297,7,2004,1,JPTP,72,0
297,7,2004,1,JPTP,74,0
297,7,2004,1,JPTP,76,0
297,7,2004,1,JPTP,78,0
297,7,2004,1,JPTP,80,0
297,7,2004,1,JPTP,82,0
297,7,2004,1,JPTP,84,0
297,7,2004,1,JPTP,86,0
297,7,2004,1,JPTP,88,0
297,7,2004,1,JPTP,90,0
297,7,2004,1,JPTP,92,0
297,7,2004,1,JPTP,94,0
297,7,2004,1,JPTP,96,0
297,7,2004,1,JPTP,98,0
297,7,2004,1,JPTP,100,0
297,7,2004,1,JPTP,102,0
297,7,2004,1,JPTP,104,0
297,7,2004,1,JPTP,106,0
297,7,2004,1,JPTP,108,0
298,7,2006,4,JPTP,2,0
298,7,2006,4,JPTP,4,0
298,7,2006,4,JPTP,6,0
298,7,2006,4,JPTP,8,0
298,7,2006,4,JPTP,10,0
298,7,2006,4,JPTP,12,0
298,7,2006,4,JPTP,14,0
298,7,2006,4,JPTP,16,0
298,7,2006,4,JPTP,18,0
298,7,2006,4,JPTP,20,0
298,7,2006,4,JPTP,22,0
298,7,2006,4,JPTP,24,0
298,7,2006,4,JPTP,26,0.679383196419522
298,7,2006,4,JPTP,28,1.13230532736587
298,7,2006,4,JPTP,30,2.49107172020492
298,7,2006,4,JPTP,32,11.3230532736587
298,7,2006,4,JPTP,34,15.3993524521758
298,7,2006,4,JPTP,36,9.05844261892697
298,7,2006,4,JPTP,38,2.94399385115126
298,7,2006,4,JPTP,40,1.13230532736587
298,7,2006,4,JPTP,42,0.226461065473174
298,7,2006,4,JPTP,44,0.679383196419522
298,7,2006,4,JPTP,46,0.226461065473174
298,7,2006,4,JPTP,48,0.226461065473174
298,7,2006,4,JPTP,50,0
298,7,2006,4,JPTP,52,0
298,7,2006,4,JPTP,54,0
298,7,2006,4,JPTP,56,0
298,7,2006,4,JPTP,58,0
298,7,2006,4,JPTP,60,0
298,7,2006,4,JPTP,62,0
298,7,2006,4,JPTP,64,0
298,7,2006,4,JPTP,66,0
298,7,2006,4,JPTP,68,0
298,7,2006,4,JPTP,70,0
298,7,2006,4,JPTP,72,0
298,7,2006,4,JPTP,74,0
298,7,2006,4,JPTP,76,0
298,7,2006,4,JPTP,78,0
298,7,2006,4,JPTP,80,0
298,7,2006,4,JPTP,82,0
298,7,2006,4,JPTP,84,0
298,7,2006,4,JPTP,86,0
298,7,2006,4,JPTP,88,0
298,7,2006,4,JPTP,90,0
298,7,2006,4,JPTP,92,0
298,7,2006,4,JPTP,94,0
298,7,2006,4,JPTP,96,0
298,7,2006,4,JPTP,98,0
298,7,2006,4,JPTP,100,0
298,7,2006,4,JPTP,102,0
298,7,2006,4,JPTP,104,0
298,7,2006,4,JPTP,106,0
298,7,2006,4,JPTP,108,0
299,7,2017,4,JPTP,2,0
299,7,2017,4,JPTP,4,0
299,7,2017,4,JPTP,6,0
299,7,2017,4,JPTP,8,0
299,7,2017,4,JPTP,10,0
299,7,2017,4,JPTP,12,0
299,7,2017,4,JPTP,14,0
299,7,2017,4,JPTP,16,0
299,7,2017,4,JPTP,18,0
299,7,2017,4,JPTP,20,0
299,7,2017,4,JPTP,22,0
299,7,2017,4,JPTP,24,0
299,7,2017,4,JPTP,26,0
299,7,2017,4,JPTP,28,1.22342052167734
299,7,2017,4,JPTP,30,10.3990744342574
299,7,2017,4,JPTP,32,11.0107846950961
299,7,2017,4,JPTP,34,15.2927565209668
299,7,2017,4,JPTP,36,16.5161770426441
299,7,2017,4,JPTP,38,11.6224949559348
299,7,2017,4,JPTP,40,2.44684104335469
299,7,2017,4,JPTP,42,0.611710260838672
299,7,2017,4,JPTP,44,1.83513078251602
299,7,2017,4,JPTP,46,6.72881286922539
299,7,2017,4,JPTP,48,13.4576257384508
299,7,2017,4,JPTP,50,7.95223339090273
299,7,2017,4,JPTP,52,10.3990744342574
299,7,2017,4,JPTP,54,5.50539234754805
299,7,2017,4,JPTP,56,15.2927565209668
299,7,2017,4,JPTP,58,14.6810462601281
299,7,2017,4,JPTP,60,25.6918309552242
299,7,2017,4,JPTP,62,25.6918309552242
299,7,2017,4,JPTP,64,8.5639436517414
299,7,2017,4,JPTP,66,2.44684104335469
299,7,2017,4,JPTP,68,1.22342052167734
299,7,2017,4,JPTP,70,0.611710260838672
299,7,2017,4,JPTP,72,1.22342052167734
299,7,2017,4,JPTP,74,0.611710260838672
299,7,2017,4,JPTP,76,0
299,7,2017,4,JPTP,78,0
299,7,2017,4,JPTP,80,0
299,7,2017,4,JPTP,82,0
299,7,2017,4,JPTP,84,0
299,7,2017,4,JPTP,86,0
299,7,2017,4,JPTP,88,0
299,7,2017,4,JPTP,90,0
299,7,2017,4,JPTP,92,0
299,7,2017,4,JPTP,94,0
299,7,2017,4,JPTP,96,0
299,7,2017,4,JPTP,98,0
299,7,2017,4,JPTP,100,0
299,7,2017,4,JPTP,102,0
299,7,2017,4,JPTP,104,0
299,7,2017,4,JPTP,106,0
299,7,2017,4,JPTP,108,0
300,7,2019,1,JPTP,2,0
300,7,2019,1,JPTP,4,0
300,7,2019,1,JPTP,6,0
300,7,2019,1,JPTP,8,0
300,7,2019,1,JPTP,10,0
300,7,2019,1,JPTP,12,0
300,7,2019,1,JPTP,14,0
300,7,2019,1,JPTP,16,0
300,7,2019,1,JPTP,18,0
300,7,2019,1,JPTP,20,0
300,7,2019,1,JPTP,22,0
300,7,2019,1,JPTP,24,0
300,7,2019,1,JPTP,26,0
300,7,2019,1,JPTP,28,0.494096870123289
300,7,2019,1,JPTP,30,0.494096870123289
300,7,2019,1,JPTP,32,5.43506557135618
300,7,2019,1,JPTP,34,20.7520685451781
300,7,2019,1,JPTP,36,35.5749746488768
300,7,2019,1,JPTP,38,69.6676586873838
300,7,2019,1,JPTP,40,123.524217530822
300,7,2019,1,JPTP,42,148.229061036987
300,7,2019,1,JPTP,44,2.47048435061645
300,7,2019,1,JPTP,46,13.8347123634521
300,7,2019,1,JPTP,48,31.1281028177672
300,7,2019,1,JPTP,50,36.0690715190001
300,7,2019,1,JPTP,52,87.4551460118222
300,7,2019,1,JPTP,54,85.9728554014523
300,7,2019,1,JPTP,56,41.9982339604796
300,7,2019,1,JPTP,58,8.39964679209591
300,7,2019,1,JPTP,60,7.41145305184934
300,7,2019,1,JPTP,62,2.96458122073973
300,7,2019,1,JPTP,64,5.43506557135618
300,7,2019,1,JPTP,66,0.494096870123289
300,7,2019,1,JPTP,68,0
300,7,2019,1,JPTP,70,0.494096870123289
300,7,2019,1,JPTP,72,0
300,7,2019,1,JPTP,74,0
300,7,2019,1,JPTP,76,0
300,7,2019,1,JPTP,78,0
300,7,2019,1,JPTP,80,0
300,7,2019,1,JPTP,82,0
300,7,2019,1,JPTP,84,0
300,7,2019,1,JPTP,86,0
300,7,2019,1,JPTP,88,0
300,7,2019,1,JPTP,90,0
300,7,2019,1,JPTP,92,0
300,7,2019,1,JPTP,94,0
300,7,2019,1,JPTP,96,0
300,7,2019,1,JPTP,98,0
300,7,2019,1,JPTP,100,0
300,7,2019,1,JPTP,102,0
300,7,2019,1,JPTP,104,0
300,7,2019,1,JPTP,106,0
300,7,2019,1,JPTP,108,0
301,7,2020,1,JPTP,2,0
301,7,2020,1,JPTP,4,0
301,7,2020,1,JPTP,6,0
301,7,2020,1,JPTP,8,0
301,7,2020,1,JPTP,10,0
301,7,2020,1,JPTP,12,0
301,7,2020,1,JPTP,14,0
301,7,2020,1,JPTP,16,0
301,7,2020,1,JPTP,18,0
301,7,2020,1,JPTP,20,0
301,7,2020,1,JPTP,22,0
301,7,2020,1,JPTP,24,0
301,7,2020,1,JPTP,26,0
301,7,2020,1,JPTP,28,0
301,7,2020,1,JPTP,30,0
301,7,2020,1,JPTP,32,0
301,7,2020,1,JPTP,34,0
301,7,2020,1,JPTP,36,0
301,7,2020,1,JPTP,38,0
301,7,2020,1,JPTP,40,0
301,7,2020,1,JPTP,42,0
301,7,2020,1,JPTP,44,0.679383196419522
301,7,2020,1,JPTP,46,2.03814958925857
301,7,2020,1,JPTP,48,5.43506557135618
301,7,2020,1,JPTP,50,48.9155901422056
301,7,2020,1,JPTP,52,103.945629052187
301,7,2020,1,JPTP,54,110.739461016382
301,7,2020,1,JPTP,56,45.518674160108
301,7,2020,1,JPTP,58,9.51136474987332
301,7,2020,1,JPTP,60,6.79383196419522
301,7,2020,1,JPTP,62,8.83198155345379
301,7,2020,1,JPTP,64,7.47321516061475
301,7,2020,1,JPTP,66,9.51136474987332
301,7,2020,1,JPTP,68,2.03814958925857
301,7,2020,1,JPTP,70,0
301,7,2020,1,JPTP,72,0
301,7,2020,1,JPTP,74,0
301,7,2020,1,JPTP,76,0
301,7,2020,1,JPTP,78,0
301,7,2020,1,JPTP,80,0
301,7,2020,1,JPTP,82,0
301,7,2020,1,JPTP,84,0
301,7,2020,1,JPTP,86,0
301,7,2020,1,JPTP,88,0
301,7,2020,1,JPTP,90,0
301,7,2020,1,JPTP,92,0
301,7,2020,1,JPTP,94,0
301,7,2020,1,JPTP,96,0
301,7,2020,1,JPTP,98,0
301,7,2020,1,JPTP,100,0
301,7,2020,1,JPTP,102,0
301,7,2020,1,JPTP,104,0
301,7,2020,1,JPTP,106,0
301,7,2020,1,JPTP,108,0
302,7,2020,4,JPTP,2,0
302,7,2020,4,JPTP,4,0
302,7,2020,4,JPTP,6,0
302,7,2020,4,JPTP,8,0
302,7,2020,4,JPTP,10,0
302,7,2020,4,JPTP,12,0
302,7,2020,4,JPTP,14,0
302,7,2020,4,JPTP,16,0
302,7,2020,4,JPTP,18,0
302,7,2020,4,JPTP,20,0
302,7,2020,4,JPTP,22,0
302,7,2020,4,JPTP,24,0
302,7,2020,4,JPTP,26,0
302,7,2020,4,JPTP,28,0
302,7,2020,4,JPTP,30,0
302,7,2020,4,JPTP,32,0
302,7,2020,4,JPTP,34,0
302,7,2020,4,JPTP,36,0.117585553226456
302,7,2020,4,JPTP,38,0.470342212905823
302,7,2020,4,JPTP,40,0.117585553226456
302,7,2020,4,JPTP,42,0.705513319358735
302,7,2020,4,JPTP,44,1.88136885162329
302,7,2020,4,JPTP,46,11.5233842161927
302,7,2020,4,JPTP,48,35.5108370743897
302,7,2020,4,JPTP,50,56.5586511019252
302,7,2020,4,JPTP,52,30.3370727324256
302,7,2020,4,JPTP,54,8.81891649198419
302,7,2020,4,JPTP,56,2.46929661775557
302,7,2020,4,JPTP,58,0.587927766132279
302,7,2020,4,JPTP,60,0.470342212905823
302,7,2020,4,JPTP,62,0
302,7,2020,4,JPTP,64,0
302,7,2020,4,JPTP,66,0
302,7,2020,4,JPTP,68,0
302,7,2020,4,JPTP,70,0
302,7,2020,4,JPTP,72,0
302,7,2020,4,JPTP,74,0
302,7,2020,4,JPTP,76,0
302,7,2020,4,JPTP,78,0
302,7,2020,4,JPTP,80,0
302,7,2020,4,JPTP,82,0
302,7,2020,4,JPTP,84,0
302,7,2020,4,JPTP,86,0
302,7,2020,4,JPTP,88,0
302,7,2020,4,JPTP,90,0
302,7,2020,4,JPTP,92,0
302,7,2020,4,JPTP,94,0
302,7,2020,4,JPTP,96,0
302,7,2020,4,JPTP,98,0
302,7,2020,4,JPTP,100,0
302,7,2020,4,JPTP,102,0
302,7,2020,4,JPTP,104,0
302,7,2020,4,JPTP,106,0
302,7,2020,4,JPTP,108,0
303,7,2021,1,JPTP,2,0
303,7,2021,1,JPTP,4,0
303,7,2021,1,JPTP,6,0
303,7,2021,1,JPTP,8,0
303,7,2021,1,JPTP,10,0
303,7,2021,1,JPTP,12,0
303,7,2021,1,JPTP,14,0
303,7,2021,1,JPTP,16,0
303,7,2021,1,JPTP,18,0
303,7,2021,1,JPTP,20,0
303,7,2021,1,JPTP,22,0
303,7,2021,1,JPTP,24,0
303,7,2021,1,JPTP,26,0
303,7,2021,1,JPTP,28,0
303,7,2021,1,JPTP,30,0
303,7,2021,1,JPTP,32,0
303,7,2021,1,JPTP,34,0
303,7,2021,1,JPTP,36,0
303,7,2021,1,JPTP,38,0
303,7,2021,1,JPTP,40,0.679383196419522
303,7,2021,1,JPTP,42,1.35876639283904
303,7,2021,1,JPTP,44,6.1144487677757
303,7,2021,1,JPTP,46,8.83198155345379
303,7,2021,1,JPTP,48,7.47321516061475
303,7,2021,1,JPTP,50,4.07629917851713
303,7,2021,1,JPTP,52,2.71753278567809
303,7,2021,1,JPTP,54,2.03814958925857
303,7,2021,1,JPTP,56,1.35876639283904
303,7,2021,1,JPTP,58,0
303,7,2021,1,JPTP,60,0
303,7,2021,1,JPTP,62,0
303,7,2021,1,JPTP,64,0
303,7,2021,1,JPTP,66,0
303,7,2021,1,JPTP,68,0
303,7,2021,1,JPTP,70,0
303,7,2021,1,JPTP,72,0
303,7,2021,1,JPTP,74,0
303,7,2021,1,JPTP,76,0
303,7,2021,1,JPTP,78,0
303,7,2021,1,JPTP,80,0
303,7,2021,1,JPTP,82,0
303,7,2021,1,JPTP,84,0
303,7,2021,1,JPTP,86,0
303,7,2021,1,JPTP,88,0
303,7,2021,1,JPTP,90,0
303,7,2021,1,JPTP,92,0
303,7,2021,1,JPTP,94,0
303,7,2021,1,JPTP,96,0
303,7,2021,1,JPTP,98,0
303,7,2021,1,JPTP,100,0
303,7,2021,1,JPTP,102,0
303,7,2021,1,JPTP,104,0
303,7,2021,1,JPTP,106,0
303,7,2021,1,JPTP,108,0
304,7,2022,1,JPTP,2,0
304,7,2022,1,JPTP,4,0
304,7,2022,1,JPTP,6,0
304,7,2022,1,JPTP,8,0
304,7,2022,1,JPTP,10,0
304,7,2022,1,JPTP,12,0
304,7,2022,1,JPTP,14,0
304,7,2022,1,JPTP,16,0
304,7,2022,1,JPTP,18,0
304,7,2022,1,JPTP,20,0
304,7,2022,1,JPTP,22,0
304,7,2022,1,JPTP,24,0
304,7,2022,1,JPTP,26,0.25234233009868
304,7,2022,1,JPTP,28,0.25234233009868
304,7,2022,1,JPTP,30,3.7851349514802
304,7,2022,1,JPTP,32,14.1311704855261
304,7,2022,1,JPTP,34,20.1873864078944
304,7,2022,1,JPTP,36,20.1873864078944
304,7,2022,1,JPTP,38,36.8419801944072
304,7,2022,1,JPTP,40,96.142427767597
304,7,2022,1,JPTP,42,181.181793010852
304,7,2022,1,JPTP,44,249.314222137496
304,7,2022,1,JPTP,46,149.386659418418
304,7,2022,1,JPTP,48,117.339183495886
304,7,2022,1,JPTP,50,84.0299959228604
304,7,2022,1,JPTP,52,63.842609514966
304,7,2022,1,JPTP,54,79.9925186412815
304,7,2022,1,JPTP,56,108.002517282235
304,7,2022,1,JPTP,58,86.5534192238472
304,7,2022,1,JPTP,60,37.851349514802
304,7,2022,1,JPTP,62,6.56090058256567
304,7,2022,1,JPTP,64,0
304,7,2022,1,JPTP,66,0
304,7,2022,1,JPTP,68,0
304,7,2022,1,JPTP,70,0
304,7,2022,1,JPTP,72,0
304,7,2022,1,JPTP,74,0
304,7,2022,1,JPTP,76,0
304,7,2022,1,JPTP,78,0
304,7,2022,1,JPTP,80,0
304,7,2022,1,JPTP,82,0
304,7,2022,1,JPTP,84,0
304,7,2022,1,JPTP,86,0
304,7,2022,1,JPTP,88,0
304,7,2022,1,JPTP,90,0
304,7,2022,1,JPTP,92,0
304,7,2022,1,JPTP,94,0
304,7,2022,1,JPTP,96,0
304,7,2022,1,JPTP,98,0
304,7,2022,1,JPTP,100,0
304,7,2022,1,JPTP,102,0
304,7,2022,1,JPTP,104,0
304,7,2022,1,JPTP,106,0
304,7,2022,1,JPTP,108,0
305,8,1990,4,JPTP,2,0
305,8,1990,4,JPTP,4,0
305,8,1990,4,JPTP,6,0
305,8,1990,4,JPTP,8,0
305,8,1990,4,JPTP,10,0
305,8,1990,4,JPTP,12,0
305,8,1990,4,JPTP,14,0
305,8,1990,4,JPTP,16,0
305,8,1990,4,JPTP,18,0
305,8,1990,4,JPTP,20,0
305,8,1990,4,JPTP,22,0
305,8,1990,4,JPTP,24,0
305,8,1990,4,JPTP,26,1.57330845486626
305,8,1990,4,JPTP,28,2.09774460648835
305,8,1990,4,JPTP,30,1.57330845486626
305,8,1990,4,JPTP,32,6.29323381946505
305,8,1990,4,JPTP,34,20.4530099132614
305,8,1990,4,JPTP,36,24.6484991262381
305,8,1990,4,JPTP,38,49.8214344040983
305,8,1990,4,JPTP,40,89.1541457757549
305,8,1990,4,JPTP,42,99.1184326565746
305,8,1990,4,JPTP,44,76.5676781368248
305,8,1990,4,JPTP,46,53.4924874654529
305,8,1990,4,JPTP,48,36.7105306135461
305,8,1990,4,JPTP,50,46.6748174943658
305,8,1990,4,JPTP,52,41.954892129767
305,8,1990,4,JPTP,54,32.5150414005694
305,8,1990,4,JPTP,56,24.124062974616
305,8,1990,4,JPTP,58,7.86654227433131
305,8,1990,4,JPTP,60,14.1597760937964
305,8,1990,4,JPTP,62,13.6353399421743
305,8,1990,4,JPTP,64,6.29323381946505
305,8,1990,4,JPTP,66,8.91541457757549
305,8,1990,4,JPTP,68,5.76879766784296
305,8,1990,4,JPTP,70,2.09774460648835
305,8,1990,4,JPTP,72,3.14661690973253
305,8,1990,4,JPTP,74,1.04887230324418
305,8,1990,4,JPTP,76,0
305,8,1990,4,JPTP,78,1.04887230324418
305,8,1990,4,JPTP,80,0
305,8,1990,4,JPTP,82,0
305,8,1990,4,JPTP,84,0
305,8,1990,4,JPTP,86,0
305,8,1990,4,JPTP,88,0
305,8,1990,4,JPTP,90,0
305,8,1990,4,JPTP,92,0
305,8,1990,4,JPTP,94,0
305,8,1990,4,JPTP,96,0
305,8,1990,4,JPTP,98,0
305,8,1990,4,JPTP,100,0
305,8,1990,4,JPTP,102,0
305,8,1990,4,JPTP,104,0
305,8,1990,4,JPTP,106,0
305,8,1990,4,JPTP,108,0
306,8,1991,4,JPTP,2,0
306,8,1991,4,JPTP,4,0
306,8,1991,4,JPTP,6,0
306,8,1991,4,JPTP,8,0
306,8,1991,4,JPTP,10,0
306,8,1991,4,JPTP,12,0
306,8,1991,4,JPTP,14,0
306,8,1991,4,JPTP,16,0
306,8,1991,4,JPTP,18,0
306,8,1991,4,JPTP,20,0
306,8,1991,4,JPTP,22,0
306,8,1991,4,JPTP,24,0
306,8,1991,4,JPTP,26,0.488306672426532
306,8,1991,4,JPTP,28,1.4649200172796
306,8,1991,4,JPTP,30,6.34798674154491
306,8,1991,4,JPTP,32,12.2076668106633
306,8,1991,4,JPTP,34,22.4621069316205
306,8,1991,4,JPTP,36,36.6230004319899
306,8,1991,4,JPTP,38,56.6435740014777
306,8,1991,4,JPTP,40,124.518201468766
306,8,1991,4,JPTP,42,146.003695055533
306,8,1991,4,JPTP,44,125.494814813619
306,8,1991,4,JPTP,46,81.0589076228043
306,8,1991,4,JPTP,48,54.202040639345
306,8,1991,4,JPTP,50,55.6669606566246
306,8,1991,4,JPTP,52,62.5032540705961
306,8,1991,4,JPTP,54,47.3657472253736
306,8,1991,4,JPTP,56,33.2048537250042
306,8,1991,4,JPTP,58,19.5322668970613
306,8,1991,4,JPTP,60,12.6959734830898
306,8,1991,4,JPTP,62,14.649200172796
306,8,1991,4,JPTP,64,13.6725868279429
306,8,1991,4,JPTP,66,6.83629341397145
306,8,1991,4,JPTP,68,6.83629341397145
306,8,1991,4,JPTP,70,4.88306672426532
306,8,1991,4,JPTP,72,1.4649200172796
306,8,1991,4,JPTP,74,0.488306672426532
306,8,1991,4,JPTP,76,0
306,8,1991,4,JPTP,78,0
306,8,1991,4,JPTP,80,0
306,8,1991,4,JPTP,82,0
306,8,1991,4,JPTP,84,0
306,8,1991,4,JPTP,86,0
306,8,1991,4,JPTP,88,0
306,8,1991,4,JPTP,90,0
306,8,1991,4,JPTP,92,0
306,8,1991,4,JPTP,94,0
306,8,1991,4,JPTP,96,0
306,8,1991,4,JPTP,98,0
306,8,1991,4,JPTP,100,0
306,8,1991,4,JPTP,102,0
306,8,1991,4,JPTP,104,0
306,8,1991,4,JPTP,106,0
306,8,1991,4,JPTP,108,0
307,8,1992,4,JPTP,2,0
307,8,1992,4,JPTP,4,0
307,8,1992,4,JPTP,6,0
307,8,1992,4,JPTP,8,0
307,8,1992,4,JPTP,10,0
307,8,1992,4,JPTP,12,0
307,8,1992,4,JPTP,14,0
307,8,1992,4,JPTP,16,0
307,8,1992,4,JPTP,18,0
307,8,1992,4,JPTP,20,0
307,8,1992,4,JPTP,22,0
307,8,1992,4,JPTP,24,0
307,8,1992,4,JPTP,26,1.50645839206068
307,8,1992,4,JPTP,28,2.5107639867678
307,8,1992,4,JPTP,30,4.01722237882848
307,8,1992,4,JPTP,32,4.01722237882848
307,8,1992,4,JPTP,34,9.54090314971764
307,8,1992,4,JPTP,36,28.6227094491529
307,8,1992,4,JPTP,38,39.1679181935777
307,8,1992,4,JPTP,40,76.8293779950947
307,8,1992,4,JPTP,42,84.8638227527517
307,8,1992,4,JPTP,44,72.8121556162662
307,8,1992,4,JPTP,46,52.2238909247703
307,8,1992,4,JPTP,48,34.1463902200421
307,8,1992,4,JPTP,50,29.1248622465065
307,8,1992,4,JPTP,52,36.1550014094563
307,8,1992,4,JPTP,54,28.1205566517994
307,8,1992,4,JPTP,56,19.0818062994353
307,8,1992,4,JPTP,58,10.0430559470712
307,8,1992,4,JPTP,60,8.03444475765696
307,8,1992,4,JPTP,62,4.51937517618204
307,8,1992,4,JPTP,64,6.02583356824272
307,8,1992,4,JPTP,66,7.03013916294984
307,8,1992,4,JPTP,68,3.01291678412136
307,8,1992,4,JPTP,70,1.50645839206068
307,8,1992,4,JPTP,72,1.00430559470712
307,8,1992,4,JPTP,74,0
307,8,1992,4,JPTP,76,0
307,8,1992,4,JPTP,78,0
307,8,1992,4,JPTP,80,0
307,8,1992,4,JPTP,82,0
307,8,1992,4,JPTP,84,0
307,8,1992,4,JPTP,86,0
307,8,1992,4,JPTP,88,0
307,8,1992,4,JPTP,90,0
307,8,1992,4,JPTP,92,0
307,8,1992,4,JPTP,94,0
307,8,1992,4,JPTP,96,0
307,8,1992,4,JPTP,98,0
307,8,1992,4,JPTP,100,0
307,8,1992,4,JPTP,102,0
307,8,1992,4,JPTP,104,0
307,8,1992,4,JPTP,106,0
307,8,1992,4,JPTP,108,0
308,8,1993,4,JPTP,2,0
308,8,1993,4,JPTP,4,0
308,8,1993,4,JPTP,6,0
308,8,1993,4,JPTP,8,0
308,8,1993,4,JPTP,10,0
308,8,1993,4,JPTP,12,0
308,8,1993,4,JPTP,14,0
308,8,1993,4,JPTP,16,0
308,8,1993,4,JPTP,18,0
308,8,1993,4,JPTP,20,0
308,8,1993,4,JPTP,22,0
308,8,1993,4,JPTP,24,0
308,8,1993,4,JPTP,26,0.48527371172823
308,8,1993,4,JPTP,28,0.48527371172823
308,8,1993,4,JPTP,30,0.970547423456461
308,8,1993,4,JPTP,32,2.42636855864115
308,8,1993,4,JPTP,34,7.27910567592346
308,8,1993,4,JPTP,36,9.22020052283638
308,8,1993,4,JPTP,38,16.0140324870316
308,8,1993,4,JPTP,40,34.9397072444326
308,8,1993,4,JPTP,42,45.1304551907254
308,8,1993,4,JPTP,44,31.0575175506067
308,8,1993,4,JPTP,46,26.2047804333244
308,8,1993,4,JPTP,48,15.5287587753034
308,8,1993,4,JPTP,50,16.4993061987598
308,8,1993,4,JPTP,52,12.617116504934
308,8,1993,4,JPTP,54,14.0729376401187
308,8,1993,4,JPTP,56,6.79383196419522
308,8,1993,4,JPTP,58,4.36746340555407
308,8,1993,4,JPTP,60,5.82328454073876
308,8,1993,4,JPTP,62,5.33801082901053
308,8,1993,4,JPTP,64,1.45582113518469
308,8,1993,4,JPTP,66,1.94109484691292
308,8,1993,4,JPTP,68,3.88218969382584
308,8,1993,4,JPTP,70,0.970547423456461
308,8,1993,4,JPTP,72,1.45582113518469
308,8,1993,4,JPTP,74,0
308,8,1993,4,JPTP,76,0
308,8,1993,4,JPTP,78,0.970547423456461
308,8,1993,4,JPTP,80,0.48527371172823
308,8,1993,4,JPTP,82,0
308,8,1993,4,JPTP,84,0
308,8,1993,4,JPTP,86,0
308,8,1993,4,JPTP,88,0
308,8,1993,4,JPTP,90,0
308,8,1993,4,JPTP,92,0
308,8,1993,4,JPTP,94,0
308,8,1993,4,JPTP,96,0
308,8,1993,4,JPTP,98,0
308,8,1993,4,JPTP,100,0
308,8,1993,4,JPTP,102,0
308,8,1993,4,JPTP,104,0
308,8,1993,4,JPTP,106,0
308,8,1993,4,JPTP,108,0
309,8,1994,4,JPTP,2,0
309,8,1994,4,JPTP,4,0
309,8,1994,4,JPTP,6,0
309,8,1994,4,JPTP,8,0
309,8,1994,4,JPTP,10,0
309,8,1994,4,JPTP,12,0
309,8,1994,4,JPTP,14,0
309,8,1994,4,JPTP,16,0
309,8,1994,4,JPTP,18,0
309,8,1994,4,JPTP,20,0
309,8,1994,4,JPTP,22,0
309,8,1994,4,JPTP,24,0
309,8,1994,4,JPTP,26,0.509537397314642
309,8,1994,4,JPTP,28,1.01907479462928
309,8,1994,4,JPTP,30,0
309,8,1994,4,JPTP,32,3.05722438388785
309,8,1994,4,JPTP,34,3.56676178120249
309,8,1994,4,JPTP,36,8.66213575434891
309,8,1994,4,JPTP,38,12.738434932866
309,8,1994,4,JPTP,40,32.1008560308224
309,8,1994,4,JPTP,42,29.5531690442492
309,8,1994,4,JPTP,44,27.5150194549907
309,8,1994,4,JPTP,46,22.4196454818442
309,8,1994,4,JPTP,48,13.2479723301807
309,8,1994,4,JPTP,50,9.6812105489782
309,8,1994,4,JPTP,52,12.738434932866
309,8,1994,4,JPTP,54,12.2288975355514
309,8,1994,4,JPTP,56,7.64306095971963
309,8,1994,4,JPTP,58,1.52861219194393
309,8,1994,4,JPTP,60,6.62398616509034
309,8,1994,4,JPTP,62,3.56676178120249
309,8,1994,4,JPTP,64,4.07629917851713
309,8,1994,4,JPTP,66,3.05722438388785
309,8,1994,4,JPTP,68,1.01907479462928
309,8,1994,4,JPTP,70,0.509537397314642
309,8,1994,4,JPTP,72,0
309,8,1994,4,JPTP,74,1.01907479462928
309,8,1994,4,JPTP,76,0
309,8,1994,4,JPTP,78,0
309,8,1994,4,JPTP,80,0
309,8,1994,4,JPTP,82,0
309,8,1994,4,JPTP,84,0
309,8,1994,4,JPTP,86,0
309,8,1994,4,JPTP,88,0
309,8,1994,4,JPTP,90,0
309,8,1994,4,JPTP,92,0
309,8,1994,4,JPTP,94,0
309,8,1994,4,JPTP,96,0
309,8,1994,4,JPTP,98,0
309,8,1994,4,JPTP,100,0
309,8,1994,4,JPTP,102,0
309,8,1994,4,JPTP,104,0
309,8,1994,4,JPTP,106,0
309,8,1994,4,JPTP,108,0
310,8,1995,4,JPTP,2,0
310,8,1995,4,JPTP,4,0
310,8,1995,4,JPTP,6,0
310,8,1995,4,JPTP,8,0
310,8,1995,4,JPTP,10,0
310,8,1995,4,JPTP,12,0
310,8,1995,4,JPTP,14,0
310,8,1995,4,JPTP,16,0
310,8,1995,4,JPTP,18,0
310,8,1995,4,JPTP,20,0
310,8,1995,4,JPTP,22,0
310,8,1995,4,JPTP,24,0
310,8,1995,4,JPTP,26,0.679383196419522
310,8,1995,4,JPTP,28,0.679383196419522
310,8,1995,4,JPTP,30,2.71753278567809
310,8,1995,4,JPTP,32,2.03814958925857
310,8,1995,4,JPTP,34,10.1907479462928
310,8,1995,4,JPTP,36,14.9464303212295
310,8,1995,4,JPTP,38,33.9691598209761
310,8,1995,4,JPTP,40,48.2362069457861
310,8,1995,4,JPTP,42,62.5032540705961
310,8,1995,4,JPTP,44,50.9537397314642
310,8,1995,4,JPTP,46,35.3279262138152
310,8,1995,4,JPTP,48,22.4196454818442
310,8,1995,4,JPTP,50,23.7784118746833
310,8,1995,4,JPTP,52,21.7402622854247
310,8,1995,4,JPTP,54,23.0990286782638
310,8,1995,4,JPTP,56,12.9082807319709
310,8,1995,4,JPTP,58,6.1144487677757
310,8,1995,4,JPTP,60,6.79383196419522
310,8,1995,4,JPTP,62,7.47321516061475
310,8,1995,4,JPTP,64,9.51136474987332
310,8,1995,4,JPTP,66,2.71753278567809
310,8,1995,4,JPTP,68,2.71753278567809
310,8,1995,4,JPTP,70,4.07629917851713
310,8,1995,4,JPTP,72,0.679383196419522
310,8,1995,4,JPTP,74,0
310,8,1995,4,JPTP,76,0.679383196419522
310,8,1995,4,JPTP,78,0
310,8,1995,4,JPTP,80,0
310,8,1995,4,JPTP,82,0
310,8,1995,4,JPTP,84,0
310,8,1995,4,JPTP,86,0
310,8,1995,4,JPTP,88,0
310,8,1995,4,JPTP,90,0
310,8,1995,4,JPTP,92,0
310,8,1995,4,JPTP,94,0
310,8,1995,4,JPTP,96,0
310,8,1995,4,JPTP,98,0
310,8,1995,4,JPTP,100,0
310,8,1995,4,JPTP,102,0
310,8,1995,4,JPTP,104,0
310,8,1995,4,JPTP,106,0
310,8,1995,4,JPTP,108,0
311,8,1996,4,JPTP,2,0
311,8,1996,4,JPTP,4,0
311,8,1996,4,JPTP,6,0
311,8,1996,4,JPTP,8,0
311,8,1996,4,JPTP,10,0
311,8,1996,4,JPTP,12,0
311,8,1996,4,JPTP,14,0
311,8,1996,4,JPTP,16,0
311,8,1996,4,JPTP,18,0
311,8,1996,4,JPTP,20,0
311,8,1996,4,JPTP,22,0
311,8,1996,4,JPTP,24,0
311,8,1996,4,JPTP,26,0
311,8,1996,4,JPTP,28,1.52861219194393
311,8,1996,4,JPTP,30,3.05722438388785
311,8,1996,4,JPTP,32,9.6812105489782
311,8,1996,4,JPTP,34,22.9291828791589
311,8,1996,4,JPTP,36,28.0245568523053
311,8,1996,4,JPTP,38,50.9537397314642
311,8,1996,4,JPTP,40,103.436091654872
311,8,1996,4,JPTP,42,116.684063985053
311,8,1996,4,JPTP,44,97.8311802844112
311,8,1996,4,JPTP,46,71.3352356240499
311,8,1996,4,JPTP,48,46.3679031556324
311,8,1996,4,JPTP,50,43.8202161690592
311,8,1996,4,JPTP,52,42.8011413744299
311,8,1996,4,JPTP,54,41.272529182486
311,8,1996,4,JPTP,56,23.9482576737882
311,8,1996,4,JPTP,58,12.2288975355514
311,8,1996,4,JPTP,60,17.8338089060125
311,8,1996,4,JPTP,62,13.2479723301807
311,8,1996,4,JPTP,64,5.09537397314642
311,8,1996,4,JPTP,66,5.60491137046106
311,8,1996,4,JPTP,68,2.54768698657321
311,8,1996,4,JPTP,70,3.05722438388785
311,8,1996,4,JPTP,72,0.509537397314642
311,8,1996,4,JPTP,74,1.01907479462928
311,8,1996,4,JPTP,76,0.509537397314642
311,8,1996,4,JPTP,78,0.509537397314642
311,8,1996,4,JPTP,80,0.509537397314642
311,8,1996,4,JPTP,82,0
311,8,1996,4,JPTP,84,0
311,8,1996,4,JPTP,86,0
311,8,1996,4,JPTP,88,0
311,8,1996,4,JPTP,90,0
311,8,1996,4,JPTP,92,0
311,8,1996,4,JPTP,94,0
311,8,1996,4,JPTP,96,0
311,8,1996,4,JPTP,98,0
311,8,1996,4,JPTP,100,0
311,8,1996,4,JPTP,102,0
311,8,1996,4,JPTP,104,0
311,8,1996,4,JPTP,106,0
311,8,1996,4,JPTP,108,0
312,8,2001,4,JPTP,2,0
312,8,2001,4,JPTP,4,0
312,8,2001,4,JPTP,6,0
312,8,2001,4,JPTP,8,0
312,8,2001,4,JPTP,10,0
312,8,2001,4,JPTP,12,0
312,8,2001,4,JPTP,14,0
312,8,2001,4,JPTP,16,0
312,8,2001,4,JPTP,18,0
312,8,2001,4,JPTP,20,0
312,8,2001,4,JPTP,22,0
312,8,2001,4,JPTP,24,0
312,8,2001,4,JPTP,26,0
312,8,2001,4,JPTP,28,0
312,8,2001,4,JPTP,30,0
312,8,2001,4,JPTP,32,0
312,8,2001,4,JPTP,34,0
312,8,2001,4,JPTP,36,0
312,8,2001,4,JPTP,38,0
312,8,2001,4,JPTP,40,0
312,8,2001,4,JPTP,42,0
312,8,2001,4,JPTP,44,0
312,8,2001,4,JPTP,46,0
312,8,2001,4,JPTP,48,0
312,8,2001,4,JPTP,50,0
312,8,2001,4,JPTP,52,0.679383196419522
312,8,2001,4,JPTP,54,0
312,8,2001,4,JPTP,56,0.679383196419522
312,8,2001,4,JPTP,58,6.1144487677757
312,8,2001,4,JPTP,60,17.6639631069076
312,8,2001,4,JPTP,62,5.43506557135618
312,8,2001,4,JPTP,64,7.47321516061475
312,8,2001,4,JPTP,66,4.75568237493666
312,8,2001,4,JPTP,68,1.35876639283904
312,8,2001,4,JPTP,70,0
312,8,2001,4,JPTP,72,0
312,8,2001,4,JPTP,74,0
312,8,2001,4,JPTP,76,0
312,8,2001,4,JPTP,78,0
312,8,2001,4,JPTP,80,0
312,8,2001,4,JPTP,82,0
312,8,2001,4,JPTP,84,0
312,8,2001,4,JPTP,86,0
312,8,2001,4,JPTP,88,0
312,8,2001,4,JPTP,90,0
312,8,2001,4,JPTP,92,0
312,8,2001,4,JPTP,94,0
312,8,2001,4,JPTP,96,0
312,8,2001,4,JPTP,98,0
312,8,2001,4,JPTP,100,0
312,8,2001,4,JPTP,102,0
312,8,2001,4,JPTP,104,0
312,8,2001,4,JPTP,106,0
312,8,2001,4,JPTP,108,0
313,8,2002,4,JPTP,2,0
313,8,2002,4,JPTP,4,0
313,8,2002,4,JPTP,6,0
313,8,2002,4,JPTP,8,0
313,8,2002,4,JPTP,10,0
313,8,2002,4,JPTP,12,0
313,8,2002,4,JPTP,14,0
313,8,2002,4,JPTP,16,0
313,8,2002,4,JPTP,18,0
313,8,2002,4,JPTP,20,0
313,8,2002,4,JPTP,22,0
313,8,2002,4,JPTP,24,0
313,8,2002,4,JPTP,26,0
313,8,2002,4,JPTP,28,0
313,8,2002,4,JPTP,30,0
313,8,2002,4,JPTP,32,0
313,8,2002,4,JPTP,34,0
313,8,2002,4,JPTP,36,0.679383196419522
313,8,2002,4,JPTP,38,3.39691598209761
313,8,2002,4,JPTP,40,1.35876639283904
313,8,2002,4,JPTP,42,5.43506557135618
313,8,2002,4,JPTP,44,10.1907479462928
313,8,2002,4,JPTP,46,24.4577950711028
313,8,2002,4,JPTP,48,12.9082807319709
313,8,2002,4,JPTP,50,8.15259835703427
313,8,2002,4,JPTP,52,2.71753278567809
313,8,2002,4,JPTP,54,2.71753278567809
313,8,2002,4,JPTP,56,0
313,8,2002,4,JPTP,58,1.35876639283904
313,8,2002,4,JPTP,60,0.679383196419522
313,8,2002,4,JPTP,62,0
313,8,2002,4,JPTP,64,0
313,8,2002,4,JPTP,66,0
313,8,2002,4,JPTP,68,0
313,8,2002,4,JPTP,70,0
313,8,2002,4,JPTP,72,0
313,8,2002,4,JPTP,74,0
313,8,2002,4,JPTP,76,0
313,8,2002,4,JPTP,78,0
313,8,2002,4,JPTP,80,0
313,8,2002,4,JPTP,82,0
313,8,2002,4,JPTP,84,0
313,8,2002,4,JPTP,86,0
313,8,2002,4,JPTP,88,0
313,8,2002,4,JPTP,90,0
313,8,2002,4,JPTP,92,0
313,8,2002,4,JPTP,94,0
313,8,2002,4,JPTP,96,0
313,8,2002,4,JPTP,98,0
313,8,2002,4,JPTP,100,0
313,8,2002,4,JPTP,102,0
313,8,2002,4,JPTP,104,0
313,8,2002,4,JPTP,106,0
313,8,2002,4,JPTP,108,0
314,8,2019,1,JPTP,2,0
314,8,2019,1,JPTP,4,0
314,8,2019,1,JPTP,6,0
314,8,2019,1,JPTP,8,0
314,8,2019,1,JPTP,10,0
314,8,2019,1,JPTP,12,0
314,8,2019,1,JPTP,14,0
314,8,2019,1,JPTP,16,0
314,8,2019,1,JPTP,18,0
314,8,2019,1,JPTP,20,0
314,8,2019,1,JPTP,22,0
314,8,2019,1,JPTP,24,0
314,8,2019,1,JPTP,26,0
314,8,2019,1,JPTP,28,0.679383196419522
314,8,2019,1,JPTP,30,0.679383196419522
314,8,2019,1,JPTP,32,11.5495143391319
314,8,2019,1,JPTP,34,35.3279262138152
314,8,2019,1,JPTP,36,21.0608790890052
314,8,2019,1,JPTP,38,27.8547110532004
314,8,2019,1,JPTP,40,19.7021126961662
314,8,2019,1,JPTP,42,14.26704712481
314,8,2019,1,JPTP,44,1.35876639283904
314,8,2019,1,JPTP,46,0
314,8,2019,1,JPTP,48,0.679383196419522
314,8,2019,1,JPTP,50,0
314,8,2019,1,JPTP,52,0
314,8,2019,1,JPTP,54,0
314,8,2019,1,JPTP,56,0
314,8,2019,1,JPTP,58,0
314,8,2019,1,JPTP,60,0
314,8,2019,1,JPTP,62,0
314,8,2019,1,JPTP,64,0
314,8,2019,1,JPTP,66,0
314,8,2019,1,JPTP,68,0
314,8,2019,1,JPTP,70,0
314,8,2019,1,JPTP,72,0
314,8,2019,1,JPTP,74,0
314,8,2019,1,JPTP,76,0
314,8,2019,1,JPTP,78,0
314,8,2019,1,JPTP,80,0
314,8,2019,1,JPTP,82,0
314,8,2019,1,JPTP,84,0
314,8,2019,1,JPTP,86,0
314,8,2019,1,JPTP,88,0
314,8,2019,1,JPTP,90,0
314,8,2019,1,JPTP,92,0
314,8,2019,1,JPTP,94,0
314,8,2019,1,JPTP,96,0
314,8,2019,1,JPTP,98,0
314,8,2019,1,JPTP,100,0
314,8,2019,1,JPTP,102,0
314,8,2019,1,JPTP,104,0
314,8,2019,1,JPTP,106,0
314,8,2019,1,JPTP,108,0
