rel.group,rel.area,rel.year,rel.season,program,rel.length,rec.fishery,rec.year,rec.season,rec.number
1,5,1990,3,RTTP,30,20,1991,1,1
1,5,1990,3,RTTP,32,12,1990,3,2
1,5,1990,3,RTTP,32,14,1990,4,1
1,5,1990,3,RTTP,32,26,1990,4,6
1,5,1990,3,RTTP,32,26,1991,1,2
1,5,1990,3,RTTP,34,10,1993,2,1
1,5,1990,3,RTTP,34,12,1990,3,11
1,5,1990,3,RTTP,34,12,1991,1,1
1,5,1990,3,RTTP,34,16,1990,4,1
1,5,1990,3,RTTP,34,20,1991,1,1
1,5,1990,3,RTTP,34,25,1991,1,2
1,5,1990,3,RTTP,34,26,1990,4,8
1,5,1990,3,RTTP,34,26,1991,1,1
1,5,1990,3,RTTP,36,12,1990,3,2
1,5,1990,3,RTTP,36,14,1990,3,5
1,5,1990,3,RTTP,36,25,1991,1,1
1,5,1990,3,RTTP,36,25,1991,2,2
1,5,1990,3,RTTP,36,26,1990,4,5
1,5,1990,3,RTTP,36,26,1991,1,6
1,5,1990,3,RTTP,36,26,1991,2,3
1,5,1990,3,RTTP,38,10,1991,1,1
1,5,1990,3,RTTP,38,12,1990,4,1
1,5,1990,3,RTTP,38,13,1990,4,2
1,5,1990,3,RTTP,38,13,1991,1,1
1,5,1990,3,RTTP,38,13,1991,2,1
1,5,1990,3,RTTP,38,14,1990,3,20
1,5,1990,3,RTTP,38,14,1991,3,1
1,5,1990,3,RTTP,38,15,1991,1,3
1,5,1990,3,RTTP,38,15,1991,2,2
1,5,1990,3,RTTP,38,20,1990,4,4
1,5,1990,3,RTTP,38,20,1991,2,1
1,5,1990,3,RTTP,38,25,1990,4,3
1,5,1990,3,RTTP,38,26,1990,4,26
1,5,1990,3,RTTP,38,26,1991,1,2
1,5,1990,3,RTTP,38,26,1991,2,5
1,5,1990,3,RTTP,38,26,1991,3,2
1,5,1990,3,RTTP,38,27,1990,4,1
1,5,1990,3,RTTP,40,10,1990,3,1
1,5,1990,3,RTTP,40,10,1992,3,1
1,5,1990,3,RTTP,40,12,1990,3,2
1,5,1990,3,RTTP,40,12,1990,4,1
1,5,1990,3,RTTP,40,12,1991,1,1
1,5,1990,3,RTTP,40,13,1990,4,1
1,5,1990,3,RTTP,40,14,1990,3,19
1,5,1990,3,RTTP,40,14,1990,4,1
1,5,1990,3,RTTP,40,14,1991,2,2
1,5,1990,3,RTTP,40,15,1990,3,1
1,5,1990,3,RTTP,40,15,1991,2,3
1,5,1990,3,RTTP,40,16,1990,4,2
1,5,1990,3,RTTP,40,20,1990,4,2
1,5,1990,3,RTTP,40,20,1991,1,2
1,5,1990,3,RTTP,40,20,1991,2,3
1,5,1990,3,RTTP,40,25,1990,4,1
1,5,1990,3,RTTP,40,25,1991,1,2
1,5,1990,3,RTTP,40,25,1991,2,1
1,5,1990,3,RTTP,40,26,1990,3,1
1,5,1990,3,RTTP,40,26,1990,4,19
1,5,1990,3,RTTP,40,26,1991,1,6
1,5,1990,3,RTTP,40,26,1991,2,2
1,5,1990,3,RTTP,42,10,1990,3,1
1,5,1990,3,RTTP,42,10,1990,4,1
1,5,1990,3,RTTP,42,12,1990,3,3
1,5,1990,3,RTTP,42,12,1990,4,5
1,5,1990,3,RTTP,42,12,1991,1,1
1,5,1990,3,RTTP,42,12,1991,3,1
1,5,1990,3,RTTP,42,12,1992,1,1
1,5,1990,3,RTTP,42,13,1990,4,1
1,5,1990,3,RTTP,42,14,1990,3,5
1,5,1990,3,RTTP,42,15,1991,2,2
1,5,1990,3,RTTP,42,20,1991,1,1
1,5,1990,3,RTTP,42,20,1991,2,2
1,5,1990,3,RTTP,42,20,1991,4,1
1,5,1990,3,RTTP,42,21,1991,1,1
1,5,1990,3,RTTP,42,25,1990,4,2
1,5,1990,3,RTTP,42,25,1991,1,1
1,5,1990,3,RTTP,42,26,1990,4,5
1,5,1990,3,RTTP,42,26,1991,1,1
1,5,1990,3,RTTP,42,26,1991,2,1
1,5,1990,3,RTTP,42,26,1991,4,1
1,5,1990,3,RTTP,42,29,1991,4,1
1,5,1990,3,RTTP,44,10,1990,3,2
1,5,1990,3,RTTP,44,10,1991,1,1
1,5,1990,3,RTTP,44,10,1991,2,1
1,5,1990,3,RTTP,44,12,1990,3,3
1,5,1990,3,RTTP,44,12,1990,4,5
1,5,1990,3,RTTP,44,12,1991,2,2
1,5,1990,3,RTTP,44,12,1991,3,2
1,5,1990,3,RTTP,44,14,1990,3,1
1,5,1990,3,RTTP,44,15,1990,4,1
1,5,1990,3,RTTP,44,15,1991,2,2
1,5,1990,3,RTTP,44,26,1990,4,3
1,5,1990,3,RTTP,44,26,1991,1,2
1,5,1990,3,RTTP,44,26,1991,3,2
1,5,1990,3,RTTP,44,27,1991,2,1
1,5,1990,3,RTTP,46,10,1991,1,3
1,5,1990,3,RTTP,46,12,1990,3,3
1,5,1990,3,RTTP,46,12,1990,4,3
1,5,1990,3,RTTP,46,12,1991,2,1
1,5,1990,3,RTTP,46,12,1992,1,1
1,5,1990,3,RTTP,46,14,1991,2,1
1,5,1990,3,RTTP,46,15,1991,2,2
1,5,1990,3,RTTP,46,20,1990,4,1
1,5,1990,3,RTTP,46,26,1990,4,9
1,5,1990,3,RTTP,46,26,1991,1,3
1,5,1990,3,RTTP,46,27,1991,2,1
1,5,1990,3,RTTP,48,10,1990,3,6
1,5,1990,3,RTTP,48,10,1993,3,1
1,5,1990,3,RTTP,48,12,1990,3,2
1,5,1990,3,RTTP,48,12,1990,4,5
1,5,1990,3,RTTP,48,12,1991,2,1
1,5,1990,3,RTTP,48,15,1991,2,2
1,5,1990,3,RTTP,48,20,1991,1,1
1,5,1990,3,RTTP,48,20,1991,2,1
1,5,1990,3,RTTP,48,25,1990,4,1
1,5,1990,3,RTTP,48,26,1990,4,2
1,5,1990,3,RTTP,48,26,1991,1,2
1,5,1990,3,RTTP,48,26,1991,3,1
1,5,1990,3,RTTP,50,10,1990,3,7
1,5,1990,3,RTTP,50,10,1991,1,1
1,5,1990,3,RTTP,50,12,1990,3,3
1,5,1990,3,RTTP,50,12,1990,4,5
1,5,1990,3,RTTP,50,12,1991,2,4
1,5,1990,3,RTTP,50,25,1990,4,2
1,5,1990,3,RTTP,50,26,1990,4,4
1,5,1990,3,RTTP,50,26,1991,2,2
1,5,1990,3,RTTP,50,26,1991,3,1
1,5,1990,3,RTTP,50,26,1991,4,1
1,5,1990,3,RTTP,50,30,1992,2,1
1,5,1990,3,RTTP,52,10,1990,3,6
1,5,1990,3,RTTP,52,10,1991,1,2
1,5,1990,3,RTTP,52,12,1990,3,3
1,5,1990,3,RTTP,52,12,1990,4,6
1,5,1990,3,RTTP,52,12,1991,3,1
1,5,1990,3,RTTP,52,12,1992,1,1
1,5,1990,3,RTTP,52,12,1993,1,2
1,5,1990,3,RTTP,52,14,1990,3,1
1,5,1990,3,RTTP,52,14,1990,4,1
1,5,1990,3,RTTP,52,14,1991,2,1
1,5,1990,3,RTTP,52,15,1991,1,1
1,5,1990,3,RTTP,52,20,1991,3,1
1,5,1990,3,RTTP,52,25,1990,4,3
1,5,1990,3,RTTP,52,26,1990,4,1
1,5,1990,3,RTTP,52,30,1992,3,1
1,5,1990,3,RTTP,54,10,1990,3,5
1,5,1990,3,RTTP,54,10,1990,4,2
1,5,1990,3,RTTP,54,10,1991,2,1
1,5,1990,3,RTTP,54,12,1990,3,5
1,5,1990,3,RTTP,54,12,1990,4,4
1,5,1990,3,RTTP,54,12,1991,3,1
1,5,1990,3,RTTP,54,12,1992,1,1
1,5,1990,3,RTTP,54,12,1993,4,1
1,5,1990,3,RTTP,56,10,1990,3,2
1,5,1990,3,RTTP,56,10,1991,1,1
1,5,1990,3,RTTP,56,10,1991,2,1
1,5,1990,3,RTTP,56,12,1990,3,11
1,5,1990,3,RTTP,56,12,1990,4,2
1,5,1990,3,RTTP,56,12,1991,2,1
1,5,1990,3,RTTP,56,12,1991,3,4
1,5,1990,3,RTTP,56,12,1992,1,1
1,5,1990,3,RTTP,56,12,1993,4,1
1,5,1990,3,RTTP,56,12,1994,1,1
1,5,1990,3,RTTP,58,10,1990,3,6
1,5,1990,3,RTTP,58,10,1991,3,1
1,5,1990,3,RTTP,58,10,1992,2,1
1,5,1990,3,RTTP,58,12,1990,3,8
1,5,1990,3,RTTP,58,12,1990,4,4
1,5,1990,3,RTTP,58,12,1991,1,1
1,5,1990,3,RTTP,58,12,1991,3,1
1,5,1990,3,RTTP,58,12,1992,1,1
1,5,1990,3,RTTP,60,10,1990,3,2
1,5,1990,3,RTTP,60,10,1993,3,1
1,5,1990,3,RTTP,60,12,1990,3,2
1,5,1990,3,RTTP,60,12,1990,4,1
1,5,1990,3,RTTP,60,12,1991,3,1
1,5,1990,3,RTTP,60,15,1990,3,1
1,5,1990,3,RTTP,64,10,1990,3,1
2,5,1991,1,RTTP,28,14,1991,1,1
2,5,1991,1,RTTP,28,14,1991,4,1
2,5,1991,1,RTTP,30,14,1991,1,7
2,5,1991,1,RTTP,30,14,1991,2,3
2,5,1991,1,RTTP,30,14,1991,4,2
2,5,1991,1,RTTP,32,11,1991,1,1
2,5,1991,1,RTTP,32,14,1991,1,40
2,5,1991,1,RTTP,32,14,1991,2,2
2,5,1991,1,RTTP,32,14,1991,3,3
2,5,1991,1,RTTP,32,14,1991,4,4
2,5,1991,1,RTTP,32,14,1992,2,1
2,5,1991,1,RTTP,34,14,1991,1,146
2,5,1991,1,RTTP,34,14,1991,2,20
2,5,1991,1,RTTP,34,14,1991,3,1
2,5,1991,1,RTTP,34,14,1991,4,6
2,5,1991,1,RTTP,34,14,1992,2,1
2,5,1991,1,RTTP,34,15,1992,1,1
2,5,1991,1,RTTP,36,14,1991,1,106
2,5,1991,1,RTTP,36,14,1991,2,14
2,5,1991,1,RTTP,36,14,1991,3,2
2,5,1991,1,RTTP,36,14,1991,4,6
2,5,1991,1,RTTP,36,14,1992,1,2
2,5,1991,1,RTTP,36,14,1992,3,1
2,5,1991,1,RTTP,36,26,1991,3,1
2,5,1991,1,RTTP,36,26,1992,4,1
2,5,1991,1,RTTP,38,14,1991,1,52
2,5,1991,1,RTTP,38,14,1991,2,17
2,5,1991,1,RTTP,38,14,1991,3,5
2,5,1991,1,RTTP,38,14,1991,4,12
2,5,1991,1,RTTP,38,14,1992,1,4
2,5,1991,1,RTTP,38,14,1992,3,2
2,5,1991,1,RTTP,38,14,1993,1,1
2,5,1991,1,RTTP,38,15,1992,2,2
2,5,1991,1,RTTP,38,20,1991,2,1
2,5,1991,1,RTTP,38,26,1991,3,4
2,5,1991,1,RTTP,38,26,1991,4,1
2,5,1991,1,RTTP,38,26,1992,1,1
2,5,1991,1,RTTP,38,30,1992,1,1
2,5,1991,1,RTTP,40,14,1991,1,20
2,5,1991,1,RTTP,40,14,1991,2,7
2,5,1991,1,RTTP,40,14,1991,3,1
2,5,1991,1,RTTP,40,14,1991,4,5
2,5,1991,1,RTTP,40,15,1991,2,1
2,5,1991,1,RTTP,40,26,1991,4,1
2,5,1991,1,RTTP,42,14,1991,1,8
2,5,1991,1,RTTP,42,14,1991,2,5
2,5,1991,1,RTTP,42,14,1991,4,2
2,5,1991,1,RTTP,42,14,1992,3,1
2,5,1991,1,RTTP,42,26,1991,4,1
2,5,1991,1,RTTP,44,14,1991,1,8
2,5,1991,1,RTTP,44,14,1991,2,3
2,5,1991,1,RTTP,44,14,1991,4,1
2,5,1991,1,RTTP,44,26,1992,1,1
2,5,1991,1,RTTP,46,14,1991,1,14
2,5,1991,1,RTTP,46,14,1991,2,12
2,5,1991,1,RTTP,46,14,1991,3,2
2,5,1991,1,RTTP,46,14,1991,4,3
2,5,1991,1,RTTP,46,26,1993,2,1
2,5,1991,1,RTTP,46,31,1992,1,1
2,5,1991,1,RTTP,48,13,1991,2,1
2,5,1991,1,RTTP,48,14,1991,1,10
2,5,1991,1,RTTP,48,14,1991,2,8
2,5,1991,1,RTTP,48,14,1991,3,2
2,5,1991,1,RTTP,48,14,1991,4,5
2,5,1991,1,RTTP,48,14,1992,3,1
2,5,1991,1,RTTP,48,15,1992,1,1
2,5,1991,1,RTTP,48,20,1992,1,1
2,5,1991,1,RTTP,48,26,1991,2,2
2,5,1991,1,RTTP,48,26,1991,4,2
2,5,1991,1,RTTP,50,14,1991,1,10
2,5,1991,1,RTTP,50,14,1991,2,18
2,5,1991,1,RTTP,50,14,1991,3,7
2,5,1991,1,RTTP,50,14,1991,4,3
2,5,1991,1,RTTP,50,14,1992,2,1
2,5,1991,1,RTTP,50,15,1991,2,1
2,5,1991,1,RTTP,50,20,1991,4,1
2,5,1991,1,RTTP,50,26,1991,3,1
2,5,1991,1,RTTP,52,14,1991,1,8
2,5,1991,1,RTTP,52,14,1991,2,13
2,5,1991,1,RTTP,52,14,1991,3,4
2,5,1991,1,RTTP,52,14,1991,4,2
2,5,1991,1,RTTP,52,26,1991,4,2
2,5,1991,1,RTTP,52,27,1992,3,1
2,5,1991,1,RTTP,54,14,1991,1,3
2,5,1991,1,RTTP,54,14,1991,2,5
2,5,1991,1,RTTP,54,14,1991,3,4
2,5,1991,1,RTTP,54,15,1992,3,1
2,5,1991,1,RTTP,54,26,1991,1,1
2,5,1991,1,RTTP,54,26,1991,2,1
2,5,1991,1,RTTP,54,30,1991,3,1
2,5,1991,1,RTTP,56,13,1991,2,1
2,5,1991,1,RTTP,56,14,1991,1,4
2,5,1991,1,RTTP,56,14,1991,2,16
2,5,1991,1,RTTP,56,14,1991,3,3
2,5,1991,1,RTTP,56,15,1991,2,1
2,5,1991,1,RTTP,56,26,1991,3,2
2,5,1991,1,RTTP,58,14,1991,1,6
2,5,1991,1,RTTP,58,14,1991,2,6
2,5,1991,1,RTTP,58,14,1991,3,2
2,5,1991,1,RTTP,58,26,1991,2,1
2,5,1991,1,RTTP,58,26,1991,3,1
2,5,1991,1,RTTP,58,26,1992,2,1
2,5,1991,1,RTTP,60,14,1991,1,1
2,5,1991,1,RTTP,60,14,1991,2,2
2,5,1991,1,RTTP,60,26,1993,2,1
2,5,1991,1,RTTP,62,14,1991,1,1
2,5,1991,1,RTTP,62,14,1991,2,1
2,5,1991,1,RTTP,64,14,1991,1,7
2,5,1991,1,RTTP,64,14,1991,2,1
2,5,1991,1,RTTP,66,14,1991,1,5
2,5,1991,1,RTTP,66,14,1991,2,1
2,5,1991,1,RTTP,68,14,1991,1,2
2,5,1991,1,RTTP,68,14,1991,2,2
2,5,1991,1,RTTP,68,14,1991,4,1
3,5,1991,2,RTTP,30,12,1991,2,1
3,5,1991,2,RTTP,30,12,1991,3,1
3,5,1991,2,RTTP,32,10,1991,2,3
3,5,1991,2,RTTP,32,10,1992,1,1
3,5,1991,2,RTTP,32,12,1991,2,8
3,5,1991,2,RTTP,32,12,1991,3,5
3,5,1991,2,RTTP,32,12,1991,4,2
3,5,1991,2,RTTP,32,12,1992,1,1
3,5,1991,2,RTTP,32,12,1992,2,1
3,5,1991,2,RTTP,32,12,1992,4,1
3,5,1991,2,RTTP,32,14,1991,4,2
3,5,1991,2,RTTP,32,20,1991,4,2
3,5,1991,2,RTTP,32,20,1992,2,6
3,5,1991,2,RTTP,32,26,1991,2,2
3,5,1991,2,RTTP,32,26,1991,4,2
3,5,1991,2,RTTP,34,10,1991,2,4
3,5,1991,2,RTTP,34,10,1991,3,1
3,5,1991,2,RTTP,34,10,1992,3,1
3,5,1991,2,RTTP,34,10,1993,1,1
3,5,1991,2,RTTP,34,12,1991,2,26
3,5,1991,2,RTTP,34,12,1991,3,2
3,5,1991,2,RTTP,34,12,1991,4,7
3,5,1991,2,RTTP,34,12,1992,1,3
3,5,1991,2,RTTP,34,12,1992,2,2
3,5,1991,2,RTTP,34,12,1992,3,1
3,5,1991,2,RTTP,34,12,1992,4,1
3,5,1991,2,RTTP,34,12,1993,1,1
3,5,1991,2,RTTP,34,14,1991,3,1
3,5,1991,2,RTTP,34,14,1991,4,1
3,5,1991,2,RTTP,34,15,1991,2,1
3,5,1991,2,RTTP,34,15,1991,4,1
3,5,1991,2,RTTP,34,20,1991,2,3
3,5,1991,2,RTTP,34,20,1991,4,3
3,5,1991,2,RTTP,34,20,1992,2,3
3,5,1991,2,RTTP,34,26,1991,3,1
3,5,1991,2,RTTP,34,26,1991,4,2
3,5,1991,2,RTTP,36,10,1991,2,7
3,5,1991,2,RTTP,36,10,1991,3,2
3,5,1991,2,RTTP,36,10,1991,4,1
3,5,1991,2,RTTP,36,10,1992,1,1
3,5,1991,2,RTTP,36,10,1992,2,1
3,5,1991,2,RTTP,36,10,1992,3,3
3,5,1991,2,RTTP,36,12,1991,2,16
3,5,1991,2,RTTP,36,12,1991,3,5
3,5,1991,2,RTTP,36,12,1992,1,2
3,5,1991,2,RTTP,36,12,1992,2,2
3,5,1991,2,RTTP,36,12,1992,3,1
3,5,1991,2,RTTP,36,15,1991,2,2
3,5,1991,2,RTTP,36,20,1991,3,1
3,5,1991,2,RTTP,36,20,1991,4,2
3,5,1991,2,RTTP,36,20,1992,2,5
3,5,1991,2,RTTP,36,26,1991,2,1
3,5,1991,2,RTTP,36,26,1991,3,3
3,5,1991,2,RTTP,38,10,1991,2,3
3,5,1991,2,RTTP,38,10,1991,3,3
3,5,1991,2,RTTP,38,10,1992,3,3
3,5,1991,2,RTTP,38,10,1992,4,2
3,5,1991,2,RTTP,38,10,1993,1,1
3,5,1991,2,RTTP,38,12,1991,2,9
3,5,1991,2,RTTP,38,12,1991,3,2
3,5,1991,2,RTTP,38,12,1991,4,2
3,5,1991,2,RTTP,38,12,1992,1,1
3,5,1991,2,RTTP,38,12,1992,3,2
3,5,1991,2,RTTP,38,15,1991,2,1
3,5,1991,2,RTTP,38,20,1991,2,1
3,5,1991,2,RTTP,38,20,1991,4,3
3,5,1991,2,RTTP,38,20,1992,2,1
3,5,1991,2,RTTP,38,20,1992,3,1
3,5,1991,2,RTTP,38,26,1991,2,3
3,5,1991,2,RTTP,38,26,1991,3,1
3,5,1991,2,RTTP,38,26,1991,4,2
3,5,1991,2,RTTP,40,10,1991,2,2
3,5,1991,2,RTTP,40,10,1991,3,1
3,5,1991,2,RTTP,40,10,1992,3,1
3,5,1991,2,RTTP,40,12,1991,2,5
3,5,1991,2,RTTP,40,12,1991,3,1
3,5,1991,2,RTTP,40,12,1991,4,1
3,5,1991,2,RTTP,40,12,1992,1,1
3,5,1991,2,RTTP,40,14,1991,2,2
3,5,1991,2,RTTP,40,14,1991,3,2
3,5,1991,2,RTTP,40,15,1991,2,8
3,5,1991,2,RTTP,40,15,1991,3,2
3,5,1991,2,RTTP,40,15,1992,3,1
3,5,1991,2,RTTP,40,16,1991,3,1
3,5,1991,2,RTTP,40,20,1991,3,1
3,5,1991,2,RTTP,40,26,1991,2,3
3,5,1991,2,RTTP,40,26,1991,3,15
3,5,1991,2,RTTP,40,26,1991,4,3
3,5,1991,2,RTTP,40,30,1991,3,1
3,5,1991,2,RTTP,42,10,1991,2,1
3,5,1991,2,RTTP,42,13,1991,2,1
3,5,1991,2,RTTP,42,14,1991,3,4
3,5,1991,2,RTTP,42,15,1991,2,7
3,5,1991,2,RTTP,42,20,1991,2,1
3,5,1991,2,RTTP,42,20,1991,4,1
3,5,1991,2,RTTP,42,26,1991,2,5
3,5,1991,2,RTTP,42,26,1991,3,9
3,5,1991,2,RTTP,42,26,1991,4,3
3,5,1991,2,RTTP,44,12,1991,2,1
3,5,1991,2,RTTP,44,12,1991,3,1
3,5,1991,2,RTTP,44,12,1992,3,2
3,5,1991,2,RTTP,44,15,1991,2,5
3,5,1991,2,RTTP,44,20,1991,2,1
3,5,1991,2,RTTP,44,20,1992,2,1
3,5,1991,2,RTTP,44,26,1991,2,2
3,5,1991,2,RTTP,44,26,1991,3,4
3,5,1991,2,RTTP,44,26,1991,4,4
3,5,1991,2,RTTP,44,30,1991,2,1
3,5,1991,2,RTTP,44,31,1992,4,1
3,5,1991,2,RTTP,46,10,1991,2,2
3,5,1991,2,RTTP,46,10,1992,3,1
3,5,1991,2,RTTP,46,12,1991,2,1
3,5,1991,2,RTTP,46,14,1991,2,1
3,5,1991,2,RTTP,46,15,1991,2,3
3,5,1991,2,RTTP,46,20,1991,4,1
3,5,1991,2,RTTP,46,20,1992,2,1
3,5,1991,2,RTTP,46,26,1991,2,2
3,5,1991,2,RTTP,46,26,1991,3,4
3,5,1991,2,RTTP,46,26,1991,4,3
3,5,1991,2,RTTP,48,15,1991,2,1
3,5,1991,2,RTTP,48,20,1992,1,1
3,5,1991,2,RTTP,48,26,1991,2,1
3,5,1991,2,RTTP,48,26,1991,3,2
3,5,1991,2,RTTP,48,26,1991,4,2
3,5,1991,2,RTTP,48,30,1991,3,1
3,5,1991,2,RTTP,50,10,1991,2,1
3,5,1991,2,RTTP,50,10,1992,4,1
3,5,1991,2,RTTP,50,15,1991,2,4
3,5,1991,2,RTTP,50,26,1991,2,1
3,5,1991,2,RTTP,50,26,1991,3,5
3,5,1991,2,RTTP,50,26,1992,3,1
3,5,1991,2,RTTP,50,30,1991,2,1
3,5,1991,2,RTTP,52,10,1991,2,1
3,5,1991,2,RTTP,52,10,1991,3,1
3,5,1991,2,RTTP,52,10,1992,1,1
3,5,1991,2,RTTP,52,10,1992,3,1
3,5,1991,2,RTTP,52,12,1991,2,1
3,5,1991,2,RTTP,52,12,1991,4,1
3,5,1991,2,RTTP,52,12,1992,1,2
3,5,1991,2,RTTP,52,12,1993,2,1
3,5,1991,2,RTTP,52,15,1991,2,4
3,5,1991,2,RTTP,52,20,1991,2,2
3,5,1991,2,RTTP,52,26,1991,3,2
3,5,1991,2,RTTP,52,26,1991,4,1
3,5,1991,2,RTTP,54,10,1991,2,1
3,5,1991,2,RTTP,54,12,1991,2,1
3,5,1991,2,RTTP,54,12,1991,3,2
3,5,1991,2,RTTP,54,12,1994,1,1
3,5,1991,2,RTTP,54,14,1991,3,1
3,5,1991,2,RTTP,54,15,1991,2,3
3,5,1991,2,RTTP,54,20,1991,2,1
3,5,1991,2,RTTP,54,20,1991,4,1
3,5,1991,2,RTTP,54,26,1991,3,2
3,5,1991,2,RTTP,54,27,1992,3,1
3,5,1991,2,RTTP,54,30,1992,1,1
3,5,1991,2,RTTP,56,10,1991,2,3
3,5,1991,2,RTTP,56,12,1991,3,1
3,5,1991,2,RTTP,56,12,1992,1,1
3,5,1991,2,RTTP,56,15,1991,2,3
3,5,1991,2,RTTP,56,20,1991,2,1
3,5,1991,2,RTTP,56,26,1991,3,3
3,5,1991,2,RTTP,56,26,1992,4,2
3,5,1991,2,RTTP,58,12,1991,3,1
3,5,1991,2,RTTP,58,15,1991,2,1
3,5,1991,2,RTTP,58,20,1992,2,1
3,5,1991,2,RTTP,58,26,1991,2,2
3,5,1991,2,RTTP,58,26,1991,3,3
3,5,1991,2,RTTP,60,26,1992,3,1
5,5,1992,3,RTTP,22,10,1992,4,1
5,5,1992,3,RTTP,24,10,1992,3,1
5,5,1992,3,RTTP,24,12,1992,3,1
5,5,1992,3,RTTP,24,12,1993,1,1
5,5,1992,3,RTTP,26,10,1992,3,2
5,5,1992,3,RTTP,26,12,1992,3,8
5,5,1992,3,RTTP,26,12,1992,4,4
5,5,1992,3,RTTP,26,12,1993,1,1
5,5,1992,3,RTTP,28,10,1992,3,12
5,5,1992,3,RTTP,28,10,1992,4,5
5,5,1992,3,RTTP,28,12,1992,3,33
5,5,1992,3,RTTP,28,12,1992,4,3
5,5,1992,3,RTTP,30,10,1992,3,17
5,5,1992,3,RTTP,30,10,1992,4,3
5,5,1992,3,RTTP,30,10,1993,3,1
5,5,1992,3,RTTP,30,12,1992,3,39
5,5,1992,3,RTTP,30,12,1992,4,16
5,5,1992,3,RTTP,30,12,1993,1,2
5,5,1992,3,RTTP,32,10,1992,3,28
5,5,1992,3,RTTP,32,10,1993,1,1
5,5,1992,3,RTTP,32,12,1992,3,26
5,5,1992,3,RTTP,32,12,1992,4,74
5,5,1992,3,RTTP,32,12,1993,1,6
5,5,1992,3,RTTP,32,12,1993,2,2
5,5,1992,3,RTTP,34,10,1992,3,30
5,5,1992,3,RTTP,34,10,1992,4,9
5,5,1992,3,RTTP,34,10,1993,1,2
5,5,1992,3,RTTP,34,10,1993,4,1
5,5,1992,3,RTTP,34,12,1992,3,53
5,5,1992,3,RTTP,34,12,1992,4,70
5,5,1992,3,RTTP,34,12,1993,1,11
5,5,1992,3,RTTP,34,12,1993,3,1
5,5,1992,3,RTTP,36,10,1992,3,34
5,5,1992,3,RTTP,36,10,1992,4,10
5,5,1992,3,RTTP,36,10,1993,1,3
5,5,1992,3,RTTP,36,12,1992,3,166
5,5,1992,3,RTTP,36,12,1992,4,31
5,5,1992,3,RTTP,36,12,1993,1,17
5,5,1992,3,RTTP,36,12,1993,2,4
5,5,1992,3,RTTP,38,10,1992,3,27
5,5,1992,3,RTTP,38,10,1992,4,7
5,5,1992,3,RTTP,38,10,1993,1,2
5,5,1992,3,RTTP,38,12,1992,3,150
5,5,1992,3,RTTP,38,12,1992,4,5
5,5,1992,3,RTTP,38,12,1993,1,1
5,5,1992,3,RTTP,38,12,1993,2,1
5,5,1992,3,RTTP,38,26,1993,2,1
5,5,1992,3,RTTP,40,10,1992,3,25
5,5,1992,3,RTTP,40,10,1992,4,12
5,5,1992,3,RTTP,40,10,1993,1,2
5,5,1992,3,RTTP,40,12,1992,3,129
5,5,1992,3,RTTP,40,12,1992,4,7
5,5,1992,3,RTTP,40,12,1993,1,1
5,5,1992,3,RTTP,42,10,1992,3,16
5,5,1992,3,RTTP,42,10,1992,4,7
5,5,1992,3,RTTP,42,10,1995,3,1
5,5,1992,3,RTTP,42,12,1992,3,92
5,5,1992,3,RTTP,44,10,1992,3,14
5,5,1992,3,RTTP,44,10,1992,4,4
5,5,1992,3,RTTP,44,12,1992,3,81
5,5,1992,3,RTTP,44,12,1992,4,3
5,5,1992,3,RTTP,44,20,1993,1,1
5,5,1992,3,RTTP,44,26,1992,3,1
5,5,1992,3,RTTP,46,10,1992,3,7
5,5,1992,3,RTTP,46,10,1992,4,2
5,5,1992,3,RTTP,46,12,1992,3,31
5,5,1992,3,RTTP,46,12,1992,4,1
5,5,1992,3,RTTP,46,26,1992,4,1
5,5,1992,3,RTTP,48,10,1992,3,3
5,5,1992,3,RTTP,48,10,1992,4,1
5,5,1992,3,RTTP,48,12,1992,3,12
5,5,1992,3,RTTP,50,10,1992,3,3
5,5,1992,3,RTTP,50,12,1992,3,6
5,5,1992,3,RTTP,52,10,1992,3,1
5,5,1992,3,RTTP,52,12,1992,3,1
5,5,1992,3,RTTP,54,12,1992,3,1
6,5,1992,4,RTTP,24,12,1992,4,6
6,5,1992,4,RTTP,24,12,1993,1,1
6,5,1992,4,RTTP,24,12,1993,2,1
6,5,1992,4,RTTP,26,12,1992,4,8
6,5,1992,4,RTTP,26,12,1993,2,1
6,5,1992,4,RTTP,28,12,1992,4,19
6,5,1992,4,RTTP,28,12,1993,1,2
6,5,1992,4,RTTP,30,10,1992,4,2
6,5,1992,4,RTTP,30,12,1992,4,31
6,5,1992,4,RTTP,30,12,1993,1,1
6,5,1992,4,RTTP,32,10,1992,4,3
6,5,1992,4,RTTP,32,10,1993,1,1
6,5,1992,4,RTTP,32,12,1992,4,44
6,5,1992,4,RTTP,32,12,1993,1,5
6,5,1992,4,RTTP,32,12,1993,2,1
6,5,1992,4,RTTP,34,10,1992,4,1
6,5,1992,4,RTTP,34,12,1992,4,50
6,5,1992,4,RTTP,34,12,1993,1,2
6,5,1992,4,RTTP,36,10,1992,4,1
6,5,1992,4,RTTP,36,12,1992,4,41
6,5,1992,4,RTTP,36,12,1993,1,1
6,5,1992,4,RTTP,38,10,1992,4,1
6,5,1992,4,RTTP,38,12,1992,4,27
6,5,1992,4,RTTP,38,12,1993,1,2
6,5,1992,4,RTTP,40,10,1992,4,1
6,5,1992,4,RTTP,40,12,1992,4,15
6,5,1992,4,RTTP,40,14,1993,1,1
6,5,1992,4,RTTP,42,12,1992,4,12
6,5,1992,4,RTTP,42,12,1993,1,1
6,5,1992,4,RTTP,42,12,1993,2,1
6,5,1992,4,RTTP,44,12,1992,4,2
6,5,1992,4,RTTP,48,10,1992,4,2
6,5,1992,4,RTTP,48,12,1992,4,2
6,5,1992,4,RTTP,48,12,1993,1,1
6,5,1992,4,RTTP,50,12,1992,4,1
7,6,1989,3,RTTP,44,20,1989,4,1
7,6,1989,3,RTTP,44,20,1990,1,2
7,6,1989,3,RTTP,44,20,1990,2,1
7,6,1989,3,RTTP,46,20,1989,3,3
7,6,1989,3,RTTP,48,20,1989,3,2
7,6,1989,3,RTTP,48,20,1989,4,1
7,6,1989,3,RTTP,50,20,1989,3,17
7,6,1989,3,RTTP,50,20,1989,4,9
7,6,1989,3,RTTP,50,20,1990,1,3
7,6,1989,3,RTTP,52,20,1989,3,55
7,6,1989,3,RTTP,52,20,1989,4,22
7,6,1989,3,RTTP,52,20,1990,1,6
7,6,1989,3,RTTP,52,20,1990,2,5
7,6,1989,3,RTTP,52,20,1990,4,1
7,6,1989,3,RTTP,52,20,1991,4,1
7,6,1989,3,RTTP,52,26,1990,1,1
7,6,1989,3,RTTP,52,26,1990,3,1
7,6,1989,3,RTTP,52,30,1990,3,2
7,6,1989,3,RTTP,54,20,1989,3,66
7,6,1989,3,RTTP,54,20,1989,4,29
7,6,1989,3,RTTP,54,20,1990,1,4
7,6,1989,3,RTTP,54,20,1990,2,1
7,6,1989,3,RTTP,54,20,1990,3,1
7,6,1989,3,RTTP,54,20,1990,4,2
7,6,1989,3,RTTP,54,20,1991,2,1
7,6,1989,3,RTTP,54,25,1990,1,1
7,6,1989,3,RTTP,54,26,1990,1,2
7,6,1989,3,RTTP,54,26,1990,2,1
7,6,1989,3,RTTP,56,20,1989,3,48
7,6,1989,3,RTTP,56,20,1989,4,18
7,6,1989,3,RTTP,56,20,1990,1,2
7,6,1989,3,RTTP,56,20,1990,2,2
7,6,1989,3,RTTP,56,20,1990,3,1
7,6,1989,3,RTTP,56,20,1990,4,2
7,6,1989,3,RTTP,56,25,1990,1,1
7,6,1989,3,RTTP,58,20,1989,3,22
7,6,1989,3,RTTP,58,20,1989,4,5
7,6,1989,3,RTTP,58,26,1990,1,1
7,6,1989,3,RTTP,60,20,1989,3,6
7,6,1989,3,RTTP,60,20,1989,4,2
7,6,1989,3,RTTP,60,20,1990,3,1
7,6,1989,3,RTTP,62,20,1989,3,4
7,6,1989,3,RTTP,62,20,1989,4,2
8,6,1989,4,RTTP,34,20,1990,1,2
8,6,1989,4,RTTP,36,20,1990,1,3
8,6,1989,4,RTTP,38,20,1990,1,1
8,6,1989,4,RTTP,44,20,1990,1,6
8,6,1989,4,RTTP,44,20,1990,3,1
8,6,1989,4,RTTP,44,26,1990,2,2
8,6,1989,4,RTTP,46,20,1990,1,5
8,6,1989,4,RTTP,46,26,1990,2,1
8,6,1989,4,RTTP,46,26,1990,3,1
8,6,1989,4,RTTP,46,26,1990,4,1
8,6,1989,4,RTTP,46,30,1990,3,1
8,6,1989,4,RTTP,48,20,1990,1,3
8,6,1989,4,RTTP,48,26,1990,3,2
8,6,1989,4,RTTP,50,20,1990,1,2
8,6,1989,4,RTTP,52,30,1990,3,2
8,6,1989,4,RTTP,54,26,1990,2,1
8,6,1989,4,RTTP,56,20,1989,4,1
8,6,1989,4,RTTP,56,26,1990,1,1
8,6,1989,4,RTTP,58,26,1990,1,1
9,6,1990,1,RTTP,32,20,1990,1,3
9,6,1990,1,RTTP,32,20,1990,2,2
9,6,1990,1,RTTP,32,20,1990,3,1
9,6,1990,1,RTTP,34,20,1990,1,3
9,6,1990,1,RTTP,34,20,1990,2,3
9,6,1990,1,RTTP,34,20,1990,4,1
9,6,1990,1,RTTP,34,20,1991,1,1
9,6,1990,1,RTTP,34,26,1990,1,1
9,6,1990,1,RTTP,36,20,1990,1,7
9,6,1990,1,RTTP,36,20,1990,2,5
9,6,1990,1,RTTP,36,20,1990,4,1
9,6,1990,1,RTTP,36,20,1992,1,1
9,6,1990,1,RTTP,36,26,1990,1,2
9,6,1990,1,RTTP,36,26,1990,2,1
9,6,1990,1,RTTP,36,26,1990,4,1
9,6,1990,1,RTTP,36,26,1991,4,1
9,6,1990,1,RTTP,38,20,1990,1,9
9,6,1990,1,RTTP,38,20,1990,2,5
9,6,1990,1,RTTP,38,20,1990,3,3
9,6,1990,1,RTTP,38,20,1990,4,1
9,6,1990,1,RTTP,38,20,1991,1,2
9,6,1990,1,RTTP,38,26,1990,2,3
9,6,1990,1,RTTP,38,26,1990,3,3
9,6,1990,1,RTTP,38,26,1990,4,2
9,6,1990,1,RTTP,38,30,1991,2,1
9,6,1990,1,RTTP,40,12,1992,2,1
9,6,1990,1,RTTP,40,20,1990,1,6
9,6,1990,1,RTTP,40,20,1990,2,4
9,6,1990,1,RTTP,40,20,1990,3,3
9,6,1990,1,RTTP,40,25,1990,4,1
9,6,1990,1,RTTP,40,26,1990,1,1
9,6,1990,1,RTTP,40,26,1990,2,5
9,6,1990,1,RTTP,40,26,1990,3,4
9,6,1990,1,RTTP,40,26,1991,3,1
9,6,1990,1,RTTP,40,30,1991,3,1
9,6,1990,1,RTTP,42,20,1990,1,7
9,6,1990,1,RTTP,42,20,1990,2,1
9,6,1990,1,RTTP,42,20,1990,3,4
9,6,1990,1,RTTP,42,26,1990,2,10
9,6,1990,1,RTTP,42,26,1990,3,5
9,6,1990,1,RTTP,42,26,1990,4,1
9,6,1990,1,RTTP,42,26,1991,2,1
9,6,1990,1,RTTP,42,30,1990,3,1
9,6,1990,1,RTTP,42,30,1991,4,1
9,6,1990,1,RTTP,42,31,1991,3,1
9,6,1990,1,RTTP,44,14,1990,3,1
9,6,1990,1,RTTP,44,14,1991,2,1
9,6,1990,1,RTTP,44,15,1990,2,1
9,6,1990,1,RTTP,44,20,1990,1,7
9,6,1990,1,RTTP,44,20,1990,2,10
9,6,1990,1,RTTP,44,20,1990,3,3
9,6,1990,1,RTTP,44,20,1991,2,1
9,6,1990,1,RTTP,44,20,1991,4,2
9,6,1990,1,RTTP,44,26,1990,1,10
9,6,1990,1,RTTP,44,26,1990,2,42
9,6,1990,1,RTTP,44,26,1990,3,17
9,6,1990,1,RTTP,44,26,1990,4,5
9,6,1990,1,RTTP,44,26,1991,1,3
9,6,1990,1,RTTP,44,26,1991,2,2
9,6,1990,1,RTTP,44,26,1991,3,1
9,6,1990,1,RTTP,44,26,1991,4,1
9,6,1990,1,RTTP,44,30,1990,2,1
9,6,1990,1,RTTP,44,30,1990,3,1
9,6,1990,1,RTTP,44,30,1991,2,1
9,6,1990,1,RTTP,46,10,1990,3,1
9,6,1990,1,RTTP,46,14,1990,4,1
9,6,1990,1,RTTP,46,15,1990,2,1
9,6,1990,1,RTTP,46,20,1990,1,11
9,6,1990,1,RTTP,46,20,1990,2,16
9,6,1990,1,RTTP,46,20,1990,3,5
9,6,1990,1,RTTP,46,20,1990,4,2
9,6,1990,1,RTTP,46,20,1991,1,3
9,6,1990,1,RTTP,46,20,1991,2,3
9,6,1990,1,RTTP,46,20,1991,4,1
9,6,1990,1,RTTP,46,26,1990,1,12
9,6,1990,1,RTTP,46,26,1990,2,27
9,6,1990,1,RTTP,46,26,1990,3,12
9,6,1990,1,RTTP,46,26,1990,4,3
9,6,1990,1,RTTP,46,26,1991,2,1
9,6,1990,1,RTTP,46,26,1992,4,1
9,6,1990,1,RTTP,46,30,1990,4,2
9,6,1990,1,RTTP,46,31,1992,3,1
9,6,1990,1,RTTP,48,20,1990,1,39
9,6,1990,1,RTTP,48,20,1990,2,15
9,6,1990,1,RTTP,48,20,1990,3,4
9,6,1990,1,RTTP,48,20,1990,4,1
9,6,1990,1,RTTP,48,20,1991,1,2
9,6,1990,1,RTTP,48,26,1990,1,3
9,6,1990,1,RTTP,48,26,1990,2,12
9,6,1990,1,RTTP,48,26,1990,3,9
9,6,1990,1,RTTP,48,26,1990,4,1
9,6,1990,1,RTTP,48,26,1991,1,1
9,6,1990,1,RTTP,48,26,1991,2,1
9,6,1990,1,RTTP,48,26,1993,1,1
9,6,1990,1,RTTP,48,30,1990,3,2
9,6,1990,1,RTTP,50,20,1990,1,17
9,6,1990,1,RTTP,50,20,1990,2,2
9,6,1990,1,RTTP,50,20,1990,3,1
9,6,1990,1,RTTP,50,26,1990,1,1
9,6,1990,1,RTTP,50,26,1990,2,2
9,6,1990,1,RTTP,50,26,1990,3,1
9,6,1990,1,RTTP,50,26,1990,4,1
9,6,1990,1,RTTP,50,26,1992,3,1
9,6,1990,1,RTTP,50,30,1990,3,1
9,6,1990,1,RTTP,52,20,1990,1,4
9,6,1990,1,RTTP,52,26,1990,3,2
9,6,1990,1,RTTP,52,26,1990,4,1
9,6,1990,1,RTTP,54,20,1990,1,2
9,6,1990,1,RTTP,54,20,1990,2,2
9,6,1990,1,RTTP,54,20,1990,3,1
9,6,1990,1,RTTP,56,20,1990,1,7
9,6,1990,1,RTTP,56,20,1990,2,1
9,6,1990,1,RTTP,56,20,1990,3,2
9,6,1990,1,RTTP,56,21,1990,2,1
9,6,1990,1,RTTP,58,12,1991,2,1
9,6,1990,1,RTTP,58,20,1990,1,12
9,6,1990,1,RTTP,58,20,1990,3,1
9,6,1990,1,RTTP,60,20,1990,1,2
9,6,1990,1,RTTP,60,20,1990,2,2
9,6,1990,1,RTTP,60,20,1990,3,1
9,6,1990,1,RTTP,60,20,1990,4,1
9,6,1990,1,RTTP,60,26,1990,2,1
9,6,1990,1,RTTP,62,20,1990,1,1
9,6,1990,1,RTTP,62,20,1990,2,1
9,6,1990,1,RTTP,62,20,1991,1,1
9,6,1990,1,RTTP,62,26,1990,2,1
9,6,1990,1,RTTP,62,26,1990,3,1
9,6,1990,1,RTTP,64,20,1990,2,1
9,6,1990,1,RTTP,64,26,1990,2,1
10,6,1990,2,RTTP,34,26,1990,2,2
10,6,1990,2,RTTP,34,26,1990,3,1
10,6,1990,2,RTTP,36,14,1991,4,1
10,6,1990,2,RTTP,36,20,1990,3,3
10,6,1990,2,RTTP,36,20,1991,2,1
10,6,1990,2,RTTP,36,21,1990,3,2
10,6,1990,2,RTTP,36,26,1990,2,1
10,6,1990,2,RTTP,36,26,1990,3,2
10,6,1990,2,RTTP,36,26,1990,4,2
10,6,1990,2,RTTP,36,26,1991,1,1
10,6,1990,2,RTTP,36,30,1991,3,2
10,6,1990,2,RTTP,36,30,1991,4,1
10,6,1990,2,RTTP,38,13,1990,3,2
10,6,1990,2,RTTP,38,13,1991,1,2
10,6,1990,2,RTTP,38,13,1991,2,2
10,6,1990,2,RTTP,38,15,1991,1,1
10,6,1990,2,RTTP,38,15,1991,2,1
10,6,1990,2,RTTP,38,20,1990,2,2
10,6,1990,2,RTTP,38,20,1990,3,2
10,6,1990,2,RTTP,38,20,1991,2,1
10,6,1990,2,RTTP,38,25,1990,4,1
10,6,1990,2,RTTP,38,25,1991,1,1
10,6,1990,2,RTTP,38,26,1990,2,1
10,6,1990,2,RTTP,38,26,1990,3,3
10,6,1990,2,RTTP,38,26,1990,4,2
10,6,1990,2,RTTP,38,26,1991,1,1
10,6,1990,2,RTTP,38,26,1991,3,1
10,6,1990,2,RTTP,38,26,1991,4,1
10,6,1990,2,RTTP,40,13,1990,3,1
10,6,1990,2,RTTP,40,13,1991,2,1
10,6,1990,2,RTTP,40,14,1991,1,1
10,6,1990,2,RTTP,40,15,1991,1,1
10,6,1990,2,RTTP,40,20,1990,2,15
10,6,1990,2,RTTP,40,20,1990,3,23
10,6,1990,2,RTTP,40,20,1990,4,3
10,6,1990,2,RTTP,40,20,1991,1,2
10,6,1990,2,RTTP,40,20,1991,2,7
10,6,1990,2,RTTP,40,20,1991,3,2
10,6,1990,2,RTTP,40,21,1990,3,1
10,6,1990,2,RTTP,40,26,1990,2,2
10,6,1990,2,RTTP,40,26,1990,3,15
10,6,1990,2,RTTP,40,26,1990,4,5
10,6,1990,2,RTTP,40,26,1991,1,2
10,6,1990,2,RTTP,40,26,1991,2,1
10,6,1990,2,RTTP,40,26,1991,3,1
10,6,1990,2,RTTP,40,30,1990,3,1
10,6,1990,2,RTTP,40,30,1990,4,1
10,6,1990,2,RTTP,42,12,1991,2,1
10,6,1990,2,RTTP,42,14,1991,2,1
10,6,1990,2,RTTP,42,15,1991,2,1
10,6,1990,2,RTTP,42,20,1990,2,12
10,6,1990,2,RTTP,42,20,1990,3,29
10,6,1990,2,RTTP,42,20,1990,4,3
10,6,1990,2,RTTP,42,20,1991,1,3
10,6,1990,2,RTTP,42,20,1991,2,7
10,6,1990,2,RTTP,42,20,1991,4,1
10,6,1990,2,RTTP,42,21,1990,2,3
10,6,1990,2,RTTP,42,26,1990,2,2
10,6,1990,2,RTTP,42,26,1990,3,13
10,6,1990,2,RTTP,42,26,1990,4,8
10,6,1990,2,RTTP,42,26,1991,1,2
10,6,1990,2,RTTP,42,26,1991,2,2
10,6,1990,2,RTTP,44,13,1990,3,1
10,6,1990,2,RTTP,44,13,1991,2,1
10,6,1990,2,RTTP,44,14,1991,3,1
10,6,1990,2,RTTP,44,14,1995,1,1
10,6,1990,2,RTTP,44,15,1991,2,2
10,6,1990,2,RTTP,44,16,1990,4,1
10,6,1990,2,RTTP,44,20,1990,2,9
10,6,1990,2,RTTP,44,20,1990,3,54
10,6,1990,2,RTTP,44,20,1990,4,12
10,6,1990,2,RTTP,44,20,1991,1,4
10,6,1990,2,RTTP,44,20,1991,2,3
10,6,1990,2,RTTP,44,20,1991,3,3
10,6,1990,2,RTTP,44,20,1991,4,1
10,6,1990,2,RTTP,44,21,1990,2,2
10,6,1990,2,RTTP,44,25,1990,4,3
10,6,1990,2,RTTP,44,25,1991,2,2
10,6,1990,2,RTTP,44,26,1990,2,2
10,6,1990,2,RTTP,44,26,1990,3,17
10,6,1990,2,RTTP,44,26,1990,4,11
10,6,1990,2,RTTP,44,26,1991,1,2
10,6,1990,2,RTTP,44,26,1991,2,4
10,6,1990,2,RTTP,44,26,1991,4,1
10,6,1990,2,RTTP,44,29,1991,3,1
10,6,1990,2,RTTP,44,30,1991,3,2
10,6,1990,2,RTTP,44,30,1991,4,1
10,6,1990,2,RTTP,46,14,1990,3,1
10,6,1990,2,RTTP,46,15,1991,1,1
10,6,1990,2,RTTP,46,15,1991,2,1
10,6,1990,2,RTTP,46,16,1990,4,1
10,6,1990,2,RTTP,46,20,1990,2,10
10,6,1990,2,RTTP,46,20,1990,3,20
10,6,1990,2,RTTP,46,20,1990,4,11
10,6,1990,2,RTTP,46,20,1991,1,2
10,6,1990,2,RTTP,46,20,1991,2,2
10,6,1990,2,RTTP,46,20,1991,4,1
10,6,1990,2,RTTP,46,21,1990,2,1
10,6,1990,2,RTTP,46,25,1990,4,2
10,6,1990,2,RTTP,46,25,1991,1,1
10,6,1990,2,RTTP,46,26,1990,2,3
10,6,1990,2,RTTP,46,26,1990,3,25
10,6,1990,2,RTTP,46,26,1990,4,6
10,6,1990,2,RTTP,46,26,1991,1,5
10,6,1990,2,RTTP,46,26,1991,2,2
10,6,1990,2,RTTP,46,26,1991,3,3
10,6,1990,2,RTTP,46,26,1992,3,1
10,6,1990,2,RTTP,46,27,1990,4,2
10,6,1990,2,RTTP,46,27,1991,4,1
10,6,1990,2,RTTP,46,30,1990,2,1
10,6,1990,2,RTTP,46,30,1990,3,1
10,6,1990,2,RTTP,46,30,1990,4,1
10,6,1990,2,RTTP,46,30,1991,4,1
10,6,1990,2,RTTP,48,13,1990,3,1
10,6,1990,2,RTTP,48,13,1991,1,1
10,6,1990,2,RTTP,48,14,1990,3,1
10,6,1990,2,RTTP,48,14,1990,4,1
10,6,1990,2,RTTP,48,15,1991,2,3
10,6,1990,2,RTTP,48,20,1990,2,5
10,6,1990,2,RTTP,48,20,1990,3,20
10,6,1990,2,RTTP,48,20,1990,4,2
10,6,1990,2,RTTP,48,20,1991,1,2
10,6,1990,2,RTTP,48,20,1991,2,2
10,6,1990,2,RTTP,48,20,1991,3,1
10,6,1990,2,RTTP,48,20,1991,4,3
10,6,1990,2,RTTP,48,21,1990,2,3
10,6,1990,2,RTTP,48,26,1990,2,4
10,6,1990,2,RTTP,48,26,1990,3,37
10,6,1990,2,RTTP,48,26,1990,4,7
10,6,1990,2,RTTP,48,26,1991,1,4
10,6,1990,2,RTTP,48,26,1991,2,2
10,6,1990,2,RTTP,48,27,1990,4,1
10,6,1990,2,RTTP,48,29,1991,3,1
10,6,1990,2,RTTP,48,30,1990,4,2
10,6,1990,2,RTTP,48,30,1991,3,1
10,6,1990,2,RTTP,50,15,1990,3,1
10,6,1990,2,RTTP,50,15,1991,2,1
10,6,1990,2,RTTP,50,20,1990,2,5
10,6,1990,2,RTTP,50,20,1990,3,20
10,6,1990,2,RTTP,50,20,1990,4,3
10,6,1990,2,RTTP,50,20,1991,1,1
10,6,1990,2,RTTP,50,20,1991,2,4
10,6,1990,2,RTTP,50,20,1991,3,1
10,6,1990,2,RTTP,50,26,1990,2,5
10,6,1990,2,RTTP,50,26,1990,3,20
10,6,1990,2,RTTP,50,26,1990,4,4
10,6,1990,2,RTTP,50,26,1991,1,4
10,6,1990,2,RTTP,50,26,1992,4,2
10,6,1990,2,RTTP,52,20,1990,2,6
10,6,1990,2,RTTP,52,20,1990,3,5
10,6,1990,2,RTTP,52,20,1991,2,3
10,6,1990,2,RTTP,52,20,1991,4,1
10,6,1990,2,RTTP,52,26,1990,2,2
10,6,1990,2,RTTP,52,26,1990,3,5
10,6,1990,2,RTTP,52,26,1990,4,3
10,6,1990,2,RTTP,52,26,1991,4,1
10,6,1990,2,RTTP,54,20,1990,2,2
10,6,1990,2,RTTP,54,20,1990,3,1
10,6,1990,2,RTTP,54,21,1990,2,1
10,6,1990,2,RTTP,54,26,1990,3,2
10,6,1990,2,RTTP,54,26,1990,4,1
10,6,1990,2,RTTP,56,20,1990,3,1
10,6,1990,2,RTTP,60,20,1990,2,1
10,6,1990,2,RTTP,60,20,1991,3,1
10,6,1990,2,RTTP,62,26,1990,3,1
10,6,1990,2,RTTP,64,26,1990,3,1
11,6,1991,1,RTTP,32,20,1991,2,1
11,6,1991,1,RTTP,34,20,1991,1,2
11,6,1991,1,RTTP,34,20,1991,2,2
11,6,1991,1,RTTP,34,20,1991,3,2
11,6,1991,1,RTTP,34,26,1991,4,2
11,6,1991,1,RTTP,36,20,1991,2,2
11,6,1991,1,RTTP,38,14,1991,3,1
11,6,1991,1,RTTP,38,20,1991,2,2
11,6,1991,1,RTTP,40,12,1991,4,1
11,6,1991,1,RTTP,40,15,1991,2,1
11,6,1991,1,RTTP,40,20,1991,1,5
11,6,1991,1,RTTP,40,20,1991,2,6
11,6,1991,1,RTTP,40,20,1991,3,1
11,6,1991,1,RTTP,40,20,1992,1,1
11,6,1991,1,RTTP,40,26,1991,2,1
11,6,1991,1,RTTP,40,26,1991,3,2
11,6,1991,1,RTTP,40,26,1991,4,3
11,6,1991,1,RTTP,40,31,1992,2,1
11,6,1991,1,RTTP,42,14,1991,2,1
11,6,1991,1,RTTP,42,15,1991,2,1
11,6,1991,1,RTTP,42,20,1991,1,7
11,6,1991,1,RTTP,42,20,1991,2,7
11,6,1991,1,RTTP,42,20,1991,3,3
11,6,1991,1,RTTP,42,26,1991,1,1
11,6,1991,1,RTTP,42,26,1991,2,3
11,6,1991,1,RTTP,42,26,1991,3,5
11,6,1991,1,RTTP,42,26,1991,4,2
11,6,1991,1,RTTP,42,30,1991,3,2
11,6,1991,1,RTTP,44,13,1991,3,1
11,6,1991,1,RTTP,44,14,1991,2,1
11,6,1991,1,RTTP,44,15,1991,2,1
11,6,1991,1,RTTP,44,15,1991,3,1
11,6,1991,1,RTTP,44,15,1992,1,1
11,6,1991,1,RTTP,44,20,1991,1,21
11,6,1991,1,RTTP,44,20,1991,2,17
11,6,1991,1,RTTP,44,20,1991,3,2
11,6,1991,1,RTTP,44,20,1991,4,7
11,6,1991,1,RTTP,44,20,1992,1,5
11,6,1991,1,RTTP,44,21,1991,2,1
11,6,1991,1,RTTP,44,26,1991,1,2
11,6,1991,1,RTTP,44,26,1991,2,5
11,6,1991,1,RTTP,44,26,1991,3,1
11,6,1991,1,RTTP,44,27,1993,1,1
11,6,1991,1,RTTP,44,30,1991,2,3
11,6,1991,1,RTTP,44,30,1991,3,2
11,6,1991,1,RTTP,44,31,1993,3,1
11,6,1991,1,RTTP,46,12,1992,4,1
11,6,1991,1,RTTP,46,13,1991,3,1
11,6,1991,1,RTTP,46,14,1991,3,1
11,6,1991,1,RTTP,46,15,1991,2,2
11,6,1991,1,RTTP,46,20,1991,1,80
11,6,1991,1,RTTP,46,20,1991,2,20
11,6,1991,1,RTTP,46,20,1991,3,10
11,6,1991,1,RTTP,46,20,1991,4,13
11,6,1991,1,RTTP,46,20,1992,1,6
11,6,1991,1,RTTP,46,20,1992,2,1
11,6,1991,1,RTTP,46,20,1992,3,1
11,6,1991,1,RTTP,46,20,1992,4,1
11,6,1991,1,RTTP,46,26,1991,2,7
11,6,1991,1,RTTP,46,26,1991,3,6
11,6,1991,1,RTTP,46,26,1991,4,3
11,6,1991,1,RTTP,46,26,1992,2,1
11,6,1991,1,RTTP,46,26,1992,3,3
11,6,1991,1,RTTP,46,30,1991,2,2
11,6,1991,1,RTTP,46,30,1992,3,1
11,6,1991,1,RTTP,46,31,1991,4,1
11,6,1991,1,RTTP,46,31,1993,2,1
11,6,1991,1,RTTP,46,31,1993,3,1
11,6,1991,1,RTTP,48,14,1991,2,2
11,6,1991,1,RTTP,48,15,1991,2,4
11,6,1991,1,RTTP,48,20,1991,1,280
11,6,1991,1,RTTP,48,20,1991,2,36
11,6,1991,1,RTTP,48,20,1991,3,10
11,6,1991,1,RTTP,48,20,1991,4,17
11,6,1991,1,RTTP,48,20,1992,1,7
11,6,1991,1,RTTP,48,20,1992,2,3
11,6,1991,1,RTTP,48,20,1992,3,3
11,6,1991,1,RTTP,48,20,1992,4,1
11,6,1991,1,RTTP,48,21,1991,2,1
11,6,1991,1,RTTP,48,26,1991,1,1
11,6,1991,1,RTTP,48,26,1991,2,11
11,6,1991,1,RTTP,48,26,1991,3,7
11,6,1991,1,RTTP,48,26,1991,4,2
11,6,1991,1,RTTP,48,26,1992,1,3
11,6,1991,1,RTTP,48,26,1992,2,2
11,6,1991,1,RTTP,48,26,1992,3,2
11,6,1991,1,RTTP,48,26,1992,4,1
11,6,1991,1,RTTP,48,27,1991,4,1
11,6,1991,1,RTTP,48,27,1992,3,2
11,6,1991,1,RTTP,48,27,1992,4,1
11,6,1991,1,RTTP,48,30,1991,2,1
11,6,1991,1,RTTP,48,30,1991,3,1
11,6,1991,1,RTTP,48,30,1992,1,1
11,6,1991,1,RTTP,48,30,1992,3,1
11,6,1991,1,RTTP,48,31,1992,2,1
11,6,1991,1,RTTP,50,12,1991,2,1
11,6,1991,1,RTTP,50,12,1992,3,1
11,6,1991,1,RTTP,50,14,1991,2,3
11,6,1991,1,RTTP,50,14,1991,3,2
11,6,1991,1,RTTP,50,15,1991,1,1
11,6,1991,1,RTTP,50,15,1991,2,4
11,6,1991,1,RTTP,50,15,1991,3,1
11,6,1991,1,RTTP,50,20,1991,1,283
11,6,1991,1,RTTP,50,20,1991,2,45
11,6,1991,1,RTTP,50,20,1991,3,13
11,6,1991,1,RTTP,50,20,1991,4,25
11,6,1991,1,RTTP,50,20,1992,1,13
11,6,1991,1,RTTP,50,20,1992,2,4
11,6,1991,1,RTTP,50,20,1992,3,10
11,6,1991,1,RTTP,50,20,1993,1,1
11,6,1991,1,RTTP,50,26,1991,2,13
11,6,1991,1,RTTP,50,26,1991,3,6
11,6,1991,1,RTTP,50,26,1991,4,4
11,6,1991,1,RTTP,50,26,1992,1,5
11,6,1991,1,RTTP,50,26,1992,2,1
11,6,1991,1,RTTP,50,26,1992,3,3
11,6,1991,1,RTTP,50,26,1992,4,2
11,6,1991,1,RTTP,50,26,1993,1,1
11,6,1991,1,RTTP,50,27,1992,3,2
11,6,1991,1,RTTP,50,27,1993,1,1
11,6,1991,1,RTTP,50,30,1991,2,1
11,6,1991,1,RTTP,50,30,1991,3,1
11,6,1991,1,RTTP,50,30,1992,3,1
11,6,1991,1,RTTP,50,31,1992,2,1
11,6,1991,1,RTTP,50,31,1992,4,1
11,6,1991,1,RTTP,50,31,1993,3,1
11,6,1991,1,RTTP,52,14,1991,3,1
11,6,1991,1,RTTP,52,15,1991,2,2
11,6,1991,1,RTTP,52,20,1991,1,56
11,6,1991,1,RTTP,52,20,1991,2,20
11,6,1991,1,RTTP,52,20,1991,3,2
11,6,1991,1,RTTP,52,20,1991,4,11
11,6,1991,1,RTTP,52,20,1992,1,3
11,6,1991,1,RTTP,52,20,1992,2,1
11,6,1991,1,RTTP,52,21,1992,1,1
11,6,1991,1,RTTP,52,26,1991,1,1
11,6,1991,1,RTTP,52,26,1991,2,5
11,6,1991,1,RTTP,52,26,1991,3,4
11,6,1991,1,RTTP,52,26,1991,4,2
11,6,1991,1,RTTP,52,26,1992,3,1
11,6,1991,1,RTTP,52,27,1992,3,1
11,6,1991,1,RTTP,52,30,1991,2,1
11,6,1991,1,RTTP,52,30,1992,2,1
11,6,1991,1,RTTP,52,31,1992,1,1
11,6,1991,1,RTTP,52,31,1992,2,1
11,6,1991,1,RTTP,54,13,1991,2,1
11,6,1991,1,RTTP,54,15,1991,1,1
11,6,1991,1,RTTP,54,15,1991,2,2
11,6,1991,1,RTTP,54,20,1991,1,19
11,6,1991,1,RTTP,54,20,1991,2,7
11,6,1991,1,RTTP,54,20,1991,3,3
11,6,1991,1,RTTP,54,20,1991,4,2
11,6,1991,1,RTTP,54,26,1991,2,2
11,6,1991,1,RTTP,54,26,1992,2,1
11,6,1991,1,RTTP,54,30,1991,3,1
11,6,1991,1,RTTP,56,13,1991,2,1
11,6,1991,1,RTTP,56,15,1991,2,1
11,6,1991,1,RTTP,56,20,1991,1,11
11,6,1991,1,RTTP,56,20,1991,2,4
11,6,1991,1,RTTP,56,20,1991,3,2
11,6,1991,1,RTTP,56,26,1991,1,1
11,6,1991,1,RTTP,56,26,1991,2,5
11,6,1991,1,RTTP,56,26,1992,4,1
11,6,1991,1,RTTP,56,30,1991,2,1
11,6,1991,1,RTTP,56,30,1993,1,1
11,6,1991,1,RTTP,58,20,1991,1,11
11,6,1991,1,RTTP,58,20,1991,2,6
11,6,1991,1,RTTP,58,20,1991,4,2
11,6,1991,1,RTTP,58,26,1991,2,1
11,6,1991,1,RTTP,58,26,1991,4,1
11,6,1991,1,RTTP,58,29,1992,2,1
11,6,1991,1,RTTP,58,30,1991,3,1
11,6,1991,1,RTTP,60,20,1991,1,10
11,6,1991,1,RTTP,60,20,1991,2,1
11,6,1991,1,RTTP,60,20,1991,4,1
11,6,1991,1,RTTP,60,26,1991,1,1
11,6,1991,1,RTTP,60,26,1991,2,3
11,6,1991,1,RTTP,60,26,1991,4,1
11,6,1991,1,RTTP,60,30,1991,3,1
11,6,1991,1,RTTP,62,20,1991,1,3
11,6,1991,1,RTTP,62,20,1991,3,1
11,6,1991,1,RTTP,64,20,1991,1,10
11,6,1991,1,RTTP,64,20,1991,2,1
11,6,1991,1,RTTP,64,20,1991,4,2
11,6,1991,1,RTTP,66,20,1991,1,1
11,6,1991,1,RTTP,66,20,1991,2,2
12,6,1991,2,RTTP,34,15,1992,2,1
12,6,1991,2,RTTP,36,14,1991,2,1
12,6,1991,2,RTTP,36,14,1991,3,1
12,6,1991,2,RTTP,36,20,1991,3,3
12,6,1991,2,RTTP,36,20,1991,4,1
12,6,1991,2,RTTP,36,20,1992,1,1
12,6,1991,2,RTTP,36,20,1992,2,1
12,6,1991,2,RTTP,36,20,1992,3,1
12,6,1991,2,RTTP,36,21,1991,3,1
12,6,1991,2,RTTP,36,26,1991,3,7
12,6,1991,2,RTTP,36,26,1991,4,5
12,6,1991,2,RTTP,36,26,1992,2,1
12,6,1991,2,RTTP,36,26,1992,3,1
12,6,1991,2,RTTP,36,27,1991,3,1
12,6,1991,2,RTTP,36,30,1992,1,1
12,6,1991,2,RTTP,38,13,1991,2,2
12,6,1991,2,RTTP,38,13,1991,3,1
12,6,1991,2,RTTP,38,14,1991,3,1
12,6,1991,2,RTTP,38,14,1991,4,1
12,6,1991,2,RTTP,38,15,1991,3,5
12,6,1991,2,RTTP,38,20,1991,3,2
12,6,1991,2,RTTP,38,20,1991,4,1
12,6,1991,2,RTTP,38,20,1992,1,2
12,6,1991,2,RTTP,38,26,1991,2,2
12,6,1991,2,RTTP,38,26,1991,3,16
12,6,1991,2,RTTP,38,26,1991,4,9
12,6,1991,2,RTTP,38,30,1991,3,1
12,6,1991,2,RTTP,40,20,1992,1,1
12,6,1991,2,RTTP,40,20,1992,2,1
12,6,1991,2,RTTP,40,26,1991,2,5
12,6,1991,2,RTTP,40,26,1991,3,6
12,6,1991,2,RTTP,40,26,1991,4,14
12,6,1991,2,RTTP,40,27,1992,3,1
12,6,1991,2,RTTP,40,30,1991,4,1
12,6,1991,2,RTTP,40,30,1992,1,1
12,6,1991,2,RTTP,40,31,1993,4,1
12,6,1991,2,RTTP,42,26,1991,3,2
12,6,1991,2,RTTP,44,15,1991,3,1
12,6,1991,2,RTTP,44,20,1991,4,2
12,6,1991,2,RTTP,44,20,1992,1,1
12,6,1991,2,RTTP,44,26,1991,2,2
12,6,1991,2,RTTP,44,26,1991,3,4
12,6,1991,2,RTTP,44,26,1991,4,4
12,6,1991,2,RTTP,46,12,1992,3,1
12,6,1991,2,RTTP,46,14,1991,3,1
12,6,1991,2,RTTP,46,15,1991,2,4
12,6,1991,2,RTTP,46,16,1991,3,1
12,6,1991,2,RTTP,46,20,1991,3,5
12,6,1991,2,RTTP,46,20,1991,4,4
12,6,1991,2,RTTP,46,20,1992,1,1
12,6,1991,2,RTTP,46,20,1992,2,1
12,6,1991,2,RTTP,46,26,1991,2,1
12,6,1991,2,RTTP,46,26,1991,3,18
12,6,1991,2,RTTP,46,26,1991,4,13
12,6,1991,2,RTTP,46,26,1992,1,2
12,6,1991,2,RTTP,46,27,1992,1,1
12,6,1991,2,RTTP,46,30,1991,4,1
12,6,1991,2,RTTP,46,31,1992,2,1
12,6,1991,2,RTTP,48,13,1991,3,1
12,6,1991,2,RTTP,48,14,1991,3,2
12,6,1991,2,RTTP,48,15,1991,2,1
12,6,1991,2,RTTP,48,20,1991,3,7
12,6,1991,2,RTTP,48,20,1991,4,4
12,6,1991,2,RTTP,48,20,1992,1,1
12,6,1991,2,RTTP,48,26,1991,2,2
12,6,1991,2,RTTP,48,26,1991,3,32
12,6,1991,2,RTTP,48,26,1991,4,20
12,6,1991,2,RTTP,48,26,1992,1,1
12,6,1991,2,RTTP,48,26,1992,3,3
12,6,1991,2,RTTP,48,26,1992,4,1
12,6,1991,2,RTTP,48,30,1992,2,1
12,6,1991,2,RTTP,48,31,1992,4,1
12,6,1991,2,RTTP,50,13,1991,2,1
12,6,1991,2,RTTP,50,14,1991,2,1
12,6,1991,2,RTTP,50,14,1991,3,1
12,6,1991,2,RTTP,50,15,1991,2,4
12,6,1991,2,RTTP,50,15,1991,3,2
12,6,1991,2,RTTP,50,20,1991,3,8
12,6,1991,2,RTTP,50,20,1991,4,3
12,6,1991,2,RTTP,50,26,1991,2,17
12,6,1991,2,RTTP,50,26,1991,3,38
12,6,1991,2,RTTP,50,26,1991,4,17
12,6,1991,2,RTTP,50,26,1992,1,1
12,6,1991,2,RTTP,50,26,1992,2,2
12,6,1991,2,RTTP,50,26,1992,4,1
12,6,1991,2,RTTP,50,27,1991,3,1
12,6,1991,2,RTTP,50,27,1992,3,2
12,6,1991,2,RTTP,50,27,1992,4,1
12,6,1991,2,RTTP,50,30,1991,3,3
12,6,1991,2,RTTP,50,30,1992,1,1
12,6,1991,2,RTTP,50,30,1992,3,2
12,6,1991,2,RTTP,50,30,1992,4,1
12,6,1991,2,RTTP,50,31,1992,1,1
12,6,1991,2,RTTP,50,31,1992,2,1
12,6,1991,2,RTTP,50,31,1992,4,2
12,6,1991,2,RTTP,52,15,1991,2,3
12,6,1991,2,RTTP,52,15,1991,3,4
12,6,1991,2,RTTP,52,20,1991,3,1
12,6,1991,2,RTTP,52,20,1991,4,3
12,6,1991,2,RTTP,52,20,1992,1,1
12,6,1991,2,RTTP,52,26,1991,2,7
12,6,1991,2,RTTP,52,26,1991,3,11
12,6,1991,2,RTTP,52,26,1991,4,3
12,6,1991,2,RTTP,52,26,1992,1,1
12,6,1991,2,RTTP,52,26,1992,2,1
12,6,1991,2,RTTP,52,30,1992,4,1
12,6,1991,2,RTTP,54,15,1991,2,2
12,6,1991,2,RTTP,54,26,1991,2,1
12,6,1991,2,RTTP,54,26,1991,3,2
12,6,1991,2,RTTP,54,26,1991,4,2
12,6,1991,2,RTTP,54,26,1992,3,1
12,6,1991,2,RTTP,56,15,1991,2,1
12,6,1991,2,RTTP,56,20,1991,2,1
12,6,1991,2,RTTP,56,20,1991,3,3
12,6,1991,2,RTTP,56,20,1992,1,1
12,6,1991,2,RTTP,56,25,1992,1,1
12,6,1991,2,RTTP,56,26,1991,2,4
12,6,1991,2,RTTP,56,26,1991,3,5
12,6,1991,2,RTTP,56,26,1991,4,2
12,6,1991,2,RTTP,56,26,1992,1,1
12,6,1991,2,RTTP,58,15,1991,2,2
12,6,1991,2,RTTP,58,20,1991,2,2
12,6,1991,2,RTTP,58,20,1991,3,1
12,6,1991,2,RTTP,58,20,1992,2,1
12,6,1991,2,RTTP,58,26,1991,2,3
12,6,1991,2,RTTP,58,26,1991,3,1
12,6,1991,2,RTTP,58,27,1992,3,1
12,6,1991,2,RTTP,58,30,1991,2,1
12,6,1991,2,RTTP,60,26,1991,2,3
12,6,1991,2,RTTP,60,26,1991,3,2
13,6,1991,3,RTTP,42,20,1991,4,1
13,6,1991,3,RTTP,44,20,1991,4,1
13,6,1991,3,RTTP,46,20,1991,4,13
13,6,1991,3,RTTP,46,20,1992,1,1
13,6,1991,3,RTTP,46,20,1992,2,1
13,6,1991,3,RTTP,46,20,1992,4,1
13,6,1991,3,RTTP,46,26,1991,4,1
13,6,1991,3,RTTP,46,26,1992,1,1
13,6,1991,3,RTTP,48,20,1991,4,64
13,6,1991,3,RTTP,48,20,1992,1,3
13,6,1991,3,RTTP,48,20,1992,2,1
13,6,1991,3,RTTP,48,20,1992,3,1
13,6,1991,3,RTTP,48,20,1992,4,2
13,6,1991,3,RTTP,48,26,1992,1,2
13,6,1991,3,RTTP,48,26,1992,3,1
13,6,1991,3,RTTP,48,30,1992,2,1
13,6,1991,3,RTTP,50,20,1991,4,97
13,6,1991,3,RTTP,50,20,1992,1,8
13,6,1991,3,RTTP,50,20,1992,2,2
13,6,1991,3,RTTP,50,20,1992,3,1
13,6,1991,3,RTTP,50,20,1992,4,1
13,6,1991,3,RTTP,50,26,1991,4,2
13,6,1991,3,RTTP,50,26,1992,1,4
13,6,1991,3,RTTP,50,26,1992,2,2
13,6,1991,3,RTTP,50,26,1992,3,1
13,6,1991,3,RTTP,50,26,1993,4,1
13,6,1991,3,RTTP,50,30,1992,3,1
13,6,1991,3,RTTP,50,30,1992,4,1
13,6,1991,3,RTTP,52,20,1991,4,49
13,6,1991,3,RTTP,52,20,1992,1,4
13,6,1991,3,RTTP,52,20,1992,2,2
13,6,1991,3,RTTP,52,20,1992,3,1
13,6,1991,3,RTTP,52,20,1992,4,1
13,6,1991,3,RTTP,52,26,1991,4,2
13,6,1991,3,RTTP,52,26,1992,1,2
13,6,1991,3,RTTP,52,26,1992,2,1
13,6,1991,3,RTTP,52,26,1992,3,2
13,6,1991,3,RTTP,52,27,1992,1,1
13,6,1991,3,RTTP,52,30,1992,1,1
13,6,1991,3,RTTP,52,30,1992,3,2
13,6,1991,3,RTTP,52,31,1992,3,1
13,6,1991,3,RTTP,52,31,1992,4,1
13,6,1991,3,RTTP,52,31,1993,3,1
13,6,1991,3,RTTP,54,20,1991,4,18
13,6,1991,3,RTTP,54,20,1992,1,5
13,6,1991,3,RTTP,54,20,1992,2,1
13,6,1991,3,RTTP,54,26,1991,4,1
13,6,1991,3,RTTP,54,26,1992,2,1
13,6,1991,3,RTTP,54,26,1992,3,2
13,6,1991,3,RTTP,54,30,1993,1,1
13,6,1991,3,RTTP,54,31,1992,3,2
13,6,1991,3,RTTP,56,20,1991,4,7
13,6,1991,3,RTTP,56,20,1992,2,2
13,6,1991,3,RTTP,56,30,1992,2,1
13,6,1991,3,RTTP,56,30,1992,3,1
13,6,1991,3,RTTP,58,20,1991,4,3
13,6,1991,3,RTTP,58,20,1992,1,2
13,6,1991,3,RTTP,58,20,1992,4,1
13,6,1991,3,RTTP,58,26,1992,2,1
13,6,1991,3,RTTP,58,26,1993,4,1
13,6,1991,3,RTTP,60,20,1991,4,6
13,6,1991,3,RTTP,60,20,1992,1,1
13,6,1991,3,RTTP,62,20,1991,4,2
13,6,1991,3,RTTP,66,26,1991,4,1
14,6,1991,4,RTTP,40,20,1992,2,1
14,6,1991,4,RTTP,40,20,1992,3,1
14,6,1991,4,RTTP,42,20,1992,3,2
14,6,1991,4,RTTP,42,26,1992,3,1
14,6,1991,4,RTTP,42,26,1993,3,1
14,6,1991,4,RTTP,44,20,1991,4,1
14,6,1991,4,RTTP,44,20,1992,1,1
14,6,1991,4,RTTP,44,20,1992,2,2
14,6,1991,4,RTTP,44,20,1992,4,1
14,6,1991,4,RTTP,44,26,1992,4,1
14,6,1991,4,RTTP,44,26,1993,1,1
14,6,1991,4,RTTP,44,30,1993,3,1
14,6,1991,4,RTTP,46,20,1991,4,2
14,6,1991,4,RTTP,46,20,1992,1,1
14,6,1991,4,RTTP,46,20,1992,2,1
14,6,1991,4,RTTP,46,26,1992,3,1
14,6,1991,4,RTTP,46,26,1992,4,2
14,6,1991,4,RTTP,46,30,1993,3,1
14,6,1991,4,RTTP,46,31,1993,3,1
14,6,1991,4,RTTP,48,20,1991,4,6
14,6,1991,4,RTTP,48,20,1992,1,2
14,6,1991,4,RTTP,48,20,1992,3,1
14,6,1991,4,RTTP,48,20,1992,4,1
14,6,1991,4,RTTP,48,26,1991,4,1
14,6,1991,4,RTTP,48,26,1992,1,4
14,6,1991,4,RTTP,48,27,1992,3,2
14,6,1991,4,RTTP,48,30,1992,1,1
14,6,1991,4,RTTP,48,30,1992,4,1
14,6,1991,4,RTTP,48,31,1992,2,1
14,6,1991,4,RTTP,48,31,1992,3,1
14,6,1991,4,RTTP,50,20,1991,4,11
14,6,1991,4,RTTP,50,20,1992,1,5
14,6,1991,4,RTTP,50,20,1992,2,1
14,6,1991,4,RTTP,50,20,1992,3,2
14,6,1991,4,RTTP,50,20,1992,4,1
14,6,1991,4,RTTP,50,26,1991,4,4
14,6,1991,4,RTTP,50,26,1992,1,7
14,6,1991,4,RTTP,50,26,1992,2,2
14,6,1991,4,RTTP,50,26,1992,3,2
14,6,1991,4,RTTP,50,26,1993,1,1
14,6,1991,4,RTTP,50,26,1993,4,1
14,6,1991,4,RTTP,50,27,1992,4,2
14,6,1991,4,RTTP,50,30,1992,3,2
14,6,1991,4,RTTP,50,30,1992,4,1
14,6,1991,4,RTTP,50,31,1992,2,2
14,6,1991,4,RTTP,50,31,1992,3,2
14,6,1991,4,RTTP,50,31,1993,3,2
14,6,1991,4,RTTP,52,10,1992,3,1
14,6,1991,4,RTTP,52,15,1992,4,1
14,6,1991,4,RTTP,52,20,1991,4,18
14,6,1991,4,RTTP,52,20,1992,1,4
14,6,1991,4,RTTP,52,20,1992,3,1
14,6,1991,4,RTTP,52,20,1992,4,4
14,6,1991,4,RTTP,52,26,1991,4,1
14,6,1991,4,RTTP,52,26,1992,1,1
14,6,1991,4,RTTP,52,26,1992,3,3
14,6,1991,4,RTTP,52,26,1992,4,1
14,6,1991,4,RTTP,52,27,1992,3,3
14,6,1991,4,RTTP,52,30,1993,1,1
14,6,1991,4,RTTP,52,31,1992,2,1
14,6,1991,4,RTTP,54,20,1991,4,15
14,6,1991,4,RTTP,54,20,1992,1,4
14,6,1991,4,RTTP,54,20,1992,2,2
14,6,1991,4,RTTP,54,26,1991,4,1
14,6,1991,4,RTTP,54,26,1992,1,3
14,6,1991,4,RTTP,54,26,1992,2,1
14,6,1991,4,RTTP,54,26,1992,3,2
14,6,1991,4,RTTP,54,27,1991,4,1
14,6,1991,4,RTTP,54,30,1992,1,1
14,6,1991,4,RTTP,54,30,1992,2,2
14,6,1991,4,RTTP,54,30,1992,3,2
14,6,1991,4,RTTP,54,30,1992,4,2
14,6,1991,4,RTTP,56,20,1991,4,5
14,6,1991,4,RTTP,56,20,1992,1,1
14,6,1991,4,RTTP,56,26,1991,4,3
14,6,1991,4,RTTP,56,26,1992,1,2
14,6,1991,4,RTTP,56,26,1992,4,1
14,6,1991,4,RTTP,56,30,1992,2,1
14,6,1991,4,RTTP,56,31,1992,3,2
14,6,1991,4,RTTP,58,20,1991,4,3
14,6,1991,4,RTTP,58,20,1992,2,1
14,6,1991,4,RTTP,58,27,1991,4,1
14,6,1991,4,RTTP,60,20,1991,4,2
14,6,1991,4,RTTP,60,31,1992,1,1
14,6,1991,4,RTTP,62,27,1991,4,1
14,6,1991,4,RTTP,62,31,1991,4,1
14,6,1991,4,RTTP,64,20,1991,4,1
14,6,1991,4,RTTP,64,27,1991,4,1
14,6,1991,4,RTTP,64,30,1992,3,1
15,6,1992,3,RTTP,36,21,1993,1,1
15,6,1992,3,RTTP,38,26,1992,4,1
15,6,1992,3,RTTP,38,26,1993,1,1
15,6,1992,3,RTTP,40,20,1992,4,1
15,6,1992,3,RTTP,42,26,1992,4,1
15,6,1992,3,RTTP,46,26,1993,2,1
15,6,1992,3,RTTP,48,26,1992,3,1
15,6,1992,3,RTTP,48,31,1993,3,1
15,6,1992,3,RTTP,50,26,1993,2,1
15,6,1992,3,RTTP,58,26,1992,4,1
15,6,1992,3,RTTP,58,31,1993,1,1
16,6,1992,4,RTTP,44,31,1993,3,1
16,6,1992,4,RTTP,46,26,1994,1,1
17,7,1990,2,RTTP,34,26,1990,3,1
17,7,1990,2,RTTP,36,26,1990,3,2
17,7,1990,2,RTTP,38,26,1990,3,3
17,7,1990,2,RTTP,40,26,1990,2,1
17,7,1990,2,RTTP,40,26,1990,3,3
17,7,1990,2,RTTP,40,26,1990,4,1
17,7,1990,2,RTTP,40,26,1991,2,1
17,7,1990,2,RTTP,40,29,1992,1,1
17,7,1990,2,RTTP,40,30,1990,4,1
17,7,1990,2,RTTP,42,26,1990,3,5
17,7,1990,2,RTTP,42,26,1990,4,1
17,7,1990,2,RTTP,44,20,1991,1,1
17,7,1990,2,RTTP,44,26,1990,2,3
17,7,1990,2,RTTP,44,26,1990,3,5
17,7,1990,2,RTTP,44,26,1990,4,1
17,7,1990,2,RTTP,44,29,1991,2,1
17,7,1990,2,RTTP,44,30,1990,3,2
17,7,1990,2,RTTP,46,12,1991,2,1
17,7,1990,2,RTTP,46,25,1991,3,1
17,7,1990,2,RTTP,46,26,1990,2,7
17,7,1990,2,RTTP,46,26,1990,3,6
17,7,1990,2,RTTP,46,29,1991,4,1
17,7,1990,2,RTTP,46,30,1990,3,1
17,7,1990,2,RTTP,46,30,1990,4,1
17,7,1990,2,RTTP,46,30,1991,4,1
17,7,1990,2,RTTP,48,15,1991,1,1
17,7,1990,2,RTTP,48,20,1991,1,1
17,7,1990,2,RTTP,48,20,1991,2,2
17,7,1990,2,RTTP,48,26,1990,2,6
17,7,1990,2,RTTP,48,26,1990,3,6
17,7,1990,2,RTTP,48,26,1991,2,1
17,7,1990,2,RTTP,48,30,1990,4,1
17,7,1990,2,RTTP,48,31,1992,1,1
17,7,1990,2,RTTP,48,31,1992,2,1
17,7,1990,2,RTTP,50,26,1990,2,8
17,7,1990,2,RTTP,50,26,1990,3,8
17,7,1990,2,RTTP,50,26,1990,4,1
17,7,1990,2,RTTP,50,26,1991,4,1
17,7,1990,2,RTTP,52,26,1990,2,15
17,7,1990,2,RTTP,54,26,1990,2,5
17,7,1990,2,RTTP,56,26,1990,2,3
18,7,1990,3,RTTP,30,20,1991,2,1
18,7,1990,3,RTTP,32,26,1990,4,1
18,7,1990,3,RTTP,34,20,1990,3,1
18,7,1990,3,RTTP,34,20,1991,1,1
18,7,1990,3,RTTP,34,21,1991,1,1
18,7,1990,3,RTTP,34,25,1990,4,1
18,7,1990,3,RTTP,34,26,1990,4,7
18,7,1990,3,RTTP,34,26,1991,1,1
18,7,1990,3,RTTP,36,20,1990,4,2
18,7,1990,3,RTTP,36,20,1991,2,1
18,7,1990,3,RTTP,36,26,1990,4,1
18,7,1990,3,RTTP,36,26,1991,1,3
18,7,1990,3,RTTP,36,31,1992,1,1
18,7,1990,3,RTTP,38,15,1991,1,1
18,7,1990,3,RTTP,38,15,1991,2,1
18,7,1990,3,RTTP,38,20,1990,4,1
18,7,1990,3,RTTP,38,20,1991,1,1
18,7,1990,3,RTTP,38,20,1991,2,1
18,7,1990,3,RTTP,38,25,1991,1,1
18,7,1990,3,RTTP,38,26,1990,4,7
18,7,1990,3,RTTP,38,26,1991,2,1
18,7,1990,3,RTTP,38,26,1991,3,1
18,7,1990,3,RTTP,38,26,1992,1,1
18,7,1990,3,RTTP,38,30,1991,3,1
18,7,1990,3,RTTP,38,31,1992,1,1
18,7,1990,3,RTTP,40,15,1991,2,1
18,7,1990,3,RTTP,40,15,1991,3,1
18,7,1990,3,RTTP,40,20,1990,4,1
18,7,1990,3,RTTP,40,20,1991,1,1
18,7,1990,3,RTTP,40,26,1990,3,1
18,7,1990,3,RTTP,40,26,1990,4,4
18,7,1990,3,RTTP,40,26,1991,1,1
18,7,1990,3,RTTP,40,30,1990,4,1
18,7,1990,3,RTTP,42,14,1991,2,1
18,7,1990,3,RTTP,42,15,1991,2,1
18,7,1990,3,RTTP,42,26,1990,4,6
18,7,1990,3,RTTP,44,26,1990,3,1
18,7,1990,3,RTTP,44,26,1990,4,1
18,7,1990,3,RTTP,46,26,1990,4,1
18,7,1990,3,RTTP,46,26,1992,4,1
18,7,1990,3,RTTP,48,25,1990,4,1
18,7,1990,3,RTTP,48,26,1990,4,2
18,7,1990,3,RTTP,48,30,1991,4,1
18,7,1990,3,RTTP,50,15,1991,2,2
18,7,1990,3,RTTP,50,20,1991,2,1
18,7,1990,3,RTTP,50,25,1990,4,3
18,7,1990,3,RTTP,50,25,1991,1,3
18,7,1990,3,RTTP,50,26,1990,3,2
18,7,1990,3,RTTP,50,26,1990,4,5
18,7,1990,3,RTTP,50,26,1991,2,2
18,7,1990,3,RTTP,50,30,1992,3,1
18,7,1990,3,RTTP,52,20,1990,4,1
18,7,1990,3,RTTP,52,20,1991,2,1
18,7,1990,3,RTTP,52,25,1990,4,7
18,7,1990,3,RTTP,52,25,1991,1,3
18,7,1990,3,RTTP,52,26,1990,3,1
18,7,1990,3,RTTP,52,26,1990,4,4
18,7,1990,3,RTTP,52,26,1991,1,1
18,7,1990,3,RTTP,52,26,1991,3,2
18,7,1990,3,RTTP,52,27,1993,1,1
18,7,1990,3,RTTP,52,30,1990,4,1
18,7,1990,3,RTTP,52,30,1993,1,1
18,7,1990,3,RTTP,54,15,1991,2,1
18,7,1990,3,RTTP,54,25,1990,4,3
18,7,1990,3,RTTP,54,25,1991,1,1
18,7,1990,3,RTTP,54,26,1990,4,13
18,7,1990,3,RTTP,54,26,1991,1,1
18,7,1990,3,RTTP,54,30,1991,2,1
18,7,1990,3,RTTP,56,25,1990,4,1
18,7,1990,3,RTTP,56,26,1990,3,1
18,7,1990,3,RTTP,56,26,1990,4,1
18,7,1990,3,RTTP,56,29,1990,4,1
18,7,1990,3,RTTP,58,25,1990,4,1
18,7,1990,3,RTTP,58,25,1991,1,1
19,7,1991,1,RTTP,44,20,1991,1,1
19,7,1991,1,RTTP,44,26,1991,1,1
19,7,1991,1,RTTP,44,26,1991,2,1
19,7,1991,1,RTTP,46,20,1991,2,1
19,7,1991,1,RTTP,46,26,1991,2,1
19,7,1991,1,RTTP,46,26,1991,3,2
19,7,1991,1,RTTP,48,15,1991,2,1
19,7,1991,1,RTTP,48,20,1991,2,1
19,7,1991,1,RTTP,48,26,1991,1,3
19,7,1991,1,RTTP,50,20,1991,1,4
19,7,1991,1,RTTP,50,20,1991,2,9
19,7,1991,1,RTTP,50,26,1991,2,6
19,7,1991,1,RTTP,50,26,1992,2,1
19,7,1991,1,RTTP,52,13,1991,2,1
19,7,1991,1,RTTP,52,20,1991,1,5
19,7,1991,1,RTTP,52,20,1991,2,5
19,7,1991,1,RTTP,52,26,1991,1,2
19,7,1991,1,RTTP,52,26,1991,2,5
19,7,1991,1,RTTP,52,26,1991,3,3
19,7,1991,1,RTTP,54,15,1991,2,4
19,7,1991,1,RTTP,54,20,1991,1,2
19,7,1991,1,RTTP,54,20,1991,2,2
19,7,1991,1,RTTP,54,20,1991,3,1
19,7,1991,1,RTTP,54,26,1991,1,3
19,7,1991,1,RTTP,54,26,1991,2,2
19,7,1991,1,RTTP,54,26,1991,3,1
19,7,1991,1,RTTP,54,30,1991,3,2
19,7,1991,1,RTTP,54,30,1992,3,1
19,7,1991,1,RTTP,54,31,1992,1,1
19,7,1991,1,RTTP,56,15,1991,2,2
19,7,1991,1,RTTP,56,20,1991,1,5
19,7,1991,1,RTTP,56,20,1991,2,3
19,7,1991,1,RTTP,56,20,1992,2,1
19,7,1991,1,RTTP,56,26,1991,1,1
19,7,1991,1,RTTP,56,26,1991,2,4
19,7,1991,1,RTTP,56,26,1991,3,3
19,7,1991,1,RTTP,56,30,1991,2,2
19,7,1991,1,RTTP,56,30,1991,3,1
19,7,1991,1,RTTP,58,20,1991,1,2
19,7,1991,1,RTTP,58,20,1991,2,1
19,7,1991,1,RTTP,58,26,1991,1,3
19,7,1991,1,RTTP,58,26,1992,3,1
19,7,1991,1,RTTP,58,30,1993,1,1
19,7,1991,1,RTTP,60,15,1991,1,1
19,7,1991,1,RTTP,60,26,1991,1,1
19,7,1991,1,RTTP,60,26,1991,3,1
19,7,1991,1,RTTP,62,26,1991,2,1
20,7,1991,2,RTTP,38,27,1992,4,1
20,7,1991,2,RTTP,42,26,1991,3,2
20,7,1991,2,RTTP,44,20,1992,1,1
20,7,1991,2,RTTP,44,26,1991,3,9
20,7,1991,2,RTTP,44,26,1992,1,1
20,7,1991,2,RTTP,44,26,1992,4,1
20,7,1991,2,RTTP,44,30,1992,3,1
20,7,1991,2,RTTP,44,31,1992,4,1
20,7,1991,2,RTTP,46,20,1992,3,1
20,7,1991,2,RTTP,46,26,1991,3,3
20,7,1991,2,RTTP,46,26,1991,4,4
20,7,1991,2,RTTP,46,26,1992,2,1
20,7,1991,2,RTTP,46,26,1993,1,1
20,7,1991,2,RTTP,46,30,1992,1,1
20,7,1991,2,RTTP,46,30,1992,2,2
20,7,1991,2,RTTP,46,30,1992,4,1
20,7,1991,2,RTTP,46,31,1992,4,1
20,7,1991,2,RTTP,48,26,1991,3,2
20,7,1991,2,RTTP,48,26,1991,4,1
20,7,1991,2,RTTP,48,30,1992,2,1
20,7,1991,2,RTTP,50,26,1991,3,1
20,7,1991,2,RTTP,50,26,1991,4,1
20,7,1991,2,RTTP,50,26,1992,1,1
20,7,1991,2,RTTP,50,27,1992,4,2
20,7,1991,2,RTTP,50,29,1992,2,1
20,7,1991,2,RTTP,50,30,1991,3,1
20,7,1991,2,RTTP,50,30,1991,4,1
20,7,1991,2,RTTP,50,30,1992,2,1
20,7,1991,2,RTTP,50,31,1992,2,1
20,7,1991,2,RTTP,50,31,1992,3,1
20,7,1991,2,RTTP,50,31,1993,3,1
20,7,1991,2,RTTP,52,26,1991,3,1
20,7,1991,2,RTTP,52,30,1991,3,1
20,7,1991,2,RTTP,52,30,1991,4,1
20,7,1991,2,RTTP,52,30,1992,4,1
20,7,1991,2,RTTP,54,31,1992,3,1
20,7,1991,2,RTTP,54,31,1992,4,1
20,7,1991,2,RTTP,56,26,1993,2,1
20,7,1991,2,RTTP,56,29,1991,4,1
21,7,1991,3,RTTP,32,26,1991,3,1
21,7,1991,3,RTTP,36,26,1991,3,2
21,7,1991,3,RTTP,38,26,1991,3,5
21,7,1991,3,RTTP,38,26,1991,4,4
21,7,1991,3,RTTP,38,27,1992,3,1
21,7,1991,3,RTTP,38,27,1992,4,1
21,7,1991,3,RTTP,38,30,1991,4,2
21,7,1991,3,RTTP,38,31,1992,4,1
21,7,1991,3,RTTP,40,26,1991,3,16
21,7,1991,3,RTTP,40,26,1991,4,2
21,7,1991,3,RTTP,40,26,1992,2,1
21,7,1991,3,RTTP,40,26,1992,4,1
21,7,1991,3,RTTP,40,27,1992,3,1
21,7,1991,3,RTTP,40,27,1992,4,1
21,7,1991,3,RTTP,40,30,1991,4,1
21,7,1991,3,RTTP,40,30,1992,2,2
21,7,1991,3,RTTP,40,30,1992,4,1
21,7,1991,3,RTTP,40,31,1992,1,1
21,7,1991,3,RTTP,40,31,1992,3,1
21,7,1991,3,RTTP,42,26,1991,3,8
21,7,1991,3,RTTP,42,26,1992,3,3
21,7,1991,3,RTTP,42,27,1992,3,1
21,7,1991,3,RTTP,42,29,1991,4,1
21,7,1991,3,RTTP,42,30,1992,2,2
21,7,1991,3,RTTP,42,30,1992,3,1
21,7,1991,3,RTTP,42,30,1992,4,1
21,7,1991,3,RTTP,42,30,1993,1,1
21,7,1991,3,RTTP,42,31,1992,2,3
21,7,1991,3,RTTP,42,31,1992,3,1
21,7,1991,3,RTTP,44,15,1991,4,1
21,7,1991,3,RTTP,44,20,1992,3,1
21,7,1991,3,RTTP,44,20,1993,1,1
21,7,1991,3,RTTP,44,26,1991,3,12
21,7,1991,3,RTTP,44,26,1992,1,1
21,7,1991,3,RTTP,44,26,1992,2,1
21,7,1991,3,RTTP,44,26,1992,3,1
21,7,1991,3,RTTP,44,27,1992,3,2
21,7,1991,3,RTTP,44,30,1992,2,1
21,7,1991,3,RTTP,44,31,1992,1,1
21,7,1991,3,RTTP,44,31,1992,3,1
21,7,1991,3,RTTP,46,20,1991,4,1
21,7,1991,3,RTTP,46,26,1991,3,6
21,7,1991,3,RTTP,46,26,1992,3,1
21,7,1991,3,RTTP,46,27,1991,4,1
21,7,1991,3,RTTP,46,30,1991,4,3
21,7,1991,3,RTTP,46,31,1992,2,1
21,7,1991,3,RTTP,46,31,1992,4,2
21,7,1991,3,RTTP,48,15,1991,4,1
21,7,1991,3,RTTP,48,20,1992,1,1
21,7,1991,3,RTTP,48,25,1991,4,1
21,7,1991,3,RTTP,48,26,1991,3,18
21,7,1991,3,RTTP,48,26,1991,4,1
21,7,1991,3,RTTP,48,26,1992,3,1
21,7,1991,3,RTTP,48,27,1992,4,1
21,7,1991,3,RTTP,48,30,1991,3,2
21,7,1991,3,RTTP,48,30,1991,4,1
21,7,1991,3,RTTP,48,30,1992,3,1
21,7,1991,3,RTTP,50,20,1992,1,1
21,7,1991,3,RTTP,50,20,1992,2,1
21,7,1991,3,RTTP,50,26,1991,3,43
21,7,1991,3,RTTP,50,26,1991,4,11
21,7,1991,3,RTTP,50,26,1992,1,1
21,7,1991,3,RTTP,50,26,1992,2,1
21,7,1991,3,RTTP,50,26,1992,3,4
21,7,1991,3,RTTP,50,26,1992,4,3
21,7,1991,3,RTTP,50,26,1993,4,1
21,7,1991,3,RTTP,50,27,1992,4,1
21,7,1991,3,RTTP,50,29,1991,4,1
21,7,1991,3,RTTP,50,30,1991,3,5
21,7,1991,3,RTTP,50,30,1991,4,2
21,7,1991,3,RTTP,50,30,1992,1,1
21,7,1991,3,RTTP,50,30,1992,2,2
21,7,1991,3,RTTP,50,30,1993,1,2
21,7,1991,3,RTTP,50,31,1992,1,1
21,7,1991,3,RTTP,50,31,1992,2,4
21,7,1991,3,RTTP,50,31,1992,4,1
21,7,1991,3,RTTP,50,31,1993,1,1
21,7,1991,3,RTTP,52,26,1991,3,29
21,7,1991,3,RTTP,52,26,1991,4,3
21,7,1991,3,RTTP,52,26,1992,3,1
21,7,1991,3,RTTP,52,27,1992,3,2
21,7,1991,3,RTTP,52,29,1991,4,1
21,7,1991,3,RTTP,52,30,1991,3,1
21,7,1991,3,RTTP,52,30,1991,4,1
21,7,1991,3,RTTP,52,30,1992,3,1
21,7,1991,3,RTTP,52,30,1993,2,1
21,7,1991,3,RTTP,52,31,1991,4,1
21,7,1991,3,RTTP,52,31,1992,1,1
21,7,1991,3,RTTP,52,31,1992,2,1
21,7,1991,3,RTTP,54,26,1991,3,40
21,7,1991,3,RTTP,54,26,1991,4,5
21,7,1991,3,RTTP,54,26,1992,4,1
21,7,1991,3,RTTP,54,27,1991,4,1
21,7,1991,3,RTTP,54,29,1991,4,1
21,7,1991,3,RTTP,54,30,1991,3,1
21,7,1991,3,RTTP,54,30,1992,1,1
21,7,1991,3,RTTP,54,30,1992,2,2
21,7,1991,3,RTTP,54,30,1992,3,1
21,7,1991,3,RTTP,54,30,1993,1,1
21,7,1991,3,RTTP,54,31,1992,1,2
21,7,1991,3,RTTP,54,31,1992,2,6
21,7,1991,3,RTTP,54,31,1992,3,1
21,7,1991,3,RTTP,54,31,1992,4,1
21,7,1991,3,RTTP,56,20,1992,4,1
21,7,1991,3,RTTP,56,26,1991,3,57
21,7,1991,3,RTTP,56,26,1991,4,5
21,7,1991,3,RTTP,56,26,1992,3,2
21,7,1991,3,RTTP,56,29,1991,4,1
21,7,1991,3,RTTP,56,29,1992,2,1
21,7,1991,3,RTTP,56,30,1991,4,1
21,7,1991,3,RTTP,56,30,1992,2,2
21,7,1991,3,RTTP,56,30,1992,3,2
21,7,1991,3,RTTP,56,30,1992,4,1
21,7,1991,3,RTTP,56,31,1991,4,1
21,7,1991,3,RTTP,56,31,1992,1,2
21,7,1991,3,RTTP,56,31,1992,2,1
21,7,1991,3,RTTP,56,31,1992,3,2
21,7,1991,3,RTTP,56,31,1992,4,1
21,7,1991,3,RTTP,56,31,1993,1,1
21,7,1991,3,RTTP,58,25,1991,4,1
21,7,1991,3,RTTP,58,26,1991,3,35
21,7,1991,3,RTTP,58,26,1991,4,3
21,7,1991,3,RTTP,58,26,1992,3,1
21,7,1991,3,RTTP,58,27,1992,4,1
21,7,1991,3,RTTP,58,29,1991,4,1
21,7,1991,3,RTTP,58,30,1991,3,1
21,7,1991,3,RTTP,58,30,1991,4,1
21,7,1991,3,RTTP,58,30,1992,1,1
21,7,1991,3,RTTP,58,30,1992,2,1
21,7,1991,3,RTTP,58,31,1992,1,1
21,7,1991,3,RTTP,58,31,1992,3,2
21,7,1991,3,RTTP,58,31,1993,3,1
21,7,1991,3,RTTP,60,20,1992,1,1
21,7,1991,3,RTTP,60,26,1991,3,49
21,7,1991,3,RTTP,60,26,1992,3,1
21,7,1991,3,RTTP,60,26,1993,1,1
21,7,1991,3,RTTP,60,27,1992,4,2
21,7,1991,3,RTTP,60,30,1991,4,1
21,7,1991,3,RTTP,60,30,1992,3,1
21,7,1991,3,RTTP,60,31,1991,4,1
21,7,1991,3,RTTP,60,31,1992,1,1
21,7,1991,3,RTTP,60,31,1992,3,1
21,7,1991,3,RTTP,60,31,1993,1,1
21,7,1991,3,RTTP,62,26,1991,3,22
21,7,1991,3,RTTP,62,26,1992,1,1
21,7,1991,3,RTTP,62,26,1992,4,1
21,7,1991,3,RTTP,62,27,1993,1,1
21,7,1991,3,RTTP,64,26,1991,3,1
21,7,1991,3,RTTP,64,31,1992,4,1
22,7,1992,1,RTTP,42,26,1992,2,1
22,7,1992,1,RTTP,44,26,1992,2,2
22,7,1992,1,RTTP,44,26,1992,3,1
22,7,1992,1,RTTP,44,30,1992,4,1
22,7,1992,1,RTTP,46,26,1992,2,2
22,7,1992,1,RTTP,46,26,1992,3,3
22,7,1992,1,RTTP,46,27,1992,3,1
22,7,1992,1,RTTP,48,20,1992,3,1
22,7,1992,1,RTTP,48,26,1992,1,1
22,7,1992,1,RTTP,48,26,1992,2,2
22,7,1992,1,RTTP,48,26,1992,3,1
22,7,1992,1,RTTP,48,30,1992,3,1
22,7,1992,1,RTTP,50,26,1992,3,1
22,7,1992,1,RTTP,50,27,1992,3,1
22,7,1992,1,RTTP,50,27,1992,4,1
22,7,1992,1,RTTP,52,27,1992,3,1
22,7,1992,1,RTTP,54,30,1992,2,1
23,7,1992,3,RTTP,36,26,1992,4,1
23,7,1992,3,RTTP,38,26,1993,1,1
23,7,1992,3,RTTP,38,30,1993,1,1
23,7,1992,3,RTTP,40,12,1992,4,1
23,7,1992,3,RTTP,40,26,1992,3,4
23,7,1992,3,RTTP,40,26,1993,1,1
23,7,1992,3,RTTP,40,31,1993,4,1
23,7,1992,3,RTTP,42,26,1992,3,8
23,7,1992,3,RTTP,42,26,1992,4,9
23,7,1992,3,RTTP,42,26,1993,1,2
23,7,1992,3,RTTP,44,15,1992,3,1
23,7,1992,3,RTTP,44,15,1992,4,1
23,7,1992,3,RTTP,44,20,1992,3,1
23,7,1992,3,RTTP,44,20,1993,1,1
23,7,1992,3,RTTP,44,26,1992,3,11
23,7,1992,3,RTTP,44,26,1992,4,20
23,7,1992,3,RTTP,44,26,1993,1,3
23,7,1992,3,RTTP,44,26,1993,2,1
23,7,1992,3,RTTP,44,26,1993,4,1
23,7,1992,3,RTTP,44,27,1992,4,1
23,7,1992,3,RTTP,46,20,1992,3,1
23,7,1992,3,RTTP,46,20,1992,4,2
23,7,1992,3,RTTP,46,20,1993,1,1
23,7,1992,3,RTTP,46,26,1992,3,5
23,7,1992,3,RTTP,46,26,1992,4,14
23,7,1992,3,RTTP,46,26,1993,1,2
23,7,1992,3,RTTP,46,26,1993,2,2
23,7,1992,3,RTTP,46,27,1993,1,2
23,7,1992,3,RTTP,46,30,1992,3,1
23,7,1992,3,RTTP,46,30,1992,4,2
23,7,1992,3,RTTP,46,30,1993,1,1
23,7,1992,3,RTTP,46,30,1993,3,1
23,7,1992,3,RTTP,48,15,1992,3,1
23,7,1992,3,RTTP,48,26,1992,3,4
23,7,1992,3,RTTP,48,26,1992,4,5
23,7,1992,3,RTTP,48,26,1993,1,1
23,7,1992,3,RTTP,48,27,1992,3,1
23,7,1992,3,RTTP,48,30,1992,4,1
23,7,1992,3,RTTP,50,20,1992,3,1
23,7,1992,3,RTTP,50,26,1992,3,2
23,7,1992,3,RTTP,50,26,1992,4,1
23,7,1992,3,RTTP,54,26,1992,3,3
23,7,1992,3,RTTP,54,27,1992,3,8
23,7,1992,3,RTTP,56,26,1992,3,12
23,7,1992,3,RTTP,56,26,1992,4,2
23,7,1992,3,RTTP,56,27,1992,3,32
23,7,1992,3,RTTP,56,30,1992,3,1
23,7,1992,3,RTTP,56,30,1992,4,1
23,7,1992,3,RTTP,56,31,1992,3,1
23,7,1992,3,RTTP,56,31,1992,4,1
23,7,1992,3,RTTP,58,20,1992,3,1
23,7,1992,3,RTTP,58,26,1992,3,36
23,7,1992,3,RTTP,58,26,1992,4,3
23,7,1992,3,RTTP,58,26,1993,1,1
23,7,1992,3,RTTP,58,27,1992,3,89
23,7,1992,3,RTTP,58,27,1992,4,2
23,7,1992,3,RTTP,58,27,1993,1,1
23,7,1992,3,RTTP,58,30,1992,3,8
23,7,1992,3,RTTP,58,30,1992,4,1
23,7,1992,3,RTTP,58,31,1992,3,1
23,7,1992,3,RTTP,58,31,1992,4,1
23,7,1992,3,RTTP,58,31,1993,3,1
23,7,1992,3,RTTP,60,26,1992,3,21
23,7,1992,3,RTTP,60,26,1992,4,1
23,7,1992,3,RTTP,60,26,1993,1,1
23,7,1992,3,RTTP,60,27,1992,3,60
23,7,1992,3,RTTP,60,27,1992,4,2
23,7,1992,3,RTTP,60,30,1992,3,4
23,7,1992,3,RTTP,60,31,1992,3,1
23,7,1992,3,RTTP,60,31,1993,1,1
23,7,1992,3,RTTP,62,26,1992,3,5
23,7,1992,3,RTTP,62,27,1992,3,7
23,7,1992,3,RTTP,62,30,1992,3,1
23,7,1992,3,RTTP,64,27,1992,3,1
24,7,1992,4,RTTP,56,30,1993,3,1
24,7,1992,4,RTTP,60,26,1993,2,1
24,7,1992,4,RTTP,66,31,1993,2,1
25,8,1990,4,RTTP,28,20,1991,3,1
25,8,1990,4,RTTP,40,26,1991,1,1
25,8,1990,4,RTTP,42,25,1991,1,1
25,8,1990,4,RTTP,42,26,1991,3,1
25,8,1990,4,RTTP,44,30,1991,3,2
25,8,1990,4,RTTP,44,31,1992,3,1
25,8,1990,4,RTTP,46,15,1991,2,1
25,8,1990,4,RTTP,46,25,1991,1,1
25,8,1990,4,RTTP,46,30,1991,3,3
25,8,1990,4,RTTP,48,29,1991,3,1
25,8,1990,4,RTTP,48,30,1990,4,1
25,8,1990,4,RTTP,48,30,1991,2,1
25,8,1990,4,RTTP,48,30,1991,3,1
25,8,1990,4,RTTP,50,25,1991,3,1
25,8,1990,4,RTTP,50,26,1991,2,1
25,8,1990,4,RTTP,52,20,1991,1,1
25,8,1990,4,RTTP,52,30,1990,4,1
25,8,1990,4,RTTP,54,26,1991,1,1
25,8,1990,4,RTTP,54,29,1991,2,1
25,8,1990,4,RTTP,54,30,1991,3,1
25,8,1990,4,RTTP,54,31,1992,3,1
25,8,1990,4,RTTP,56,30,1990,4,2
25,8,1990,4,RTTP,58,31,1992,2,1
26,8,1991,3,RTTP,42,30,1992,3,1
26,8,1991,3,RTTP,44,26,1992,3,3
26,8,1991,3,RTTP,44,26,1993,1,1
26,8,1991,3,RTTP,44,27,1992,4,1
26,8,1991,3,RTTP,44,27,1993,1,1
26,8,1991,3,RTTP,44,30,1991,4,4
26,8,1991,3,RTTP,44,30,1992,2,4
26,8,1991,3,RTTP,44,30,1992,4,1
26,8,1991,3,RTTP,44,30,1993,1,2
26,8,1991,3,RTTP,44,31,1992,2,4
26,8,1991,3,RTTP,44,31,1992,4,1
26,8,1991,3,RTTP,44,31,1993,1,1
26,8,1991,3,RTTP,46,26,1992,2,1
26,8,1991,3,RTTP,46,26,1992,3,1
26,8,1991,3,RTTP,46,26,1992,4,2
26,8,1991,3,RTTP,46,26,1993,2,1
26,8,1991,3,RTTP,46,27,1992,3,2
26,8,1991,3,RTTP,46,30,1991,4,3
26,8,1991,3,RTTP,46,30,1992,1,2
26,8,1991,3,RTTP,46,30,1992,2,1
26,8,1991,3,RTTP,46,30,1992,3,1
26,8,1991,3,RTTP,46,30,1993,1,1
26,8,1991,3,RTTP,46,31,1992,1,1
26,8,1991,3,RTTP,46,31,1992,2,5
26,8,1991,3,RTTP,46,31,1992,3,2
26,8,1991,3,RTTP,46,31,1992,4,1
26,8,1991,3,RTTP,46,31,1993,1,1
26,8,1991,3,RTTP,48,26,1991,3,1
26,8,1991,3,RTTP,48,26,1991,4,1
26,8,1991,3,RTTP,48,26,1992,2,1
26,8,1991,3,RTTP,48,26,1992,3,1
26,8,1991,3,RTTP,48,27,1992,3,1
26,8,1991,3,RTTP,48,27,1993,1,1
26,8,1991,3,RTTP,48,30,1991,4,1
26,8,1991,3,RTTP,48,30,1992,2,1
26,8,1991,3,RTTP,48,30,1992,3,4
26,8,1991,3,RTTP,48,30,1993,1,1
26,8,1991,3,RTTP,48,31,1992,2,1
26,8,1991,3,RTTP,50,20,1991,4,1
26,8,1991,3,RTTP,50,26,1991,4,1
26,8,1991,3,RTTP,50,26,1992,2,1
26,8,1991,3,RTTP,50,26,1992,3,1
26,8,1991,3,RTTP,50,26,1992,4,1
26,8,1991,3,RTTP,50,27,1991,4,1
26,8,1991,3,RTTP,50,27,1992,3,1
26,8,1991,3,RTTP,50,27,1992,4,1
26,8,1991,3,RTTP,50,29,1991,4,1
26,8,1991,3,RTTP,50,30,1991,3,18
26,8,1991,3,RTTP,50,30,1991,4,4
26,8,1991,3,RTTP,50,30,1992,1,2
26,8,1991,3,RTTP,50,30,1992,2,2
26,8,1991,3,RTTP,50,30,1993,1,1
26,8,1991,3,RTTP,50,31,1991,4,2
26,8,1991,3,RTTP,50,31,1992,1,5
26,8,1991,3,RTTP,50,31,1992,2,2
26,8,1991,3,RTTP,50,31,1992,3,1
26,8,1991,3,RTTP,50,31,1993,3,1
26,8,1991,3,RTTP,52,20,1991,4,1
26,8,1991,3,RTTP,52,26,1991,4,4
26,8,1991,3,RTTP,52,26,1992,3,1
26,8,1991,3,RTTP,52,27,1992,4,1
26,8,1991,3,RTTP,52,29,1991,4,2
26,8,1991,3,RTTP,52,30,1991,3,23
26,8,1991,3,RTTP,52,30,1991,4,13
26,8,1991,3,RTTP,52,30,1992,1,1
26,8,1991,3,RTTP,52,30,1992,2,3
26,8,1991,3,RTTP,52,30,1992,3,3
26,8,1991,3,RTTP,52,30,1993,1,1
26,8,1991,3,RTTP,52,31,1991,4,2
26,8,1991,3,RTTP,52,31,1992,1,6
26,8,1991,3,RTTP,52,31,1992,2,5
26,8,1991,3,RTTP,52,31,1992,3,5
26,8,1991,3,RTTP,52,31,1992,4,1
26,8,1991,3,RTTP,52,31,1993,1,1
26,8,1991,3,RTTP,54,26,1991,3,3
26,8,1991,3,RTTP,54,26,1991,4,8
26,8,1991,3,RTTP,54,26,1992,4,2
26,8,1991,3,RTTP,54,27,1991,4,1
26,8,1991,3,RTTP,54,27,1992,3,1
26,8,1991,3,RTTP,54,27,1992,4,1
26,8,1991,3,RTTP,54,30,1991,3,19
26,8,1991,3,RTTP,54,30,1991,4,13
26,8,1991,3,RTTP,54,30,1992,1,2
26,8,1991,3,RTTP,54,30,1992,2,5
26,8,1991,3,RTTP,54,30,1992,3,3
26,8,1991,3,RTTP,54,30,1993,1,2
26,8,1991,3,RTTP,54,31,1991,4,4
26,8,1991,3,RTTP,54,31,1992,1,4
26,8,1991,3,RTTP,54,31,1992,2,9
26,8,1991,3,RTTP,54,31,1992,3,3
26,8,1991,3,RTTP,54,31,1992,4,1
26,8,1991,3,RTTP,54,31,1993,1,1
26,8,1991,3,RTTP,54,31,1993,4,1
26,8,1991,3,RTTP,56,15,1992,4,1
26,8,1991,3,RTTP,56,20,1991,4,1
26,8,1991,3,RTTP,56,26,1991,4,4
26,8,1991,3,RTTP,56,26,1992,4,3
26,8,1991,3,RTTP,56,27,1992,4,1
26,8,1991,3,RTTP,56,27,1993,1,2
26,8,1991,3,RTTP,56,29,1991,4,1
26,8,1991,3,RTTP,56,29,1992,2,1
26,8,1991,3,RTTP,56,30,1991,3,8
26,8,1991,3,RTTP,56,30,1991,4,15
26,8,1991,3,RTTP,56,30,1992,2,4
26,8,1991,3,RTTP,56,30,1992,3,6
26,8,1991,3,RTTP,56,30,1992,4,1
26,8,1991,3,RTTP,56,30,1993,1,2
26,8,1991,3,RTTP,56,31,1991,4,3
26,8,1991,3,RTTP,56,31,1992,1,3
26,8,1991,3,RTTP,56,31,1992,2,9
26,8,1991,3,RTTP,56,31,1992,3,4
26,8,1991,3,RTTP,56,31,1992,4,1
26,8,1991,3,RTTP,56,31,1993,1,1
26,8,1991,3,RTTP,58,20,1991,4,2
26,8,1991,3,RTTP,58,26,1991,4,8
26,8,1991,3,RTTP,58,26,1992,1,1
26,8,1991,3,RTTP,58,26,1992,2,1
26,8,1991,3,RTTP,58,26,1992,4,2
26,8,1991,3,RTTP,58,26,1993,1,5
26,8,1991,3,RTTP,58,27,1991,4,1
26,8,1991,3,RTTP,58,27,1992,3,1
26,8,1991,3,RTTP,58,27,1992,4,3
26,8,1991,3,RTTP,58,29,1991,4,1
26,8,1991,3,RTTP,58,30,1991,3,5
26,8,1991,3,RTTP,58,30,1991,4,6
26,8,1991,3,RTTP,58,30,1992,2,6
26,8,1991,3,RTTP,58,30,1992,3,2
26,8,1991,3,RTTP,58,30,1992,4,1
26,8,1991,3,RTTP,58,31,1991,4,5
26,8,1991,3,RTTP,58,31,1992,1,8
26,8,1991,3,RTTP,58,31,1992,2,9
26,8,1991,3,RTTP,58,31,1992,3,5
26,8,1991,3,RTTP,58,31,1992,4,1
26,8,1991,3,RTTP,58,31,1993,1,2
26,8,1991,3,RTTP,60,20,1991,4,2
26,8,1991,3,RTTP,60,20,1993,1,1
26,8,1991,3,RTTP,60,26,1991,4,11
26,8,1991,3,RTTP,60,26,1992,1,1
26,8,1991,3,RTTP,60,26,1992,2,1
26,8,1991,3,RTTP,60,26,1992,3,4
26,8,1991,3,RTTP,60,26,1992,4,2
26,8,1991,3,RTTP,60,26,1993,1,1
26,8,1991,3,RTTP,60,27,1991,4,1
26,8,1991,3,RTTP,60,27,1992,3,3
26,8,1991,3,RTTP,60,27,1992,4,4
26,8,1991,3,RTTP,60,29,1991,4,3
26,8,1991,3,RTTP,60,29,1992,2,1
26,8,1991,3,RTTP,60,30,1991,3,2
26,8,1991,3,RTTP,60,30,1991,4,12
26,8,1991,3,RTTP,60,30,1992,1,1
26,8,1991,3,RTTP,60,30,1992,2,7
26,8,1991,3,RTTP,60,30,1992,3,11
26,8,1991,3,RTTP,60,30,1993,2,1
26,8,1991,3,RTTP,60,31,1991,4,1
26,8,1991,3,RTTP,60,31,1992,1,3
26,8,1991,3,RTTP,60,31,1992,2,7
26,8,1991,3,RTTP,60,31,1992,3,7
26,8,1991,3,RTTP,60,31,1992,4,3
26,8,1991,3,RTTP,60,31,1993,1,2
26,8,1991,3,RTTP,60,31,1993,2,1
26,8,1991,3,RTTP,62,20,1991,4,1
26,8,1991,3,RTTP,62,26,1991,4,3
26,8,1991,3,RTTP,62,26,1992,3,2
26,8,1991,3,RTTP,62,26,1992,4,1
26,8,1991,3,RTTP,62,27,1992,3,1
26,8,1991,3,RTTP,62,27,1992,4,2
26,8,1991,3,RTTP,62,30,1991,3,1
26,8,1991,3,RTTP,62,30,1991,4,4
26,8,1991,3,RTTP,62,30,1992,2,3
26,8,1991,3,RTTP,62,30,1992,3,3
26,8,1991,3,RTTP,62,30,1993,1,1
26,8,1991,3,RTTP,62,30,1993,3,1
26,8,1991,3,RTTP,62,31,1991,4,1
26,8,1991,3,RTTP,62,31,1992,1,4
26,8,1991,3,RTTP,62,31,1992,2,11
26,8,1991,3,RTTP,62,31,1992,3,4
26,8,1991,3,RTTP,62,31,1992,4,4
26,8,1991,3,RTTP,62,31,1993,3,1
26,8,1991,3,RTTP,64,29,1991,4,2
26,8,1991,3,RTTP,64,30,1991,4,1
26,8,1991,3,RTTP,64,30,1992,2,3
26,8,1991,3,RTTP,64,31,1992,2,1
26,8,1991,3,RTTP,64,31,1992,4,1
26,8,1991,3,RTTP,66,30,1991,4,1
26,8,1991,3,RTTP,66,31,1992,2,1
27,8,1992,1,RTTP,40,30,1992,2,1
27,8,1992,1,RTTP,44,26,1992,3,1
27,8,1992,1,RTTP,46,27,1992,3,1
27,8,1992,1,RTTP,48,26,1992,2,1
27,8,1992,1,RTTP,48,26,1992,4,1
27,8,1992,1,RTTP,48,31,1994,2,1
27,8,1992,1,RTTP,50,26,1992,3,2
27,8,1992,1,RTTP,50,27,1992,4,1
27,8,1992,1,RTTP,50,31,1992,2,1
27,8,1992,1,RTTP,50,31,1993,2,1
27,8,1992,1,RTTP,50,31,1993,3,1
27,8,1992,1,RTTP,52,26,1992,3,1
27,8,1992,1,RTTP,52,26,1992,4,1
27,8,1992,1,RTTP,52,30,1992,3,1
27,8,1992,1,RTTP,52,31,1992,2,1
27,8,1992,1,RTTP,52,31,1992,3,1
27,8,1992,1,RTTP,52,31,1993,1,1
27,8,1992,1,RTTP,54,27,1992,4,1
27,8,1992,1,RTTP,54,30,1992,3,2
27,8,1992,1,RTTP,54,31,1992,2,1
27,8,1992,1,RTTP,54,31,1992,3,1
27,8,1992,1,RTTP,56,30,1992,3,1
27,8,1992,1,RTTP,56,31,1993,3,1
27,8,1992,1,RTTP,58,26,1992,2,1
27,8,1992,1,RTTP,58,31,1992,2,1
27,8,1992,1,RTTP,58,31,1992,3,1
27,8,1992,1,RTTP,60,30,1992,2,2
27,8,1992,1,RTTP,60,30,1992,3,1
27,8,1992,1,RTTP,60,30,1993,1,1
27,8,1992,1,RTTP,62,30,1992,3,1
28,8,1992,2,RTTP,30,26,1992,4,1
28,8,1992,2,RTTP,32,26,1992,3,2
28,8,1992,2,RTTP,32,26,1992,4,1
28,8,1992,2,RTTP,32,27,1993,1,1
28,8,1992,2,RTTP,32,30,1992,3,1
28,8,1992,2,RTTP,32,30,1993,1,1
28,8,1992,2,RTTP,32,31,1992,4,1
28,8,1992,2,RTTP,34,26,1992,4,1
28,8,1992,2,RTTP,34,27,1992,3,1
28,8,1992,2,RTTP,36,26,1992,4,1
28,8,1992,2,RTTP,36,30,1992,2,1
28,8,1992,2,RTTP,36,30,1993,1,1
28,8,1992,2,RTTP,38,26,1992,3,3
28,8,1992,2,RTTP,38,30,1992,2,3
28,8,1992,2,RTTP,38,31,1993,4,1
28,8,1992,2,RTTP,40,15,1992,4,1
28,8,1992,2,RTTP,40,26,1992,4,1
28,8,1992,2,RTTP,40,26,1993,1,1
28,8,1992,2,RTTP,40,30,1992,3,1
28,8,1992,2,RTTP,40,30,1993,1,1
28,8,1992,2,RTTP,42,26,1992,3,2
28,8,1992,2,RTTP,42,26,1992,4,1
28,8,1992,2,RTTP,42,26,1993,2,3
28,8,1992,2,RTTP,42,27,1992,3,1
28,8,1992,2,RTTP,42,30,1993,1,1
28,8,1992,2,RTTP,42,30,1993,3,1
28,8,1992,2,RTTP,44,26,1992,3,1
28,8,1992,2,RTTP,44,27,1992,4,1
28,8,1992,2,RTTP,44,30,1992,3,1
28,8,1992,2,RTTP,44,30,1993,1,1
28,8,1992,2,RTTP,44,31,1992,3,1
28,8,1992,2,RTTP,44,31,1993,1,1
28,8,1992,2,RTTP,46,20,1992,4,1
28,8,1992,2,RTTP,46,26,1992,3,4
28,8,1992,2,RTTP,46,27,1992,3,1
28,8,1992,2,RTTP,46,27,1993,1,1
28,8,1992,2,RTTP,46,30,1992,3,2
28,8,1992,2,RTTP,46,30,1993,2,1
28,8,1992,2,RTTP,46,31,1993,3,2
28,8,1992,2,RTTP,48,26,1992,3,2
28,8,1992,2,RTTP,48,26,1993,2,1
28,8,1992,2,RTTP,48,27,1992,4,1
28,8,1992,2,RTTP,48,30,1992,2,1
28,8,1992,2,RTTP,48,30,1992,3,2
28,8,1992,2,RTTP,48,30,1992,4,1
28,8,1992,2,RTTP,48,30,1993,1,2
28,8,1992,2,RTTP,48,31,1992,4,3
28,8,1992,2,RTTP,50,26,1992,3,4
28,8,1992,2,RTTP,50,30,1992,4,1
28,8,1992,2,RTTP,50,30,1993,2,2
28,8,1992,2,RTTP,50,31,1992,4,2
28,8,1992,2,RTTP,50,31,1993,4,1
28,8,1992,2,RTTP,52,26,1992,3,2
28,8,1992,2,RTTP,54,30,1992,2,1
28,8,1992,2,RTTP,56,26,1992,3,1
28,8,1992,2,RTTP,56,31,1993,2,1
28,8,1992,2,RTTP,58,27,1992,3,1
28,8,1992,2,RTTP,58,31,1992,3,1
28,8,1992,2,RTTP,58,31,1993,2,1
28,8,1992,2,RTTP,60,27,1992,4,1
28,8,1992,2,RTTP,60,31,1992,2,2
28,8,1992,2,RTTP,60,31,1992,3,1
28,8,1992,2,RTTP,62,26,1992,3,1
28,8,1992,2,RTTP,62,31,1993,2,1
28,8,1992,2,RTTP,64,27,1992,3,1
28,8,1992,2,RTTP,64,30,1992,3,2
29,8,1992,3,RTTP,54,30,1993,2,1
29,8,1992,3,RTTP,58,30,1994,1,1
30,5,2008,3,PTTP,28,12,2008,4,1
30,5,2008,3,PTTP,28,12,2009,1,1
30,5,2008,3,PTTP,28,13,2009,2,1
30,5,2008,3,PTTP,28,20,2008,4,1
30,5,2008,3,PTTP,28,26,2009,1,1
30,5,2008,3,PTTP,28,26,2009,2,2
30,5,2008,3,PTTP,30,12,2008,4,1
30,5,2008,3,PTTP,30,13,2009,1,1
30,5,2008,3,PTTP,30,20,2008,4,1
30,5,2008,3,PTTP,30,21,2008,4,1
30,5,2008,3,PTTP,30,21,2009,1,1
30,5,2008,3,PTTP,30,26,2008,4,1
30,5,2008,3,PTTP,30,26,2009,1,1
30,5,2008,3,PTTP,30,26,2009,2,1
30,5,2008,3,PTTP,30,26,2009,3,1
30,5,2008,3,PTTP,32,12,2008,4,1
30,5,2008,3,PTTP,32,12,2009,4,1
30,5,2008,3,PTTP,32,13,2008,3,2
30,5,2008,3,PTTP,32,13,2008,4,7
30,5,2008,3,PTTP,32,13,2009,2,2
30,5,2008,3,PTTP,32,26,2009,1,3
30,5,2008,3,PTTP,32,26,2009,2,2
30,5,2008,3,PTTP,32,26,2009,3,1
30,5,2008,3,PTTP,34,13,2008,3,2
30,5,2008,3,PTTP,34,13,2008,4,7
30,5,2008,3,PTTP,34,13,2009,1,3
30,5,2008,3,PTTP,34,13,2010,1,1
30,5,2008,3,PTTP,34,15,2008,4,2
30,5,2008,3,PTTP,34,26,2009,1,2
30,5,2008,3,PTTP,34,26,2009,3,1
30,5,2008,3,PTTP,36,13,2008,3,3
30,5,2008,3,PTTP,36,13,2008,4,13
30,5,2008,3,PTTP,36,13,2009,1,1
30,5,2008,3,PTTP,36,13,2009,2,1
30,5,2008,3,PTTP,36,30,2010,1,1
30,5,2008,3,PTTP,38,13,2008,3,13
30,5,2008,3,PTTP,38,13,2008,4,14
30,5,2008,3,PTTP,38,13,2009,1,2
30,5,2008,3,PTTP,38,13,2010,1,1
30,5,2008,3,PTTP,38,26,2009,1,1
30,5,2008,3,PTTP,40,12,2008,3,1
30,5,2008,3,PTTP,40,12,2009,4,1
30,5,2008,3,PTTP,40,13,2008,3,4
30,5,2008,3,PTTP,40,13,2008,4,9
30,5,2008,3,PTTP,40,13,2009,1,1
30,5,2008,3,PTTP,40,13,2010,4,1
30,5,2008,3,PTTP,40,15,2008,4,1
30,5,2008,3,PTTP,40,20,2009,1,1
30,5,2008,3,PTTP,40,26,2008,4,2
30,5,2008,3,PTTP,40,26,2009,1,2
30,5,2008,3,PTTP,40,26,2009,2,1
30,5,2008,3,PTTP,42,12,2009,4,1
30,5,2008,3,PTTP,42,13,2008,3,3
30,5,2008,3,PTTP,42,13,2008,4,1
30,5,2008,3,PTTP,42,13,2010,4,2
30,5,2008,3,PTTP,42,20,2008,4,1
30,5,2008,3,PTTP,42,20,2009,1,1
30,5,2008,3,PTTP,42,20,2009,2,1
30,5,2008,3,PTTP,42,20,2010,1,1
30,5,2008,3,PTTP,42,26,2008,4,2
30,5,2008,3,PTTP,42,26,2009,1,2
30,5,2008,3,PTTP,42,26,2009,2,3
30,5,2008,3,PTTP,42,30,2009,3,1
30,5,2008,3,PTTP,44,13,2008,4,8
30,5,2008,3,PTTP,44,13,2009,1,1
30,5,2008,3,PTTP,44,13,2009,2,2
30,5,2008,3,PTTP,44,15,2008,4,1
30,5,2008,3,PTTP,44,20,2008,4,2
30,5,2008,3,PTTP,44,26,2009,1,1
30,5,2008,3,PTTP,44,26,2009,2,1
30,5,2008,3,PTTP,44,26,2010,1,1
30,5,2008,3,PTTP,44,30,2009,2,1
30,5,2008,3,PTTP,46,12,2008,4,1
30,5,2008,3,PTTP,46,12,2009,1,1
30,5,2008,3,PTTP,46,13,2008,4,5
30,5,2008,3,PTTP,46,20,2008,4,1
30,5,2008,3,PTTP,46,20,2009,1,1
30,5,2008,3,PTTP,46,20,2009,2,1
30,5,2008,3,PTTP,46,20,2009,4,1
30,5,2008,3,PTTP,46,26,2008,4,1
30,5,2008,3,PTTP,46,26,2009,1,1
30,5,2008,3,PTTP,48,13,2008,3,1
30,5,2008,3,PTTP,48,13,2008,4,3
30,5,2008,3,PTTP,48,26,2009,1,1
30,5,2008,3,PTTP,50,12,2008,4,1
30,5,2008,3,PTTP,50,12,2009,1,1
30,5,2008,3,PTTP,50,26,2009,2,1
30,5,2008,3,PTTP,52,26,2009,1,1
30,5,2008,3,PTTP,52,26,2009,2,1
30,5,2008,3,PTTP,54,20,2009,2,1
30,5,2008,3,PTTP,56,21,2010,3,1
30,5,2008,3,PTTP,58,26,2009,1,1
30,5,2008,3,PTTP,60,20,2009,3,1
30,5,2008,3,PTTP,60,26,2008,4,1
30,5,2008,3,PTTP,60,26,2009,1,1
30,5,2008,3,PTTP,60,30,2009,2,1
30,5,2008,3,PTTP,62,13,2008,4,1
30,5,2008,3,PTTP,62,20,2009,1,1
30,5,2008,3,PTTP,62,20,2009,4,1
30,5,2008,3,PTTP,62,26,2009,1,3
30,5,2008,3,PTTP,64,20,2009,1,1
30,5,2008,3,PTTP,64,26,2009,1,1
31,5,2008,4,PTTP,32,13,2008,4,38
31,5,2008,4,PTTP,32,13,2009,1,2
31,5,2008,4,PTTP,32,15,2008,4,1
31,5,2008,4,PTTP,32,15,2009,1,1
31,5,2008,4,PTTP,32,26,2009,1,1
31,5,2008,4,PTTP,34,13,2008,4,244
31,5,2008,4,PTTP,34,13,2009,1,16
31,5,2008,4,PTTP,34,13,2009,2,5
31,5,2008,4,PTTP,34,13,2009,3,1
31,5,2008,4,PTTP,34,13,2009,4,5
31,5,2008,4,PTTP,34,13,2010,2,1
31,5,2008,4,PTTP,34,15,2008,4,15
31,5,2008,4,PTTP,34,15,2009,1,5
31,5,2008,4,PTTP,34,26,2009,1,1
31,5,2008,4,PTTP,34,26,2009,3,4
31,5,2008,4,PTTP,36,13,2008,4,565
31,5,2008,4,PTTP,36,13,2009,1,65
31,5,2008,4,PTTP,36,13,2009,2,17
31,5,2008,4,PTTP,36,13,2009,3,9
31,5,2008,4,PTTP,36,13,2009,4,4
31,5,2008,4,PTTP,36,13,2010,1,5
31,5,2008,4,PTTP,36,13,2010,2,2
31,5,2008,4,PTTP,36,13,2010,4,1
31,5,2008,4,PTTP,36,15,2008,4,57
31,5,2008,4,PTTP,36,15,2009,1,22
31,5,2008,4,PTTP,36,15,2009,2,1
31,5,2008,4,PTTP,36,20,2009,1,1
31,5,2008,4,PTTP,36,20,2009,2,1
31,5,2008,4,PTTP,36,20,2009,3,1
31,5,2008,4,PTTP,36,20,2009,4,2
31,5,2008,4,PTTP,36,20,2010,1,1
31,5,2008,4,PTTP,36,26,2009,1,3
31,5,2008,4,PTTP,36,26,2009,2,4
31,5,2008,4,PTTP,36,26,2009,3,1
31,5,2008,4,PTTP,36,26,2010,3,1
31,5,2008,4,PTTP,38,13,2008,4,638
31,5,2008,4,PTTP,38,13,2009,1,68
31,5,2008,4,PTTP,38,13,2009,2,22
31,5,2008,4,PTTP,38,13,2009,3,13
31,5,2008,4,PTTP,38,13,2009,4,14
31,5,2008,4,PTTP,38,13,2010,1,10
31,5,2008,4,PTTP,38,13,2010,2,3
31,5,2008,4,PTTP,38,15,2008,4,38
31,5,2008,4,PTTP,38,15,2009,1,22
31,5,2008,4,PTTP,38,15,2009,2,1
31,5,2008,4,PTTP,38,20,2008,4,1
31,5,2008,4,PTTP,38,20,2009,1,3
31,5,2008,4,PTTP,38,20,2009,2,4
31,5,2008,4,PTTP,38,20,2009,3,5
31,5,2008,4,PTTP,38,20,2009,4,1
31,5,2008,4,PTTP,38,20,2010,1,1
31,5,2008,4,PTTP,38,21,2009,3,1
31,5,2008,4,PTTP,38,21,2011,3,1
31,5,2008,4,PTTP,38,26,2008,4,1
31,5,2008,4,PTTP,38,26,2009,1,8
31,5,2008,4,PTTP,38,26,2009,2,9
31,5,2008,4,PTTP,38,26,2009,3,8
31,5,2008,4,PTTP,38,26,2009,4,1
31,5,2008,4,PTTP,38,26,2010,4,1
31,5,2008,4,PTTP,38,26,2011,4,1
31,5,2008,4,PTTP,38,30,2009,3,1
31,5,2008,4,PTTP,38,30,2009,4,1
31,5,2008,4,PTTP,40,13,2008,4,329
31,5,2008,4,PTTP,40,13,2009,1,34
31,5,2008,4,PTTP,40,13,2009,2,17
31,5,2008,4,PTTP,40,13,2009,3,1
31,5,2008,4,PTTP,40,13,2009,4,2
31,5,2008,4,PTTP,40,13,2010,1,3
31,5,2008,4,PTTP,40,13,2010,2,1
31,5,2008,4,PTTP,40,15,2008,4,16
31,5,2008,4,PTTP,40,15,2009,1,8
31,5,2008,4,PTTP,40,15,2009,2,1
31,5,2008,4,PTTP,40,20,2008,4,2
31,5,2008,4,PTTP,40,20,2009,1,5
31,5,2008,4,PTTP,40,20,2009,2,1
31,5,2008,4,PTTP,40,20,2009,3,2
31,5,2008,4,PTTP,40,20,2009,4,1
31,5,2008,4,PTTP,40,20,2010,1,1
31,5,2008,4,PTTP,40,20,2010,3,1
31,5,2008,4,PTTP,40,20,2011,1,1
31,5,2008,4,PTTP,40,20,2011,2,1
31,5,2008,4,PTTP,40,20,2012,1,1
31,5,2008,4,PTTP,40,21,2009,2,1
31,5,2008,4,PTTP,40,21,2009,4,1
31,5,2008,4,PTTP,40,26,2009,1,24
31,5,2008,4,PTTP,40,26,2009,2,10
31,5,2008,4,PTTP,40,26,2009,3,8
31,5,2008,4,PTTP,40,26,2011,2,1
31,5,2008,4,PTTP,40,30,2009,3,1
31,5,2008,4,PTTP,40,30,2009,4,2
31,5,2008,4,PTTP,40,30,2010,1,1
31,5,2008,4,PTTP,40,30,2011,4,1
31,5,2008,4,PTTP,42,13,2008,4,104
31,5,2008,4,PTTP,42,13,2009,1,8
31,5,2008,4,PTTP,42,13,2009,2,5
31,5,2008,4,PTTP,42,13,2009,3,1
31,5,2008,4,PTTP,42,13,2009,4,2
31,5,2008,4,PTTP,42,13,2010,1,1
31,5,2008,4,PTTP,42,13,2011,4,1
31,5,2008,4,PTTP,42,15,2008,4,4
31,5,2008,4,PTTP,42,15,2009,1,2
31,5,2008,4,PTTP,42,20,2009,1,2
31,5,2008,4,PTTP,42,20,2009,2,3
31,5,2008,4,PTTP,42,20,2009,4,3
31,5,2008,4,PTTP,42,20,2011,4,1
31,5,2008,4,PTTP,42,26,2009,1,14
31,5,2008,4,PTTP,42,26,2009,2,5
31,5,2008,4,PTTP,42,26,2009,3,7
31,5,2008,4,PTTP,42,26,2009,4,1
31,5,2008,4,PTTP,42,30,2009,3,1
31,5,2008,4,PTTP,44,13,2008,4,24
31,5,2008,4,PTTP,44,13,2009,1,2
31,5,2008,4,PTTP,44,13,2009,2,2
31,5,2008,4,PTTP,44,13,2009,3,2
31,5,2008,4,PTTP,44,13,2009,4,2
31,5,2008,4,PTTP,44,13,2011,1,1
31,5,2008,4,PTTP,44,15,2008,4,3
31,5,2008,4,PTTP,44,20,2008,4,1
31,5,2008,4,PTTP,44,20,2009,1,3
31,5,2008,4,PTTP,44,20,2009,2,1
31,5,2008,4,PTTP,44,20,2009,3,1
31,5,2008,4,PTTP,44,20,2009,4,1
31,5,2008,4,PTTP,44,26,2008,4,1
31,5,2008,4,PTTP,44,26,2009,1,3
31,5,2008,4,PTTP,44,26,2009,2,2
31,5,2008,4,PTTP,44,30,2009,2,1
31,5,2008,4,PTTP,46,13,2008,4,19
31,5,2008,4,PTTP,46,13,2009,1,5
31,5,2008,4,PTTP,46,13,2009,2,3
31,5,2008,4,PTTP,46,15,2008,4,1
31,5,2008,4,PTTP,46,15,2009,1,1
31,5,2008,4,PTTP,46,20,2008,4,1
31,5,2008,4,PTTP,46,20,2009,2,1
31,5,2008,4,PTTP,46,26,2008,4,2
31,5,2008,4,PTTP,46,26,2009,1,4
31,5,2008,4,PTTP,46,26,2009,2,5
31,5,2008,4,PTTP,46,26,2009,3,3
31,5,2008,4,PTTP,46,30,2009,3,1
31,5,2008,4,PTTP,48,13,2008,4,13
31,5,2008,4,PTTP,48,13,2009,1,3
31,5,2008,4,PTTP,48,13,2009,2,1
31,5,2008,4,PTTP,48,13,2010,1,1
31,5,2008,4,PTTP,48,15,2008,4,2
31,5,2008,4,PTTP,48,20,2009,1,3
31,5,2008,4,PTTP,48,20,2009,2,1
31,5,2008,4,PTTP,48,20,2010,1,2
31,5,2008,4,PTTP,48,20,2010,2,1
31,5,2008,4,PTTP,48,20,2011,4,1
31,5,2008,4,PTTP,48,26,2008,4,2
31,5,2008,4,PTTP,48,26,2009,1,2
31,5,2008,4,PTTP,48,26,2009,2,2
31,5,2008,4,PTTP,48,30,2011,4,1
31,5,2008,4,PTTP,50,13,2008,4,15
31,5,2008,4,PTTP,50,13,2009,1,2
31,5,2008,4,PTTP,50,13,2009,3,1
31,5,2008,4,PTTP,50,15,2008,4,1
31,5,2008,4,PTTP,50,15,2009,1,1
31,5,2008,4,PTTP,50,20,2009,1,5
31,5,2008,4,PTTP,50,21,2012,2,1
31,5,2008,4,PTTP,50,26,2009,1,5
31,5,2008,4,PTTP,50,26,2009,2,1
31,5,2008,4,PTTP,52,13,2008,4,3
31,5,2008,4,PTTP,52,13,2009,1,1
31,5,2008,4,PTTP,52,20,2009,2,1
31,5,2008,4,PTTP,52,26,2009,1,1
31,5,2008,4,PTTP,52,26,2010,1,1
31,5,2008,4,PTTP,54,13,2008,4,1
31,5,2008,4,PTTP,54,26,2008,4,1
31,5,2008,4,PTTP,54,26,2009,1,2
31,5,2008,4,PTTP,54,26,2009,2,1
31,5,2008,4,PTTP,54,30,2011,4,1
31,5,2008,4,PTTP,56,13,2008,4,3
31,5,2008,4,PTTP,56,20,2011,4,1
31,5,2008,4,PTTP,56,26,2009,1,1
31,5,2008,4,PTTP,58,13,2008,4,1
31,5,2008,4,PTTP,58,13,2009,1,1
32,5,2009,3,PTTP,30,13,2009,3,3
32,5,2009,3,PTTP,30,13,2009,4,5
32,5,2009,3,PTTP,30,20,2010,1,2
32,5,2009,3,PTTP,30,26,2010,1,1
32,5,2009,3,PTTP,30,26,2010,2,2
32,5,2009,3,PTTP,32,12,2010,1,1
32,5,2009,3,PTTP,32,13,2009,3,12
32,5,2009,3,PTTP,32,13,2009,4,41
32,5,2009,3,PTTP,32,13,2010,1,7
32,5,2009,3,PTTP,32,13,2010,2,1
32,5,2009,3,PTTP,32,13,2010,3,1
32,5,2009,3,PTTP,32,15,2011,1,1
32,5,2009,3,PTTP,32,20,2009,4,8
32,5,2009,3,PTTP,32,20,2010,1,5
32,5,2009,3,PTTP,32,20,2010,2,1
32,5,2009,3,PTTP,32,20,2010,3,1
32,5,2009,3,PTTP,32,20,2011,3,1
32,5,2009,3,PTTP,32,21,2010,1,1
32,5,2009,3,PTTP,32,21,2011,3,1
32,5,2009,3,PTTP,32,26,2009,4,4
32,5,2009,3,PTTP,32,26,2010,1,6
32,5,2009,3,PTTP,32,26,2010,2,1
32,5,2009,3,PTTP,32,26,2010,4,3
32,5,2009,3,PTTP,32,27,2010,2,1
32,5,2009,3,PTTP,34,12,2010,1,1
32,5,2009,3,PTTP,34,13,2009,3,36
32,5,2009,3,PTTP,34,13,2009,4,54
32,5,2009,3,PTTP,34,13,2010,1,11
32,5,2009,3,PTTP,34,13,2010,4,1
32,5,2009,3,PTTP,34,13,2011,1,1
32,5,2009,3,PTTP,34,15,2010,2,1
32,5,2009,3,PTTP,34,20,2009,4,8
32,5,2009,3,PTTP,34,20,2010,1,17
32,5,2009,3,PTTP,34,20,2010,2,5
32,5,2009,3,PTTP,34,20,2010,4,2
32,5,2009,3,PTTP,34,20,2011,1,1
32,5,2009,3,PTTP,34,20,2011,2,1
32,5,2009,3,PTTP,34,21,2010,1,2
32,5,2009,3,PTTP,34,21,2010,2,1
32,5,2009,3,PTTP,34,21,2010,3,1
32,5,2009,3,PTTP,34,21,2012,3,1
32,5,2009,3,PTTP,34,26,2009,4,3
32,5,2009,3,PTTP,34,26,2010,1,8
32,5,2009,3,PTTP,34,26,2010,2,2
32,5,2009,3,PTTP,34,27,2011,1,1
32,5,2009,3,PTTP,34,30,2010,4,1
32,5,2009,3,PTTP,36,12,2010,1,1
32,5,2009,3,PTTP,36,13,2009,3,122
32,5,2009,3,PTTP,36,13,2009,4,69
32,5,2009,3,PTTP,36,13,2010,1,13
32,5,2009,3,PTTP,36,13,2010,2,1
32,5,2009,3,PTTP,36,13,2010,3,1
32,5,2009,3,PTTP,36,13,2010,4,3
32,5,2009,3,PTTP,36,13,2011,1,1
32,5,2009,3,PTTP,36,20,2009,4,6
32,5,2009,3,PTTP,36,20,2010,1,10
32,5,2009,3,PTTP,36,20,2010,2,4
32,5,2009,3,PTTP,36,20,2010,3,2
32,5,2009,3,PTTP,36,20,2011,1,2
32,5,2009,3,PTTP,36,20,2011,2,1
32,5,2009,3,PTTP,36,21,2010,3,1
32,5,2009,3,PTTP,36,21,2010,4,2
32,5,2009,3,PTTP,36,21,2012,4,1
32,5,2009,3,PTTP,36,26,2009,4,1
32,5,2009,3,PTTP,36,26,2010,1,7
32,5,2009,3,PTTP,36,26,2010,2,3
32,5,2009,3,PTTP,36,27,2010,1,1
32,5,2009,3,PTTP,36,30,2010,1,2
32,5,2009,3,PTTP,38,12,2009,4,2
32,5,2009,3,PTTP,38,12,2010,1,6
32,5,2009,3,PTTP,38,12,2010,2,1
32,5,2009,3,PTTP,38,12,2010,4,1
32,5,2009,3,PTTP,38,13,2009,3,348
32,5,2009,3,PTTP,38,13,2009,4,142
32,5,2009,3,PTTP,38,13,2010,1,29
32,5,2009,3,PTTP,38,13,2010,2,10
32,5,2009,3,PTTP,38,13,2010,3,3
32,5,2009,3,PTTP,38,13,2010,4,6
32,5,2009,3,PTTP,38,13,2011,1,1
32,5,2009,3,PTTP,38,13,2011,2,1
32,5,2009,3,PTTP,38,13,2011,3,1
32,5,2009,3,PTTP,38,15,2010,2,1
32,5,2009,3,PTTP,38,15,2010,4,1
32,5,2009,3,PTTP,38,20,2009,3,1
32,5,2009,3,PTTP,38,20,2009,4,14
32,5,2009,3,PTTP,38,20,2010,1,26
32,5,2009,3,PTTP,38,20,2010,2,8
32,5,2009,3,PTTP,38,20,2010,3,3
32,5,2009,3,PTTP,38,20,2010,4,1
32,5,2009,3,PTTP,38,20,2011,1,1
32,5,2009,3,PTTP,38,20,2011,2,3
32,5,2009,3,PTTP,38,21,2010,1,1
32,5,2009,3,PTTP,38,21,2010,2,3
32,5,2009,3,PTTP,38,21,2010,3,1
32,5,2009,3,PTTP,38,21,2013,3,1
32,5,2009,3,PTTP,38,26,2009,4,5
32,5,2009,3,PTTP,38,26,2010,1,6
32,5,2009,3,PTTP,38,26,2010,2,8
32,5,2009,3,PTTP,38,26,2010,3,4
32,5,2009,3,PTTP,38,26,2010,4,3
32,5,2009,3,PTTP,38,26,2011,1,1
32,5,2009,3,PTTP,38,26,2011,2,1
32,5,2009,3,PTTP,38,26,2011,3,1
32,5,2009,3,PTTP,38,26,2012,2,1
32,5,2009,3,PTTP,38,27,2009,4,1
32,5,2009,3,PTTP,38,27,2010,1,3
32,5,2009,3,PTTP,38,30,2010,1,1
32,5,2009,3,PTTP,38,30,2010,2,1
32,5,2009,3,PTTP,38,30,2011,1,1
32,5,2009,3,PTTP,40,12,2009,3,4
32,5,2009,3,PTTP,40,12,2009,4,3
32,5,2009,3,PTTP,40,12,2010,1,10
32,5,2009,3,PTTP,40,12,2011,1,1
32,5,2009,3,PTTP,40,13,2009,3,236
32,5,2009,3,PTTP,40,13,2009,4,124
32,5,2009,3,PTTP,40,13,2010,1,42
32,5,2009,3,PTTP,40,13,2010,2,9
32,5,2009,3,PTTP,40,13,2010,3,5
32,5,2009,3,PTTP,40,13,2010,4,5
32,5,2009,3,PTTP,40,13,2012,1,1
32,5,2009,3,PTTP,40,15,2010,4,2
32,5,2009,3,PTTP,40,20,2009,4,13
32,5,2009,3,PTTP,40,20,2010,1,26
32,5,2009,3,PTTP,40,20,2010,2,13
32,5,2009,3,PTTP,40,20,2010,4,1
32,5,2009,3,PTTP,40,20,2011,1,4
32,5,2009,3,PTTP,40,20,2011,2,4
32,5,2009,3,PTTP,40,20,2011,3,1
32,5,2009,3,PTTP,40,20,2012,1,2
32,5,2009,3,PTTP,40,21,2009,4,4
32,5,2009,3,PTTP,40,21,2010,2,1
32,5,2009,3,PTTP,40,21,2010,3,2
32,5,2009,3,PTTP,40,21,2010,4,1
32,5,2009,3,PTTP,40,21,2011,2,1
32,5,2009,3,PTTP,40,21,2012,2,1
32,5,2009,3,PTTP,40,21,2012,3,1
32,5,2009,3,PTTP,40,26,2009,4,6
32,5,2009,3,PTTP,40,26,2010,1,8
32,5,2009,3,PTTP,40,26,2010,2,21
32,5,2009,3,PTTP,40,26,2010,3,5
32,5,2009,3,PTTP,40,26,2010,4,2
32,5,2009,3,PTTP,40,26,2011,1,2
32,5,2009,3,PTTP,40,26,2011,2,1
32,5,2009,3,PTTP,40,26,2011,3,1
32,5,2009,3,PTTP,40,26,2011,4,1
32,5,2009,3,PTTP,40,27,2009,4,1
32,5,2009,3,PTTP,40,27,2010,1,3
32,5,2009,3,PTTP,40,27,2010,2,1
32,5,2009,3,PTTP,40,30,2009,4,1
32,5,2009,3,PTTP,40,30,2010,1,1
32,5,2009,3,PTTP,42,12,2009,3,1
32,5,2009,3,PTTP,42,12,2010,1,9
32,5,2009,3,PTTP,42,13,2009,3,88
32,5,2009,3,PTTP,42,13,2009,4,86
32,5,2009,3,PTTP,42,13,2010,1,23
32,5,2009,3,PTTP,42,13,2010,2,4
32,5,2009,3,PTTP,42,13,2010,3,6
32,5,2009,3,PTTP,42,13,2010,4,4
32,5,2009,3,PTTP,42,13,2011,3,1
32,5,2009,3,PTTP,42,15,2010,2,1
32,5,2009,3,PTTP,42,20,2009,3,1
32,5,2009,3,PTTP,42,20,2009,4,10
32,5,2009,3,PTTP,42,20,2010,1,11
32,5,2009,3,PTTP,42,20,2010,2,4
32,5,2009,3,PTTP,42,20,2010,3,2
32,5,2009,3,PTTP,42,20,2010,4,4
32,5,2009,3,PTTP,42,20,2011,1,1
32,5,2009,3,PTTP,42,20,2011,2,1
32,5,2009,3,PTTP,42,21,2009,3,1
32,5,2009,3,PTTP,42,21,2010,1,2
32,5,2009,3,PTTP,42,21,2010,2,1
32,5,2009,3,PTTP,42,21,2011,3,1
32,5,2009,3,PTTP,42,26,2009,4,3
32,5,2009,3,PTTP,42,26,2010,1,3
32,5,2009,3,PTTP,42,26,2010,2,19
32,5,2009,3,PTTP,42,26,2010,4,1
32,5,2009,3,PTTP,42,26,2011,2,2
32,5,2009,3,PTTP,42,26,2011,4,1
32,5,2009,3,PTTP,42,27,2009,4,1
32,5,2009,3,PTTP,42,27,2010,4,1
32,5,2009,3,PTTP,42,30,2011,1,1
32,5,2009,3,PTTP,44,12,2009,3,1
32,5,2009,3,PTTP,44,13,2009,3,13
32,5,2009,3,PTTP,44,13,2009,4,22
32,5,2009,3,PTTP,44,13,2010,1,10
32,5,2009,3,PTTP,44,13,2010,2,4
32,5,2009,3,PTTP,44,13,2010,4,1
32,5,2009,3,PTTP,44,15,2010,4,1
32,5,2009,3,PTTP,44,20,2009,4,4
32,5,2009,3,PTTP,44,20,2010,1,4
32,5,2009,3,PTTP,44,20,2010,2,5
32,5,2009,3,PTTP,44,20,2011,2,1
32,5,2009,3,PTTP,44,20,2011,3,1
32,5,2009,3,PTTP,44,20,2012,2,1
32,5,2009,3,PTTP,44,21,2009,4,2
32,5,2009,3,PTTP,44,21,2011,1,1
32,5,2009,3,PTTP,44,26,2009,4,1
32,5,2009,3,PTTP,44,26,2010,1,1
32,5,2009,3,PTTP,44,26,2010,2,5
32,5,2009,3,PTTP,44,26,2010,4,1
32,5,2009,3,PTTP,44,26,2011,3,1
32,5,2009,3,PTTP,44,30,2010,4,1
32,5,2009,3,PTTP,46,13,2009,3,9
32,5,2009,3,PTTP,46,13,2009,4,8
32,5,2009,3,PTTP,46,13,2010,1,4
32,5,2009,3,PTTP,46,13,2010,2,2
32,5,2009,3,PTTP,46,20,2009,4,2
32,5,2009,3,PTTP,46,20,2010,1,5
32,5,2009,3,PTTP,46,20,2010,2,1
32,5,2009,3,PTTP,46,20,2011,2,1
32,5,2009,3,PTTP,46,21,2009,4,1
32,5,2009,3,PTTP,46,26,2009,4,1
32,5,2009,3,PTTP,46,26,2010,1,1
32,5,2009,3,PTTP,46,26,2010,3,1
32,5,2009,3,PTTP,46,30,2010,2,1
32,5,2009,3,PTTP,46,30,2011,4,1
32,5,2009,3,PTTP,48,12,2010,1,1
32,5,2009,3,PTTP,48,13,2009,3,7
32,5,2009,3,PTTP,48,13,2010,1,1
32,5,2009,3,PTTP,48,20,2009,4,1
32,5,2009,3,PTTP,48,20,2010,1,1
32,5,2009,3,PTTP,48,20,2010,2,1
32,5,2009,3,PTTP,48,20,2010,3,1
32,5,2009,3,PTTP,48,20,2012,2,1
32,5,2009,3,PTTP,48,21,2012,3,1
32,5,2009,3,PTTP,48,26,2010,3,1
32,5,2009,3,PTTP,48,26,2010,4,1
32,5,2009,3,PTTP,50,13,2009,4,2
32,5,2009,3,PTTP,50,20,2009,4,2
32,5,2009,3,PTTP,50,20,2010,1,3
32,5,2009,3,PTTP,50,20,2010,3,1
32,5,2009,3,PTTP,50,20,2010,4,1
32,5,2009,3,PTTP,50,26,2010,2,1
32,5,2009,3,PTTP,50,27,2010,2,1
32,5,2009,3,PTTP,50,27,2010,4,1
32,5,2009,3,PTTP,52,13,2009,3,1
32,5,2009,3,PTTP,52,26,2010,1,1
32,5,2009,3,PTTP,54,13,2009,4,1
32,5,2009,3,PTTP,54,20,2010,1,1
32,5,2009,3,PTTP,54,26,2010,1,1
33,5,2019,3,PTTP,36,15,2019,4,1
33,5,2019,3,PTTP,36,27,2020,1,1
33,5,2019,3,PTTP,38,15,2019,4,1
33,5,2019,3,PTTP,40,15,2019,4,1
33,5,2019,3,PTTP,40,20,2020,3,1
33,5,2019,3,PTTP,40,26,2019,4,1
33,5,2019,3,PTTP,44,12,2019,4,1
33,5,2019,3,PTTP,44,21,2020,3,1
33,5,2019,3,PTTP,44,26,2019,4,1
33,5,2019,3,PTTP,44,26,2020,2,1
33,5,2019,3,PTTP,44,26,2020,3,1
33,5,2019,3,PTTP,44,27,2020,1,1
33,5,2019,3,PTTP,46,12,2019,4,1
33,5,2019,3,PTTP,46,15,2019,4,4
33,5,2019,3,PTTP,46,20,2019,4,1
33,5,2019,3,PTTP,46,26,2019,4,2
33,5,2019,3,PTTP,46,26,2020,1,2
33,5,2019,3,PTTP,46,26,2020,2,2
33,5,2019,3,PTTP,48,12,2019,4,13
33,5,2019,3,PTTP,48,12,2020,1,1
33,5,2019,3,PTTP,48,15,2019,4,14
33,5,2019,3,PTTP,48,20,2019,4,3
33,5,2019,3,PTTP,48,20,2020,1,1
33,5,2019,3,PTTP,48,20,2020,3,1
33,5,2019,3,PTTP,48,21,2020,1,2
33,5,2019,3,PTTP,48,21,2020,3,1
33,5,2019,3,PTTP,48,26,2019,4,13
33,5,2019,3,PTTP,48,26,2020,1,6
33,5,2019,3,PTTP,48,27,2019,3,1
33,5,2019,3,PTTP,48,27,2020,1,1
33,5,2019,3,PTTP,48,30,2020,1,1
33,5,2019,3,PTTP,50,12,2019,4,28
33,5,2019,3,PTTP,50,12,2020,1,1
33,5,2019,3,PTTP,50,13,2019,4,1
33,5,2019,3,PTTP,50,15,2019,4,35
33,5,2019,3,PTTP,50,15,2021,4,1
33,5,2019,3,PTTP,50,20,2020,1,4
33,5,2019,3,PTTP,50,20,2020,3,2
33,5,2019,3,PTTP,50,21,2019,4,2
33,5,2019,3,PTTP,50,21,2020,1,6
33,5,2019,3,PTTP,50,21,2020,2,3
33,5,2019,3,PTTP,50,21,2020,3,1
33,5,2019,3,PTTP,50,21,2020,4,4
33,5,2019,3,PTTP,50,21,2022,2,1
33,5,2019,3,PTTP,50,26,2019,3,1
33,5,2019,3,PTTP,50,26,2019,4,38
33,5,2019,3,PTTP,50,26,2020,1,11
33,5,2019,3,PTTP,50,26,2020,2,5
33,5,2019,3,PTTP,50,26,2020,3,1
33,5,2019,3,PTTP,50,27,2019,4,2
33,5,2019,3,PTTP,50,27,2020,1,1
33,5,2019,3,PTTP,50,30,2020,1,1
33,5,2019,3,PTTP,50,31,2019,4,1
33,5,2019,3,PTTP,52,12,2019,4,51
33,5,2019,3,PTTP,52,12,2020,1,4
33,5,2019,3,PTTP,52,13,2019,4,2
33,5,2019,3,PTTP,52,15,2019,3,1
33,5,2019,3,PTTP,52,15,2019,4,49
33,5,2019,3,PTTP,52,20,2019,4,5
33,5,2019,3,PTTP,52,20,2020,1,3
33,5,2019,3,PTTP,52,20,2020,2,1
33,5,2019,3,PTTP,52,20,2020,3,3
33,5,2019,3,PTTP,52,21,2019,4,1
33,5,2019,3,PTTP,52,21,2020,1,3
33,5,2019,3,PTTP,52,21,2020,2,5
33,5,2019,3,PTTP,52,21,2020,3,4
33,5,2019,3,PTTP,52,21,2020,4,2
33,5,2019,3,PTTP,52,21,2021,1,1
33,5,2019,3,PTTP,52,25,2019,4,1
33,5,2019,3,PTTP,52,26,2019,3,1
33,5,2019,3,PTTP,52,26,2019,4,37
33,5,2019,3,PTTP,52,26,2020,1,24
33,5,2019,3,PTTP,52,26,2020,2,7
33,5,2019,3,PTTP,52,26,2020,3,1
33,5,2019,3,PTTP,52,27,2019,3,1
33,5,2019,3,PTTP,52,27,2019,4,1
33,5,2019,3,PTTP,52,27,2020,1,6
33,5,2019,3,PTTP,52,27,2020,3,2
33,5,2019,3,PTTP,52,27,2020,4,1
33,5,2019,3,PTTP,52,30,2020,1,1
33,5,2019,3,PTTP,54,12,2019,4,31
33,5,2019,3,PTTP,54,12,2020,1,2
33,5,2019,3,PTTP,54,13,2019,4,1
33,5,2019,3,PTTP,54,13,2020,1,1
33,5,2019,3,PTTP,54,15,2019,4,31
33,5,2019,3,PTTP,54,20,2020,1,1
33,5,2019,3,PTTP,54,20,2020,3,2
33,5,2019,3,PTTP,54,20,2020,4,1
33,5,2019,3,PTTP,54,21,2019,4,2
33,5,2019,3,PTTP,54,21,2020,1,1
33,5,2019,3,PTTP,54,21,2020,2,1
33,5,2019,3,PTTP,54,21,2020,4,1
33,5,2019,3,PTTP,54,21,2021,1,1
33,5,2019,3,PTTP,54,26,2019,4,37
33,5,2019,3,PTTP,54,26,2020,1,19
33,5,2019,3,PTTP,54,26,2020,2,2
33,5,2019,3,PTTP,54,26,2020,3,1
33,5,2019,3,PTTP,54,26,2020,4,1
33,5,2019,3,PTTP,54,27,2019,4,1
33,5,2019,3,PTTP,54,27,2020,2,1
33,5,2019,3,PTTP,54,27,2020,3,1
33,5,2019,3,PTTP,54,30,2020,1,2
33,5,2019,3,PTTP,54,30,2020,4,2
33,5,2019,3,PTTP,56,12,2019,4,13
33,5,2019,3,PTTP,56,15,2019,4,18
33,5,2019,3,PTTP,56,16,2019,3,1
33,5,2019,3,PTTP,56,20,2019,4,3
33,5,2019,3,PTTP,56,26,2019,4,15
33,5,2019,3,PTTP,56,26,2020,1,11
33,5,2019,3,PTTP,56,27,2019,4,1
33,5,2019,3,PTTP,56,27,2020,2,1
33,5,2019,3,PTTP,56,27,2020,3,1
33,5,2019,3,PTTP,58,12,2019,4,5
33,5,2019,3,PTTP,58,12,2020,1,1
33,5,2019,3,PTTP,58,15,2019,4,5
33,5,2019,3,PTTP,58,20,2019,4,2
33,5,2019,3,PTTP,58,20,2020,3,1
33,5,2019,3,PTTP,58,20,2021,1,1
33,5,2019,3,PTTP,58,20,2022,3,1
33,5,2019,3,PTTP,58,26,2019,4,3
33,5,2019,3,PTTP,58,27,2020,1,1
33,5,2019,3,PTTP,60,15,2019,4,2
33,5,2019,3,PTTP,60,21,2020,1,1
33,5,2019,3,PTTP,62,12,2019,4,2
33,5,2019,3,PTTP,62,15,2019,4,1
33,5,2019,3,PTTP,62,26,2019,3,1
33,5,2019,3,PTTP,62,26,2019,4,2
33,5,2019,3,PTTP,62,26,2020,1,3
33,5,2019,3,PTTP,64,12,2019,4,2
33,5,2019,3,PTTP,64,15,2019,4,1
33,5,2019,3,PTTP,64,21,2019,4,1
33,5,2019,3,PTTP,64,21,2020,1,2
33,5,2019,3,PTTP,64,26,2019,4,2
33,5,2019,3,PTTP,64,26,2020,2,1
33,5,2019,3,PTTP,66,12,2019,4,1
33,5,2019,3,PTTP,66,30,2020,1,1
34,6,2006,3,PTTP,30,20,2007,1,1
34,6,2006,3,PTTP,32,20,2006,3,18
34,6,2006,3,PTTP,32,20,2006,4,4
34,6,2006,3,PTTP,32,20,2007,1,1
34,6,2006,3,PTTP,34,20,2006,3,32
34,6,2006,3,PTTP,34,20,2006,4,11
34,6,2006,3,PTTP,34,20,2007,1,1
34,6,2006,3,PTTP,34,20,2007,2,2
34,6,2006,3,PTTP,34,26,2007,1,1
34,6,2006,3,PTTP,34,30,2007,3,1
34,6,2006,3,PTTP,36,20,2006,3,31
34,6,2006,3,PTTP,36,20,2006,4,8
34,6,2006,3,PTTP,36,20,2007,1,1
34,6,2006,3,PTTP,38,20,2006,3,45
34,6,2006,3,PTTP,38,20,2006,4,12
34,6,2006,3,PTTP,38,20,2007,1,7
34,6,2006,3,PTTP,38,20,2009,3,1
34,6,2006,3,PTTP,38,26,2007,1,3
34,6,2006,3,PTTP,38,26,2007,2,2
34,6,2006,3,PTTP,38,26,2009,1,1
34,6,2006,3,PTTP,40,20,2006,3,125
34,6,2006,3,PTTP,40,20,2006,4,25
34,6,2006,3,PTTP,40,20,2007,1,5
34,6,2006,3,PTTP,40,20,2007,3,2
34,6,2006,3,PTTP,40,20,2009,1,1
34,6,2006,3,PTTP,40,26,2007,1,3
34,6,2006,3,PTTP,42,20,2006,3,163
34,6,2006,3,PTTP,42,20,2006,4,34
34,6,2006,3,PTTP,42,20,2007,1,4
34,6,2006,3,PTTP,42,20,2007,2,2
34,6,2006,3,PTTP,42,20,2007,3,1
34,6,2006,3,PTTP,42,26,2006,4,2
34,6,2006,3,PTTP,42,26,2007,1,2
34,6,2006,3,PTTP,42,26,2007,2,1
34,6,2006,3,PTTP,42,30,2007,4,1
34,6,2006,3,PTTP,44,20,2006,3,86
34,6,2006,3,PTTP,44,20,2006,4,68
34,6,2006,3,PTTP,44,20,2007,1,7
34,6,2006,3,PTTP,44,20,2007,3,1
34,6,2006,3,PTTP,44,26,2006,4,2
34,6,2006,3,PTTP,44,26,2007,1,2
34,6,2006,3,PTTP,44,26,2007,2,1
34,6,2006,3,PTTP,44,26,2009,2,1
34,6,2006,3,PTTP,46,20,2006,3,84
34,6,2006,3,PTTP,46,20,2006,4,69
34,6,2006,3,PTTP,46,20,2007,1,6
34,6,2006,3,PTTP,46,20,2007,2,3
34,6,2006,3,PTTP,46,20,2007,3,1
34,6,2006,3,PTTP,46,26,2007,1,1
34,6,2006,3,PTTP,46,26,2007,2,1
34,6,2006,3,PTTP,48,20,2006,3,75
34,6,2006,3,PTTP,48,20,2006,4,82
34,6,2006,3,PTTP,48,20,2007,1,5
34,6,2006,3,PTTP,48,20,2007,2,2
34,6,2006,3,PTTP,48,20,2007,3,1
34,6,2006,3,PTTP,48,20,2009,4,1
34,6,2006,3,PTTP,48,26,2006,4,3
34,6,2006,3,PTTP,48,26,2007,1,3
34,6,2006,3,PTTP,48,26,2007,2,1
34,6,2006,3,PTTP,48,26,2007,3,2
34,6,2006,3,PTTP,50,20,2006,3,118
34,6,2006,3,PTTP,50,20,2006,4,106
34,6,2006,3,PTTP,50,20,2007,1,18
34,6,2006,3,PTTP,50,20,2007,2,2
34,6,2006,3,PTTP,50,20,2008,2,1
34,6,2006,3,PTTP,50,26,2006,4,4
34,6,2006,3,PTTP,50,26,2007,1,4
34,6,2006,3,PTTP,50,26,2007,2,3
34,6,2006,3,PTTP,52,20,2006,3,72
34,6,2006,3,PTTP,52,20,2006,4,58
34,6,2006,3,PTTP,52,20,2007,1,9
34,6,2006,3,PTTP,52,20,2008,2,1
34,6,2006,3,PTTP,52,20,2009,3,1
34,6,2006,3,PTTP,52,26,2006,4,4
34,6,2006,3,PTTP,52,26,2007,1,4
34,6,2006,3,PTTP,52,26,2007,2,5
34,6,2006,3,PTTP,52,30,2007,3,1
34,6,2006,3,PTTP,54,20,2006,3,21
34,6,2006,3,PTTP,54,20,2006,4,29
34,6,2006,3,PTTP,54,20,2007,1,2
34,6,2006,3,PTTP,54,20,2007,2,1
34,6,2006,3,PTTP,54,20,2007,3,1
34,6,2006,3,PTTP,54,26,2006,4,1
34,6,2006,3,PTTP,54,26,2007,1,6
34,6,2006,3,PTTP,54,26,2007,2,1
34,6,2006,3,PTTP,54,26,2007,4,1
34,6,2006,3,PTTP,56,20,2006,3,3
34,6,2006,3,PTTP,56,20,2006,4,13
34,6,2006,3,PTTP,56,20,2007,1,1
34,6,2006,3,PTTP,56,26,2006,4,4
34,6,2006,3,PTTP,56,26,2007,1,5
34,6,2006,3,PTTP,56,26,2008,1,1
34,6,2006,3,PTTP,58,20,2006,3,8
34,6,2006,3,PTTP,58,20,2006,4,27
34,6,2006,3,PTTP,58,26,2006,4,2
34,6,2006,3,PTTP,58,26,2007,1,2
34,6,2006,3,PTTP,58,26,2008,3,1
34,6,2006,3,PTTP,60,15,2006,4,1
34,6,2006,3,PTTP,60,20,2006,3,5
34,6,2006,3,PTTP,60,20,2006,4,21
34,6,2006,3,PTTP,60,20,2007,1,3
34,6,2006,3,PTTP,60,20,2009,1,1
34,6,2006,3,PTTP,60,26,2007,1,1
34,6,2006,3,PTTP,60,26,2007,2,1
34,6,2006,3,PTTP,60,26,2007,4,1
34,6,2006,3,PTTP,62,20,2006,3,1
34,6,2006,3,PTTP,62,20,2006,4,16
34,6,2006,3,PTTP,62,26,2007,1,1
34,6,2006,3,PTTP,62,26,2007,2,1
34,6,2006,3,PTTP,64,13,2010,3,1
34,6,2006,3,PTTP,64,20,2006,4,12
34,6,2006,3,PTTP,64,20,2007,2,1
34,6,2006,3,PTTP,66,20,2006,4,6
34,6,2006,3,PTTP,66,26,2007,2,1
34,6,2006,3,PTTP,68,20,2006,4,8
34,6,2006,3,PTTP,70,20,2006,4,5
34,6,2006,3,PTTP,72,20,2006,4,1
35,6,2006,4,PTTP,32,20,2006,4,2
35,6,2006,4,PTTP,32,20,2007,1,1
35,6,2006,4,PTTP,32,20,2007,4,1
35,6,2006,4,PTTP,34,20,2006,4,2
35,6,2006,4,PTTP,34,20,2007,1,2
35,6,2006,4,PTTP,34,26,2007,1,1
35,6,2006,4,PTTP,36,20,2006,4,2
35,6,2006,4,PTTP,36,20,2007,1,3
35,6,2006,4,PTTP,36,20,2008,3,1
35,6,2006,4,PTTP,36,21,2006,4,1
35,6,2006,4,PTTP,36,26,2007,1,3
35,6,2006,4,PTTP,36,26,2007,2,1
35,6,2006,4,PTTP,38,20,2006,4,10
35,6,2006,4,PTTP,38,20,2007,1,2
35,6,2006,4,PTTP,38,21,2006,4,1
35,6,2006,4,PTTP,38,26,2007,1,1
35,6,2006,4,PTTP,38,26,2007,3,1
35,6,2006,4,PTTP,38,26,2009,2,1
35,6,2006,4,PTTP,40,20,2006,4,52
35,6,2006,4,PTTP,40,20,2007,1,6
35,6,2006,4,PTTP,40,26,2006,4,2
35,6,2006,4,PTTP,40,26,2007,1,3
35,6,2006,4,PTTP,40,26,2007,2,2
35,6,2006,4,PTTP,40,30,2007,3,2
35,6,2006,4,PTTP,42,20,2006,4,94
35,6,2006,4,PTTP,42,20,2007,1,8
35,6,2006,4,PTTP,42,20,2007,2,1
35,6,2006,4,PTTP,42,20,2008,1,1
35,6,2006,4,PTTP,42,20,2009,3,1
35,6,2006,4,PTTP,42,21,2006,4,1
35,6,2006,4,PTTP,42,26,2007,1,3
35,6,2006,4,PTTP,42,26,2007,2,4
35,6,2006,4,PTTP,42,26,2007,4,1
35,6,2006,4,PTTP,42,27,2007,1,1
35,6,2006,4,PTTP,44,12,2007,3,1
35,6,2006,4,PTTP,44,20,2006,4,105
35,6,2006,4,PTTP,44,20,2007,1,21
35,6,2006,4,PTTP,44,20,2007,2,10
35,6,2006,4,PTTP,44,20,2009,1,1
35,6,2006,4,PTTP,44,21,2007,1,1
35,6,2006,4,PTTP,44,26,2007,1,10
35,6,2006,4,PTTP,44,26,2007,2,1
35,6,2006,4,PTTP,44,26,2007,3,1
35,6,2006,4,PTTP,46,20,2006,4,99
35,6,2006,4,PTTP,46,20,2007,1,11
35,6,2006,4,PTTP,46,20,2007,2,2
35,6,2006,4,PTTP,46,20,2009,4,1
35,6,2006,4,PTTP,46,21,2006,4,1
35,6,2006,4,PTTP,46,26,2006,4,1
35,6,2006,4,PTTP,46,26,2007,1,11
35,6,2006,4,PTTP,46,26,2007,2,4
35,6,2006,4,PTTP,46,26,2007,3,2
35,6,2006,4,PTTP,48,20,2006,4,75
35,6,2006,4,PTTP,48,20,2007,1,9
35,6,2006,4,PTTP,48,20,2007,2,2
35,6,2006,4,PTTP,48,20,2007,4,1
35,6,2006,4,PTTP,48,26,2007,1,6
35,6,2006,4,PTTP,50,20,2006,4,69
35,6,2006,4,PTTP,50,20,2007,1,4
35,6,2006,4,PTTP,50,20,2007,2,1
35,6,2006,4,PTTP,50,20,2008,3,1
35,6,2006,4,PTTP,50,26,2007,1,1
35,6,2006,4,PTTP,50,26,2007,2,2
35,6,2006,4,PTTP,50,26,2009,1,1
35,6,2006,4,PTTP,52,13,2007,1,1
35,6,2006,4,PTTP,52,20,2006,4,32
35,6,2006,4,PTTP,52,20,2007,1,2
35,6,2006,4,PTTP,52,20,2007,2,2
35,6,2006,4,PTTP,52,26,2007,1,3
35,6,2006,4,PTTP,52,26,2007,2,2
35,6,2006,4,PTTP,54,20,2006,4,13
35,6,2006,4,PTTP,54,20,2007,1,1
35,6,2006,4,PTTP,54,20,2007,2,2
35,6,2006,4,PTTP,56,20,2006,4,4
35,6,2006,4,PTTP,56,30,2007,3,1
35,6,2006,4,PTTP,58,26,2007,1,1
36,6,2007,1,PTTP,30,20,2007,3,1
36,6,2007,1,PTTP,32,20,2007,1,1
36,6,2007,1,PTTP,32,20,2007,2,3
36,6,2007,1,PTTP,32,20,2007,3,1
36,6,2007,1,PTTP,32,20,2007,4,1
36,6,2007,1,PTTP,34,20,2007,2,3
36,6,2007,1,PTTP,34,20,2007,3,1
36,6,2007,1,PTTP,34,20,2007,4,1
36,6,2007,1,PTTP,34,20,2008,1,2
36,6,2007,1,PTTP,34,20,2008,2,1
36,6,2007,1,PTTP,34,20,2009,2,1
36,6,2007,1,PTTP,34,26,2007,4,1
36,6,2007,1,PTTP,34,26,2008,2,1
36,6,2007,1,PTTP,36,20,2007,1,1
36,6,2007,1,PTTP,36,20,2007,2,1
36,6,2007,1,PTTP,36,20,2007,3,2
36,6,2007,1,PTTP,36,20,2007,4,1
36,6,2007,1,PTTP,36,21,2007,2,1
36,6,2007,1,PTTP,36,26,2007,3,1
36,6,2007,1,PTTP,38,20,2007,2,8
36,6,2007,1,PTTP,38,20,2007,3,9
36,6,2007,1,PTTP,38,20,2007,4,3
36,6,2007,1,PTTP,38,26,2007,3,3
36,6,2007,1,PTTP,38,26,2007,4,2
36,6,2007,1,PTTP,40,20,2007,1,3
36,6,2007,1,PTTP,40,20,2007,2,14
36,6,2007,1,PTTP,40,20,2007,3,5
36,6,2007,1,PTTP,40,20,2007,4,7
36,6,2007,1,PTTP,40,26,2007,2,3
36,6,2007,1,PTTP,40,26,2007,3,5
36,6,2007,1,PTTP,40,26,2007,4,2
36,6,2007,1,PTTP,42,20,2007,1,6
36,6,2007,1,PTTP,42,20,2007,2,21
36,6,2007,1,PTTP,42,20,2007,3,22
36,6,2007,1,PTTP,42,20,2007,4,2
36,6,2007,1,PTTP,42,20,2008,1,2
36,6,2007,1,PTTP,42,20,2008,2,1
36,6,2007,1,PTTP,42,20,2010,1,1
36,6,2007,1,PTTP,42,21,2007,2,2
36,6,2007,1,PTTP,42,21,2007,4,1
36,6,2007,1,PTTP,42,26,2007,1,1
36,6,2007,1,PTTP,42,26,2007,2,14
36,6,2007,1,PTTP,42,26,2007,3,9
36,6,2007,1,PTTP,42,26,2007,4,3
36,6,2007,1,PTTP,42,26,2008,1,1
36,6,2007,1,PTTP,42,30,2007,3,1
36,6,2007,1,PTTP,44,20,2007,1,8
36,6,2007,1,PTTP,44,20,2007,2,36
36,6,2007,1,PTTP,44,20,2007,3,20
36,6,2007,1,PTTP,44,20,2007,4,3
36,6,2007,1,PTTP,44,20,2008,1,1
36,6,2007,1,PTTP,44,20,2008,2,3
36,6,2007,1,PTTP,44,20,2008,3,1
36,6,2007,1,PTTP,44,20,2009,2,1
36,6,2007,1,PTTP,44,21,2007,2,1
36,6,2007,1,PTTP,44,26,2007,2,31
36,6,2007,1,PTTP,44,26,2007,3,9
36,6,2007,1,PTTP,44,26,2007,4,3
36,6,2007,1,PTTP,44,26,2008,1,2
36,6,2007,1,PTTP,44,26,2008,3,2
36,6,2007,1,PTTP,44,30,2007,3,1
36,6,2007,1,PTTP,46,12,2007,3,1
36,6,2007,1,PTTP,46,13,2007,3,1
36,6,2007,1,PTTP,46,20,2007,1,7
36,6,2007,1,PTTP,46,20,2007,2,24
36,6,2007,1,PTTP,46,20,2007,3,24
36,6,2007,1,PTTP,46,20,2007,4,7
36,6,2007,1,PTTP,46,20,2008,1,2
36,6,2007,1,PTTP,46,20,2008,2,3
36,6,2007,1,PTTP,46,20,2008,3,1
36,6,2007,1,PTTP,46,20,2009,4,2
36,6,2007,1,PTTP,46,21,2007,3,1
36,6,2007,1,PTTP,46,21,2010,1,1
36,6,2007,1,PTTP,46,26,2007,2,21
36,6,2007,1,PTTP,46,26,2007,3,9
36,6,2007,1,PTTP,46,26,2007,4,10
36,6,2007,1,PTTP,46,26,2008,1,3
36,6,2007,1,PTTP,46,26,2008,2,2
36,6,2007,1,PTTP,46,26,2009,1,1
36,6,2007,1,PTTP,46,26,2010,2,1
36,6,2007,1,PTTP,46,30,2007,2,1
36,6,2007,1,PTTP,48,20,2007,1,4
36,6,2007,1,PTTP,48,20,2007,2,10
36,6,2007,1,PTTP,48,20,2007,3,7
36,6,2007,1,PTTP,48,20,2007,4,3
36,6,2007,1,PTTP,48,21,2007,2,1
36,6,2007,1,PTTP,48,26,2007,2,11
36,6,2007,1,PTTP,48,26,2007,3,5
36,6,2007,1,PTTP,48,26,2007,4,1
36,6,2007,1,PTTP,48,30,2007,3,1
36,6,2007,1,PTTP,50,20,2007,1,5
36,6,2007,1,PTTP,50,20,2007,2,18
36,6,2007,1,PTTP,50,20,2007,3,9
36,6,2007,1,PTTP,50,20,2007,4,6
36,6,2007,1,PTTP,50,20,2008,1,2
36,6,2007,1,PTTP,50,20,2008,3,1
36,6,2007,1,PTTP,50,20,2008,4,2
36,6,2007,1,PTTP,50,21,2007,2,1
36,6,2007,1,PTTP,50,21,2007,3,1
36,6,2007,1,PTTP,50,21,2008,2,1
36,6,2007,1,PTTP,50,26,2007,2,31
36,6,2007,1,PTTP,50,26,2007,3,16
36,6,2007,1,PTTP,50,26,2007,4,3
36,6,2007,1,PTTP,50,26,2008,1,2
36,6,2007,1,PTTP,50,30,2007,4,2
36,6,2007,1,PTTP,52,20,2007,1,9
36,6,2007,1,PTTP,52,20,2007,2,14
36,6,2007,1,PTTP,52,20,2007,3,5
36,6,2007,1,PTTP,52,20,2007,4,3
36,6,2007,1,PTTP,52,20,2008,1,3
36,6,2007,1,PTTP,52,20,2009,4,1
36,6,2007,1,PTTP,52,21,2007,2,1
36,6,2007,1,PTTP,52,21,2008,2,1
36,6,2007,1,PTTP,52,26,2007,1,2
36,6,2007,1,PTTP,52,26,2007,2,25
36,6,2007,1,PTTP,52,26,2007,3,6
36,6,2007,1,PTTP,52,26,2007,4,4
36,6,2007,1,PTTP,52,26,2008,3,2
36,6,2007,1,PTTP,52,30,2007,2,1
36,6,2007,1,PTTP,52,30,2007,3,2
36,6,2007,1,PTTP,54,20,2007,1,2
36,6,2007,1,PTTP,54,20,2007,2,12
36,6,2007,1,PTTP,54,20,2007,3,3
36,6,2007,1,PTTP,54,26,2007,2,6
36,6,2007,1,PTTP,54,26,2007,3,3
36,6,2007,1,PTTP,54,30,2007,2,1
36,6,2007,1,PTTP,56,20,2007,1,1
36,6,2007,1,PTTP,56,26,2007,2,3
36,6,2007,1,PTTP,56,26,2007,4,2
36,6,2007,1,PTTP,56,30,2007,4,1
36,6,2007,1,PTTP,58,20,2007,1,1
36,6,2007,1,PTTP,58,20,2007,3,1
36,6,2007,1,PTTP,58,26,2007,2,1
36,6,2007,1,PTTP,58,26,2007,3,1
37,6,2007,2,PTTP,32,20,2007,2,3
37,6,2007,2,PTTP,32,20,2007,3,1
37,6,2007,2,PTTP,32,20,2008,1,1
37,6,2007,2,PTTP,34,15,2007,2,1
37,6,2007,2,PTTP,34,20,2007,2,18
37,6,2007,2,PTTP,34,20,2007,3,8
37,6,2007,2,PTTP,34,20,2008,3,1
37,6,2007,2,PTTP,34,20,2009,2,2
37,6,2007,2,PTTP,34,26,2007,2,1
37,6,2007,2,PTTP,34,26,2007,3,1
37,6,2007,2,PTTP,34,30,2007,3,1
37,6,2007,2,PTTP,36,20,2007,2,1
37,6,2007,2,PTTP,36,20,2007,2,122
37,6,2007,2,PTTP,36,20,2007,3,48
37,6,2007,2,PTTP,36,20,2007,4,6
37,6,2007,2,PTTP,36,20,2008,1,1
37,6,2007,2,PTTP,36,20,2008,2,1
37,6,2007,2,PTTP,36,20,2009,1,1
37,6,2007,2,PTTP,36,20,2009,2,1
37,6,2007,2,PTTP,36,20,2009,4,1
37,6,2007,2,PTTP,36,21,2007,3,2
37,6,2007,2,PTTP,36,21,2008,3,1
37,6,2007,2,PTTP,36,26,2007,3,1
37,6,2007,2,PTTP,36,26,2007,4,1
37,6,2007,2,PTTP,36,26,2008,1,2
37,6,2007,2,PTTP,38,13,2007,3,1
37,6,2007,2,PTTP,38,13,2008,4,1
37,6,2007,2,PTTP,38,15,2007,2,1
37,6,2007,2,PTTP,38,15,2007,4,1
37,6,2007,2,PTTP,38,20,2007,2,243
37,6,2007,2,PTTP,38,20,2007,3,78
37,6,2007,2,PTTP,38,20,2007,4,15
37,6,2007,2,PTTP,38,20,2008,1,4
37,6,2007,2,PTTP,38,20,2008,2,1
37,6,2007,2,PTTP,38,20,2009,1,1
37,6,2007,2,PTTP,38,20,2009,3,3
37,6,2007,2,PTTP,38,20,2010,2,3
37,6,2007,2,PTTP,38,20,2010,3,1
37,6,2007,2,PTTP,38,20,2012,1,1
37,6,2007,2,PTTP,38,21,2007,2,3
37,6,2007,2,PTTP,38,21,2007,3,1
37,6,2007,2,PTTP,38,21,2009,4,1
37,6,2007,2,PTTP,38,21,2010,3,1
37,6,2007,2,PTTP,38,26,2007,2,6
37,6,2007,2,PTTP,38,26,2007,3,2
37,6,2007,2,PTTP,38,26,2007,4,1
37,6,2007,2,PTTP,38,26,2008,4,1
37,6,2007,2,PTTP,38,30,2008,3,1
37,6,2007,2,PTTP,40,13,2010,2,1
37,6,2007,2,PTTP,40,20,2007,2,66
37,6,2007,2,PTTP,40,20,2007,3,40
37,6,2007,2,PTTP,40,20,2007,4,5
37,6,2007,2,PTTP,40,20,2008,1,2
37,6,2007,2,PTTP,40,20,2008,2,1
37,6,2007,2,PTTP,40,20,2009,2,2
37,6,2007,2,PTTP,40,26,2007,2,5
37,6,2007,2,PTTP,40,26,2007,3,4
37,6,2007,2,PTTP,40,26,2007,4,2
37,6,2007,2,PTTP,40,26,2008,1,1
37,6,2007,2,PTTP,42,20,2007,2,23
37,6,2007,2,PTTP,42,20,2007,3,10
37,6,2007,2,PTTP,42,20,2007,4,6
37,6,2007,2,PTTP,42,20,2008,2,2
37,6,2007,2,PTTP,42,20,2008,3,1
37,6,2007,2,PTTP,42,26,2007,2,1
37,6,2007,2,PTTP,42,26,2007,3,2
37,6,2007,2,PTTP,42,26,2007,4,1
37,6,2007,2,PTTP,44,15,2007,4,1
37,6,2007,2,PTTP,44,20,2007,2,15
37,6,2007,2,PTTP,44,20,2007,3,12
37,6,2007,2,PTTP,44,20,2007,4,10
37,6,2007,2,PTTP,44,20,2008,1,2
37,6,2007,2,PTTP,44,20,2008,3,1
37,6,2007,2,PTTP,44,20,2009,1,1
37,6,2007,2,PTTP,44,26,2007,2,2
37,6,2007,2,PTTP,44,26,2007,3,5
37,6,2007,2,PTTP,44,26,2007,4,2
37,6,2007,2,PTTP,44,26,2008,1,2
37,6,2007,2,PTTP,44,26,2008,2,1
37,6,2007,2,PTTP,46,20,2007,2,12
37,6,2007,2,PTTP,46,20,2007,3,19
37,6,2007,2,PTTP,46,20,2007,4,8
37,6,2007,2,PTTP,46,20,2008,1,1
37,6,2007,2,PTTP,46,20,2008,3,1
37,6,2007,2,PTTP,46,20,2009,2,1
37,6,2007,2,PTTP,46,21,2007,4,1
37,6,2007,2,PTTP,46,26,2007,2,4
37,6,2007,2,PTTP,46,26,2007,3,7
37,6,2007,2,PTTP,46,26,2007,4,3
37,6,2007,2,PTTP,46,26,2008,2,1
37,6,2007,2,PTTP,46,26,2008,3,2
37,6,2007,2,PTTP,46,30,2007,3,1
37,6,2007,2,PTTP,46,30,2007,4,1
37,6,2007,2,PTTP,48,20,2007,2,8
37,6,2007,2,PTTP,48,20,2007,3,19
37,6,2007,2,PTTP,48,20,2007,4,7
37,6,2007,2,PTTP,48,20,2008,1,1
37,6,2007,2,PTTP,48,20,2010,1,1
37,6,2007,2,PTTP,48,26,2007,2,3
37,6,2007,2,PTTP,48,26,2007,3,3
37,6,2007,2,PTTP,48,26,2007,4,2
37,6,2007,2,PTTP,48,26,2008,1,2
37,6,2007,2,PTTP,48,26,2008,3,1
37,6,2007,2,PTTP,48,26,2008,4,1
37,6,2007,2,PTTP,48,30,2007,3,1
37,6,2007,2,PTTP,48,30,2008,4,1
37,6,2007,2,PTTP,48,30,2009,4,1
37,6,2007,2,PTTP,50,20,2007,2,2
37,6,2007,2,PTTP,50,20,2007,3,13
37,6,2007,2,PTTP,50,20,2007,4,2
37,6,2007,2,PTTP,50,21,2007,4,1
37,6,2007,2,PTTP,50,26,2007,2,2
37,6,2007,2,PTTP,50,26,2007,3,3
37,6,2007,2,PTTP,50,26,2007,4,1
37,6,2007,2,PTTP,50,26,2008,2,1
37,6,2007,2,PTTP,50,26,2008,3,1
37,6,2007,2,PTTP,50,30,2008,2,1
37,6,2007,2,PTTP,52,13,2009,2,1
37,6,2007,2,PTTP,52,20,2007,2,1
37,6,2007,2,PTTP,52,20,2007,4,1
37,6,2007,2,PTTP,52,20,2008,2,1
37,6,2007,2,PTTP,52,26,2007,2,1
37,6,2007,2,PTTP,52,26,2007,3,2
37,6,2007,2,PTTP,52,26,2007,4,1
37,6,2007,2,PTTP,52,26,2008,1,1
37,6,2007,2,PTTP,54,20,2007,2,1
37,6,2007,2,PTTP,54,26,2007,4,1
37,6,2007,2,PTTP,54,26,2008,3,1
37,6,2007,2,PTTP,56,26,2007,3,1
37,6,2007,2,PTTP,58,20,2007,4,1
37,6,2007,2,PTTP,58,20,2008,1,1
38,6,2007,4,PTTP,30,20,2007,4,1
38,6,2007,4,PTTP,30,20,2008,1,1
38,6,2007,4,PTTP,30,26,2008,2,1
38,6,2007,4,PTTP,32,20,2007,4,15
38,6,2007,4,PTTP,32,20,2008,1,5
38,6,2007,4,PTTP,34,20,2007,4,28
38,6,2007,4,PTTP,34,20,2008,1,5
38,6,2007,4,PTTP,34,20,2008,2,3
38,6,2007,4,PTTP,34,20,2008,3,1
38,6,2007,4,PTTP,34,21,2007,4,1
38,6,2007,4,PTTP,34,26,2008,2,4
38,6,2007,4,PTTP,34,26,2008,3,2
38,6,2007,4,PTTP,34,30,2008,2,1
38,6,2007,4,PTTP,36,20,2007,4,29
38,6,2007,4,PTTP,36,20,2008,1,21
38,6,2007,4,PTTP,36,20,2008,2,2
38,6,2007,4,PTTP,36,20,2008,3,2
38,6,2007,4,PTTP,36,20,2008,4,1
38,6,2007,4,PTTP,36,21,2007,4,1
38,6,2007,4,PTTP,36,21,2008,4,1
38,6,2007,4,PTTP,36,26,2008,1,1
38,6,2007,4,PTTP,36,26,2008,2,1
38,6,2007,4,PTTP,38,20,2007,4,18
38,6,2007,4,PTTP,38,20,2008,1,9
38,6,2007,4,PTTP,38,20,2008,2,2
38,6,2007,4,PTTP,38,20,2008,3,2
38,6,2007,4,PTTP,38,20,2008,4,2
38,6,2007,4,PTTP,38,20,2009,3,1
38,6,2007,4,PTTP,38,21,2007,4,2
38,6,2007,4,PTTP,38,26,2008,2,1
38,6,2007,4,PTTP,40,20,2007,4,16
38,6,2007,4,PTTP,40,20,2008,1,3
38,6,2007,4,PTTP,40,20,2008,2,1
38,6,2007,4,PTTP,40,21,2008,1,1
38,6,2007,4,PTTP,40,26,2008,1,1
38,6,2007,4,PTTP,40,26,2008,2,1
38,6,2007,4,PTTP,40,26,2009,1,1
38,6,2007,4,PTTP,40,30,2008,1,1
38,6,2007,4,PTTP,42,20,2007,4,60
38,6,2007,4,PTTP,42,20,2008,1,11
38,6,2007,4,PTTP,42,20,2008,3,3
38,6,2007,4,PTTP,42,21,2007,4,1
38,6,2007,4,PTTP,42,21,2008,2,1
38,6,2007,4,PTTP,42,26,2007,4,1
38,6,2007,4,PTTP,44,15,2008,1,1
38,6,2007,4,PTTP,44,20,2007,4,315
38,6,2007,4,PTTP,44,20,2008,1,70
38,6,2007,4,PTTP,44,20,2008,2,6
38,6,2007,4,PTTP,44,20,2008,3,11
38,6,2007,4,PTTP,44,20,2008,4,3
38,6,2007,4,PTTP,44,20,2010,3,1
38,6,2007,4,PTTP,44,21,2007,4,4
38,6,2007,4,PTTP,44,21,2008,1,5
38,6,2007,4,PTTP,44,21,2008,2,1
38,6,2007,4,PTTP,44,26,2007,4,1
38,6,2007,4,PTTP,44,26,2008,1,3
38,6,2007,4,PTTP,44,26,2008,2,6
38,6,2007,4,PTTP,44,26,2008,3,8
38,6,2007,4,PTTP,46,20,2007,4,323
38,6,2007,4,PTTP,46,20,2008,1,74
38,6,2007,4,PTTP,46,20,2008,2,11
38,6,2007,4,PTTP,46,20,2008,3,3
38,6,2007,4,PTTP,46,21,2007,4,4
38,6,2007,4,PTTP,46,21,2008,1,3
38,6,2007,4,PTTP,46,21,2008,2,1
38,6,2007,4,PTTP,46,21,2008,3,1
38,6,2007,4,PTTP,46,26,2007,4,2
38,6,2007,4,PTTP,46,26,2008,1,5
38,6,2007,4,PTTP,46,26,2008,2,14
38,6,2007,4,PTTP,46,26,2008,3,3
38,6,2007,4,PTTP,46,26,2008,4,1
38,6,2007,4,PTTP,46,26,2009,1,1
38,6,2007,4,PTTP,46,27,2008,2,1
38,6,2007,4,PTTP,46,30,2008,2,1
38,6,2007,4,PTTP,46,30,2008,3,1
38,6,2007,4,PTTP,48,20,2007,4,148
38,6,2007,4,PTTP,48,20,2008,1,49
38,6,2007,4,PTTP,48,20,2008,2,8
38,6,2007,4,PTTP,48,20,2008,3,6
38,6,2007,4,PTTP,48,20,2009,4,1
38,6,2007,4,PTTP,48,21,2008,1,3
38,6,2007,4,PTTP,48,26,2007,4,2
38,6,2007,4,PTTP,48,26,2008,2,9
38,6,2007,4,PTTP,48,26,2008,3,3
38,6,2007,4,PTTP,48,26,2009,3,1
38,6,2007,4,PTTP,48,30,2008,1,1
38,6,2007,4,PTTP,50,15,2008,2,1
38,6,2007,4,PTTP,50,20,2007,4,109
38,6,2007,4,PTTP,50,20,2008,1,26
38,6,2007,4,PTTP,50,20,2008,2,2
38,6,2007,4,PTTP,50,20,2008,4,1
38,6,2007,4,PTTP,50,20,2009,2,1
38,6,2007,4,PTTP,50,21,2007,4,3
38,6,2007,4,PTTP,50,26,2007,4,2
38,6,2007,4,PTTP,50,26,2008,1,1
38,6,2007,4,PTTP,50,26,2008,2,7
38,6,2007,4,PTTP,50,26,2008,3,2
38,6,2007,4,PTTP,50,30,2007,4,1
38,6,2007,4,PTTP,52,20,2007,4,40
38,6,2007,4,PTTP,52,20,2008,1,9
38,6,2007,4,PTTP,52,20,2008,2,2
38,6,2007,4,PTTP,52,20,2008,3,1
38,6,2007,4,PTTP,52,20,2009,2,1
38,6,2007,4,PTTP,52,21,2007,4,1
38,6,2007,4,PTTP,52,21,2008,1,1
38,6,2007,4,PTTP,52,26,2008,1,1
38,6,2007,4,PTTP,52,26,2008,2,3
38,6,2007,4,PTTP,52,26,2008,3,1
38,6,2007,4,PTTP,52,27,2008,2,1
38,6,2007,4,PTTP,54,20,2007,4,22
38,6,2007,4,PTTP,54,20,2008,1,4
38,6,2007,4,PTTP,54,20,2008,2,2
38,6,2007,4,PTTP,54,20,2008,3,1
38,6,2007,4,PTTP,54,21,2007,4,1
38,6,2007,4,PTTP,54,26,2008,1,1
38,6,2007,4,PTTP,54,26,2008,4,1
38,6,2007,4,PTTP,54,30,2008,3,1
38,6,2007,4,PTTP,56,20,2007,4,10
38,6,2007,4,PTTP,56,20,2008,1,3
38,6,2007,4,PTTP,56,26,2007,4,1
38,6,2007,4,PTTP,56,26,2008,3,1
38,6,2007,4,PTTP,56,26,2008,4,1
38,6,2007,4,PTTP,58,20,2007,4,3
38,6,2007,4,PTTP,58,20,2008,1,1
38,6,2007,4,PTTP,58,21,2008,1,3
38,6,2007,4,PTTP,58,26,2008,2,1
38,6,2007,4,PTTP,60,26,2007,4,1
38,6,2007,4,PTTP,60,26,2008,2,2
38,6,2007,4,PTTP,62,20,2008,1,1
39,6,2008,1,PTTP,28,20,2008,1,1
39,6,2008,1,PTTP,30,20,2008,1,1
39,6,2008,1,PTTP,30,20,2008,2,1
39,6,2008,1,PTTP,30,20,2008,3,1
39,6,2008,1,PTTP,30,20,2008,4,1
39,6,2008,1,PTTP,30,26,2008,2,1
39,6,2008,1,PTTP,32,20,2008,1,4
39,6,2008,1,PTTP,32,20,2008,2,7
39,6,2008,1,PTTP,32,20,2010,4,1
39,6,2008,1,PTTP,32,26,2008,2,2
39,6,2008,1,PTTP,34,20,2008,1,12
39,6,2008,1,PTTP,34,20,2008,2,11
39,6,2008,1,PTTP,34,20,2008,3,3
39,6,2008,1,PTTP,34,20,2008,4,4
39,6,2008,1,PTTP,34,20,2009,1,4
39,6,2008,1,PTTP,34,26,2008,2,1
39,6,2008,1,PTTP,34,26,2008,3,2
39,6,2008,1,PTTP,34,26,2008,4,3
39,6,2008,1,PTTP,34,26,2009,2,1
39,6,2008,1,PTTP,34,30,2008,4,1
39,6,2008,1,PTTP,34,30,2009,2,1
39,6,2008,1,PTTP,36,13,2009,2,1
39,6,2008,1,PTTP,36,20,2008,1,22
39,6,2008,1,PTTP,36,20,2008,2,31
39,6,2008,1,PTTP,36,20,2008,3,20
39,6,2008,1,PTTP,36,20,2008,4,5
39,6,2008,1,PTTP,36,20,2009,1,1
39,6,2008,1,PTTP,36,20,2009,3,1
39,6,2008,1,PTTP,36,21,2008,2,1
39,6,2008,1,PTTP,36,21,2008,3,1
39,6,2008,1,PTTP,36,26,2008,2,4
39,6,2008,1,PTTP,36,26,2008,3,3
39,6,2008,1,PTTP,36,26,2008,4,1
39,6,2008,1,PTTP,36,26,2009,2,2
39,6,2008,1,PTTP,38,13,2008,4,1
39,6,2008,1,PTTP,38,13,2009,1,1
39,6,2008,1,PTTP,38,20,2008,1,25
39,6,2008,1,PTTP,38,20,2008,2,58
39,6,2008,1,PTTP,38,20,2008,3,36
39,6,2008,1,PTTP,38,20,2008,4,14
39,6,2008,1,PTTP,38,20,2009,1,7
39,6,2008,1,PTTP,38,20,2009,2,2
39,6,2008,1,PTTP,38,20,2009,4,1
39,6,2008,1,PTTP,38,21,2008,2,3
39,6,2008,1,PTTP,38,21,2008,3,1
39,6,2008,1,PTTP,38,26,2008,1,1
39,6,2008,1,PTTP,38,26,2008,2,6
39,6,2008,1,PTTP,38,26,2008,3,4
39,6,2008,1,PTTP,38,26,2008,4,10
39,6,2008,1,PTTP,38,26,2009,1,3
39,6,2008,1,PTTP,38,26,2009,2,2
39,6,2008,1,PTTP,38,26,2011,4,1
39,6,2008,1,PTTP,38,30,2008,2,1
39,6,2008,1,PTTP,38,30,2009,4,1
39,6,2008,1,PTTP,40,20,2008,1,10
39,6,2008,1,PTTP,40,20,2008,2,60
39,6,2008,1,PTTP,40,20,2008,3,26
39,6,2008,1,PTTP,40,20,2008,4,9
39,6,2008,1,PTTP,40,20,2009,1,4
39,6,2008,1,PTTP,40,20,2009,2,1
39,6,2008,1,PTTP,40,20,2009,3,1
39,6,2008,1,PTTP,40,21,2008,2,3
39,6,2008,1,PTTP,40,21,2008,4,1
39,6,2008,1,PTTP,40,26,2008,1,2
39,6,2008,1,PTTP,40,26,2008,2,4
39,6,2008,1,PTTP,40,26,2008,3,2
39,6,2008,1,PTTP,40,26,2008,4,4
39,6,2008,1,PTTP,40,26,2009,1,3
39,6,2008,1,PTTP,40,26,2009,2,2
39,6,2008,1,PTTP,40,26,2011,4,1
39,6,2008,1,PTTP,40,30,2008,4,1
39,6,2008,1,PTTP,40,30,2009,4,1
39,6,2008,1,PTTP,42,12,2008,2,1
39,6,2008,1,PTTP,42,20,2008,1,3
39,6,2008,1,PTTP,42,20,2008,2,24
39,6,2008,1,PTTP,42,20,2008,3,14
39,6,2008,1,PTTP,42,20,2008,4,8
39,6,2008,1,PTTP,42,20,2009,1,3
39,6,2008,1,PTTP,42,20,2009,2,1
39,6,2008,1,PTTP,42,20,2011,2,1
39,6,2008,1,PTTP,42,26,2008,2,3
39,6,2008,1,PTTP,42,26,2008,3,2
39,6,2008,1,PTTP,42,26,2008,4,2
39,6,2008,1,PTTP,44,20,2008,1,1
39,6,2008,1,PTTP,44,20,2008,2,5
39,6,2008,1,PTTP,44,20,2008,3,5
39,6,2008,1,PTTP,44,20,2008,4,4
39,6,2008,1,PTTP,44,20,2009,2,1
39,6,2008,1,PTTP,44,20,2011,4,1
39,6,2008,1,PTTP,44,26,2008,2,2
39,6,2008,1,PTTP,44,26,2008,3,2
39,6,2008,1,PTTP,44,26,2009,1,1
39,6,2008,1,PTTP,46,20,2008,1,1
39,6,2008,1,PTTP,46,20,2008,2,4
39,6,2008,1,PTTP,46,20,2010,1,1
39,6,2008,1,PTTP,46,26,2008,2,2
39,6,2008,1,PTTP,48,20,2008,2,1
39,6,2008,1,PTTP,50,20,2008,3,1
39,6,2008,1,PTTP,50,20,2009,2,1
39,6,2008,1,PTTP,50,26,2008,3,1
39,6,2008,1,PTTP,50,26,2008,4,1
39,6,2008,1,PTTP,52,20,2008,1,2
39,6,2008,1,PTTP,52,20,2008,2,1
39,6,2008,1,PTTP,52,20,2008,3,1
39,6,2008,1,PTTP,52,26,2008,2,3
39,6,2008,1,PTTP,54,20,2008,3,1
39,6,2008,1,PTTP,54,26,2008,2,3
39,6,2008,1,PTTP,54,26,2008,3,1
39,6,2008,1,PTTP,56,20,2008,1,3
39,6,2008,1,PTTP,56,20,2008,2,1
39,6,2008,1,PTTP,56,20,2008,3,1
39,6,2008,1,PTTP,56,26,2008,2,3
39,6,2008,1,PTTP,56,26,2008,3,1
39,6,2008,1,PTTP,56,26,2009,2,1
39,6,2008,1,PTTP,56,30,2008,3,1
39,6,2008,1,PTTP,58,20,2008,2,1
39,6,2008,1,PTTP,58,20,2008,3,1
39,6,2008,1,PTTP,58,20,2009,2,1
39,6,2008,1,PTTP,58,20,2009,3,1
39,6,2008,1,PTTP,58,21,2008,1,1
39,6,2008,1,PTTP,58,26,2008,2,1
39,6,2008,1,PTTP,62,20,2008,2,1
39,6,2008,1,PTTP,70,20,2009,1,1
40,6,2008,2,PTTP,34,20,2008,2,1
40,6,2008,2,PTTP,34,26,2008,4,1
40,6,2008,2,PTTP,34,26,2009,1,1
40,6,2008,2,PTTP,34,26,2009,2,1
40,6,2008,2,PTTP,36,20,2008,2,2
40,6,2008,2,PTTP,36,20,2008,3,2
40,6,2008,2,PTTP,36,20,2008,4,4
40,6,2008,2,PTTP,36,20,2009,2,1
40,6,2008,2,PTTP,36,26,2008,2,1
40,6,2008,2,PTTP,36,26,2008,3,1
40,6,2008,2,PTTP,36,26,2008,4,4
40,6,2008,2,PTTP,36,26,2009,2,1
40,6,2008,2,PTTP,36,30,2009,4,1
40,6,2008,2,PTTP,38,20,2008,2,26
40,6,2008,2,PTTP,38,20,2008,3,6
40,6,2008,2,PTTP,38,20,2008,4,5
40,6,2008,2,PTTP,38,20,2009,1,1
40,6,2008,2,PTTP,38,20,2009,2,1
40,6,2008,2,PTTP,38,21,2008,2,1
40,6,2008,2,PTTP,38,26,2008,2,3
40,6,2008,2,PTTP,38,26,2008,3,3
40,6,2008,2,PTTP,38,26,2008,4,4
40,6,2008,2,PTTP,38,26,2009,1,2
40,6,2008,2,PTTP,38,30,2008,4,1
40,6,2008,2,PTTP,40,20,2008,2,38
40,6,2008,2,PTTP,40,20,2008,3,8
40,6,2008,2,PTTP,40,20,2008,4,3
40,6,2008,2,PTTP,40,20,2009,1,2
40,6,2008,2,PTTP,40,21,2008,2,2
40,6,2008,2,PTTP,40,26,2008,2,1
40,6,2008,2,PTTP,40,26,2008,3,1
40,6,2008,2,PTTP,40,26,2009,1,1
40,6,2008,2,PTTP,40,30,2010,1,1
40,6,2008,2,PTTP,42,20,2008,2,38
40,6,2008,2,PTTP,42,20,2008,3,16
40,6,2008,2,PTTP,42,21,2008,3,1
40,6,2008,2,PTTP,42,26,2008,2,3
40,6,2008,2,PTTP,42,26,2008,3,2
40,6,2008,2,PTTP,42,26,2009,1,1
40,6,2008,2,PTTP,44,20,2008,2,10
40,6,2008,2,PTTP,44,20,2008,3,5
40,6,2008,2,PTTP,44,20,2008,4,1
40,6,2008,2,PTTP,44,20,2009,1,1
40,6,2008,2,PTTP,44,20,2009,3,1
40,6,2008,2,PTTP,44,21,2008,2,1
40,6,2008,2,PTTP,44,26,2008,2,3
40,6,2008,2,PTTP,44,26,2008,3,1
40,6,2008,2,PTTP,44,26,2008,4,1
40,6,2008,2,PTTP,44,26,2009,1,1
40,6,2008,2,PTTP,46,20,2008,2,2
40,6,2008,2,PTTP,46,20,2008,4,1
40,6,2008,2,PTTP,46,26,2008,2,1
40,6,2008,2,PTTP,46,26,2009,1,1
40,6,2008,2,PTTP,48,20,2008,2,1
40,6,2008,2,PTTP,48,20,2009,1,1
40,6,2008,2,PTTP,48,26,2008,2,1
40,6,2008,2,PTTP,50,20,2008,2,2
40,6,2008,2,PTTP,50,26,2008,2,1
40,6,2008,2,PTTP,50,26,2008,3,1
40,6,2008,2,PTTP,52,20,2008,3,1
40,6,2008,2,PTTP,52,26,2008,2,4
40,6,2008,2,PTTP,52,26,2008,3,3
40,6,2008,2,PTTP,52,30,2008,3,1
40,6,2008,2,PTTP,54,20,2008,2,2
40,6,2008,2,PTTP,54,20,2008,3,2
40,6,2008,2,PTTP,54,20,2009,2,1
40,6,2008,2,PTTP,54,26,2008,2,4
40,6,2008,2,PTTP,54,26,2008,3,1
40,6,2008,2,PTTP,56,20,2008,3,1
40,6,2008,2,PTTP,56,26,2008,2,1
40,6,2008,2,PTTP,58,26,2008,2,1
40,6,2008,2,PTTP,58,26,2008,3,2
41,6,2008,4,PTTP,32,20,2008,4,1
41,6,2008,4,PTTP,32,20,2009,1,5
41,6,2008,4,PTTP,32,26,2009,1,1
41,6,2008,4,PTTP,34,20,2008,4,3
41,6,2008,4,PTTP,34,26,2009,2,1
41,6,2008,4,PTTP,36,20,2008,4,5
41,6,2008,4,PTTP,36,20,2009,1,3
41,6,2008,4,PTTP,36,20,2009,2,1
41,6,2008,4,PTTP,36,26,2009,1,2
41,6,2008,4,PTTP,36,26,2009,2,3
41,6,2008,4,PTTP,36,30,2009,4,1
41,6,2008,4,PTTP,38,13,2008,4,1
41,6,2008,4,PTTP,38,20,2008,4,11
41,6,2008,4,PTTP,38,20,2009,1,5
41,6,2008,4,PTTP,38,20,2009,2,1
41,6,2008,4,PTTP,38,26,2008,4,2
41,6,2008,4,PTTP,38,26,2009,1,2
41,6,2008,4,PTTP,38,26,2009,2,1
41,6,2008,4,PTTP,38,26,2009,3,1
41,6,2008,4,PTTP,38,30,2009,4,1
41,6,2008,4,PTTP,40,15,2009,1,1
41,6,2008,4,PTTP,40,20,2008,4,34
41,6,2008,4,PTTP,40,20,2009,1,11
41,6,2008,4,PTTP,40,20,2009,2,2
41,6,2008,4,PTTP,40,20,2011,2,1
41,6,2008,4,PTTP,40,26,2008,4,3
41,6,2008,4,PTTP,40,26,2009,1,9
41,6,2008,4,PTTP,40,26,2009,2,5
41,6,2008,4,PTTP,40,30,2009,3,1
41,6,2008,4,PTTP,42,15,2009,1,2
41,6,2008,4,PTTP,42,20,2008,4,55
41,6,2008,4,PTTP,42,20,2009,1,11
41,6,2008,4,PTTP,42,20,2009,2,3
41,6,2008,4,PTTP,42,20,2010,1,1
41,6,2008,4,PTTP,42,20,2010,2,2
41,6,2008,4,PTTP,42,26,2008,4,9
41,6,2008,4,PTTP,42,26,2009,1,24
41,6,2008,4,PTTP,42,26,2009,2,10
41,6,2008,4,PTTP,42,26,2009,3,2
41,6,2008,4,PTTP,44,13,2009,1,1
41,6,2008,4,PTTP,44,20,2008,4,35
41,6,2008,4,PTTP,44,20,2009,1,7
41,6,2008,4,PTTP,44,20,2009,2,3
41,6,2008,4,PTTP,44,20,2009,3,1
41,6,2008,4,PTTP,44,20,2010,1,1
41,6,2008,4,PTTP,44,20,2011,2,1
41,6,2008,4,PTTP,44,26,2008,4,3
41,6,2008,4,PTTP,44,26,2009,1,7
41,6,2008,4,PTTP,44,26,2009,2,5
41,6,2008,4,PTTP,44,26,2009,3,2
41,6,2008,4,PTTP,46,20,2008,4,12
41,6,2008,4,PTTP,46,20,2009,1,2
41,6,2008,4,PTTP,46,20,2009,2,2
41,6,2008,4,PTTP,46,20,2011,4,1
41,6,2008,4,PTTP,46,21,2011,4,1
41,6,2008,4,PTTP,46,26,2008,4,1
41,6,2008,4,PTTP,46,26,2009,1,8
41,6,2008,4,PTTP,46,26,2009,2,2
41,6,2008,4,PTTP,48,20,2008,4,12
41,6,2008,4,PTTP,48,20,2009,1,2
41,6,2008,4,PTTP,48,26,2008,4,1
41,6,2008,4,PTTP,48,26,2009,1,1
41,6,2008,4,PTTP,48,26,2009,2,1
41,6,2008,4,PTTP,48,26,2009,3,3
41,6,2008,4,PTTP,48,30,2011,4,1
41,6,2008,4,PTTP,50,20,2008,4,12
41,6,2008,4,PTTP,50,20,2009,1,4
41,6,2008,4,PTTP,50,20,2011,4,1
41,6,2008,4,PTTP,50,26,2008,4,3
41,6,2008,4,PTTP,50,26,2009,1,2
41,6,2008,4,PTTP,50,26,2009,2,1
41,6,2008,4,PTTP,50,27,2009,3,1
41,6,2008,4,PTTP,50,30,2010,2,1
41,6,2008,4,PTTP,52,20,2008,4,2
41,6,2008,4,PTTP,52,20,2009,1,2
41,6,2008,4,PTTP,52,26,2008,4,4
41,6,2008,4,PTTP,52,26,2009,1,2
41,6,2008,4,PTTP,52,26,2009,2,4
41,6,2008,4,PTTP,52,26,2009,3,1
41,6,2008,4,PTTP,54,20,2008,4,2
41,6,2008,4,PTTP,54,20,2009,1,4
41,6,2008,4,PTTP,54,20,2009,2,1
41,6,2008,4,PTTP,54,26,2008,4,3
41,6,2008,4,PTTP,54,26,2009,1,3
41,6,2008,4,PTTP,54,26,2009,2,3
41,6,2008,4,PTTP,54,26,2009,3,1
41,6,2008,4,PTTP,54,27,2009,1,1
41,6,2008,4,PTTP,54,30,2009,2,2
41,6,2008,4,PTTP,56,20,2008,4,6
41,6,2008,4,PTTP,56,20,2009,1,1
41,6,2008,4,PTTP,56,20,2009,2,1
41,6,2008,4,PTTP,56,26,2008,4,1
41,6,2008,4,PTTP,56,26,2009,1,4
41,6,2008,4,PTTP,56,26,2009,2,3
41,6,2008,4,PTTP,56,26,2010,2,1
41,6,2008,4,PTTP,58,20,2009,1,4
41,6,2008,4,PTTP,58,26,2008,4,1
41,6,2008,4,PTTP,58,26,2009,1,1
41,6,2008,4,PTTP,58,26,2009,2,2
41,6,2008,4,PTTP,60,20,2008,4,1
41,6,2008,4,PTTP,60,20,2009,1,3
41,6,2008,4,PTTP,60,26,2008,4,1
41,6,2008,4,PTTP,60,26,2009,1,2
41,6,2008,4,PTTP,60,26,2009,3,1
41,6,2008,4,PTTP,62,20,2008,4,1
42,6,2009,1,PTTP,30,26,2010,1,1
42,6,2009,1,PTTP,32,13,2009,4,1
42,6,2009,1,PTTP,32,20,2009,2,3
42,6,2009,1,PTTP,32,20,2009,4,1
42,6,2009,1,PTTP,32,20,2010,1,3
42,6,2009,1,PTTP,32,20,2010,2,1
42,6,2009,1,PTTP,32,26,2009,2,1
42,6,2009,1,PTTP,32,26,2009,4,1
42,6,2009,1,PTTP,32,26,2010,1,2
42,6,2009,1,PTTP,32,30,2009,4,1
42,6,2009,1,PTTP,34,12,2010,4,1
42,6,2009,1,PTTP,34,20,2009,2,4
42,6,2009,1,PTTP,34,20,2009,3,4
42,6,2009,1,PTTP,34,20,2009,4,8
42,6,2009,1,PTTP,34,20,2010,1,1
42,6,2009,1,PTTP,34,20,2010,4,1
42,6,2009,1,PTTP,34,20,2011,1,1
42,6,2009,1,PTTP,34,20,2012,4,1
42,6,2009,1,PTTP,34,26,2009,4,4
42,6,2009,1,PTTP,34,26,2010,2,1
42,6,2009,1,PTTP,34,30,2009,3,1
42,6,2009,1,PTTP,34,30,2009,4,2
42,6,2009,1,PTTP,36,15,2010,2,1
42,6,2009,1,PTTP,36,20,2009,2,3
42,6,2009,1,PTTP,36,20,2009,3,4
42,6,2009,1,PTTP,36,20,2009,4,5
42,6,2009,1,PTTP,36,20,2010,1,1
42,6,2009,1,PTTP,36,20,2010,2,1
42,6,2009,1,PTTP,36,21,2009,4,1
42,6,2009,1,PTTP,36,26,2009,4,1
42,6,2009,1,PTTP,36,26,2010,1,1
42,6,2009,1,PTTP,36,26,2010,2,1
42,6,2009,1,PTTP,36,30,2009,4,3
42,6,2009,1,PTTP,38,20,2009,2,1
42,6,2009,1,PTTP,38,20,2009,3,3
42,6,2009,1,PTTP,38,20,2009,4,2
42,6,2009,1,PTTP,38,20,2010,3,1
42,6,2009,1,PTTP,38,21,2009,3,1
42,6,2009,1,PTTP,38,21,2009,4,1
42,6,2009,1,PTTP,38,26,2009,4,1
42,6,2009,1,PTTP,38,26,2010,3,1
42,6,2009,1,PTTP,38,30,2009,4,2
42,6,2009,1,PTTP,40,20,2009,2,1
42,6,2009,1,PTTP,40,20,2009,3,1
42,6,2009,1,PTTP,40,20,2009,4,2
42,6,2009,1,PTTP,40,20,2010,1,2
42,6,2009,1,PTTP,42,20,2009,2,2
42,6,2009,1,PTTP,42,20,2009,3,1
42,6,2009,1,PTTP,42,20,2009,4,1
42,6,2009,1,PTTP,42,20,2010,1,1
42,6,2009,1,PTTP,42,20,2010,3,1
42,6,2009,1,PTTP,42,20,2010,4,1
42,6,2009,1,PTTP,42,26,2009,2,2
42,6,2009,1,PTTP,42,26,2009,3,1
42,6,2009,1,PTTP,44,20,2009,3,2
42,6,2009,1,PTTP,44,20,2009,4,1
42,6,2009,1,PTTP,44,26,2009,2,4
42,6,2009,1,PTTP,44,26,2010,2,1
42,6,2009,1,PTTP,44,26,2011,4,1
42,6,2009,1,PTTP,44,26,2012,1,1
42,6,2009,1,PTTP,44,27,2010,4,1
42,6,2009,1,PTTP,44,30,2009,4,1
42,6,2009,1,PTTP,46,20,2009,2,6
42,6,2009,1,PTTP,46,20,2009,3,6
42,6,2009,1,PTTP,46,20,2009,4,1
42,6,2009,1,PTTP,46,20,2010,1,1
42,6,2009,1,PTTP,46,26,2009,2,3
42,6,2009,1,PTTP,46,26,2009,3,4
42,6,2009,1,PTTP,46,26,2009,4,2
42,6,2009,1,PTTP,46,26,2010,1,1
42,6,2009,1,PTTP,46,30,2009,3,1
42,6,2009,1,PTTP,46,30,2010,1,1
42,6,2009,1,PTTP,46,30,2010,4,1
42,6,2009,1,PTTP,48,20,2009,2,2
42,6,2009,1,PTTP,48,20,2009,3,3
42,6,2009,1,PTTP,48,20,2009,4,1
42,6,2009,1,PTTP,48,20,2010,1,1
42,6,2009,1,PTTP,48,20,2010,2,1
42,6,2009,1,PTTP,48,26,2009,2,2
42,6,2009,1,PTTP,48,26,2009,3,2
42,6,2009,1,PTTP,48,26,2009,4,2
42,6,2009,1,PTTP,48,30,2009,2,1
42,6,2009,1,PTTP,48,30,2009,4,1
42,6,2009,1,PTTP,48,30,2010,1,1
42,6,2009,1,PTTP,50,20,2009,2,2
42,6,2009,1,PTTP,50,20,2009,4,2
42,6,2009,1,PTTP,50,20,2010,2,1
42,6,2009,1,PTTP,50,21,2011,4,1
42,6,2009,1,PTTP,50,26,2009,2,4
42,6,2009,1,PTTP,50,26,2009,3,3
42,6,2009,1,PTTP,50,26,2010,1,1
42,6,2009,1,PTTP,50,27,2010,1,1
42,6,2009,1,PTTP,50,30,2009,4,1
42,6,2009,1,PTTP,52,20,2009,2,7
42,6,2009,1,PTTP,52,20,2009,3,1
42,6,2009,1,PTTP,52,20,2009,4,4
42,6,2009,1,PTTP,52,20,2010,1,1
42,6,2009,1,PTTP,52,20,2010,4,1
42,6,2009,1,PTTP,52,20,2011,4,1
42,6,2009,1,PTTP,52,26,2009,2,8
42,6,2009,1,PTTP,52,26,2009,3,4
42,6,2009,1,PTTP,52,26,2009,4,1
42,6,2009,1,PTTP,52,26,2010,1,1
42,6,2009,1,PTTP,52,30,2009,3,3
42,6,2009,1,PTTP,54,20,2009,2,4
42,6,2009,1,PTTP,54,20,2009,3,2
42,6,2009,1,PTTP,54,20,2009,4,1
42,6,2009,1,PTTP,54,20,2011,1,1
42,6,2009,1,PTTP,54,21,2009,2,1
42,6,2009,1,PTTP,54,26,2009,2,4
42,6,2009,1,PTTP,54,26,2009,3,8
42,6,2009,1,PTTP,54,26,2010,2,2
42,6,2009,1,PTTP,54,26,2011,1,1
42,6,2009,1,PTTP,54,30,2009,3,3
42,6,2009,1,PTTP,54,30,2009,4,2
42,6,2009,1,PTTP,54,30,2010,1,1
42,6,2009,1,PTTP,56,20,2009,2,3
42,6,2009,1,PTTP,56,26,2009,2,2
42,6,2009,1,PTTP,56,26,2009,3,1
42,6,2009,1,PTTP,58,20,2009,2,1
42,6,2009,1,PTTP,58,20,2009,4,2
42,6,2009,1,PTTP,58,26,2009,3,1
42,6,2009,1,PTTP,58,30,2009,2,1
42,6,2009,1,PTTP,60,20,2009,2,1
42,6,2009,1,PTTP,60,30,2009,4,1
42,6,2009,1,PTTP,62,26,2009,2,1
42,6,2009,1,PTTP,62,26,2010,1,1
42,6,2009,1,PTTP,64,30,2009,3,1
42,6,2009,1,PTTP,68,26,2009,2,1
43,6,2009,2,PTTP,30,20,2009,4,1
43,6,2009,2,PTTP,32,20,2009,3,7
43,6,2009,2,PTTP,32,20,2009,4,8
43,6,2009,2,PTTP,32,20,2010,1,5
43,6,2009,2,PTTP,32,26,2010,1,2
43,6,2009,2,PTTP,32,30,2009,4,1
43,6,2009,2,PTTP,32,30,2010,1,1
43,6,2009,2,PTTP,34,20,2009,2,1
43,6,2009,2,PTTP,34,20,2009,3,27
43,6,2009,2,PTTP,34,20,2009,4,18
43,6,2009,2,PTTP,34,20,2010,1,1
43,6,2009,2,PTTP,34,26,2009,4,2
43,6,2009,2,PTTP,34,26,2010,1,1
43,6,2009,2,PTTP,34,30,2009,4,1
43,6,2009,2,PTTP,34,30,2010,1,1
43,6,2009,2,PTTP,36,20,2009,2,13
43,6,2009,2,PTTP,36,20,2009,3,50
43,6,2009,2,PTTP,36,20,2009,4,33
43,6,2009,2,PTTP,36,20,2010,1,5
43,6,2009,2,PTTP,36,20,2010,2,1
43,6,2009,2,PTTP,36,20,2011,2,1
43,6,2009,2,PTTP,36,21,2009,4,1
43,6,2009,2,PTTP,36,21,2010,1,1
43,6,2009,2,PTTP,36,21,2011,3,1
43,6,2009,2,PTTP,36,26,2009,4,1
43,6,2009,2,PTTP,36,26,2010,1,2
43,6,2009,2,PTTP,36,26,2010,3,1
43,6,2009,2,PTTP,36,27,2010,3,1
43,6,2009,2,PTTP,36,30,2009,4,2
43,6,2009,2,PTTP,36,30,2010,1,1
43,6,2009,2,PTTP,38,20,2009,2,49
43,6,2009,2,PTTP,38,20,2009,3,133
43,6,2009,2,PTTP,38,20,2009,4,57
43,6,2009,2,PTTP,38,20,2010,1,14
43,6,2009,2,PTTP,38,20,2010,4,1
43,6,2009,2,PTTP,38,20,2011,1,1
43,6,2009,2,PTTP,38,21,2009,4,2
43,6,2009,2,PTTP,38,26,2009,4,1
43,6,2009,2,PTTP,38,26,2010,1,6
43,6,2009,2,PTTP,38,30,2009,4,2
43,6,2009,2,PTTP,38,30,2010,1,1
43,6,2009,2,PTTP,40,20,2009,2,76
43,6,2009,2,PTTP,40,20,2009,3,125
43,6,2009,2,PTTP,40,20,2009,4,52
43,6,2009,2,PTTP,40,20,2010,1,8
43,6,2009,2,PTTP,40,20,2010,2,1
43,6,2009,2,PTTP,40,20,2010,4,2
43,6,2009,2,PTTP,40,26,2010,2,1
43,6,2009,2,PTTP,42,20,2009,2,68
43,6,2009,2,PTTP,42,20,2009,3,106
43,6,2009,2,PTTP,42,20,2009,4,22
43,6,2009,2,PTTP,42,20,2010,1,5
43,6,2009,2,PTTP,42,20,2010,2,1
43,6,2009,2,PTTP,42,20,2010,4,5
43,6,2009,2,PTTP,42,26,2009,4,2
43,6,2009,2,PTTP,42,26,2010,1,2
43,6,2009,2,PTTP,42,26,2010,2,2
43,6,2009,2,PTTP,42,30,2009,3,1
43,6,2009,2,PTTP,44,20,2009,2,41
43,6,2009,2,PTTP,44,20,2009,3,42
43,6,2009,2,PTTP,44,20,2009,4,12
43,6,2009,2,PTTP,44,20,2010,1,2
43,6,2009,2,PTTP,44,20,2010,4,1
43,6,2009,2,PTTP,44,20,2011,4,1
43,6,2009,2,PTTP,44,26,2009,4,1
43,6,2009,2,PTTP,44,26,2011,2,1
43,6,2009,2,PTTP,44,30,2009,3,1
43,6,2009,2,PTTP,46,20,2009,2,29
43,6,2009,2,PTTP,46,20,2009,3,41
43,6,2009,2,PTTP,46,20,2009,4,8
43,6,2009,2,PTTP,46,20,2010,1,4
43,6,2009,2,PTTP,46,20,2010,4,1
43,6,2009,2,PTTP,46,26,2010,1,2
43,6,2009,2,PTTP,46,26,2010,3,1
43,6,2009,2,PTTP,48,20,2009,2,32
43,6,2009,2,PTTP,48,20,2009,3,78
43,6,2009,2,PTTP,48,20,2009,4,20
43,6,2009,2,PTTP,48,20,2010,1,2
43,6,2009,2,PTTP,48,20,2010,4,1
43,6,2009,2,PTTP,48,20,2012,1,1
43,6,2009,2,PTTP,48,26,2009,4,2
43,6,2009,2,PTTP,48,26,2010,1,1
43,6,2009,2,PTTP,50,20,2009,2,28
43,6,2009,2,PTTP,50,20,2009,3,70
43,6,2009,2,PTTP,50,20,2009,4,10
43,6,2009,2,PTTP,50,20,2010,1,5
43,6,2009,2,PTTP,50,21,2010,1,1
43,6,2009,2,PTTP,50,26,2009,4,1
43,6,2009,2,PTTP,50,26,2010,1,1
43,6,2009,2,PTTP,50,26,2010,3,1
43,6,2009,2,PTTP,50,30,2010,1,1
43,6,2009,2,PTTP,52,20,2009,2,24
43,6,2009,2,PTTP,52,20,2009,3,33
43,6,2009,2,PTTP,52,20,2009,4,5
43,6,2009,2,PTTP,52,20,2010,1,1
43,6,2009,2,PTTP,52,26,2009,4,1
43,6,2009,2,PTTP,52,30,2009,4,1
43,6,2009,2,PTTP,54,20,2009,2,6
43,6,2009,2,PTTP,54,20,2009,3,6
43,6,2009,2,PTTP,54,20,2009,4,1
43,6,2009,2,PTTP,56,20,2009,2,1
43,6,2009,2,PTTP,56,20,2009,3,2
43,6,2009,2,PTTP,58,20,2009,2,1
43,6,2009,2,PTTP,58,20,2009,3,2
44,6,2009,3,PTTP,30,20,2009,3,4
44,6,2009,3,PTTP,30,20,2009,4,1
44,6,2009,3,PTTP,30,26,2010,1,1
44,6,2009,3,PTTP,32,20,2009,3,4
44,6,2009,3,PTTP,32,20,2009,4,2
44,6,2009,3,PTTP,32,20,2010,1,2
44,6,2009,3,PTTP,32,20,2010,3,1
44,6,2009,3,PTTP,32,26,2010,3,1
44,6,2009,3,PTTP,34,20,2009,3,13
44,6,2009,3,PTTP,34,20,2009,4,16
44,6,2009,3,PTTP,34,20,2010,1,2
44,6,2009,3,PTTP,34,20,2013,2,1
44,6,2009,3,PTTP,34,21,2009,3,1
44,6,2009,3,PTTP,34,21,2009,4,2
44,6,2009,3,PTTP,34,21,2010,1,1
44,6,2009,3,PTTP,34,21,2010,2,1
44,6,2009,3,PTTP,34,26,2009,4,2
44,6,2009,3,PTTP,34,26,2010,1,2
44,6,2009,3,PTTP,34,27,2010,1,1
44,6,2009,3,PTTP,36,12,2010,1,1
44,6,2009,3,PTTP,36,12,2010,4,1
44,6,2009,3,PTTP,36,13,2010,1,1
44,6,2009,3,PTTP,36,20,2009,3,91
44,6,2009,3,PTTP,36,20,2009,4,63
44,6,2009,3,PTTP,36,20,2010,1,21
44,6,2009,3,PTTP,36,20,2010,2,2
44,6,2009,3,PTTP,36,20,2010,3,2
44,6,2009,3,PTTP,36,20,2010,4,1
44,6,2009,3,PTTP,36,20,2011,1,1
44,6,2009,3,PTTP,36,20,2011,2,1
44,6,2009,3,PTTP,36,20,2013,3,1
44,6,2009,3,PTTP,36,21,2009,3,6
44,6,2009,3,PTTP,36,21,2009,4,10
44,6,2009,3,PTTP,36,21,2010,1,4
44,6,2009,3,PTTP,36,21,2011,2,1
44,6,2009,3,PTTP,36,21,2013,2,2
44,6,2009,3,PTTP,36,26,2009,3,5
44,6,2009,3,PTTP,36,26,2009,4,8
44,6,2009,3,PTTP,36,26,2010,1,5
44,6,2009,3,PTTP,36,26,2010,2,2
44,6,2009,3,PTTP,36,26,2010,3,2
44,6,2009,3,PTTP,36,26,2011,3,1
44,6,2009,3,PTTP,36,27,2009,4,1
44,6,2009,3,PTTP,36,30,2010,1,1
44,6,2009,3,PTTP,38,13,2009,3,2
44,6,2009,3,PTTP,38,20,2009,3,88
44,6,2009,3,PTTP,38,20,2009,4,56
44,6,2009,3,PTTP,38,20,2010,1,13
44,6,2009,3,PTTP,38,20,2010,2,5
44,6,2009,3,PTTP,38,20,2010,3,1
44,6,2009,3,PTTP,38,20,2010,4,1
44,6,2009,3,PTTP,38,21,2009,3,7
44,6,2009,3,PTTP,38,21,2009,4,11
44,6,2009,3,PTTP,38,21,2010,1,1
44,6,2009,3,PTTP,38,21,2010,2,3
44,6,2009,3,PTTP,38,21,2010,3,2
44,6,2009,3,PTTP,38,26,2009,3,3
44,6,2009,3,PTTP,38,26,2009,4,3
44,6,2009,3,PTTP,38,26,2010,1,1
44,6,2009,3,PTTP,38,26,2010,2,8
44,6,2009,3,PTTP,38,26,2010,3,1
44,6,2009,3,PTTP,38,26,2010,4,1
44,6,2009,3,PTTP,38,27,2009,4,1
44,6,2009,3,PTTP,38,30,2009,3,1
44,6,2009,3,PTTP,38,30,2009,4,2
44,6,2009,3,PTTP,38,30,2010,1,1
44,6,2009,3,PTTP,40,20,2009,3,117
44,6,2009,3,PTTP,40,20,2009,4,62
44,6,2009,3,PTTP,40,20,2010,1,31
44,6,2009,3,PTTP,40,20,2010,2,4
44,6,2009,3,PTTP,40,20,2010,3,2
44,6,2009,3,PTTP,40,20,2010,4,2
44,6,2009,3,PTTP,40,20,2011,1,1
44,6,2009,3,PTTP,40,20,2011,2,5
44,6,2009,3,PTTP,40,21,2009,3,2
44,6,2009,3,PTTP,40,21,2009,4,13
44,6,2009,3,PTTP,40,21,2010,1,7
44,6,2009,3,PTTP,40,21,2010,2,2
44,6,2009,3,PTTP,40,21,2011,1,1
44,6,2009,3,PTTP,40,21,2013,3,1
44,6,2009,3,PTTP,40,26,2009,3,2
44,6,2009,3,PTTP,40,26,2009,4,4
44,6,2009,3,PTTP,40,26,2010,1,10
44,6,2009,3,PTTP,40,26,2010,2,22
44,6,2009,3,PTTP,40,26,2010,3,3
44,6,2009,3,PTTP,40,26,2010,4,1
44,6,2009,3,PTTP,40,27,2009,3,1
44,6,2009,3,PTTP,40,27,2010,1,4
44,6,2009,3,PTTP,40,30,2010,1,7
44,6,2009,3,PTTP,40,30,2011,1,1
44,6,2009,3,PTTP,40,31,2011,4,1
44,6,2009,3,PTTP,42,15,2010,2,1
44,6,2009,3,PTTP,42,15,2011,2,1
44,6,2009,3,PTTP,42,20,2009,3,139
44,6,2009,3,PTTP,42,20,2009,4,84
44,6,2009,3,PTTP,42,20,2010,1,40
44,6,2009,3,PTTP,42,20,2010,2,8
44,6,2009,3,PTTP,42,20,2010,3,3
44,6,2009,3,PTTP,42,20,2010,4,3
44,6,2009,3,PTTP,42,20,2011,1,1
44,6,2009,3,PTTP,42,20,2011,2,1
44,6,2009,3,PTTP,42,21,2009,4,14
44,6,2009,3,PTTP,42,21,2010,1,4
44,6,2009,3,PTTP,42,21,2010,2,1
44,6,2009,3,PTTP,42,21,2010,3,3
44,6,2009,3,PTTP,42,21,2010,4,1
44,6,2009,3,PTTP,42,21,2011,1,1
44,6,2009,3,PTTP,42,26,2009,3,2
44,6,2009,3,PTTP,42,26,2009,4,1
44,6,2009,3,PTTP,42,26,2010,1,11
44,6,2009,3,PTTP,42,26,2010,2,13
44,6,2009,3,PTTP,42,26,2010,3,5
44,6,2009,3,PTTP,42,26,2010,4,1
44,6,2009,3,PTTP,42,26,2011,2,1
44,6,2009,3,PTTP,42,27,2010,1,1
44,6,2009,3,PTTP,42,27,2010,3,2
44,6,2009,3,PTTP,42,27,2010,4,2
44,6,2009,3,PTTP,42,30,2010,1,3
44,6,2009,3,PTTP,42,30,2010,2,1
44,6,2009,3,PTTP,44,13,2009,4,1
44,6,2009,3,PTTP,44,13,2010,1,1
44,6,2009,3,PTTP,44,20,2009,3,104
44,6,2009,3,PTTP,44,20,2009,4,75
44,6,2009,3,PTTP,44,20,2010,1,29
44,6,2009,3,PTTP,44,20,2010,2,10
44,6,2009,3,PTTP,44,20,2010,3,4
44,6,2009,3,PTTP,44,20,2010,4,3
44,6,2009,3,PTTP,44,20,2011,1,2
44,6,2009,3,PTTP,44,20,2011,2,1
44,6,2009,3,PTTP,44,20,2011,3,1
44,6,2009,3,PTTP,44,20,2012,2,1
44,6,2009,3,PTTP,44,21,2009,4,14
44,6,2009,3,PTTP,44,21,2010,1,2
44,6,2009,3,PTTP,44,21,2010,2,3
44,6,2009,3,PTTP,44,21,2010,3,1
44,6,2009,3,PTTP,44,21,2011,1,1
44,6,2009,3,PTTP,44,21,2011,2,1
44,6,2009,3,PTTP,44,21,2011,3,1
44,6,2009,3,PTTP,44,26,2009,3,2
44,6,2009,3,PTTP,44,26,2010,1,13
44,6,2009,3,PTTP,44,26,2010,2,18
44,6,2009,3,PTTP,44,26,2010,3,2
44,6,2009,3,PTTP,44,26,2010,4,1
44,6,2009,3,PTTP,44,26,2011,1,1
44,6,2009,3,PTTP,44,26,2011,2,1
44,6,2009,3,PTTP,44,26,2011,3,2
44,6,2009,3,PTTP,44,27,2009,3,1
44,6,2009,3,PTTP,44,27,2010,1,2
44,6,2009,3,PTTP,44,27,2010,2,2
44,6,2009,3,PTTP,44,27,2012,2,1
44,6,2009,3,PTTP,44,30,2010,1,2
44,6,2009,3,PTTP,44,30,2011,2,1
44,6,2009,3,PTTP,46,13,2009,4,1
44,6,2009,3,PTTP,46,20,2009,3,61
44,6,2009,3,PTTP,46,20,2009,4,72
44,6,2009,3,PTTP,46,20,2010,1,21
44,6,2009,3,PTTP,46,20,2010,2,5
44,6,2009,3,PTTP,46,20,2010,3,5
44,6,2009,3,PTTP,46,20,2010,4,4
44,6,2009,3,PTTP,46,20,2011,2,1
44,6,2009,3,PTTP,46,20,2012,2,1
44,6,2009,3,PTTP,46,20,2013,1,1
44,6,2009,3,PTTP,46,20,2013,2,1
44,6,2009,3,PTTP,46,21,2009,4,13
44,6,2009,3,PTTP,46,21,2010,1,4
44,6,2009,3,PTTP,46,21,2010,2,3
44,6,2009,3,PTTP,46,21,2010,3,1
44,6,2009,3,PTTP,46,21,2011,1,1
44,6,2009,3,PTTP,46,21,2011,2,1
44,6,2009,3,PTTP,46,26,2009,4,1
44,6,2009,3,PTTP,46,26,2010,1,16
44,6,2009,3,PTTP,46,26,2010,2,19
44,6,2009,3,PTTP,46,26,2010,3,3
44,6,2009,3,PTTP,46,26,2010,4,1
44,6,2009,3,PTTP,46,26,2011,3,2
44,6,2009,3,PTTP,46,26,2011,4,1
44,6,2009,3,PTTP,46,27,2010,2,3
44,6,2009,3,PTTP,46,30,2010,1,2
44,6,2009,3,PTTP,48,13,2010,4,1
44,6,2009,3,PTTP,48,20,2009,3,44
44,6,2009,3,PTTP,48,20,2009,4,54
44,6,2009,3,PTTP,48,20,2010,1,29
44,6,2009,3,PTTP,48,20,2010,2,14
44,6,2009,3,PTTP,48,20,2010,3,7
44,6,2009,3,PTTP,48,20,2010,4,4
44,6,2009,3,PTTP,48,20,2011,1,4
44,6,2009,3,PTTP,48,20,2011,2,1
44,6,2009,3,PTTP,48,20,2011,4,1
44,6,2009,3,PTTP,48,20,2012,1,1
44,6,2009,3,PTTP,48,20,2012,4,1
44,6,2009,3,PTTP,48,21,2009,3,3
44,6,2009,3,PTTP,48,21,2009,4,18
44,6,2009,3,PTTP,48,21,2010,1,2
44,6,2009,3,PTTP,48,21,2010,2,4
44,6,2009,3,PTTP,48,21,2010,3,1
44,6,2009,3,PTTP,48,21,2010,4,1
44,6,2009,3,PTTP,48,26,2010,1,15
44,6,2009,3,PTTP,48,26,2010,2,21
44,6,2009,3,PTTP,48,26,2010,3,4
44,6,2009,3,PTTP,48,26,2010,4,2
44,6,2009,3,PTTP,48,26,2011,1,1
44,6,2009,3,PTTP,48,26,2011,2,1
44,6,2009,3,PTTP,48,27,2010,1,1
44,6,2009,3,PTTP,48,30,2009,4,2
44,6,2009,3,PTTP,48,30,2010,1,3
44,6,2009,3,PTTP,48,30,2010,2,2
44,6,2009,3,PTTP,50,13,2010,1,1
44,6,2009,3,PTTP,50,13,2010,3,1
44,6,2009,3,PTTP,50,20,2009,3,64
44,6,2009,3,PTTP,50,20,2009,4,58
44,6,2009,3,PTTP,50,20,2010,1,52
44,6,2009,3,PTTP,50,20,2010,2,19
44,6,2009,3,PTTP,50,20,2010,3,8
44,6,2009,3,PTTP,50,20,2010,4,3
44,6,2009,3,PTTP,50,20,2011,1,2
44,6,2009,3,PTTP,50,20,2011,2,1
44,6,2009,3,PTTP,50,20,2011,3,1
44,6,2009,3,PTTP,50,20,2012,2,1
44,6,2009,3,PTTP,50,21,2009,3,2
44,6,2009,3,PTTP,50,21,2009,4,19
44,6,2009,3,PTTP,50,21,2010,1,8
44,6,2009,3,PTTP,50,21,2010,2,6
44,6,2009,3,PTTP,50,21,2010,3,3
44,6,2009,3,PTTP,50,21,2011,2,1
44,6,2009,3,PTTP,50,21,2012,2,1
44,6,2009,3,PTTP,50,26,2009,3,1
44,6,2009,3,PTTP,50,26,2009,4,1
44,6,2009,3,PTTP,50,26,2010,1,23
44,6,2009,3,PTTP,50,26,2010,2,30
44,6,2009,3,PTTP,50,26,2010,3,6
44,6,2009,3,PTTP,50,26,2010,4,3
44,6,2009,3,PTTP,50,26,2011,1,3
44,6,2009,3,PTTP,50,26,2011,2,1
44,6,2009,3,PTTP,50,26,2011,3,1
44,6,2009,3,PTTP,50,27,2010,2,3
44,6,2009,3,PTTP,50,27,2010,3,1
44,6,2009,3,PTTP,50,30,2009,4,1
44,6,2009,3,PTTP,50,30,2010,1,3
44,6,2009,3,PTTP,52,13,2009,4,1
44,6,2009,3,PTTP,52,20,2009,3,34
44,6,2009,3,PTTP,52,20,2009,4,32
44,6,2009,3,PTTP,52,20,2010,1,18
44,6,2009,3,PTTP,52,20,2010,2,6
44,6,2009,3,PTTP,52,20,2010,3,7
44,6,2009,3,PTTP,52,20,2010,4,3
44,6,2009,3,PTTP,52,20,2011,2,1
44,6,2009,3,PTTP,52,21,2009,4,7
44,6,2009,3,PTTP,52,21,2010,1,1
44,6,2009,3,PTTP,52,21,2010,2,1
44,6,2009,3,PTTP,52,21,2010,3,1
44,6,2009,3,PTTP,52,21,2011,2,1
44,6,2009,3,PTTP,52,26,2009,4,2
44,6,2009,3,PTTP,52,26,2010,1,18
44,6,2009,3,PTTP,52,26,2010,2,21
44,6,2009,3,PTTP,52,26,2010,3,8
44,6,2009,3,PTTP,52,26,2010,4,1
44,6,2009,3,PTTP,52,26,2011,1,1
44,6,2009,3,PTTP,52,26,2011,2,1
44,6,2009,3,PTTP,52,27,2010,2,1
44,6,2009,3,PTTP,52,27,2010,3,1
44,6,2009,3,PTTP,52,27,2010,4,1
44,6,2009,3,PTTP,52,27,2011,1,1
44,6,2009,3,PTTP,52,30,2010,1,8
44,6,2009,3,PTTP,54,20,2009,3,9
44,6,2009,3,PTTP,54,20,2009,4,3
44,6,2009,3,PTTP,54,20,2010,1,8
44,6,2009,3,PTTP,54,20,2010,2,4
44,6,2009,3,PTTP,54,20,2010,3,1
44,6,2009,3,PTTP,54,20,2010,4,1
44,6,2009,3,PTTP,54,20,2011,1,2
44,6,2009,3,PTTP,54,20,2011,2,1
44,6,2009,3,PTTP,54,20,2012,4,1
44,6,2009,3,PTTP,54,21,2009,4,2
44,6,2009,3,PTTP,54,21,2010,2,1
44,6,2009,3,PTTP,54,21,2010,4,1
44,6,2009,3,PTTP,54,26,2009,4,2
44,6,2009,3,PTTP,54,26,2010,1,1
44,6,2009,3,PTTP,54,26,2010,2,5
44,6,2009,3,PTTP,54,26,2011,2,1
44,6,2009,3,PTTP,54,27,2009,3,1
44,6,2009,3,PTTP,54,30,2010,1,2
44,6,2009,3,PTTP,56,20,2009,4,2
44,6,2009,3,PTTP,56,20,2010,1,2
44,6,2009,3,PTTP,56,20,2010,2,1
44,6,2009,3,PTTP,56,21,2009,4,3
44,6,2009,3,PTTP,56,21,2010,2,1
44,6,2009,3,PTTP,56,26,2009,4,1
44,6,2009,3,PTTP,56,26,2010,1,2
44,6,2009,3,PTTP,58,20,2009,3,1
44,6,2009,3,PTTP,58,20,2009,4,2
44,6,2009,3,PTTP,58,20,2010,1,2
44,6,2009,3,PTTP,58,20,2011,2,1
44,6,2009,3,PTTP,58,21,2009,4,1
44,6,2009,3,PTTP,58,26,2010,1,1
44,6,2009,3,PTTP,58,26,2011,1,1
44,6,2009,3,PTTP,60,20,2009,3,1
44,6,2009,3,PTTP,60,20,2010,2,1
44,6,2009,3,PTTP,60,21,2009,4,1
44,6,2009,3,PTTP,62,20,2009,4,1
44,6,2009,3,PTTP,70,20,2009,4,1
45,6,2009,4,PTTP,38,26,2009,4,1
45,6,2009,4,PTTP,40,20,2009,4,5
45,6,2009,4,PTTP,40,21,2010,2,1
45,6,2009,4,PTTP,40,26,2009,4,4
45,6,2009,4,PTTP,40,26,2010,1,4
45,6,2009,4,PTTP,40,26,2010,2,1
45,6,2009,4,PTTP,40,27,2010,2,1
45,6,2009,4,PTTP,42,20,2009,4,11
45,6,2009,4,PTTP,42,20,2010,1,5
45,6,2009,4,PTTP,42,20,2010,2,1
45,6,2009,4,PTTP,42,21,2012,1,1
45,6,2009,4,PTTP,42,21,2013,1,1
45,6,2009,4,PTTP,42,26,2009,4,6
45,6,2009,4,PTTP,42,26,2010,1,6
45,6,2009,4,PTTP,42,26,2010,2,1
45,6,2009,4,PTTP,42,26,2010,3,2
45,6,2009,4,PTTP,42,26,2011,1,2
45,6,2009,4,PTTP,42,26,2011,3,1
45,6,2009,4,PTTP,42,30,2009,4,2
45,6,2009,4,PTTP,42,30,2010,1,2
45,6,2009,4,PTTP,42,30,2011,1,1
45,6,2009,4,PTTP,44,20,2009,4,23
45,6,2009,4,PTTP,44,20,2010,1,8
45,6,2009,4,PTTP,44,20,2010,2,1
45,6,2009,4,PTTP,44,20,2010,3,1
45,6,2009,4,PTTP,44,20,2010,4,1
45,6,2009,4,PTTP,44,20,2011,4,1
45,6,2009,4,PTTP,44,21,2010,1,1
45,6,2009,4,PTTP,44,26,2009,4,11
45,6,2009,4,PTTP,44,26,2010,1,12
45,6,2009,4,PTTP,44,26,2010,2,4
45,6,2009,4,PTTP,44,26,2010,4,1
45,6,2009,4,PTTP,44,27,2010,1,1
45,6,2009,4,PTTP,44,27,2010,3,1
45,6,2009,4,PTTP,44,27,2011,1,1
45,6,2009,4,PTTP,44,30,2009,4,1
45,6,2009,4,PTTP,44,30,2010,1,5
45,6,2009,4,PTTP,44,30,2010,2,1
45,6,2009,4,PTTP,46,20,2009,4,16
45,6,2009,4,PTTP,46,20,2010,1,12
45,6,2009,4,PTTP,46,20,2011,2,1
45,6,2009,4,PTTP,46,21,2011,2,1
45,6,2009,4,PTTP,46,26,2009,4,4
45,6,2009,4,PTTP,46,26,2010,1,13
45,6,2009,4,PTTP,46,26,2010,2,1
45,6,2009,4,PTTP,46,26,2010,3,1
45,6,2009,4,PTTP,46,26,2011,3,1
45,6,2009,4,PTTP,46,30,2009,4,1
45,6,2009,4,PTTP,46,30,2010,1,3
45,6,2009,4,PTTP,48,20,2009,4,9
45,6,2009,4,PTTP,48,20,2010,1,7
45,6,2009,4,PTTP,48,20,2010,4,2
45,6,2009,4,PTTP,48,26,2009,4,3
45,6,2009,4,PTTP,48,26,2010,1,4
45,6,2009,4,PTTP,48,26,2010,2,2
45,6,2009,4,PTTP,48,26,2010,3,1
45,6,2009,4,PTTP,48,26,2010,4,1
45,6,2009,4,PTTP,48,27,2009,4,1
45,6,2009,4,PTTP,48,30,2010,1,3
45,6,2009,4,PTTP,50,20,2009,4,5
45,6,2009,4,PTTP,50,20,2010,1,8
45,6,2009,4,PTTP,50,20,2010,2,2
45,6,2009,4,PTTP,50,20,2011,1,1
45,6,2009,4,PTTP,50,21,2009,4,2
45,6,2009,4,PTTP,50,21,2011,3,1
45,6,2009,4,PTTP,50,26,2010,1,4
45,6,2009,4,PTTP,50,26,2010,2,4
45,6,2009,4,PTTP,50,26,2011,1,2
45,6,2009,4,PTTP,50,30,2009,4,1
45,6,2009,4,PTTP,52,20,2009,4,4
45,6,2009,4,PTTP,52,20,2010,1,5
45,6,2009,4,PTTP,52,20,2010,2,2
45,6,2009,4,PTTP,52,20,2010,3,3
45,6,2009,4,PTTP,52,20,2010,4,3
45,6,2009,4,PTTP,52,20,2011,1,1
45,6,2009,4,PTTP,52,26,2010,1,7
45,6,2009,4,PTTP,52,26,2010,2,9
45,6,2009,4,PTTP,52,26,2011,1,2
45,6,2009,4,PTTP,52,30,2010,1,1
45,6,2009,4,PTTP,54,20,2009,4,6
45,6,2009,4,PTTP,54,20,2010,1,9
45,6,2009,4,PTTP,54,20,2010,2,6
45,6,2009,4,PTTP,54,20,2010,3,2
45,6,2009,4,PTTP,54,20,2010,4,2
45,6,2009,4,PTTP,54,20,2011,2,3
45,6,2009,4,PTTP,54,20,2011,3,1
45,6,2009,4,PTTP,54,21,2009,4,1
45,6,2009,4,PTTP,54,21,2010,1,2
45,6,2009,4,PTTP,54,21,2010,2,2
45,6,2009,4,PTTP,54,21,2010,3,2
45,6,2009,4,PTTP,54,21,2011,3,1
45,6,2009,4,PTTP,54,26,2010,1,5
45,6,2009,4,PTTP,54,26,2010,2,10
45,6,2009,4,PTTP,54,26,2010,3,4
45,6,2009,4,PTTP,54,30,2010,1,2
45,6,2009,4,PTTP,54,30,2010,3,1
45,6,2009,4,PTTP,56,20,2009,4,2
45,6,2009,4,PTTP,56,20,2010,1,5
45,6,2009,4,PTTP,56,20,2010,2,1
45,6,2009,4,PTTP,56,20,2010,3,1
45,6,2009,4,PTTP,56,20,2010,4,1
45,6,2009,4,PTTP,56,20,2011,2,2
45,6,2009,4,PTTP,56,21,2010,1,1
45,6,2009,4,PTTP,56,21,2012,3,1
45,6,2009,4,PTTP,56,26,2009,4,1
45,6,2009,4,PTTP,56,26,2010,1,2
45,6,2009,4,PTTP,56,26,2010,2,5
45,6,2009,4,PTTP,56,26,2011,1,1
45,6,2009,4,PTTP,56,26,2011,2,1
45,6,2009,4,PTTP,58,20,2009,4,1
45,6,2009,4,PTTP,58,20,2010,1,2
45,6,2009,4,PTTP,58,26,2010,1,1
45,6,2009,4,PTTP,58,26,2010,2,1
45,6,2009,4,PTTP,58,26,2010,4,1
45,6,2009,4,PTTP,58,26,2011,1,1
45,6,2009,4,PTTP,60,26,2010,2,1
45,6,2009,4,PTTP,60,30,2011,1,1
45,6,2009,4,PTTP,62,20,2010,2,1
45,6,2009,4,PTTP,62,26,2010,1,1
45,6,2009,4,PTTP,64,20,2009,4,1
46,6,2011,2,PTTP,28,20,2011,2,1
46,6,2011,2,PTTP,30,20,2011,2,25
46,6,2011,2,PTTP,30,20,2011,3,16
46,6,2011,2,PTTP,30,20,2011,4,3
46,6,2011,2,PTTP,30,21,2011,2,3
46,6,2011,2,PTTP,30,21,2011,3,2
46,6,2011,2,PTTP,30,26,2011,4,1
46,6,2011,2,PTTP,30,27,2011,3,1
46,6,2011,2,PTTP,32,20,2011,2,72
46,6,2011,2,PTTP,32,20,2011,3,33
46,6,2011,2,PTTP,32,20,2011,4,9
46,6,2011,2,PTTP,32,20,2012,1,3
46,6,2011,2,PTTP,32,21,2011,2,15
46,6,2011,2,PTTP,32,21,2011,3,6
46,6,2011,2,PTTP,32,21,2011,4,7
46,6,2011,2,PTTP,32,21,2012,1,3
46,6,2011,2,PTTP,32,21,2012,2,2
46,6,2011,2,PTTP,32,21,2012,3,1
46,6,2011,2,PTTP,32,26,2011,4,1
46,6,2011,2,PTTP,32,27,2011,3,1
46,6,2011,2,PTTP,34,20,2011,2,94
46,6,2011,2,PTTP,34,20,2011,3,69
46,6,2011,2,PTTP,34,20,2011,4,13
46,6,2011,2,PTTP,34,20,2012,1,1
46,6,2011,2,PTTP,34,20,2013,1,1
46,6,2011,2,PTTP,34,21,2011,2,21
46,6,2011,2,PTTP,34,21,2011,3,16
46,6,2011,2,PTTP,34,21,2011,4,6
46,6,2011,2,PTTP,34,21,2012,1,1
46,6,2011,2,PTTP,34,21,2012,2,4
46,6,2011,2,PTTP,34,26,2011,2,1
46,6,2011,2,PTTP,34,26,2011,3,1
46,6,2011,2,PTTP,34,26,2011,4,1
46,6,2011,2,PTTP,34,26,2012,1,1
46,6,2011,2,PTTP,34,27,2011,3,1
46,6,2011,2,PTTP,34,30,2012,2,1
46,6,2011,2,PTTP,34,30,2012,3,1
46,6,2011,2,PTTP,36,13,2011,3,2
46,6,2011,2,PTTP,36,20,2011,2,71
46,6,2011,2,PTTP,36,20,2011,3,50
46,6,2011,2,PTTP,36,20,2011,4,14
46,6,2011,2,PTTP,36,20,2012,1,3
46,6,2011,2,PTTP,36,20,2012,4,1
46,6,2011,2,PTTP,36,20,2013,4,2
46,6,2011,2,PTTP,36,21,2011,2,17
46,6,2011,2,PTTP,36,21,2011,3,24
46,6,2011,2,PTTP,36,21,2011,4,4
46,6,2011,2,PTTP,36,21,2012,1,2
46,6,2011,2,PTTP,36,21,2012,2,3
46,6,2011,2,PTTP,36,21,2013,3,1
46,6,2011,2,PTTP,36,26,2011,3,3
46,6,2011,2,PTTP,36,26,2011,4,3
46,6,2011,2,PTTP,36,30,2011,4,1
46,6,2011,2,PTTP,38,20,2011,2,79
46,6,2011,2,PTTP,38,20,2011,3,60
46,6,2011,2,PTTP,38,20,2011,4,19
46,6,2011,2,PTTP,38,20,2012,1,1
46,6,2011,2,PTTP,38,20,2012,3,1
46,6,2011,2,PTTP,38,21,2011,2,23
46,6,2011,2,PTTP,38,21,2011,3,55
46,6,2011,2,PTTP,38,21,2011,4,15
46,6,2011,2,PTTP,38,21,2012,1,1
46,6,2011,2,PTTP,38,21,2014,1,2
46,6,2011,2,PTTP,38,26,2011,2,1
46,6,2011,2,PTTP,38,26,2011,3,5
46,6,2011,2,PTTP,38,26,2011,4,5
46,6,2011,2,PTTP,38,26,2012,1,4
46,6,2011,2,PTTP,38,26,2012,2,3
46,6,2011,2,PTTP,38,27,2011,3,2
46,6,2011,2,PTTP,38,30,2012,1,2
46,6,2011,2,PTTP,40,13,2011,3,1
46,6,2011,2,PTTP,40,15,2011,4,1
46,6,2011,2,PTTP,40,20,2011,2,104
46,6,2011,2,PTTP,40,20,2011,3,85
46,6,2011,2,PTTP,40,20,2011,4,41
46,6,2011,2,PTTP,40,20,2012,1,5
46,6,2011,2,PTTP,40,20,2012,2,2
46,6,2011,2,PTTP,40,20,2012,4,1
46,6,2011,2,PTTP,40,20,2013,1,1
46,6,2011,2,PTTP,40,20,2013,2,1
46,6,2011,2,PTTP,40,21,2011,2,26
46,6,2011,2,PTTP,40,21,2011,3,76
46,6,2011,2,PTTP,40,21,2011,4,20
46,6,2011,2,PTTP,40,21,2012,1,3
46,6,2011,2,PTTP,40,21,2012,2,2
46,6,2011,2,PTTP,40,21,2012,3,1
46,6,2011,2,PTTP,40,26,2011,2,1
46,6,2011,2,PTTP,40,26,2011,3,1
46,6,2011,2,PTTP,40,26,2011,4,11
46,6,2011,2,PTTP,40,26,2012,1,7
46,6,2011,2,PTTP,40,26,2012,2,1
46,6,2011,2,PTTP,40,26,2012,3,2
46,6,2011,2,PTTP,40,27,2011,3,4
46,6,2011,2,PTTP,40,27,2011,4,1
46,6,2011,2,PTTP,40,30,2011,4,3
46,6,2011,2,PTTP,40,30,2012,1,2
46,6,2011,2,PTTP,40,30,2012,2,1
46,6,2011,2,PTTP,40,30,2012,3,1
46,6,2011,2,PTTP,40,31,2014,4,1
46,6,2011,2,PTTP,42,12,2011,3,1
46,6,2011,2,PTTP,42,13,2011,3,1
46,6,2011,2,PTTP,42,20,2011,2,70
46,6,2011,2,PTTP,42,20,2011,3,74
46,6,2011,2,PTTP,42,20,2011,4,66
46,6,2011,2,PTTP,42,20,2012,1,4
46,6,2011,2,PTTP,42,21,2011,2,25
46,6,2011,2,PTTP,42,21,2011,3,40
46,6,2011,2,PTTP,42,21,2011,4,17
46,6,2011,2,PTTP,42,21,2012,1,2
46,6,2011,2,PTTP,42,21,2012,2,2
46,6,2011,2,PTTP,42,21,2012,4,2
46,6,2011,2,PTTP,42,26,2011,2,3
46,6,2011,2,PTTP,42,26,2011,3,8
46,6,2011,2,PTTP,42,26,2011,4,14
46,6,2011,2,PTTP,42,26,2012,1,3
46,6,2011,2,PTTP,42,26,2012,2,3
46,6,2011,2,PTTP,42,26,2012,4,1
46,6,2011,2,PTTP,42,26,2013,1,1
46,6,2011,2,PTTP,42,27,2011,2,1
46,6,2011,2,PTTP,42,27,2011,3,1
46,6,2011,2,PTTP,42,27,2011,4,1
46,6,2011,2,PTTP,42,27,2012,1,1
46,6,2011,2,PTTP,42,27,2012,2,1
46,6,2011,2,PTTP,42,30,2011,4,3
46,6,2011,2,PTTP,42,30,2012,2,2
46,6,2011,2,PTTP,42,30,2014,3,1
46,6,2011,2,PTTP,44,20,2011,2,64
46,6,2011,2,PTTP,44,20,2011,3,108
46,6,2011,2,PTTP,44,20,2011,4,90
46,6,2011,2,PTTP,44,20,2012,1,3
46,6,2011,2,PTTP,44,20,2012,2,1
46,6,2011,2,PTTP,44,20,2012,3,2
46,6,2011,2,PTTP,44,20,2013,4,1
46,6,2011,2,PTTP,44,20,2014,1,1
46,6,2011,2,PTTP,44,21,2011,2,21
46,6,2011,2,PTTP,44,21,2011,3,30
46,6,2011,2,PTTP,44,21,2011,4,20
46,6,2011,2,PTTP,44,21,2012,1,4
46,6,2011,2,PTTP,44,21,2012,2,1
46,6,2011,2,PTTP,44,21,2012,3,2
46,6,2011,2,PTTP,44,21,2013,4,1
46,6,2011,2,PTTP,44,26,2011,2,2
46,6,2011,2,PTTP,44,26,2011,3,19
46,6,2011,2,PTTP,44,26,2011,4,22
46,6,2011,2,PTTP,44,26,2012,1,9
46,6,2011,2,PTTP,44,26,2012,2,2
46,6,2011,2,PTTP,44,26,2012,3,1
46,6,2011,2,PTTP,44,26,2013,1,1
46,6,2011,2,PTTP,44,27,2011,3,4
46,6,2011,2,PTTP,44,27,2011,4,4
46,6,2011,2,PTTP,44,27,2012,2,1
46,6,2011,2,PTTP,44,30,2011,3,1
46,6,2011,2,PTTP,44,30,2011,4,8
46,6,2011,2,PTTP,44,30,2012,1,3
46,6,2011,2,PTTP,44,30,2012,2,1
46,6,2011,2,PTTP,44,30,2012,4,1
46,6,2011,2,PTTP,46,13,2011,3,1
46,6,2011,2,PTTP,46,20,2011,2,78
46,6,2011,2,PTTP,46,20,2011,3,85
46,6,2011,2,PTTP,46,20,2011,4,45
46,6,2011,2,PTTP,46,20,2012,1,7
46,6,2011,2,PTTP,46,20,2012,2,1
46,6,2011,2,PTTP,46,20,2012,3,1
46,6,2011,2,PTTP,46,20,2012,4,1
46,6,2011,2,PTTP,46,20,2013,4,1
46,6,2011,2,PTTP,46,21,2011,2,23
46,6,2011,2,PTTP,46,21,2011,3,34
46,6,2011,2,PTTP,46,21,2011,4,28
46,6,2011,2,PTTP,46,21,2012,1,3
46,6,2011,2,PTTP,46,21,2012,2,1
46,6,2011,2,PTTP,46,21,2012,3,2
46,6,2011,2,PTTP,46,21,2013,1,1
46,6,2011,2,PTTP,46,26,2011,2,5
46,6,2011,2,PTTP,46,26,2011,3,21
46,6,2011,2,PTTP,46,26,2011,4,12
46,6,2011,2,PTTP,46,26,2012,1,4
46,6,2011,2,PTTP,46,26,2012,4,1
46,6,2011,2,PTTP,46,26,2013,1,1
46,6,2011,2,PTTP,46,27,2011,3,2
46,6,2011,2,PTTP,46,27,2011,4,2
46,6,2011,2,PTTP,46,27,2012,1,1
46,6,2011,2,PTTP,46,27,2012,2,1
46,6,2011,2,PTTP,46,30,2011,4,1
46,6,2011,2,PTTP,46,30,2012,1,1
46,6,2011,2,PTTP,46,30,2012,2,1
46,6,2011,2,PTTP,46,30,2012,3,1
46,6,2011,2,PTTP,48,12,2011,3,1
46,6,2011,2,PTTP,48,20,2011,2,77
46,6,2011,2,PTTP,48,20,2011,3,81
46,6,2011,2,PTTP,48,20,2011,4,13
46,6,2011,2,PTTP,48,20,2012,1,6
46,6,2011,2,PTTP,48,20,2012,3,1
46,6,2011,2,PTTP,48,20,2013,2,1
46,6,2011,2,PTTP,48,20,2013,4,1
46,6,2011,2,PTTP,48,21,2011,2,34
46,6,2011,2,PTTP,48,21,2011,3,25
46,6,2011,2,PTTP,48,21,2011,4,18
46,6,2011,2,PTTP,48,21,2012,1,4
46,6,2011,2,PTTP,48,21,2012,2,2
46,6,2011,2,PTTP,48,21,2012,3,1
46,6,2011,2,PTTP,48,21,2012,4,1
46,6,2011,2,PTTP,48,26,2011,2,4
46,6,2011,2,PTTP,48,26,2011,3,21
46,6,2011,2,PTTP,48,26,2011,4,6
46,6,2011,2,PTTP,48,26,2012,1,7
46,6,2011,2,PTTP,48,26,2012,2,3
46,6,2011,2,PTTP,48,27,2011,3,4
46,6,2011,2,PTTP,48,27,2011,4,1
46,6,2011,2,PTTP,48,27,2012,2,1
46,6,2011,2,PTTP,48,30,2011,4,6
46,6,2011,2,PTTP,48,30,2012,1,1
46,6,2011,2,PTTP,48,30,2012,2,1
46,6,2011,2,PTTP,50,20,2011,2,64
46,6,2011,2,PTTP,50,20,2011,3,76
46,6,2011,2,PTTP,50,20,2011,4,22
46,6,2011,2,PTTP,50,20,2012,1,5
46,6,2011,2,PTTP,50,20,2012,2,2
46,6,2011,2,PTTP,50,20,2012,3,2
46,6,2011,2,PTTP,50,21,2011,2,15
46,6,2011,2,PTTP,50,21,2011,3,34
46,6,2011,2,PTTP,50,21,2011,4,11
46,6,2011,2,PTTP,50,21,2012,1,2
46,6,2011,2,PTTP,50,21,2012,2,1
46,6,2011,2,PTTP,50,26,2011,2,3
46,6,2011,2,PTTP,50,26,2011,3,37
46,6,2011,2,PTTP,50,26,2011,4,4
46,6,2011,2,PTTP,50,26,2012,1,5
46,6,2011,2,PTTP,50,27,2011,2,3
46,6,2011,2,PTTP,50,27,2011,3,1
46,6,2011,2,PTTP,50,27,2011,4,2
46,6,2011,2,PTTP,50,27,2012,1,1
46,6,2011,2,PTTP,50,27,2013,2,1
46,6,2011,2,PTTP,50,30,2011,2,1
46,6,2011,2,PTTP,50,30,2011,4,1
46,6,2011,2,PTTP,50,30,2012,1,1
46,6,2011,2,PTTP,52,12,2011,3,1
46,6,2011,2,PTTP,52,15,2011,4,1
46,6,2011,2,PTTP,52,15,2013,2,1
46,6,2011,2,PTTP,52,20,2011,2,32
46,6,2011,2,PTTP,52,20,2011,3,35
46,6,2011,2,PTTP,52,20,2011,4,14
46,6,2011,2,PTTP,52,20,2012,1,1
46,6,2011,2,PTTP,52,20,2012,3,1
46,6,2011,2,PTTP,52,21,2011,2,13
46,6,2011,2,PTTP,52,21,2011,3,14
46,6,2011,2,PTTP,52,21,2011,4,12
46,6,2011,2,PTTP,52,21,2012,2,2
46,6,2011,2,PTTP,52,26,2011,2,1
46,6,2011,2,PTTP,52,26,2011,3,29
46,6,2011,2,PTTP,52,26,2011,4,5
46,6,2011,2,PTTP,52,26,2012,1,1
46,6,2011,2,PTTP,52,27,2011,2,2
46,6,2011,2,PTTP,52,27,2011,3,1
46,6,2011,2,PTTP,52,30,2011,4,1
46,6,2011,2,PTTP,52,30,2012,2,1
46,6,2011,2,PTTP,52,30,2014,1,1
46,6,2011,2,PTTP,54,20,2011,2,22
46,6,2011,2,PTTP,54,20,2011,3,23
46,6,2011,2,PTTP,54,20,2011,4,6
46,6,2011,2,PTTP,54,20,2012,1,1
46,6,2011,2,PTTP,54,21,2011,2,5
46,6,2011,2,PTTP,54,21,2011,3,10
46,6,2011,2,PTTP,54,21,2011,4,5
46,6,2011,2,PTTP,54,21,2012,2,1
46,6,2011,2,PTTP,54,21,2013,1,1
46,6,2011,2,PTTP,54,21,2013,4,1
46,6,2011,2,PTTP,54,26,2011,2,3
46,6,2011,2,PTTP,54,26,2011,3,19
46,6,2011,2,PTTP,54,26,2011,4,2
46,6,2011,2,PTTP,54,27,2011,3,1
46,6,2011,2,PTTP,54,27,2011,4,1
46,6,2011,2,PTTP,56,20,2011,2,17
46,6,2011,2,PTTP,56,20,2011,3,10
46,6,2011,2,PTTP,56,20,2011,4,2
46,6,2011,2,PTTP,56,20,2012,1,1
46,6,2011,2,PTTP,56,21,2011,2,3
46,6,2011,2,PTTP,56,21,2011,3,4
46,6,2011,2,PTTP,56,21,2012,3,1
46,6,2011,2,PTTP,56,26,2011,2,2
46,6,2011,2,PTTP,56,26,2011,3,8
46,6,2011,2,PTTP,56,26,2011,4,1
46,6,2011,2,PTTP,58,20,2011,2,10
46,6,2011,2,PTTP,58,20,2011,3,7
46,6,2011,2,PTTP,58,20,2011,4,2
46,6,2011,2,PTTP,58,20,2012,2,1
46,6,2011,2,PTTP,58,21,2011,2,2
46,6,2011,2,PTTP,58,21,2011,3,5
46,6,2011,2,PTTP,58,21,2011,4,1
46,6,2011,2,PTTP,58,21,2012,2,1
46,6,2011,2,PTTP,58,26,2011,2,2
46,6,2011,2,PTTP,58,26,2011,3,8
46,6,2011,2,PTTP,58,26,2011,4,1
46,6,2011,2,PTTP,58,26,2012,1,1
46,6,2011,2,PTTP,58,26,2012,2,1
46,6,2011,2,PTTP,60,20,2011,2,9
46,6,2011,2,PTTP,60,20,2011,3,8
46,6,2011,2,PTTP,60,20,2011,4,3
46,6,2011,2,PTTP,60,20,2012,2,1
46,6,2011,2,PTTP,60,21,2011,2,3
46,6,2011,2,PTTP,60,21,2011,3,2
46,6,2011,2,PTTP,60,21,2011,4,6
46,6,2011,2,PTTP,60,26,2011,2,1
46,6,2011,2,PTTP,60,26,2011,3,11
46,6,2011,2,PTTP,60,26,2011,4,4
46,6,2011,2,PTTP,60,26,2012,1,1
46,6,2011,2,PTTP,60,26,2012,4,1
46,6,2011,2,PTTP,60,30,2011,4,2
46,6,2011,2,PTTP,62,20,2011,2,4
46,6,2011,2,PTTP,62,20,2011,3,5
46,6,2011,2,PTTP,62,20,2011,4,2
46,6,2011,2,PTTP,62,21,2011,2,2
46,6,2011,2,PTTP,62,21,2011,4,1
46,6,2011,2,PTTP,62,26,2011,3,4
46,6,2011,2,PTTP,62,26,2011,4,1
46,6,2011,2,PTTP,62,26,2012,1,1
46,6,2011,2,PTTP,62,27,2011,3,1
46,6,2011,2,PTTP,64,20,2011,2,1
46,6,2011,2,PTTP,64,20,2011,3,1
46,6,2011,2,PTTP,64,21,2011,3,2
46,6,2011,2,PTTP,64,21,2011,4,1
46,6,2011,2,PTTP,64,21,2012,4,1
46,6,2011,2,PTTP,64,26,2011,3,5
46,6,2011,2,PTTP,64,27,2011,3,1
46,6,2011,2,PTTP,64,31,2012,2,1
46,6,2011,2,PTTP,66,20,2011,2,2
46,6,2011,2,PTTP,66,20,2011,3,3
46,6,2011,2,PTTP,66,21,2011,2,1
46,6,2011,2,PTTP,66,21,2011,3,1
46,6,2011,2,PTTP,68,26,2011,2,1
47,6,2011,3,PTTP,40,20,2011,3,2
47,6,2011,3,PTTP,40,21,2011,3,1
47,6,2011,3,PTTP,40,26,2011,3,1
47,6,2011,3,PTTP,42,20,2011,3,3
47,6,2011,3,PTTP,42,21,2012,4,1
47,6,2011,3,PTTP,42,26,2011,3,1
47,6,2011,3,PTTP,44,20,2011,3,31
47,6,2011,3,PTTP,44,20,2011,4,5
47,6,2011,3,PTTP,44,20,2012,1,1
47,6,2011,3,PTTP,44,20,2012,3,1
47,6,2011,3,PTTP,44,21,2011,3,12
47,6,2011,3,PTTP,44,21,2011,4,8
47,6,2011,3,PTTP,44,21,2012,1,2
47,6,2011,3,PTTP,44,21,2012,2,2
47,6,2011,3,PTTP,44,26,2011,3,11
47,6,2011,3,PTTP,44,26,2012,1,1
47,6,2011,3,PTTP,44,27,2011,3,1
47,6,2011,3,PTTP,44,27,2012,1,1
47,6,2011,3,PTTP,44,31,2011,4,1
47,6,2011,3,PTTP,46,20,2011,3,36
47,6,2011,3,PTTP,46,20,2011,4,19
47,6,2011,3,PTTP,46,20,2012,1,5
47,6,2011,3,PTTP,46,20,2012,4,1
47,6,2011,3,PTTP,46,20,2013,3,1
47,6,2011,3,PTTP,46,21,2011,3,15
47,6,2011,3,PTTP,46,21,2011,4,11
47,6,2011,3,PTTP,46,21,2012,1,1
47,6,2011,3,PTTP,46,21,2012,2,2
47,6,2011,3,PTTP,46,26,2011,3,30
47,6,2011,3,PTTP,46,26,2011,4,2
47,6,2011,3,PTTP,46,26,2012,4,1
47,6,2011,3,PTTP,46,30,2011,4,2
47,6,2011,3,PTTP,46,30,2012,3,1
47,6,2011,3,PTTP,48,20,2011,3,27
47,6,2011,3,PTTP,48,20,2011,4,12
47,6,2011,3,PTTP,48,20,2012,1,2
47,6,2011,3,PTTP,48,21,2011,3,14
47,6,2011,3,PTTP,48,21,2011,4,8
47,6,2011,3,PTTP,48,21,2012,1,3
47,6,2011,3,PTTP,48,21,2012,2,1
47,6,2011,3,PTTP,48,21,2014,2,1
47,6,2011,3,PTTP,48,26,2011,3,20
47,6,2011,3,PTTP,48,26,2011,4,6
47,6,2011,3,PTTP,48,26,2012,1,3
47,6,2011,3,PTTP,48,26,2012,2,2
47,6,2011,3,PTTP,48,26,2013,1,1
47,6,2011,3,PTTP,48,27,2011,3,2
47,6,2011,3,PTTP,48,27,2011,4,1
47,6,2011,3,PTTP,48,30,2011,4,1
47,6,2011,3,PTTP,48,30,2012,2,1
47,6,2011,3,PTTP,50,20,2011,3,26
47,6,2011,3,PTTP,50,20,2011,4,18
47,6,2011,3,PTTP,50,20,2012,1,1
47,6,2011,3,PTTP,50,20,2012,2,1
47,6,2011,3,PTTP,50,20,2012,3,2
47,6,2011,3,PTTP,50,21,2011,3,2
47,6,2011,3,PTTP,50,21,2011,4,9
47,6,2011,3,PTTP,50,21,2012,1,2
47,6,2011,3,PTTP,50,21,2012,2,1
47,6,2011,3,PTTP,50,26,2011,3,26
47,6,2011,3,PTTP,50,26,2011,4,11
47,6,2011,3,PTTP,50,26,2012,1,4
47,6,2011,3,PTTP,50,26,2012,2,1
47,6,2011,3,PTTP,50,27,2011,3,3
47,6,2011,3,PTTP,50,27,2012,1,1
47,6,2011,3,PTTP,50,30,2011,4,3
47,6,2011,3,PTTP,50,31,2011,4,2
47,6,2011,3,PTTP,52,20,2011,3,34
47,6,2011,3,PTTP,52,20,2011,4,27
47,6,2011,3,PTTP,52,20,2012,1,3
47,6,2011,3,PTTP,52,20,2012,2,1
47,6,2011,3,PTTP,52,21,2011,3,11
47,6,2011,3,PTTP,52,21,2011,4,9
47,6,2011,3,PTTP,52,21,2012,2,2
47,6,2011,3,PTTP,52,26,2011,3,35
47,6,2011,3,PTTP,52,26,2011,4,13
47,6,2011,3,PTTP,52,26,2012,1,4
47,6,2011,3,PTTP,52,26,2012,2,1
47,6,2011,3,PTTP,52,26,2013,1,1
47,6,2011,3,PTTP,52,27,2011,4,1
47,6,2011,3,PTTP,52,27,2012,1,1
47,6,2011,3,PTTP,52,30,2011,4,1
47,6,2011,3,PTTP,52,30,2012,1,2
47,6,2011,3,PTTP,52,30,2012,4,1
47,6,2011,3,PTTP,52,31,2011,3,1
47,6,2011,3,PTTP,54,13,2011,3,1
47,6,2011,3,PTTP,54,20,2011,3,18
47,6,2011,3,PTTP,54,20,2011,4,21
47,6,2011,3,PTTP,54,20,2012,1,3
47,6,2011,3,PTTP,54,21,2011,3,9
47,6,2011,3,PTTP,54,21,2011,4,8
47,6,2011,3,PTTP,54,21,2012,1,2
47,6,2011,3,PTTP,54,21,2012,2,2
47,6,2011,3,PTTP,54,26,2011,3,28
47,6,2011,3,PTTP,54,26,2011,4,11
47,6,2011,3,PTTP,54,26,2012,1,3
47,6,2011,3,PTTP,54,27,2011,4,1
47,6,2011,3,PTTP,54,30,2011,4,3
47,6,2011,3,PTTP,54,30,2012,1,1
47,6,2011,3,PTTP,56,20,2011,3,11
47,6,2011,3,PTTP,56,20,2011,4,7
47,6,2011,3,PTTP,56,20,2012,3,1
47,6,2011,3,PTTP,56,21,2011,3,4
47,6,2011,3,PTTP,56,21,2011,4,1
47,6,2011,3,PTTP,56,26,2011,3,9
47,6,2011,3,PTTP,56,26,2011,4,4
47,6,2011,3,PTTP,56,26,2012,1,3
47,6,2011,3,PTTP,56,30,2011,3,1
47,6,2011,3,PTTP,56,30,2011,4,1
47,6,2011,3,PTTP,56,31,2011,4,1
47,6,2011,3,PTTP,58,20,2011,3,3
47,6,2011,3,PTTP,58,20,2011,4,2
47,6,2011,3,PTTP,58,21,2011,3,1
47,6,2011,3,PTTP,58,21,2011,4,3
47,6,2011,3,PTTP,58,26,2011,3,3
47,6,2011,3,PTTP,58,26,2011,4,3
47,6,2011,3,PTTP,58,27,2012,1,1
47,6,2011,3,PTTP,60,20,2011,4,1
47,6,2011,3,PTTP,60,21,2011,3,1
47,6,2011,3,PTTP,60,26,2011,3,1
47,6,2011,3,PTTP,60,26,2011,4,2
48,6,2012,1,PTTP,30,20,2012,2,3
48,6,2012,1,PTTP,30,26,2012,1,2
48,6,2012,1,PTTP,32,20,2012,1,47
48,6,2012,1,PTTP,32,20,2012,2,7
48,6,2012,1,PTTP,32,20,2012,3,5
48,6,2012,1,PTTP,32,20,2012,4,1
48,6,2012,1,PTTP,32,20,2013,1,1
48,6,2012,1,PTTP,32,21,2012,1,4
48,6,2012,1,PTTP,32,21,2012,2,7
48,6,2012,1,PTTP,32,21,2012,3,1
48,6,2012,1,PTTP,32,21,2014,1,1
48,6,2012,1,PTTP,32,26,2012,1,5
48,6,2012,1,PTTP,32,26,2012,2,3
48,6,2012,1,PTTP,32,26,2012,4,2
48,6,2012,1,PTTP,32,26,2013,1,1
48,6,2012,1,PTTP,32,26,2013,2,1
48,6,2012,1,PTTP,32,30,2012,2,1
48,6,2012,1,PTTP,32,31,2012,1,1
48,6,2012,1,PTTP,34,13,2012,1,1
48,6,2012,1,PTTP,34,13,2012,2,2
48,6,2012,1,PTTP,34,15,2013,2,1
48,6,2012,1,PTTP,34,20,2012,1,100
48,6,2012,1,PTTP,34,20,2012,2,32
48,6,2012,1,PTTP,34,20,2012,3,12
48,6,2012,1,PTTP,34,20,2012,4,7
48,6,2012,1,PTTP,34,20,2013,1,6
48,6,2012,1,PTTP,34,20,2013,2,1
48,6,2012,1,PTTP,34,20,2013,3,1
48,6,2012,1,PTTP,34,20,2013,4,1
48,6,2012,1,PTTP,34,21,2012,1,9
48,6,2012,1,PTTP,34,21,2012,2,31
48,6,2012,1,PTTP,34,21,2012,3,14
48,6,2012,1,PTTP,34,21,2012,4,2
48,6,2012,1,PTTP,34,21,2013,1,6
48,6,2012,1,PTTP,34,21,2013,3,1
48,6,2012,1,PTTP,34,21,2013,4,1
48,6,2012,1,PTTP,34,26,2012,1,19
48,6,2012,1,PTTP,34,26,2012,2,13
48,6,2012,1,PTTP,34,26,2012,3,6
48,6,2012,1,PTTP,34,26,2012,4,2
48,6,2012,1,PTTP,34,26,2013,1,1
48,6,2012,1,PTTP,34,26,2013,3,1
48,6,2012,1,PTTP,34,27,2012,2,2
48,6,2012,1,PTTP,34,27,2012,4,1
48,6,2012,1,PTTP,34,27,2013,4,1
48,6,2012,1,PTTP,34,30,2012,1,1
48,6,2012,1,PTTP,34,30,2012,2,5
48,6,2012,1,PTTP,34,30,2012,3,2
48,6,2012,1,PTTP,34,30,2012,4,2
48,6,2012,1,PTTP,34,31,2012,4,1
48,6,2012,1,PTTP,36,15,2013,2,1
48,6,2012,1,PTTP,36,20,2012,1,63
48,6,2012,1,PTTP,36,20,2012,2,15
48,6,2012,1,PTTP,36,20,2012,3,7
48,6,2012,1,PTTP,36,20,2012,4,2
48,6,2012,1,PTTP,36,20,2013,1,2
48,6,2012,1,PTTP,36,20,2013,2,1
48,6,2012,1,PTTP,36,20,2013,3,1
48,6,2012,1,PTTP,36,21,2012,1,9
48,6,2012,1,PTTP,36,21,2012,2,34
48,6,2012,1,PTTP,36,21,2012,3,13
48,6,2012,1,PTTP,36,21,2012,4,3
48,6,2012,1,PTTP,36,21,2013,1,2
48,6,2012,1,PTTP,36,21,2013,3,2
48,6,2012,1,PTTP,36,21,2013,4,2
48,6,2012,1,PTTP,36,26,2012,1,6
48,6,2012,1,PTTP,36,26,2012,2,12
48,6,2012,1,PTTP,36,26,2012,3,4
48,6,2012,1,PTTP,36,26,2012,4,1
48,6,2012,1,PTTP,36,27,2012,1,3
48,6,2012,1,PTTP,36,27,2012,2,2
48,6,2012,1,PTTP,36,27,2012,3,1
48,6,2012,1,PTTP,36,30,2012,1,1
48,6,2012,1,PTTP,36,30,2012,2,1
48,6,2012,1,PTTP,36,30,2012,3,1
48,6,2012,1,PTTP,36,30,2012,4,2
48,6,2012,1,PTTP,38,13,2012,1,1
48,6,2012,1,PTTP,38,20,2012,1,125
48,6,2012,1,PTTP,38,20,2012,2,15
48,6,2012,1,PTTP,38,20,2012,3,7
48,6,2012,1,PTTP,38,20,2012,4,7
48,6,2012,1,PTTP,38,20,2013,1,1
48,6,2012,1,PTTP,38,20,2013,3,1
48,6,2012,1,PTTP,38,20,2014,1,1
48,6,2012,1,PTTP,38,21,2012,1,25
48,6,2012,1,PTTP,38,21,2012,2,53
48,6,2012,1,PTTP,38,21,2012,3,16
48,6,2012,1,PTTP,38,21,2012,4,7
48,6,2012,1,PTTP,38,21,2013,1,3
48,6,2012,1,PTTP,38,21,2013,2,1
48,6,2012,1,PTTP,38,21,2013,4,1
48,6,2012,1,PTTP,38,26,2012,1,5
48,6,2012,1,PTTP,38,26,2012,2,10
48,6,2012,1,PTTP,38,26,2012,3,4
48,6,2012,1,PTTP,38,26,2012,4,2
48,6,2012,1,PTTP,38,26,2013,2,1
48,6,2012,1,PTTP,38,27,2012,1,9
48,6,2012,1,PTTP,38,27,2012,2,4
48,6,2012,1,PTTP,38,27,2012,3,1
48,6,2012,1,PTTP,38,30,2012,1,1
48,6,2012,1,PTTP,38,30,2012,2,8
48,6,2012,1,PTTP,38,30,2012,3,4
48,6,2012,1,PTTP,38,30,2012,4,1
48,6,2012,1,PTTP,40,20,2012,1,273
48,6,2012,1,PTTP,40,20,2012,2,77
48,6,2012,1,PTTP,40,20,2012,3,33
48,6,2012,1,PTTP,40,20,2012,4,5
48,6,2012,1,PTTP,40,20,2013,1,4
48,6,2012,1,PTTP,40,20,2013,2,1
48,6,2012,1,PTTP,40,20,2013,3,1
48,6,2012,1,PTTP,40,21,2012,1,90
48,6,2012,1,PTTP,40,21,2012,2,146
48,6,2012,1,PTTP,40,21,2012,3,54
48,6,2012,1,PTTP,40,21,2012,4,12
48,6,2012,1,PTTP,40,21,2013,1,2
48,6,2012,1,PTTP,40,21,2013,2,1
48,6,2012,1,PTTP,40,21,2013,4,1
48,6,2012,1,PTTP,40,21,2014,1,1
48,6,2012,1,PTTP,40,21,2014,2,1
48,6,2012,1,PTTP,40,26,2012,1,13
48,6,2012,1,PTTP,40,26,2012,2,17
48,6,2012,1,PTTP,40,26,2012,3,5
48,6,2012,1,PTTP,40,26,2012,4,7
48,6,2012,1,PTTP,40,26,2013,1,1
48,6,2012,1,PTTP,40,26,2013,2,2
48,6,2012,1,PTTP,40,26,2013,3,2
48,6,2012,1,PTTP,40,26,2013,4,1
48,6,2012,1,PTTP,40,27,2012,1,8
48,6,2012,1,PTTP,40,27,2012,2,12
48,6,2012,1,PTTP,40,27,2012,3,2
48,6,2012,1,PTTP,40,27,2013,3,1
48,6,2012,1,PTTP,40,30,2012,1,1
48,6,2012,1,PTTP,40,30,2012,2,11
48,6,2012,1,PTTP,40,30,2012,3,4
48,6,2012,1,PTTP,40,30,2012,4,3
48,6,2012,1,PTTP,40,30,2013,1,1
48,6,2012,1,PTTP,42,13,2012,1,1
48,6,2012,1,PTTP,42,20,2012,1,265
48,6,2012,1,PTTP,42,20,2012,2,82
48,6,2012,1,PTTP,42,20,2012,3,28
48,6,2012,1,PTTP,42,20,2012,4,7
48,6,2012,1,PTTP,42,20,2013,1,8
48,6,2012,1,PTTP,42,20,2013,2,1
48,6,2012,1,PTTP,42,20,2013,4,4
48,6,2012,1,PTTP,42,21,2012,1,96
48,6,2012,1,PTTP,42,21,2012,2,233
48,6,2012,1,PTTP,42,21,2012,3,80
48,6,2012,1,PTTP,42,21,2012,4,12
48,6,2012,1,PTTP,42,21,2013,1,4
48,6,2012,1,PTTP,42,21,2013,2,3
48,6,2012,1,PTTP,42,21,2013,3,2
48,6,2012,1,PTTP,42,21,2013,4,2
48,6,2012,1,PTTP,42,21,2014,1,1
48,6,2012,1,PTTP,42,21,2014,3,2
48,6,2012,1,PTTP,42,21,2015,1,1
48,6,2012,1,PTTP,42,26,2012,1,11
48,6,2012,1,PTTP,42,26,2012,2,21
48,6,2012,1,PTTP,42,26,2012,3,12
48,6,2012,1,PTTP,42,26,2012,4,5
48,6,2012,1,PTTP,42,26,2013,1,4
48,6,2012,1,PTTP,42,26,2013,2,1
48,6,2012,1,PTTP,42,27,2012,1,11
48,6,2012,1,PTTP,42,27,2012,2,14
48,6,2012,1,PTTP,42,27,2012,3,4
48,6,2012,1,PTTP,42,30,2012,1,2
48,6,2012,1,PTTP,42,30,2012,2,13
48,6,2012,1,PTTP,42,30,2012,3,5
48,6,2012,1,PTTP,42,30,2012,4,1
48,6,2012,1,PTTP,42,30,2013,2,1
48,6,2012,1,PTTP,44,20,2012,1,269
48,6,2012,1,PTTP,44,20,2012,2,90
48,6,2012,1,PTTP,44,20,2012,3,30
48,6,2012,1,PTTP,44,20,2012,4,12
48,6,2012,1,PTTP,44,20,2013,1,4
48,6,2012,1,PTTP,44,20,2013,2,4
48,6,2012,1,PTTP,44,20,2013,4,1
48,6,2012,1,PTTP,44,20,2014,1,1
48,6,2012,1,PTTP,44,21,2012,1,86
48,6,2012,1,PTTP,44,21,2012,2,188
48,6,2012,1,PTTP,44,21,2012,3,84
48,6,2012,1,PTTP,44,21,2012,4,18
48,6,2012,1,PTTP,44,21,2013,1,4
48,6,2012,1,PTTP,44,21,2013,4,1
48,6,2012,1,PTTP,44,21,2014,2,2
48,6,2012,1,PTTP,44,26,2012,1,55
48,6,2012,1,PTTP,44,26,2012,2,37
48,6,2012,1,PTTP,44,26,2012,3,5
48,6,2012,1,PTTP,44,26,2012,4,2
48,6,2012,1,PTTP,44,26,2013,4,1
48,6,2012,1,PTTP,44,27,2012,1,43
48,6,2012,1,PTTP,44,27,2012,2,19
48,6,2012,1,PTTP,44,27,2012,3,6
48,6,2012,1,PTTP,44,27,2013,1,1
48,6,2012,1,PTTP,44,27,2013,3,1
48,6,2012,1,PTTP,44,30,2012,1,1
48,6,2012,1,PTTP,44,30,2012,2,23
48,6,2012,1,PTTP,44,30,2012,3,2
48,6,2012,1,PTTP,44,30,2012,4,4
48,6,2012,1,PTTP,44,30,2014,4,1
48,6,2012,1,PTTP,44,31,2012,3,1
48,6,2012,1,PTTP,46,13,2012,2,1
48,6,2012,1,PTTP,46,20,2012,1,167
48,6,2012,1,PTTP,46,20,2012,2,79
48,6,2012,1,PTTP,46,20,2012,3,33
48,6,2012,1,PTTP,46,20,2012,4,12
48,6,2012,1,PTTP,46,20,2013,1,8
48,6,2012,1,PTTP,46,20,2013,2,5
48,6,2012,1,PTTP,46,20,2013,3,2
48,6,2012,1,PTTP,46,20,2013,4,9
48,6,2012,1,PTTP,46,20,2014,1,1
48,6,2012,1,PTTP,46,21,2012,1,59
48,6,2012,1,PTTP,46,21,2012,2,156
48,6,2012,1,PTTP,46,21,2012,3,67
48,6,2012,1,PTTP,46,21,2012,4,21
48,6,2012,1,PTTP,46,21,2013,1,3
48,6,2012,1,PTTP,46,21,2013,3,1
48,6,2012,1,PTTP,46,21,2013,4,4
48,6,2012,1,PTTP,46,21,2014,2,3
48,6,2012,1,PTTP,46,26,2012,1,54
48,6,2012,1,PTTP,46,26,2012,2,36
48,6,2012,1,PTTP,46,26,2012,3,8
48,6,2012,1,PTTP,46,26,2012,4,4
48,6,2012,1,PTTP,46,26,2013,1,2
48,6,2012,1,PTTP,46,26,2013,2,2
48,6,2012,1,PTTP,46,27,2012,1,68
48,6,2012,1,PTTP,46,27,2012,2,15
48,6,2012,1,PTTP,46,27,2012,3,1
48,6,2012,1,PTTP,46,27,2012,4,1
48,6,2012,1,PTTP,46,27,2013,2,1
48,6,2012,1,PTTP,46,30,2012,1,1
48,6,2012,1,PTTP,46,30,2012,2,12
48,6,2012,1,PTTP,46,30,2012,3,4
48,6,2012,1,PTTP,46,30,2012,4,2
48,6,2012,1,PTTP,46,31,2012,3,1
48,6,2012,1,PTTP,48,13,2012,1,1
48,6,2012,1,PTTP,48,20,2012,1,83
48,6,2012,1,PTTP,48,20,2012,2,46
48,6,2012,1,PTTP,48,20,2012,3,12
48,6,2012,1,PTTP,48,20,2012,4,8
48,6,2012,1,PTTP,48,20,2013,1,12
48,6,2012,1,PTTP,48,20,2013,2,3
48,6,2012,1,PTTP,48,20,2013,3,1
48,6,2012,1,PTTP,48,20,2013,4,2
48,6,2012,1,PTTP,48,21,2012,1,31
48,6,2012,1,PTTP,48,21,2012,2,80
48,6,2012,1,PTTP,48,21,2012,3,46
48,6,2012,1,PTTP,48,21,2012,4,10
48,6,2012,1,PTTP,48,21,2013,1,3
48,6,2012,1,PTTP,48,21,2013,2,1
48,6,2012,1,PTTP,48,21,2013,3,2
48,6,2012,1,PTTP,48,21,2014,2,1
48,6,2012,1,PTTP,48,21,2015,1,1
48,6,2012,1,PTTP,48,26,2012,1,35
48,6,2012,1,PTTP,48,26,2012,2,22
48,6,2012,1,PTTP,48,26,2012,3,10
48,6,2012,1,PTTP,48,26,2012,4,4
48,6,2012,1,PTTP,48,26,2013,1,1
48,6,2012,1,PTTP,48,26,2013,2,2
48,6,2012,1,PTTP,48,27,2012,1,52
48,6,2012,1,PTTP,48,27,2012,2,15
48,6,2012,1,PTTP,48,27,2012,3,4
48,6,2012,1,PTTP,48,27,2012,4,1
48,6,2012,1,PTTP,48,27,2013,3,1
48,6,2012,1,PTTP,48,27,2013,4,1
48,6,2012,1,PTTP,48,30,2012,1,4
48,6,2012,1,PTTP,48,30,2012,2,6
48,6,2012,1,PTTP,48,30,2012,3,4
48,6,2012,1,PTTP,48,30,2012,4,1
48,6,2012,1,PTTP,48,31,2012,2,1
48,6,2012,1,PTTP,48,31,2012,3,2
48,6,2012,1,PTTP,48,31,2012,4,1
48,6,2012,1,PTTP,50,20,2012,1,44
48,6,2012,1,PTTP,50,20,2012,2,24
48,6,2012,1,PTTP,50,20,2012,3,11
48,6,2012,1,PTTP,50,20,2012,4,7
48,6,2012,1,PTTP,50,20,2013,1,6
48,6,2012,1,PTTP,50,20,2013,2,4
48,6,2012,1,PTTP,50,20,2013,4,2
48,6,2012,1,PTTP,50,21,2012,1,16
48,6,2012,1,PTTP,50,21,2012,2,46
48,6,2012,1,PTTP,50,21,2012,3,22
48,6,2012,1,PTTP,50,21,2012,4,12
48,6,2012,1,PTTP,50,21,2013,2,2
48,6,2012,1,PTTP,50,26,2012,1,25
48,6,2012,1,PTTP,50,26,2012,2,17
48,6,2012,1,PTTP,50,26,2012,3,2
48,6,2012,1,PTTP,50,26,2012,4,2
48,6,2012,1,PTTP,50,26,2013,1,2
48,6,2012,1,PTTP,50,26,2013,2,2
48,6,2012,1,PTTP,50,27,2012,1,22
48,6,2012,1,PTTP,50,27,2012,2,12
48,6,2012,1,PTTP,50,27,2012,3,5
48,6,2012,1,PTTP,50,27,2013,2,1
48,6,2012,1,PTTP,50,30,2012,1,1
48,6,2012,1,PTTP,50,30,2012,2,8
48,6,2012,1,PTTP,50,30,2012,3,1
48,6,2012,1,PTTP,50,30,2012,4,1
48,6,2012,1,PTTP,50,30,2014,2,1
48,6,2012,1,PTTP,50,31,2012,3,1
48,6,2012,1,PTTP,52,20,2012,1,16
48,6,2012,1,PTTP,52,20,2012,2,13
48,6,2012,1,PTTP,52,20,2012,3,4
48,6,2012,1,PTTP,52,20,2012,4,4
48,6,2012,1,PTTP,52,20,2013,2,2
48,6,2012,1,PTTP,52,21,2012,1,5
48,6,2012,1,PTTP,52,21,2012,2,26
48,6,2012,1,PTTP,52,21,2012,3,11
48,6,2012,1,PTTP,52,21,2012,4,4
48,6,2012,1,PTTP,52,21,2013,2,1
48,6,2012,1,PTTP,52,21,2013,3,1
48,6,2012,1,PTTP,52,21,2015,1,1
48,6,2012,1,PTTP,52,21,2016,1,1
48,6,2012,1,PTTP,52,26,2012,1,8
48,6,2012,1,PTTP,52,26,2012,2,12
48,6,2012,1,PTTP,52,26,2012,3,3
48,6,2012,1,PTTP,52,26,2012,4,2
48,6,2012,1,PTTP,52,26,2013,1,1
48,6,2012,1,PTTP,52,26,2013,2,2
48,6,2012,1,PTTP,52,27,2012,1,23
48,6,2012,1,PTTP,52,27,2012,2,3
48,6,2012,1,PTTP,52,30,2012,2,5
48,6,2012,1,PTTP,52,30,2012,3,1
48,6,2012,1,PTTP,54,20,2012,1,3
48,6,2012,1,PTTP,54,20,2012,2,7
48,6,2012,1,PTTP,54,20,2012,3,4
48,6,2012,1,PTTP,54,20,2012,4,2
48,6,2012,1,PTTP,54,20,2013,2,1
48,6,2012,1,PTTP,54,20,2013,4,1
48,6,2012,1,PTTP,54,20,2014,2,1
48,6,2012,1,PTTP,54,21,2012,1,1
48,6,2012,1,PTTP,54,21,2012,2,14
48,6,2012,1,PTTP,54,21,2012,3,7
48,6,2012,1,PTTP,54,21,2012,4,1
48,6,2012,1,PTTP,54,21,2013,1,1
48,6,2012,1,PTTP,54,21,2013,2,1
48,6,2012,1,PTTP,54,21,2013,3,1
48,6,2012,1,PTTP,54,21,2013,4,1
48,6,2012,1,PTTP,54,21,2014,2,1
48,6,2012,1,PTTP,54,26,2012,1,2
48,6,2012,1,PTTP,54,26,2012,2,6
48,6,2012,1,PTTP,54,26,2012,3,2
48,6,2012,1,PTTP,54,26,2012,4,1
48,6,2012,1,PTTP,54,26,2013,1,1
48,6,2012,1,PTTP,54,26,2013,3,2
48,6,2012,1,PTTP,54,27,2012,1,7
48,6,2012,1,PTTP,54,27,2012,2,2
48,6,2012,1,PTTP,54,27,2012,4,1
48,6,2012,1,PTTP,54,30,2012,2,1
48,6,2012,1,PTTP,56,20,2012,1,5
48,6,2012,1,PTTP,56,20,2012,2,3
48,6,2012,1,PTTP,56,20,2012,3,3
48,6,2012,1,PTTP,56,20,2012,4,1
48,6,2012,1,PTTP,56,20,2013,1,1
48,6,2012,1,PTTP,56,21,2012,1,3
48,6,2012,1,PTTP,56,21,2012,2,3
48,6,2012,1,PTTP,56,21,2012,3,4
48,6,2012,1,PTTP,56,21,2012,4,2
48,6,2012,1,PTTP,56,21,2013,1,3
48,6,2012,1,PTTP,56,21,2013,2,1
48,6,2012,1,PTTP,56,21,2013,3,1
48,6,2012,1,PTTP,56,26,2012,1,5
48,6,2012,1,PTTP,56,26,2012,2,2
48,6,2012,1,PTTP,56,26,2013,1,1
48,6,2012,1,PTTP,56,27,2012,1,3
48,6,2012,1,PTTP,56,27,2012,2,1
48,6,2012,1,PTTP,56,27,2012,3,1
48,6,2012,1,PTTP,56,27,2013,3,1
48,6,2012,1,PTTP,56,30,2012,2,1
48,6,2012,1,PTTP,56,30,2012,4,1
48,6,2012,1,PTTP,58,13,2012,3,1
48,6,2012,1,PTTP,58,21,2012,3,2
48,6,2012,1,PTTP,58,21,2013,1,2
48,6,2012,1,PTTP,58,21,2013,3,1
48,6,2012,1,PTTP,58,26,2012,1,5
48,6,2012,1,PTTP,58,26,2012,2,2
48,6,2012,1,PTTP,58,26,2012,3,1
48,6,2012,1,PTTP,58,27,2012,1,2
48,6,2012,1,PTTP,58,27,2012,2,3
48,6,2012,1,PTTP,60,20,2012,1,3
48,6,2012,1,PTTP,60,21,2012,3,1
48,6,2012,1,PTTP,60,26,2012,1,2
48,6,2012,1,PTTP,60,26,2012,2,1
48,6,2012,1,PTTP,60,27,2012,1,3
48,6,2012,1,PTTP,60,27,2013,3,1
48,6,2012,1,PTTP,60,30,2012,2,1
48,6,2012,1,PTTP,62,20,2012,1,1
48,6,2012,1,PTTP,62,26,2012,1,1
48,6,2012,1,PTTP,62,26,2012,2,2
48,6,2012,1,PTTP,62,30,2012,2,1
48,6,2012,1,PTTP,68,21,2014,2,1
49,6,2013,2,PTTP,30,20,2013,2,10
49,6,2013,2,PTTP,30,20,2013,3,4
49,6,2013,2,PTTP,30,20,2013,4,1
49,6,2013,2,PTTP,30,21,2013,2,6
49,6,2013,2,PTTP,30,21,2013,3,7
49,6,2013,2,PTTP,30,21,2014,1,2
49,6,2013,2,PTTP,30,27,2013,3,1
49,6,2013,2,PTTP,30,27,2013,4,1
49,6,2013,2,PTTP,32,20,2013,2,32
49,6,2013,2,PTTP,32,20,2013,3,9
49,6,2013,2,PTTP,32,20,2013,4,4
49,6,2013,2,PTTP,32,21,2013,2,16
49,6,2013,2,PTTP,32,21,2013,3,18
49,6,2013,2,PTTP,32,21,2013,4,5
49,6,2013,2,PTTP,32,21,2014,1,1
49,6,2013,2,PTTP,32,21,2014,2,1
49,6,2013,2,PTTP,32,26,2013,3,1
49,6,2013,2,PTTP,32,26,2014,1,2
49,6,2013,2,PTTP,32,27,2013,3,1
49,6,2013,2,PTTP,34,20,2013,2,81
49,6,2013,2,PTTP,34,20,2013,3,47
49,6,2013,2,PTTP,34,20,2013,4,14
49,6,2013,2,PTTP,34,20,2014,1,1
49,6,2013,2,PTTP,34,20,2014,2,1
49,6,2013,2,PTTP,34,21,2013,2,22
49,6,2013,2,PTTP,34,21,2013,3,38
49,6,2013,2,PTTP,34,21,2013,4,7
49,6,2013,2,PTTP,34,21,2014,1,4
49,6,2013,2,PTTP,34,26,2013,2,2
49,6,2013,2,PTTP,34,26,2013,3,6
49,6,2013,2,PTTP,34,26,2013,4,3
49,6,2013,2,PTTP,34,26,2014,1,3
49,6,2013,2,PTTP,34,26,2014,2,1
49,6,2013,2,PTTP,34,27,2013,2,2
49,6,2013,2,PTTP,34,27,2013,3,4
49,6,2013,2,PTTP,34,30,2013,4,1
49,6,2013,2,PTTP,34,30,2014,1,1
49,6,2013,2,PTTP,34,30,2014,2,1
49,6,2013,2,PTTP,34,30,2014,3,1
49,6,2013,2,PTTP,36,20,2013,2,65
49,6,2013,2,PTTP,36,20,2013,3,44
49,6,2013,2,PTTP,36,20,2013,4,18
49,6,2013,2,PTTP,36,20,2014,1,3
49,6,2013,2,PTTP,36,20,2014,3,1
49,6,2013,2,PTTP,36,20,2017,4,1
49,6,2013,2,PTTP,36,21,2013,2,37
49,6,2013,2,PTTP,36,21,2013,3,36
49,6,2013,2,PTTP,36,21,2013,4,12
49,6,2013,2,PTTP,36,21,2014,1,4
49,6,2013,2,PTTP,36,21,2014,2,1
49,6,2013,2,PTTP,36,21,2014,4,1
49,6,2013,2,PTTP,36,26,2013,2,9
49,6,2013,2,PTTP,36,26,2013,3,9
49,6,2013,2,PTTP,36,26,2013,4,2
49,6,2013,2,PTTP,36,26,2014,2,2
49,6,2013,2,PTTP,36,27,2013,3,5
49,6,2013,2,PTTP,36,30,2014,1,2
49,6,2013,2,PTTP,36,30,2014,2,1
49,6,2013,2,PTTP,38,20,2013,2,74
49,6,2013,2,PTTP,38,20,2013,3,38
49,6,2013,2,PTTP,38,20,2013,4,18
49,6,2013,2,PTTP,38,20,2014,1,2
49,6,2013,2,PTTP,38,20,2014,2,1
49,6,2013,2,PTTP,38,21,2013,2,18
49,6,2013,2,PTTP,38,21,2013,3,41
49,6,2013,2,PTTP,38,21,2013,4,16
49,6,2013,2,PTTP,38,21,2014,1,2
49,6,2013,2,PTTP,38,21,2015,1,2
49,6,2013,2,PTTP,38,21,2015,4,1
49,6,2013,2,PTTP,38,26,2013,2,3
49,6,2013,2,PTTP,38,26,2013,3,6
49,6,2013,2,PTTP,38,26,2013,4,2
49,6,2013,2,PTTP,38,26,2014,2,2
49,6,2013,2,PTTP,38,26,2014,4,1
49,6,2013,2,PTTP,38,27,2013,3,3
49,6,2013,2,PTTP,38,27,2013,4,2
49,6,2013,2,PTTP,38,27,2014,1,1
49,6,2013,2,PTTP,38,30,2013,2,1
49,6,2013,2,PTTP,38,30,2013,4,1
49,6,2013,2,PTTP,38,30,2014,1,2
49,6,2013,2,PTTP,38,30,2014,2,1
49,6,2013,2,PTTP,38,30,2014,4,1
49,6,2013,2,PTTP,40,20,2013,2,67
49,6,2013,2,PTTP,40,20,2013,3,31
49,6,2013,2,PTTP,40,20,2013,4,18
49,6,2013,2,PTTP,40,20,2014,1,2
49,6,2013,2,PTTP,40,20,2014,2,1
49,6,2013,2,PTTP,40,20,2014,4,1
49,6,2013,2,PTTP,40,21,2013,2,12
49,6,2013,2,PTTP,40,21,2013,3,26
49,6,2013,2,PTTP,40,21,2013,4,9
49,6,2013,2,PTTP,40,21,2014,1,2
49,6,2013,2,PTTP,40,21,2017,4,1
49,6,2013,2,PTTP,40,26,2013,2,5
49,6,2013,2,PTTP,40,26,2013,3,11
49,6,2013,2,PTTP,40,26,2013,4,4
49,6,2013,2,PTTP,40,26,2014,1,2
49,6,2013,2,PTTP,40,26,2014,2,2
49,6,2013,2,PTTP,40,26,2014,3,1
49,6,2013,2,PTTP,40,27,2013,3,8
49,6,2013,2,PTTP,40,27,2013,4,2
49,6,2013,2,PTTP,40,30,2013,2,1
49,6,2013,2,PTTP,40,30,2014,1,1
49,6,2013,2,PTTP,42,20,2013,2,50
49,6,2013,2,PTTP,42,20,2013,3,16
49,6,2013,2,PTTP,42,20,2013,4,9
49,6,2013,2,PTTP,42,20,2014,1,2
49,6,2013,2,PTTP,42,21,2013,2,13
49,6,2013,2,PTTP,42,21,2013,3,20
49,6,2013,2,PTTP,42,21,2013,4,9
49,6,2013,2,PTTP,42,21,2014,1,3
49,6,2013,2,PTTP,42,26,2013,3,9
49,6,2013,2,PTTP,42,26,2013,4,5
49,6,2013,2,PTTP,42,26,2014,1,2
49,6,2013,2,PTTP,42,26,2014,4,1
49,6,2013,2,PTTP,42,27,2013,2,1
49,6,2013,2,PTTP,42,27,2013,3,2
49,6,2013,2,PTTP,42,27,2013,4,2
49,6,2013,2,PTTP,42,27,2014,2,1
49,6,2013,2,PTTP,42,30,2014,1,1
49,6,2013,2,PTTP,42,31,2013,2,1
49,6,2013,2,PTTP,44,20,2013,2,30
49,6,2013,2,PTTP,44,20,2013,3,23
49,6,2013,2,PTTP,44,20,2013,4,10
49,6,2013,2,PTTP,44,20,2014,1,1
49,6,2013,2,PTTP,44,21,2013,2,8
49,6,2013,2,PTTP,44,21,2013,3,25
49,6,2013,2,PTTP,44,21,2013,4,12
49,6,2013,2,PTTP,44,21,2014,1,2
49,6,2013,2,PTTP,44,26,2013,2,3
49,6,2013,2,PTTP,44,26,2013,3,6
49,6,2013,2,PTTP,44,26,2014,2,2
49,6,2013,2,PTTP,44,27,2013,3,5
49,6,2013,2,PTTP,44,27,2013,4,1
49,6,2013,2,PTTP,44,30,2013,3,1
49,6,2013,2,PTTP,46,20,2013,2,11
49,6,2013,2,PTTP,46,20,2013,3,17
49,6,2013,2,PTTP,46,20,2013,4,12
49,6,2013,2,PTTP,46,20,2014,1,3
49,6,2013,2,PTTP,46,20,2014,2,1
49,6,2013,2,PTTP,46,21,2013,2,4
49,6,2013,2,PTTP,46,21,2013,3,17
49,6,2013,2,PTTP,46,21,2013,4,6
49,6,2013,2,PTTP,46,21,2014,1,3
49,6,2013,2,PTTP,46,26,2013,2,4
49,6,2013,2,PTTP,46,26,2013,3,11
49,6,2013,2,PTTP,46,26,2013,4,2
49,6,2013,2,PTTP,46,26,2014,1,3
49,6,2013,2,PTTP,46,26,2014,2,1
49,6,2013,2,PTTP,46,26,2015,1,1
49,6,2013,2,PTTP,46,27,2013,3,4
49,6,2013,2,PTTP,46,27,2013,4,1
49,6,2013,2,PTTP,46,27,2014,1,1
49,6,2013,2,PTTP,46,30,2013,4,2
49,6,2013,2,PTTP,48,20,2013,2,13
49,6,2013,2,PTTP,48,20,2013,3,11
49,6,2013,2,PTTP,48,20,2013,4,4
49,6,2013,2,PTTP,48,21,2013,2,4
49,6,2013,2,PTTP,48,21,2013,3,13
49,6,2013,2,PTTP,48,21,2013,4,3
49,6,2013,2,PTTP,48,21,2015,3,1
49,6,2013,2,PTTP,48,26,2013,3,6
49,6,2013,2,PTTP,48,26,2013,4,1
49,6,2013,2,PTTP,48,27,2013,3,4
49,6,2013,2,PTTP,48,27,2013,4,1
49,6,2013,2,PTTP,50,20,2013,2,7
49,6,2013,2,PTTP,50,20,2013,3,10
49,6,2013,2,PTTP,50,20,2013,4,7
49,6,2013,2,PTTP,50,21,2013,2,3
49,6,2013,2,PTTP,50,21,2013,3,14
49,6,2013,2,PTTP,50,21,2013,4,7
49,6,2013,2,PTTP,50,21,2015,1,1
49,6,2013,2,PTTP,50,26,2013,2,2
49,6,2013,2,PTTP,50,26,2013,3,14
49,6,2013,2,PTTP,50,26,2013,4,3
49,6,2013,2,PTTP,50,26,2014,2,1
49,6,2013,2,PTTP,50,27,2013,3,6
49,6,2013,2,PTTP,50,27,2013,4,1
49,6,2013,2,PTTP,50,30,2013,3,1
49,6,2013,2,PTTP,52,20,2013,2,10
49,6,2013,2,PTTP,52,20,2013,3,14
49,6,2013,2,PTTP,52,20,2013,4,6
49,6,2013,2,PTTP,52,21,2013,2,6
49,6,2013,2,PTTP,52,21,2013,3,13
49,6,2013,2,PTTP,52,21,2013,4,3
49,6,2013,2,PTTP,52,21,2014,1,3
49,6,2013,2,PTTP,52,21,2014,2,1
49,6,2013,2,PTTP,52,21,2014,3,1
49,6,2013,2,PTTP,52,21,2015,1,1
49,6,2013,2,PTTP,52,26,2013,2,5
49,6,2013,2,PTTP,52,26,2013,3,8
49,6,2013,2,PTTP,52,26,2013,4,2
49,6,2013,2,PTTP,52,26,2014,1,1
49,6,2013,2,PTTP,52,26,2014,2,1
49,6,2013,2,PTTP,52,27,2013,3,7
49,6,2013,2,PTTP,52,27,2013,4,1
49,6,2013,2,PTTP,52,30,2013,3,1
49,6,2013,2,PTTP,52,30,2013,4,1
49,6,2013,2,PTTP,52,30,2014,1,1
49,6,2013,2,PTTP,54,20,2013,2,13
49,6,2013,2,PTTP,54,20,2013,3,20
49,6,2013,2,PTTP,54,20,2013,4,5
49,6,2013,2,PTTP,54,20,2014,1,2
49,6,2013,2,PTTP,54,21,2013,2,9
49,6,2013,2,PTTP,54,21,2013,3,15
49,6,2013,2,PTTP,54,21,2013,4,5
49,6,2013,2,PTTP,54,21,2014,1,2
49,6,2013,2,PTTP,54,21,2014,2,1
49,6,2013,2,PTTP,54,26,2013,2,4
49,6,2013,2,PTTP,54,26,2013,3,16
49,6,2013,2,PTTP,54,26,2013,4,1
49,6,2013,2,PTTP,54,26,2017,4,1
49,6,2013,2,PTTP,54,27,2013,2,1
49,6,2013,2,PTTP,54,27,2013,3,11
49,6,2013,2,PTTP,54,27,2013,4,3
49,6,2013,2,PTTP,54,30,2014,1,1
49,6,2013,2,PTTP,54,31,2013,2,1
49,6,2013,2,PTTP,56,20,2013,2,11
49,6,2013,2,PTTP,56,20,2013,3,10
49,6,2013,2,PTTP,56,20,2013,4,6
49,6,2013,2,PTTP,56,20,2017,4,1
49,6,2013,2,PTTP,56,20,2018,1,1
49,6,2013,2,PTTP,56,21,2013,2,3
49,6,2013,2,PTTP,56,21,2013,3,8
49,6,2013,2,PTTP,56,21,2013,4,1
49,6,2013,2,PTTP,56,21,2014,1,1
49,6,2013,2,PTTP,56,26,2013,2,5
49,6,2013,2,PTTP,56,26,2013,3,8
49,6,2013,2,PTTP,56,26,2013,4,3
49,6,2013,2,PTTP,56,26,2014,1,1
49,6,2013,2,PTTP,56,27,2013,3,5
49,6,2013,2,PTTP,56,27,2013,4,1
49,6,2013,2,PTTP,56,30,2013,3,1
49,6,2013,2,PTTP,56,30,2013,4,1
49,6,2013,2,PTTP,56,31,2013,2,1
49,6,2013,2,PTTP,58,20,2013,2,2
49,6,2013,2,PTTP,58,20,2013,3,8
49,6,2013,2,PTTP,58,20,2013,4,3
49,6,2013,2,PTTP,58,20,2014,1,1
49,6,2013,2,PTTP,58,21,2013,2,4
49,6,2013,2,PTTP,58,21,2013,3,2
49,6,2013,2,PTTP,58,21,2013,4,1
49,6,2013,2,PTTP,58,21,2014,2,1
49,6,2013,2,PTTP,58,25,2013,4,1
49,6,2013,2,PTTP,58,26,2013,2,5
49,6,2013,2,PTTP,58,26,2013,3,5
49,6,2013,2,PTTP,58,26,2013,4,1
49,6,2013,2,PTTP,58,26,2017,4,1
49,6,2013,2,PTTP,58,27,2013,3,9
49,6,2013,2,PTTP,58,27,2013,4,2
49,6,2013,2,PTTP,58,30,2014,1,1
49,6,2013,2,PTTP,60,20,2013,2,3
49,6,2013,2,PTTP,60,20,2013,3,1
49,6,2013,2,PTTP,60,20,2013,4,1
49,6,2013,2,PTTP,60,21,2013,2,3
49,6,2013,2,PTTP,60,21,2013,3,2
49,6,2013,2,PTTP,60,21,2014,1,2
49,6,2013,2,PTTP,60,26,2013,2,5
49,6,2013,2,PTTP,60,26,2013,3,6
49,6,2013,2,PTTP,60,26,2013,4,1
49,6,2013,2,PTTP,60,27,2013,3,1
49,6,2013,2,PTTP,60,30,2014,1,1
49,6,2013,2,PTTP,62,20,2013,2,2
49,6,2013,2,PTTP,62,21,2013,2,2
49,6,2013,2,PTTP,62,21,2013,4,1
49,6,2013,2,PTTP,62,26,2013,2,2
49,6,2013,2,PTTP,62,27,2013,3,1
49,6,2013,2,PTTP,62,30,2014,1,1
49,6,2013,2,PTTP,64,20,2013,2,2
49,6,2013,2,PTTP,64,21,2013,2,3
49,6,2013,2,PTTP,64,21,2014,1,1
49,6,2013,2,PTTP,64,27,2013,3,1
49,6,2013,2,PTTP,68,20,2013,3,1
49,6,2013,2,PTTP,92,20,2013,3,1
50,6,2017,3,PTTP,30,20,2017,4,1
50,6,2017,3,PTTP,32,20,2017,4,2
50,6,2017,3,PTTP,32,20,2018,2,1
50,6,2017,3,PTTP,32,21,2017,4,3
50,6,2017,3,PTTP,34,20,2017,4,17
50,6,2017,3,PTTP,34,21,2017,4,6
50,6,2017,3,PTTP,34,21,2018,1,1
50,6,2017,3,PTTP,34,21,2020,4,1
50,6,2017,3,PTTP,34,26,2018,2,2
50,6,2017,3,PTTP,36,12,2019,4,1
50,6,2017,3,PTTP,36,20,2017,4,29
50,6,2017,3,PTTP,36,20,2018,1,5
50,6,2017,3,PTTP,36,21,2017,3,4
50,6,2017,3,PTTP,36,21,2017,4,35
50,6,2017,3,PTTP,36,21,2018,1,1
50,6,2017,3,PTTP,36,21,2018,3,1
50,6,2017,3,PTTP,36,21,2018,4,2
50,6,2017,3,PTTP,36,21,2019,3,1
50,6,2017,3,PTTP,36,26,2018,2,1
50,6,2017,3,PTTP,36,26,2018,3,1
50,6,2017,3,PTTP,36,26,2020,4,1
50,6,2017,3,PTTP,36,30,2019,1,1
50,6,2017,3,PTTP,38,20,2017,4,28
50,6,2017,3,PTTP,38,20,2018,1,4
50,6,2017,3,PTTP,38,20,2018,2,1
50,6,2017,3,PTTP,38,21,2017,4,38
50,6,2017,3,PTTP,38,21,2018,4,2
50,6,2017,3,PTTP,38,21,2019,4,1
50,6,2017,3,PTTP,38,26,2017,4,1
50,6,2017,3,PTTP,40,20,2017,4,26
50,6,2017,3,PTTP,40,20,2018,1,5
50,6,2017,3,PTTP,40,21,2017,4,36
50,6,2017,3,PTTP,40,21,2018,2,1
50,6,2017,3,PTTP,40,21,2018,4,1
50,6,2017,3,PTTP,40,21,2019,4,1
50,6,2017,3,PTTP,40,26,2017,4,1
50,6,2017,3,PTTP,40,26,2018,3,1
50,6,2017,3,PTTP,40,26,2018,4,1
50,6,2017,3,PTTP,40,27,2018,2,1
50,6,2017,3,PTTP,42,20,2017,4,15
50,6,2017,3,PTTP,42,20,2018,2,1
50,6,2017,3,PTTP,42,21,2017,4,16
50,6,2017,3,PTTP,42,21,2018,1,1
50,6,2017,3,PTTP,42,26,2020,4,1
50,6,2017,3,PTTP,42,27,2019,3,1
50,6,2017,3,PTTP,44,13,2020,1,1
50,6,2017,3,PTTP,44,20,2017,4,5
50,6,2017,3,PTTP,44,20,2018,1,1
50,6,2017,3,PTTP,44,20,2018,2,1
50,6,2017,3,PTTP,44,21,2017,4,7
50,6,2017,3,PTTP,44,21,2018,4,1
50,6,2017,3,PTTP,44,26,2017,4,2
50,6,2017,3,PTTP,44,27,2019,3,1
50,6,2017,3,PTTP,46,20,2017,4,4
50,6,2017,3,PTTP,46,21,2017,4,3
50,6,2017,3,PTTP,46,21,2019,4,1
50,6,2017,3,PTTP,48,21,2017,4,1
50,6,2017,3,PTTP,48,21,2020,1,1
50,6,2017,3,PTTP,50,21,2017,4,2
50,6,2017,3,PTTP,50,27,2018,3,1
50,6,2017,3,PTTP,52,20,2017,4,1
50,6,2017,3,PTTP,52,21,2017,4,1
50,6,2017,3,PTTP,56,20,2017,4,3
50,6,2017,3,PTTP,56,27,2017,4,1
50,6,2017,3,PTTP,56,30,2018,3,1
50,6,2017,3,PTTP,58,20,2017,4,2
50,6,2017,3,PTTP,60,20,2017,4,2
50,6,2017,3,PTTP,60,21,2017,4,1
51,6,2017,4,PTTP,28,20,2018,3,1
51,6,2017,4,PTTP,30,20,2017,4,2
51,6,2017,4,PTTP,32,20,2017,4,2
51,6,2017,4,PTTP,34,20,2017,4,2
51,6,2017,4,PTTP,34,26,2017,4,1
51,6,2017,4,PTTP,36,20,2017,4,11
51,6,2017,4,PTTP,36,21,2017,4,1
51,6,2017,4,PTTP,38,20,2017,4,28
51,6,2017,4,PTTP,38,20,2018,1,4
51,6,2017,4,PTTP,40,20,2017,4,1
51,6,2017,4,PTTP,40,20,2017,4,39
51,6,2017,4,PTTP,40,20,2018,1,1
51,6,2017,4,PTTP,40,21,2017,4,1
51,6,2017,4,PTTP,40,26,2017,4,1
51,6,2017,4,PTTP,40,26,2018,1,1
51,6,2017,4,PTTP,40,27,2017,4,1
51,6,2017,4,PTTP,42,20,2017,4,130
51,6,2017,4,PTTP,42,20,2018,1,4
51,6,2017,4,PTTP,42,20,2018,3,3
51,6,2017,4,PTTP,42,20,2019,1,1
51,6,2017,4,PTTP,42,21,2017,4,9
51,6,2017,4,PTTP,42,26,2017,4,7
51,6,2017,4,PTTP,42,26,2018,1,2
51,6,2017,4,PTTP,42,30,2017,4,1
51,6,2017,4,PTTP,42,30,2018,1,1
51,6,2017,4,PTTP,42,30,2018,2,1
51,6,2017,4,PTTP,42,30,2018,4,1
51,6,2017,4,PTTP,42,31,2018,3,1
51,6,2017,4,PTTP,44,20,2017,4,337
51,6,2017,4,PTTP,44,20,2018,1,27
51,6,2017,4,PTTP,44,20,2018,2,4
51,6,2017,4,PTTP,44,20,2018,3,5
51,6,2017,4,PTTP,44,20,2018,4,2
51,6,2017,4,PTTP,44,21,2017,4,22
51,6,2017,4,PTTP,44,26,2017,4,34
51,6,2017,4,PTTP,44,26,2018,1,8
51,6,2017,4,PTTP,44,26,2018,2,3
51,6,2017,4,PTTP,44,26,2018,3,2
51,6,2017,4,PTTP,44,26,2018,4,1
51,6,2017,4,PTTP,44,26,2020,2,1
51,6,2017,4,PTTP,44,27,2017,4,4
51,6,2017,4,PTTP,44,27,2018,1,2
51,6,2017,4,PTTP,44,30,2017,4,1
51,6,2017,4,PTTP,44,30,2018,1,2
51,6,2017,4,PTTP,44,30,2018,2,1
51,6,2017,4,PTTP,44,30,2018,3,1
51,6,2017,4,PTTP,46,13,2020,1,1
51,6,2017,4,PTTP,46,20,2017,4,705
51,6,2017,4,PTTP,46,20,2018,1,47
51,6,2017,4,PTTP,46,20,2018,2,4
51,6,2017,4,PTTP,46,20,2018,3,16
51,6,2017,4,PTTP,46,20,2018,4,3
51,6,2017,4,PTTP,46,20,2019,1,1
51,6,2017,4,PTTP,46,20,2019,3,2
51,6,2017,4,PTTP,46,20,2019,4,1
51,6,2017,4,PTTP,46,21,2017,4,36
51,6,2017,4,PTTP,46,21,2018,1,5
51,6,2017,4,PTTP,46,21,2018,2,1
51,6,2017,4,PTTP,46,26,2017,4,49
51,6,2017,4,PTTP,46,26,2018,1,12
51,6,2017,4,PTTP,46,26,2018,2,8
51,6,2017,4,PTTP,46,26,2018,3,4
51,6,2017,4,PTTP,46,26,2018,4,2
51,6,2017,4,PTTP,46,26,2019,1,1
51,6,2017,4,PTTP,46,27,2017,4,5
51,6,2017,4,PTTP,46,27,2018,1,3
51,6,2017,4,PTTP,46,27,2018,2,1
51,6,2017,4,PTTP,46,30,2017,4,2
51,6,2017,4,PTTP,46,30,2018,1,1
51,6,2017,4,PTTP,46,31,2018,3,1
51,6,2017,4,PTTP,46,31,2020,1,1
51,6,2017,4,PTTP,48,20,2017,4,830
51,6,2017,4,PTTP,48,20,2018,1,73
51,6,2017,4,PTTP,48,20,2018,2,9
51,6,2017,4,PTTP,48,20,2018,3,8
51,6,2017,4,PTTP,48,20,2018,4,5
51,6,2017,4,PTTP,48,20,2019,1,1
51,6,2017,4,PTTP,48,21,2017,4,25
51,6,2017,4,PTTP,48,21,2018,1,4
51,6,2017,4,PTTP,48,21,2019,4,1
51,6,2017,4,PTTP,48,26,2017,4,59
51,6,2017,4,PTTP,48,26,2018,1,7
51,6,2017,4,PTTP,48,26,2018,2,8
51,6,2017,4,PTTP,48,26,2018,3,7
51,6,2017,4,PTTP,48,26,2018,4,3
51,6,2017,4,PTTP,48,27,2017,4,5
51,6,2017,4,PTTP,48,27,2018,1,6
51,6,2017,4,PTTP,48,27,2018,3,1
51,6,2017,4,PTTP,48,27,2019,3,1
51,6,2017,4,PTTP,48,30,2017,4,1
51,6,2017,4,PTTP,48,30,2018,1,2
51,6,2017,4,PTTP,48,30,2018,3,1
51,6,2017,4,PTTP,48,30,2019,2,1
51,6,2017,4,PTTP,48,31,2017,4,1
51,6,2017,4,PTTP,50,20,2017,4,627
51,6,2017,4,PTTP,50,20,2018,1,85
51,6,2017,4,PTTP,50,20,2018,2,6
51,6,2017,4,PTTP,50,20,2018,3,12
51,6,2017,4,PTTP,50,20,2018,4,1
51,6,2017,4,PTTP,50,20,2019,2,1
51,6,2017,4,PTTP,50,20,2019,4,1
51,6,2017,4,PTTP,50,21,2017,4,30
51,6,2017,4,PTTP,50,21,2018,1,2
51,6,2017,4,PTTP,50,21,2018,3,2
51,6,2017,4,PTTP,50,21,2018,4,1
51,6,2017,4,PTTP,50,26,2017,4,35
51,6,2017,4,PTTP,50,26,2018,1,17
51,6,2017,4,PTTP,50,26,2018,2,7
51,6,2017,4,PTTP,50,26,2018,3,2
51,6,2017,4,PTTP,50,26,2018,4,1
51,6,2017,4,PTTP,50,27,2017,4,8
51,6,2017,4,PTTP,50,27,2018,1,7
51,6,2017,4,PTTP,50,30,2018,2,2
51,6,2017,4,PTTP,50,30,2018,3,2
51,6,2017,4,PTTP,52,20,2017,4,417
51,6,2017,4,PTTP,52,20,2018,1,72
51,6,2017,4,PTTP,52,20,2018,2,4
51,6,2017,4,PTTP,52,20,2018,3,8
51,6,2017,4,PTTP,52,20,2018,4,4
51,6,2017,4,PTTP,52,20,2019,1,1
51,6,2017,4,PTTP,52,20,2019,2,1
51,6,2017,4,PTTP,52,21,2017,4,26
51,6,2017,4,PTTP,52,21,2018,1,2
51,6,2017,4,PTTP,52,21,2018,2,1
51,6,2017,4,PTTP,52,26,2017,4,42
51,6,2017,4,PTTP,52,26,2018,1,15
51,6,2017,4,PTTP,52,26,2018,2,11
51,6,2017,4,PTTP,52,26,2018,4,2
51,6,2017,4,PTTP,52,27,2017,4,3
51,6,2017,4,PTTP,52,27,2018,1,1
51,6,2017,4,PTTP,52,27,2019,1,1
51,6,2017,4,PTTP,52,30,2018,1,1
51,6,2017,4,PTTP,52,30,2018,2,1
51,6,2017,4,PTTP,52,31,2017,4,1
51,6,2017,4,PTTP,54,20,2017,4,1
51,6,2017,4,PTTP,54,20,2017,4,181
51,6,2017,4,PTTP,54,20,2018,1,41
51,6,2017,4,PTTP,54,20,2018,3,5
51,6,2017,4,PTTP,54,20,2019,2,1
51,6,2017,4,PTTP,54,21,2017,4,12
51,6,2017,4,PTTP,54,26,2017,4,23
51,6,2017,4,PTTP,54,26,2018,1,8
51,6,2017,4,PTTP,54,26,2018,2,6
51,6,2017,4,PTTP,54,26,2018,3,1
51,6,2017,4,PTTP,54,27,2018,1,3
51,6,2017,4,PTTP,54,27,2018,2,1
51,6,2017,4,PTTP,54,30,2017,4,1
51,6,2017,4,PTTP,54,30,2018,2,2
51,6,2017,4,PTTP,54,30,2018,3,1
51,6,2017,4,PTTP,54,31,2021,2,1
51,6,2017,4,PTTP,56,20,2017,4,102
51,6,2017,4,PTTP,56,20,2018,1,7
51,6,2017,4,PTTP,56,20,2018,2,1
51,6,2017,4,PTTP,56,20,2018,3,4
51,6,2017,4,PTTP,56,21,2017,4,8
51,6,2017,4,PTTP,56,26,2017,4,14
51,6,2017,4,PTTP,56,26,2018,1,2
51,6,2017,4,PTTP,56,26,2018,2,2
51,6,2017,4,PTTP,56,26,2018,3,1
51,6,2017,4,PTTP,56,27,2017,4,4
51,6,2017,4,PTTP,56,27,2019,2,1
51,6,2017,4,PTTP,56,30,2018,3,1
51,6,2017,4,PTTP,58,20,2017,4,94
51,6,2017,4,PTTP,58,20,2018,1,18
51,6,2017,4,PTTP,58,20,2018,2,1
51,6,2017,4,PTTP,58,20,2018,3,2
51,6,2017,4,PTTP,58,20,2019,1,1
51,6,2017,4,PTTP,58,20,2019,3,2
51,6,2017,4,PTTP,58,20,2019,4,1
51,6,2017,4,PTTP,58,21,2017,4,6
51,6,2017,4,PTTP,58,21,2018,1,1
51,6,2017,4,PTTP,58,26,2017,4,9
51,6,2017,4,PTTP,58,26,2018,1,3
51,6,2017,4,PTTP,58,26,2018,2,2
51,6,2017,4,PTTP,58,27,2017,4,3
51,6,2017,4,PTTP,60,20,2017,4,107
51,6,2017,4,PTTP,60,20,2018,1,16
51,6,2017,4,PTTP,60,20,2018,2,1
51,6,2017,4,PTTP,60,20,2018,4,1
51,6,2017,4,PTTP,60,20,2020,3,1
51,6,2017,4,PTTP,60,21,2017,4,4
51,6,2017,4,PTTP,60,26,2017,4,16
51,6,2017,4,PTTP,60,26,2018,1,2
51,6,2017,4,PTTP,60,26,2018,2,1
51,6,2017,4,PTTP,60,26,2018,4,1
51,6,2017,4,PTTP,60,27,2017,4,2
51,6,2017,4,PTTP,60,27,2018,1,1
51,6,2017,4,PTTP,60,30,2017,4,1
51,6,2017,4,PTTP,60,30,2018,2,2
51,6,2017,4,PTTP,60,30,2020,4,1
51,6,2017,4,PTTP,62,20,2017,4,89
51,6,2017,4,PTTP,62,20,2018,1,19
51,6,2017,4,PTTP,62,20,2018,2,1
51,6,2017,4,PTTP,62,20,2018,3,2
51,6,2017,4,PTTP,62,20,2018,4,2
51,6,2017,4,PTTP,62,21,2017,4,8
51,6,2017,4,PTTP,62,21,2018,1,1
51,6,2017,4,PTTP,62,26,2017,4,6
51,6,2017,4,PTTP,62,26,2018,1,2
51,6,2017,4,PTTP,62,27,2017,4,4
51,6,2017,4,PTTP,62,30,2017,4,1
51,6,2017,4,PTTP,62,30,2018,4,1
51,6,2017,4,PTTP,64,20,2017,4,23
51,6,2017,4,PTTP,64,20,2018,1,3
51,6,2017,4,PTTP,64,20,2018,4,1
51,6,2017,4,PTTP,64,21,2017,4,4
51,6,2017,4,PTTP,64,21,2018,1,1
51,6,2017,4,PTTP,64,26,2017,4,4
51,6,2017,4,PTTP,64,26,2018,1,1
51,6,2017,4,PTTP,64,27,2017,4,1
51,6,2017,4,PTTP,66,20,2017,4,12
51,6,2017,4,PTTP,66,20,2018,1,1
51,6,2017,4,PTTP,66,21,2017,4,2
51,6,2017,4,PTTP,66,26,2018,2,1
51,6,2017,4,PTTP,68,20,2017,4,1
51,6,2017,4,PTTP,70,20,2017,4,1
51,6,2017,4,PTTP,70,20,2018,1,1
52,6,2019,3,PTTP,34,21,2020,3,1
52,6,2019,3,PTTP,38,21,2019,3,1
52,6,2019,3,PTTP,40,20,2019,3,1
52,6,2019,3,PTTP,40,21,2020,2,1
52,6,2019,3,PTTP,40,27,2020,2,1
52,6,2019,3,PTTP,42,20,2019,3,1
52,6,2019,3,PTTP,42,21,2019,3,4
52,6,2019,3,PTTP,42,21,2019,4,2
52,6,2019,3,PTTP,42,21,2021,1,1
52,6,2019,3,PTTP,42,26,2020,1,1
52,6,2019,3,PTTP,44,12,2019,4,1
52,6,2019,3,PTTP,44,20,2020,1,1
52,6,2019,3,PTTP,44,21,2019,3,6
52,6,2019,3,PTTP,44,21,2019,4,6
52,6,2019,3,PTTP,44,21,2020,1,1
52,6,2019,3,PTTP,44,21,2021,1,2
52,6,2019,3,PTTP,44,26,2019,4,1
52,6,2019,3,PTTP,44,27,2019,3,1
52,6,2019,3,PTTP,44,27,2020,1,1
52,6,2019,3,PTTP,44,27,2022,2,1
52,6,2019,3,PTTP,46,12,2019,4,1
52,6,2019,3,PTTP,46,20,2019,3,3
52,6,2019,3,PTTP,46,20,2020,1,1
52,6,2019,3,PTTP,46,20,2021,1,1
52,6,2019,3,PTTP,46,21,2019,3,5
52,6,2019,3,PTTP,46,21,2019,4,5
52,6,2019,3,PTTP,46,26,2019,3,1
52,6,2019,3,PTTP,46,27,2019,3,2
52,6,2019,3,PTTP,46,31,2019,4,1
52,6,2019,3,PTTP,48,12,2020,2,1
52,6,2019,3,PTTP,48,13,2019,4,1
52,6,2019,3,PTTP,48,21,2019,3,4
52,6,2019,3,PTTP,48,21,2019,4,4
52,6,2019,3,PTTP,48,21,2020,4,1
52,6,2019,3,PTTP,48,26,2019,3,1
52,6,2019,3,PTTP,48,26,2019,4,1
52,6,2019,3,PTTP,48,26,2020,2,1
52,6,2019,3,PTTP,50,20,2019,3,1
52,6,2019,3,PTTP,50,20,2020,3,2
52,6,2019,3,PTTP,50,21,2019,3,10
52,6,2019,3,PTTP,50,21,2019,4,3
52,6,2019,3,PTTP,50,21,2020,1,1
52,6,2019,3,PTTP,50,21,2020,2,1
52,6,2019,3,PTTP,50,21,2020,3,1
52,6,2019,3,PTTP,50,21,2021,1,3
52,6,2019,3,PTTP,50,26,2019,4,1
52,6,2019,3,PTTP,50,26,2020,1,1
52,6,2019,3,PTTP,50,27,2019,3,1
52,6,2019,3,PTTP,50,30,2019,4,1
52,6,2019,3,PTTP,52,15,2019,4,1
52,6,2019,3,PTTP,52,20,2019,3,2
52,6,2019,3,PTTP,52,20,2020,1,1
52,6,2019,3,PTTP,52,20,2020,3,1
52,6,2019,3,PTTP,52,21,2019,3,11
52,6,2019,3,PTTP,52,21,2019,4,4
52,6,2019,3,PTTP,52,21,2020,3,1
52,6,2019,3,PTTP,52,21,2020,4,1
52,6,2019,3,PTTP,52,26,2019,3,1
52,6,2019,3,PTTP,52,26,2019,4,1
52,6,2019,3,PTTP,52,31,2021,2,1
52,6,2019,3,PTTP,54,15,2019,4,1
52,6,2019,3,PTTP,54,20,2019,3,2
52,6,2019,3,PTTP,54,20,2020,3,1
52,6,2019,3,PTTP,54,21,2019,3,5
52,6,2019,3,PTTP,54,21,2019,4,2
52,6,2019,3,PTTP,54,21,2020,3,2
52,6,2019,3,PTTP,54,21,2020,4,1
52,6,2019,3,PTTP,54,27,2019,3,2
52,6,2019,3,PTTP,54,30,2020,3,1
52,6,2019,3,PTTP,56,20,2019,3,3
52,6,2019,3,PTTP,56,20,2019,4,1
52,6,2019,3,PTTP,56,21,2019,3,2
52,6,2019,3,PTTP,56,21,2019,4,3
52,6,2019,3,PTTP,58,21,2019,3,5
52,6,2019,3,PTTP,58,21,2019,4,1
52,6,2019,3,PTTP,58,21,2021,1,1
52,6,2019,3,PTTP,58,27,2019,3,1
52,6,2019,3,PTTP,60,20,2019,3,1
52,6,2019,3,PTTP,60,21,2019,3,3
52,6,2019,3,PTTP,62,15,2019,4,1
52,6,2019,3,PTTP,62,21,2019,3,1
52,6,2019,3,PTTP,62,21,2019,4,1
52,6,2019,3,PTTP,62,21,2021,1,1
52,6,2019,3,PTTP,64,21,2019,4,1
52,6,2019,3,PTTP,64,21,2020,1,1
53,6,2022,3,PTTP,32,20,2022,3,1
53,6,2022,3,PTTP,32,20,2022,4,11
53,6,2022,3,PTTP,34,20,2022,3,1
53,6,2022,3,PTTP,34,20,2022,4,20
53,6,2022,3,PTTP,36,20,2022,3,1
53,6,2022,3,PTTP,36,20,2022,4,23
53,6,2022,3,PTTP,38,20,2022,3,1
53,6,2022,3,PTTP,38,20,2022,4,31
53,6,2022,3,PTTP,38,21,2022,4,1
53,6,2022,3,PTTP,40,20,2022,4,63
53,6,2022,3,PTTP,40,20,2023,1,4
53,6,2022,3,PTTP,40,21,2023,3,1
53,6,2022,3,PTTP,40,26,2022,4,1
53,6,2022,3,PTTP,40,26,2023,1,1
53,6,2022,3,PTTP,40,27,2023,2,1
53,6,2022,3,PTTP,42,20,2022,3,3
53,6,2022,3,PTTP,42,20,2022,4,115
53,6,2022,3,PTTP,42,20,2023,1,10
53,6,2022,3,PTTP,42,20,2023,3,1
53,6,2022,3,PTTP,42,21,2023,1,1
53,6,2022,3,PTTP,42,26,2022,4,4
53,6,2022,3,PTTP,42,30,2023,3,1
53,6,2022,3,PTTP,44,20,2022,3,1
53,6,2022,3,PTTP,44,20,2022,4,145
53,6,2022,3,PTTP,44,20,2023,1,28
53,6,2022,3,PTTP,44,20,2023,2,3
53,6,2022,3,PTTP,44,20,2023,4,1
53,6,2022,3,PTTP,44,21,2023,1,1
53,6,2022,3,PTTP,44,26,2022,4,6
53,6,2022,3,PTTP,44,26,2023,1,5
53,6,2022,3,PTTP,44,30,2023,4,1
53,6,2022,3,PTTP,46,20,2022,3,8
53,6,2022,3,PTTP,46,20,2022,4,184
53,6,2022,3,PTTP,46,20,2023,1,32
53,6,2022,3,PTTP,46,20,2023,2,1
53,6,2022,3,PTTP,46,20,2023,3,1
53,6,2022,3,PTTP,46,20,2023,4,2
53,6,2022,3,PTTP,46,20,2024,2,1
53,6,2022,3,PTTP,46,20,2024,3,1
53,6,2022,3,PTTP,46,20,2024,4,1
53,6,2022,3,PTTP,46,21,2023,3,1
53,6,2022,3,PTTP,46,26,2022,4,6
53,6,2022,3,PTTP,46,26,2023,1,3
53,6,2022,3,PTTP,46,26,2023,3,1
53,6,2022,3,PTTP,46,26,2024,3,1
53,6,2022,3,PTTP,46,30,2023,2,1
53,6,2022,3,PTTP,48,20,2022,3,18
53,6,2022,3,PTTP,48,20,2022,4,229
53,6,2022,3,PTTP,48,20,2023,1,23
53,6,2022,3,PTTP,48,20,2023,2,4
53,6,2022,3,PTTP,48,20,2023,3,2
53,6,2022,3,PTTP,48,20,2023,4,2
53,6,2022,3,PTTP,48,21,2024,3,1
53,6,2022,3,PTTP,48,21,2024,4,1
53,6,2022,3,PTTP,48,26,2022,4,7
53,6,2022,3,PTTP,48,26,2023,1,1
53,6,2022,3,PTTP,48,26,2023,2,2
53,6,2022,3,PTTP,48,27,2023,1,1
53,6,2022,3,PTTP,48,27,2023,2,2
53,6,2022,3,PTTP,48,27,2023,3,1
53,6,2022,3,PTTP,50,20,2022,3,10
53,6,2022,3,PTTP,50,20,2022,4,187
53,6,2022,3,PTTP,50,20,2023,1,12
53,6,2022,3,PTTP,50,20,2023,2,3
53,6,2022,3,PTTP,50,26,2022,4,7
53,6,2022,3,PTTP,50,26,2023,1,3
53,6,2022,3,PTTP,50,26,2023,3,1
53,6,2022,3,PTTP,52,20,2022,3,8
53,6,2022,3,PTTP,52,20,2022,4,105
53,6,2022,3,PTTP,52,20,2023,1,13
53,6,2022,3,PTTP,52,20,2023,2,2
53,6,2022,3,PTTP,52,20,2023,4,1
53,6,2022,3,PTTP,52,20,2024,3,1
53,6,2022,3,PTTP,52,21,2023,1,2
53,6,2022,3,PTTP,52,26,2022,4,3
53,6,2022,3,PTTP,54,20,2022,3,5
53,6,2022,3,PTTP,54,20,2022,4,66
53,6,2022,3,PTTP,54,20,2023,1,3
53,6,2022,3,PTTP,54,26,2023,1,2
53,6,2022,3,PTTP,56,20,2022,3,3
53,6,2022,3,PTTP,56,20,2022,4,96
53,6,2022,3,PTTP,56,20,2023,1,2
53,6,2022,3,PTTP,58,20,2022,3,2
53,6,2022,3,PTTP,58,20,2022,4,174
53,6,2022,3,PTTP,58,20,2023,1,4
53,6,2022,3,PTTP,58,20,2023,2,1
53,6,2022,3,PTTP,58,20,2023,4,1
53,6,2022,3,PTTP,58,26,2022,4,1
53,6,2022,3,PTTP,58,26,2023,1,2
53,6,2022,3,PTTP,58,26,2024,1,1
53,6,2022,3,PTTP,58,27,2023,2,1
53,6,2022,3,PTTP,60,20,2022,3,2
53,6,2022,3,PTTP,60,20,2022,4,245
53,6,2022,3,PTTP,60,20,2023,1,10
53,6,2022,3,PTTP,60,20,2023,2,4
53,6,2022,3,PTTP,60,20,2023,3,1
53,6,2022,3,PTTP,60,26,2022,4,4
53,6,2022,3,PTTP,60,26,2023,1,1
53,6,2022,3,PTTP,60,26,2023,2,1
53,6,2022,3,PTTP,62,20,2022,3,3
53,6,2022,3,PTTP,62,20,2022,4,106
53,6,2022,3,PTTP,62,20,2023,1,9
53,6,2022,3,PTTP,62,20,2023,2,1
53,6,2022,3,PTTP,62,20,2023,3,1
53,6,2022,3,PTTP,62,21,2023,1,2
53,6,2022,3,PTTP,62,26,2022,4,4
53,6,2022,3,PTTP,62,26,2023,1,2
53,6,2022,3,PTTP,62,26,2023,2,1
53,6,2022,3,PTTP,62,30,2023,2,1
53,6,2022,3,PTTP,64,20,2022,3,3
53,6,2022,3,PTTP,64,20,2022,4,27
53,6,2022,3,PTTP,64,20,2023,1,6
53,6,2022,3,PTTP,64,20,2023,2,2
53,6,2022,3,PTTP,64,26,2022,4,1
53,6,2022,3,PTTP,64,26,2023,1,1
53,6,2022,3,PTTP,64,27,2023,3,1
53,6,2022,3,PTTP,66,20,2022,3,1
53,6,2022,3,PTTP,66,20,2022,4,2
53,6,2022,3,PTTP,66,20,2023,1,2
53,6,2022,3,PTTP,68,20,2022,4,1
54,7,2008,1,PTTP,32,26,2009,3,1
54,7,2008,1,PTTP,32,27,2008,2,1
54,7,2008,1,PTTP,34,20,2009,1,1
54,7,2008,1,PTTP,34,20,2011,2,1
54,7,2008,1,PTTP,34,26,2008,3,1
54,7,2008,1,PTTP,34,26,2008,4,1
54,7,2008,1,PTTP,34,26,2009,1,1
54,7,2008,1,PTTP,36,20,2008,2,1
54,7,2008,1,PTTP,36,26,2008,4,1
54,7,2008,1,PTTP,38,20,2009,1,1
54,7,2008,1,PTTP,38,20,2009,4,1
54,7,2008,1,PTTP,38,26,2008,2,2
54,7,2008,1,PTTP,38,26,2012,1,1
54,7,2008,1,PTTP,40,20,2008,2,2
54,7,2008,1,PTTP,40,20,2008,3,3
54,7,2008,1,PTTP,40,20,2008,4,2
54,7,2008,1,PTTP,40,26,2008,2,3
54,7,2008,1,PTTP,40,26,2008,3,2
54,7,2008,1,PTTP,40,30,2008,3,1
54,7,2008,1,PTTP,42,20,2008,2,1
54,7,2008,1,PTTP,42,20,2008,3,1
54,7,2008,1,PTTP,42,26,2008,2,3
54,7,2008,1,PTTP,42,26,2008,3,1
54,7,2008,1,PTTP,42,26,2008,4,1
54,7,2008,1,PTTP,42,30,2008,2,1
54,7,2008,1,PTTP,44,20,2008,2,2
54,7,2008,1,PTTP,44,20,2009,1,1
54,7,2008,1,PTTP,44,26,2008,2,3
54,7,2008,1,PTTP,44,26,2008,4,1
54,7,2008,1,PTTP,44,30,2008,2,1
54,7,2008,1,PTTP,46,26,2008,2,1
54,7,2008,1,PTTP,46,26,2008,3,4
54,7,2008,1,PTTP,48,20,2008,2,1
54,7,2008,1,PTTP,48,20,2008,3,1
54,7,2008,1,PTTP,48,26,2008,2,1
54,7,2008,1,PTTP,48,30,2009,3,1
54,7,2008,1,PTTP,50,20,2008,2,5
54,7,2008,1,PTTP,50,20,2008,3,5
54,7,2008,1,PTTP,50,20,2008,4,1
54,7,2008,1,PTTP,50,20,2009,1,1
54,7,2008,1,PTTP,50,20,2009,2,1
54,7,2008,1,PTTP,50,21,2008,2,1
54,7,2008,1,PTTP,50,21,2008,3,1
54,7,2008,1,PTTP,50,26,2008,2,9
54,7,2008,1,PTTP,50,26,2008,3,3
54,7,2008,1,PTTP,50,30,2009,4,1
54,7,2008,1,PTTP,52,20,2008,2,3
54,7,2008,1,PTTP,52,20,2008,3,4
54,7,2008,1,PTTP,52,20,2008,4,2
54,7,2008,1,PTTP,52,21,2008,2,2
54,7,2008,1,PTTP,52,26,2008,2,11
54,7,2008,1,PTTP,52,26,2008,3,10
54,7,2008,1,PTTP,52,26,2008,4,1
54,7,2008,1,PTTP,54,20,2008,2,2
54,7,2008,1,PTTP,54,20,2008,3,4
54,7,2008,1,PTTP,54,26,2008,3,1
54,7,2008,1,PTTP,54,26,2008,4,1
54,7,2008,1,PTTP,54,30,2009,2,1
54,7,2008,1,PTTP,58,20,2008,3,1
55,7,2008,2,PTTP,32,20,2008,4,1
55,7,2008,2,PTTP,34,26,2008,3,6
55,7,2008,2,PTTP,36,26,2008,3,34
55,7,2008,2,PTTP,38,26,2008,3,45
55,7,2008,2,PTTP,40,26,2008,3,38
55,7,2008,2,PTTP,42,26,2008,2,1
55,7,2008,2,PTTP,42,26,2008,3,20
55,7,2008,2,PTTP,44,20,2008,3,1
55,7,2008,2,PTTP,44,26,2008,3,22
55,7,2008,2,PTTP,44,27,2008,3,1
55,7,2008,2,PTTP,46,26,2008,3,18
55,7,2008,2,PTTP,48,26,2008,3,13
55,7,2008,2,PTTP,48,26,2009,3,1
55,7,2008,2,PTTP,48,30,2008,3,1
55,7,2008,2,PTTP,50,20,2008,2,1
55,7,2008,2,PTTP,50,26,2008,2,1
55,7,2008,2,PTTP,50,26,2008,3,27
55,7,2008,2,PTTP,50,26,2009,1,1
55,7,2008,2,PTTP,50,26,2009,2,1
55,7,2008,2,PTTP,50,30,2008,3,1
55,7,2008,2,PTTP,52,20,2008,2,1
55,7,2008,2,PTTP,52,20,2009,1,1
55,7,2008,2,PTTP,52,26,2008,2,2
55,7,2008,2,PTTP,52,26,2008,3,25
55,7,2008,2,PTTP,52,30,2008,3,1
55,7,2008,2,PTTP,52,30,2008,4,1
55,7,2008,2,PTTP,54,20,2008,2,9
55,7,2008,2,PTTP,54,20,2008,3,1
55,7,2008,2,PTTP,54,20,2008,4,1
55,7,2008,2,PTTP,54,26,2008,2,6
55,7,2008,2,PTTP,54,26,2008,3,23
55,7,2008,2,PTTP,54,26,2008,4,2
55,7,2008,2,PTTP,54,26,2011,4,1
55,7,2008,2,PTTP,54,27,2011,4,1
55,7,2008,2,PTTP,54,30,2008,4,1
55,7,2008,2,PTTP,54,30,2009,3,1
55,7,2008,2,PTTP,56,20,2008,2,7
55,7,2008,2,PTTP,56,20,2008,3,1
55,7,2008,2,PTTP,56,20,2009,1,2
55,7,2008,2,PTTP,56,26,2008,2,7
55,7,2008,2,PTTP,56,26,2008,3,26
55,7,2008,2,PTTP,56,26,2008,4,2
55,7,2008,2,PTTP,56,30,2008,2,1
55,7,2008,2,PTTP,56,30,2012,2,1
55,7,2008,2,PTTP,58,20,2008,2,8
55,7,2008,2,PTTP,58,20,2008,4,1
55,7,2008,2,PTTP,58,20,2009,1,1
55,7,2008,2,PTTP,58,26,2008,2,8
55,7,2008,2,PTTP,58,26,2008,3,44
55,7,2008,2,PTTP,58,26,2008,4,2
55,7,2008,2,PTTP,58,27,2008,2,1
55,7,2008,2,PTTP,58,30,2008,4,2
55,7,2008,2,PTTP,58,30,2011,4,1
55,7,2008,2,PTTP,60,20,2008,2,3
55,7,2008,2,PTTP,60,20,2008,4,1
55,7,2008,2,PTTP,60,21,2008,3,1
55,7,2008,2,PTTP,60,26,2008,2,2
55,7,2008,2,PTTP,60,26,2008,3,46
55,7,2008,2,PTTP,60,26,2008,4,1
55,7,2008,2,PTTP,60,26,2009,1,2
55,7,2008,2,PTTP,60,30,2008,3,1
55,7,2008,2,PTTP,62,26,2008,3,15
55,7,2008,2,PTTP,62,30,2008,4,1
55,7,2008,2,PTTP,64,26,2008,3,5
55,7,2008,2,PTTP,64,30,2008,4,1
56,7,2008,3,PTTP,32,20,2008,3,1
56,7,2008,3,PTTP,32,20,2009,1,1
56,7,2008,3,PTTP,32,26,2008,4,1
56,7,2008,3,PTTP,34,26,2008,4,1
56,7,2008,3,PTTP,36,26,2008,4,1
56,7,2008,3,PTTP,38,26,2008,4,1
56,7,2008,3,PTTP,38,27,2008,3,1
56,7,2008,3,PTTP,40,20,2008,3,1
56,7,2008,3,PTTP,40,26,2008,3,3
56,7,2008,3,PTTP,40,26,2008,4,1
56,7,2008,3,PTTP,42,20,2008,3,2
56,7,2008,3,PTTP,42,20,2008,4,1
56,7,2008,3,PTTP,42,26,2008,3,2
56,7,2008,3,PTTP,42,26,2008,4,1
56,7,2008,3,PTTP,42,30,2008,4,1
56,7,2008,3,PTTP,44,30,2008,4,1
56,7,2008,3,PTTP,46,20,2008,4,1
56,7,2008,3,PTTP,46,26,2008,3,1
56,7,2008,3,PTTP,48,26,2008,3,1
56,7,2008,3,PTTP,48,26,2008,4,4
56,7,2008,3,PTTP,48,26,2009,2,1
56,7,2008,3,PTTP,48,30,2008,3,2
56,7,2008,3,PTTP,48,30,2008,4,2
56,7,2008,3,PTTP,48,30,2009,4,1
56,7,2008,3,PTTP,50,20,2008,3,1
56,7,2008,3,PTTP,50,20,2008,4,2
56,7,2008,3,PTTP,50,21,2012,1,1
56,7,2008,3,PTTP,50,26,2008,3,3
56,7,2008,3,PTTP,50,26,2008,4,4
56,7,2008,3,PTTP,50,26,2009,2,1
56,7,2008,3,PTTP,50,26,2010,2,1
56,7,2008,3,PTTP,50,27,2008,3,1
56,7,2008,3,PTTP,50,30,2008,4,2
56,7,2008,3,PTTP,50,30,2009,4,1
56,7,2008,3,PTTP,52,20,2008,4,8
56,7,2008,3,PTTP,52,20,2009,1,1
56,7,2008,3,PTTP,52,20,2009,2,2
56,7,2008,3,PTTP,52,20,2010,2,1
56,7,2008,3,PTTP,52,20,2011,3,1
56,7,2008,3,PTTP,52,25,2008,4,1
56,7,2008,3,PTTP,52,26,2008,3,6
56,7,2008,3,PTTP,52,26,2008,4,7
56,7,2008,3,PTTP,52,26,2009,1,1
56,7,2008,3,PTTP,52,26,2009,2,1
56,7,2008,3,PTTP,52,26,2010,2,1
56,7,2008,3,PTTP,52,27,2008,3,1
56,7,2008,3,PTTP,52,27,2009,3,1
56,7,2008,3,PTTP,52,30,2008,3,1
56,7,2008,3,PTTP,52,30,2008,4,3
56,7,2008,3,PTTP,52,30,2009,2,1
56,7,2008,3,PTTP,52,30,2009,4,1
56,7,2008,3,PTTP,52,30,2010,1,2
56,7,2008,3,PTTP,52,31,2010,1,1
56,7,2008,3,PTTP,54,20,2008,3,1
56,7,2008,3,PTTP,54,20,2008,4,4
56,7,2008,3,PTTP,54,20,2009,1,2
56,7,2008,3,PTTP,54,20,2011,4,3
56,7,2008,3,PTTP,54,26,2008,3,13
56,7,2008,3,PTTP,54,26,2008,4,11
56,7,2008,3,PTTP,54,26,2009,1,2
56,7,2008,3,PTTP,54,26,2009,2,1
56,7,2008,3,PTTP,54,26,2009,4,1
56,7,2008,3,PTTP,54,27,2008,3,1
56,7,2008,3,PTTP,54,30,2008,3,1
56,7,2008,3,PTTP,54,30,2008,4,1
56,7,2008,3,PTTP,54,30,2009,2,2
56,7,2008,3,PTTP,54,30,2009,3,2
56,7,2008,3,PTTP,54,30,2009,4,1
56,7,2008,3,PTTP,56,20,2008,4,7
56,7,2008,3,PTTP,56,20,2009,1,1
56,7,2008,3,PTTP,56,26,2008,3,8
56,7,2008,3,PTTP,56,26,2008,4,4
56,7,2008,3,PTTP,56,26,2009,1,1
56,7,2008,3,PTTP,56,26,2009,2,1
56,7,2008,3,PTTP,56,27,2008,3,1
56,7,2008,3,PTTP,56,30,2008,3,1
56,7,2008,3,PTTP,56,30,2008,4,6
56,7,2008,3,PTTP,56,30,2009,3,1
56,7,2008,3,PTTP,56,30,2009,4,1
56,7,2008,3,PTTP,58,20,2008,3,3
56,7,2008,3,PTTP,58,20,2008,4,1
56,7,2008,3,PTTP,58,20,2009,1,2
56,7,2008,3,PTTP,58,20,2012,1,1
56,7,2008,3,PTTP,58,26,2008,3,7
56,7,2008,3,PTTP,58,26,2008,4,3
56,7,2008,3,PTTP,58,26,2009,1,1
56,7,2008,3,PTTP,58,30,2008,4,1
56,7,2008,3,PTTP,58,30,2010,1,1
56,7,2008,3,PTTP,60,20,2008,4,2
56,7,2008,3,PTTP,60,20,2009,2,1
56,7,2008,3,PTTP,60,26,2008,3,7
56,7,2008,3,PTTP,60,26,2008,4,3
56,7,2008,3,PTTP,60,26,2009,1,1
56,7,2008,3,PTTP,60,30,2008,4,1
56,7,2008,3,PTTP,62,26,2008,3,2
56,7,2008,3,PTTP,62,26,2008,4,3
56,7,2008,3,PTTP,64,26,2008,3,1
56,7,2008,3,PTTP,64,26,2008,4,1
56,7,2008,3,PTTP,64,30,2011,4,1
56,7,2008,3,PTTP,66,20,2009,1,1
56,7,2008,3,PTTP,66,30,2008,4,1
56,7,2008,3,PTTP,68,26,2008,4,1
56,7,2008,3,PTTP,70,26,2008,4,2
57,7,2008,4,PTTP,32,20,2008,4,1
57,7,2008,4,PTTP,34,20,2009,1,1
57,7,2008,4,PTTP,34,26,2008,4,1
57,7,2008,4,PTTP,34,26,2009,1,1
57,7,2008,4,PTTP,34,26,2009,2,1
57,7,2008,4,PTTP,36,20,2008,4,1
57,7,2008,4,PTTP,40,20,2008,4,1
57,7,2008,4,PTTP,40,26,2008,4,1
57,7,2008,4,PTTP,42,20,2008,4,2
57,7,2008,4,PTTP,42,20,2009,3,1
57,7,2008,4,PTTP,42,26,2008,4,3
57,7,2008,4,PTTP,44,20,2008,4,1
57,7,2008,4,PTTP,44,20,2009,1,2
57,7,2008,4,PTTP,44,26,2008,4,2
57,7,2008,4,PTTP,44,26,2009,2,1
57,7,2008,4,PTTP,44,30,2011,4,1
57,7,2008,4,PTTP,46,20,2008,4,3
57,7,2008,4,PTTP,46,26,2008,4,3
57,7,2008,4,PTTP,46,30,2011,4,1
57,7,2008,4,PTTP,48,20,2008,4,1
57,7,2008,4,PTTP,48,20,2009,1,1
57,7,2008,4,PTTP,48,20,2009,2,2
57,7,2008,4,PTTP,48,26,2008,4,2
57,7,2008,4,PTTP,48,26,2009,2,1
57,7,2008,4,PTTP,48,26,2009,4,1
57,7,2008,4,PTTP,50,20,2008,4,3
57,7,2008,4,PTTP,50,20,2009,1,1
57,7,2008,4,PTTP,50,20,2011,4,1
57,7,2008,4,PTTP,50,26,2008,4,1
57,7,2008,4,PTTP,50,26,2009,1,2
57,7,2008,4,PTTP,50,26,2009,2,1
57,7,2008,4,PTTP,50,30,2009,3,1
57,7,2008,4,PTTP,52,20,2009,1,2
57,7,2008,4,PTTP,52,26,2008,4,1
57,7,2008,4,PTTP,52,26,2009,2,3
57,7,2008,4,PTTP,54,20,2008,4,3
57,7,2008,4,PTTP,54,20,2009,1,1
57,7,2008,4,PTTP,54,20,2009,2,1
57,7,2008,4,PTTP,54,26,2008,4,1
57,7,2008,4,PTTP,54,26,2009,1,1
57,7,2008,4,PTTP,56,26,2009,1,1
57,7,2008,4,PTTP,58,26,2009,2,1
58,7,2009,1,PTTP,32,20,2009,2,1
58,7,2009,1,PTTP,32,26,2009,2,2
58,7,2009,1,PTTP,34,20,2009,2,7
58,7,2009,1,PTTP,34,20,2009,3,1
58,7,2009,1,PTTP,34,26,2009,2,26
58,7,2009,1,PTTP,34,26,2009,3,2
58,7,2009,1,PTTP,34,26,2010,2,1
58,7,2009,1,PTTP,34,27,2009,3,1
58,7,2009,1,PTTP,34,30,2009,3,1
58,7,2009,1,PTTP,36,20,2009,2,7
58,7,2009,1,PTTP,36,26,2009,2,21
58,7,2009,1,PTTP,36,26,2009,3,2
58,7,2009,1,PTTP,36,26,2010,1,1
58,7,2009,1,PTTP,36,30,2009,2,1
58,7,2009,1,PTTP,38,20,2009,2,16
58,7,2009,1,PTTP,38,26,2009,2,58
58,7,2009,1,PTTP,38,26,2009,3,5
58,7,2009,1,PTTP,38,26,2009,4,1
58,7,2009,1,PTTP,38,30,2009,2,1
58,7,2009,1,PTTP,38,30,2009,3,4
58,7,2009,1,PTTP,38,30,2010,3,1
58,7,2009,1,PTTP,40,20,2009,2,13
58,7,2009,1,PTTP,40,20,2009,4,1
58,7,2009,1,PTTP,40,26,2009,2,86
58,7,2009,1,PTTP,40,26,2009,3,6
58,7,2009,1,PTTP,40,26,2009,4,2
58,7,2009,1,PTTP,40,27,2009,2,1
58,7,2009,1,PTTP,40,27,2009,3,1
58,7,2009,1,PTTP,40,27,2012,1,1
58,7,2009,1,PTTP,40,30,2009,2,2
58,7,2009,1,PTTP,40,30,2009,3,6
58,7,2009,1,PTTP,40,31,2009,3,1
58,7,2009,1,PTTP,42,13,2009,3,1
58,7,2009,1,PTTP,42,20,2009,2,19
58,7,2009,1,PTTP,42,26,2009,2,50
58,7,2009,1,PTTP,42,26,2009,3,8
58,7,2009,1,PTTP,42,27,2009,2,1
58,7,2009,1,PTTP,42,30,2009,2,2
58,7,2009,1,PTTP,42,30,2009,3,1
58,7,2009,1,PTTP,42,30,2009,4,1
58,7,2009,1,PTTP,44,20,2009,2,7
58,7,2009,1,PTTP,44,20,2009,3,1
58,7,2009,1,PTTP,44,20,2010,4,1
58,7,2009,1,PTTP,44,21,2013,1,1
58,7,2009,1,PTTP,44,26,2009,2,26
58,7,2009,1,PTTP,44,26,2009,3,5
58,7,2009,1,PTTP,44,27,2009,2,1
58,7,2009,1,PTTP,44,30,2009,3,1
58,7,2009,1,PTTP,44,30,2009,4,2
58,7,2009,1,PTTP,44,30,2010,1,1
58,7,2009,1,PTTP,46,20,2009,2,2
58,7,2009,1,PTTP,46,26,2009,2,17
58,7,2009,1,PTTP,46,26,2009,3,5
58,7,2009,1,PTTP,46,26,2010,2,1
58,7,2009,1,PTTP,46,27,2009,2,1
58,7,2009,1,PTTP,46,30,2009,2,1
58,7,2009,1,PTTP,48,20,2009,2,2
58,7,2009,1,PTTP,48,26,2009,2,7
58,7,2009,1,PTTP,48,26,2009,3,6
58,7,2009,1,PTTP,48,30,2009,4,1
58,7,2009,1,PTTP,48,30,2010,1,1
58,7,2009,1,PTTP,50,26,2009,2,5
58,7,2009,1,PTTP,50,26,2009,3,3
58,7,2009,1,PTTP,50,26,2010,1,1
58,7,2009,1,PTTP,50,30,2009,4,1
58,7,2009,1,PTTP,50,30,2010,1,2
58,7,2009,1,PTTP,52,20,2009,2,1
58,7,2009,1,PTTP,52,20,2009,3,1
58,7,2009,1,PTTP,52,26,2009,2,6
58,7,2009,1,PTTP,52,26,2009,3,2
58,7,2009,1,PTTP,52,26,2009,4,1
58,7,2009,1,PTTP,52,26,2011,4,1
58,7,2009,1,PTTP,52,30,2009,2,1
58,7,2009,1,PTTP,52,30,2009,3,1
58,7,2009,1,PTTP,52,30,2009,4,2
58,7,2009,1,PTTP,54,26,2009,2,3
58,7,2009,1,PTTP,54,26,2009,3,1
58,7,2009,1,PTTP,54,30,2009,2,1
58,7,2009,1,PTTP,56,20,2009,2,2
58,7,2009,1,PTTP,56,21,2009,4,1
58,7,2009,1,PTTP,56,26,2009,2,2
58,7,2009,1,PTTP,56,30,2009,4,1
58,7,2009,1,PTTP,58,20,2009,2,1
58,7,2009,1,PTTP,58,26,2009,2,2
58,7,2009,1,PTTP,58,26,2009,3,1
58,7,2009,1,PTTP,60,26,2009,2,2
58,7,2009,1,PTTP,60,26,2010,1,1
58,7,2009,1,PTTP,60,30,2009,3,1
58,7,2009,1,PTTP,60,30,2009,4,4
58,7,2009,1,PTTP,62,30,2009,3,1
58,7,2009,1,PTTP,62,30,2010,1,2
58,7,2009,1,PTTP,64,20,2009,2,1
58,7,2009,1,PTTP,64,26,2009,2,1
58,7,2009,1,PTTP,64,26,2009,3,1
58,7,2009,1,PTTP,66,26,2009,2,1
58,7,2009,1,PTTP,70,20,2009,2,1
59,7,2009,2,PTTP,32,20,2009,4,1
59,7,2009,2,PTTP,32,26,2009,2,1
59,7,2009,2,PTTP,34,20,2009,4,1
59,7,2009,2,PTTP,34,20,2010,2,1
59,7,2009,2,PTTP,36,20,2009,3,1
59,7,2009,2,PTTP,36,20,2009,4,1
59,7,2009,2,PTTP,36,26,2009,3,1
59,7,2009,2,PTTP,38,20,2009,3,1
59,7,2009,2,PTTP,38,20,2010,1,2
59,7,2009,2,PTTP,38,26,2009,2,7
59,7,2009,2,PTTP,38,26,2009,3,2
59,7,2009,2,PTTP,38,26,2009,4,1
59,7,2009,2,PTTP,38,26,2010,1,1
59,7,2009,2,PTTP,38,26,2010,3,1
59,7,2009,2,PTTP,38,27,2009,2,1
59,7,2009,2,PTTP,38,30,2009,4,1
59,7,2009,2,PTTP,40,20,2009,2,1
59,7,2009,2,PTTP,40,20,2009,3,1
59,7,2009,2,PTTP,40,20,2009,4,1
59,7,2009,2,PTTP,40,20,2010,2,1
59,7,2009,2,PTTP,40,26,2009,2,14
59,7,2009,2,PTTP,40,26,2009,3,4
59,7,2009,2,PTTP,40,26,2010,4,1
59,7,2009,2,PTTP,40,30,2009,3,4
59,7,2009,2,PTTP,40,30,2009,4,3
59,7,2009,2,PTTP,42,20,2009,2,1
59,7,2009,2,PTTP,42,20,2009,3,1
59,7,2009,2,PTTP,42,20,2009,4,1
59,7,2009,2,PTTP,42,20,2010,1,3
59,7,2009,2,PTTP,42,26,2009,2,24
59,7,2009,2,PTTP,42,26,2009,3,18
59,7,2009,2,PTTP,42,26,2009,4,1
59,7,2009,2,PTTP,42,26,2010,2,2
59,7,2009,2,PTTP,42,26,2010,3,1
59,7,2009,2,PTTP,42,27,2009,3,1
59,7,2009,2,PTTP,42,27,2013,4,1
59,7,2009,2,PTTP,42,30,2009,2,2
59,7,2009,2,PTTP,42,30,2009,3,6
59,7,2009,2,PTTP,42,30,2009,4,2
59,7,2009,2,PTTP,42,30,2010,1,2
59,7,2009,2,PTTP,42,31,2009,3,2
59,7,2009,2,PTTP,44,20,2009,2,2
59,7,2009,2,PTTP,44,20,2009,4,1
59,7,2009,2,PTTP,44,20,2010,3,1
59,7,2009,2,PTTP,44,20,2011,4,1
59,7,2009,2,PTTP,44,26,2009,2,20
59,7,2009,2,PTTP,44,26,2009,3,19
59,7,2009,2,PTTP,44,26,2009,4,2
59,7,2009,2,PTTP,44,26,2010,1,2
59,7,2009,2,PTTP,44,26,2011,2,1
59,7,2009,2,PTTP,44,30,2009,2,2
59,7,2009,2,PTTP,44,30,2009,3,10
59,7,2009,2,PTTP,44,30,2009,4,5
59,7,2009,2,PTTP,44,30,2011,1,1
59,7,2009,2,PTTP,46,15,2009,2,1
59,7,2009,2,PTTP,46,20,2009,2,4
59,7,2009,2,PTTP,46,20,2009,4,1
59,7,2009,2,PTTP,46,20,2010,1,1
59,7,2009,2,PTTP,46,26,2009,2,12
59,7,2009,2,PTTP,46,26,2009,3,9
59,7,2009,2,PTTP,46,26,2009,4,1
59,7,2009,2,PTTP,46,26,2010,1,1
59,7,2009,2,PTTP,46,26,2011,1,1
59,7,2009,2,PTTP,46,27,2010,3,1
59,7,2009,2,PTTP,46,30,2009,2,3
59,7,2009,2,PTTP,46,30,2009,3,4
59,7,2009,2,PTTP,46,30,2009,4,1
59,7,2009,2,PTTP,46,30,2010,1,3
59,7,2009,2,PTTP,46,31,2009,3,1
59,7,2009,2,PTTP,48,20,2009,2,2
59,7,2009,2,PTTP,48,20,2009,3,2
59,7,2009,2,PTTP,48,26,2009,2,10
59,7,2009,2,PTTP,48,26,2009,3,14
59,7,2009,2,PTTP,48,26,2009,4,3
59,7,2009,2,PTTP,48,30,2009,2,3
59,7,2009,2,PTTP,48,30,2009,3,4
59,7,2009,2,PTTP,48,30,2010,1,4
59,7,2009,2,PTTP,48,30,2011,4,1
59,7,2009,2,PTTP,48,31,2009,3,1
59,7,2009,2,PTTP,50,13,2009,4,1
59,7,2009,2,PTTP,50,20,2009,2,1
59,7,2009,2,PTTP,50,26,2009,2,4
59,7,2009,2,PTTP,50,26,2009,3,7
59,7,2009,2,PTTP,50,26,2009,4,2
59,7,2009,2,PTTP,50,26,2010,2,1
59,7,2009,2,PTTP,50,30,2009,4,2
59,7,2009,2,PTTP,50,30,2010,1,1
59,7,2009,2,PTTP,52,20,2009,2,1
59,7,2009,2,PTTP,52,20,2010,1,1
59,7,2009,2,PTTP,52,26,2009,2,4
59,7,2009,2,PTTP,52,26,2009,3,2
59,7,2009,2,PTTP,52,26,2010,1,1
59,7,2009,2,PTTP,52,27,2009,3,1
59,7,2009,2,PTTP,52,30,2009,3,3
59,7,2009,2,PTTP,54,26,2009,3,3
59,7,2009,2,PTTP,56,26,2009,3,1
59,7,2009,2,PTTP,58,20,2010,2,1
59,7,2009,2,PTTP,60,26,2009,3,1
60,7,2009,3,PTTP,32,20,2009,3,1
60,7,2009,3,PTTP,32,20,2010,1,1
60,7,2009,3,PTTP,32,26,2009,3,1
60,7,2009,3,PTTP,32,26,2009,4,1
60,7,2009,3,PTTP,32,30,2009,4,1
60,7,2009,3,PTTP,32,30,2010,1,2
60,7,2009,3,PTTP,34,20,2009,3,2
60,7,2009,3,PTTP,34,20,2009,4,1
60,7,2009,3,PTTP,34,21,2011,3,1
60,7,2009,3,PTTP,34,26,2009,3,8
60,7,2009,3,PTTP,34,26,2009,4,5
60,7,2009,3,PTTP,34,29,2010,1,1
60,7,2009,3,PTTP,34,30,2009,4,1
60,7,2009,3,PTTP,34,30,2010,1,2
60,7,2009,3,PTTP,36,26,2009,3,6
60,7,2009,3,PTTP,36,26,2010,1,1
60,7,2009,3,PTTP,36,30,2009,3,1
60,7,2009,3,PTTP,36,30,2009,4,3
60,7,2009,3,PTTP,38,20,2010,3,1
60,7,2009,3,PTTP,38,26,2009,3,6
60,7,2009,3,PTTP,38,26,2009,4,1
60,7,2009,3,PTTP,38,26,2010,3,1
60,7,2009,3,PTTP,38,30,2009,3,1
60,7,2009,3,PTTP,38,30,2009,4,1
60,7,2009,3,PTTP,40,20,2010,4,1
60,7,2009,3,PTTP,40,26,2009,3,1
60,7,2009,3,PTTP,42,26,2009,3,1
60,7,2009,3,PTTP,42,26,2010,3,1
60,7,2009,3,PTTP,44,26,2009,3,2
60,7,2009,3,PTTP,44,26,2010,1,1
60,7,2009,3,PTTP,46,20,2009,3,1
60,7,2009,3,PTTP,48,20,2010,4,1
60,7,2009,3,PTTP,48,30,2010,1,1
60,7,2009,3,PTTP,50,20,2009,4,1
60,7,2009,3,PTTP,50,26,2009,3,2
60,7,2009,3,PTTP,50,26,2010,2,2
60,7,2009,3,PTTP,50,29,2010,1,1
60,7,2009,3,PTTP,50,30,2009,3,1
60,7,2009,3,PTTP,50,30,2010,1,1
60,7,2009,3,PTTP,50,30,2010,3,1
60,7,2009,3,PTTP,50,31,2010,3,1
60,7,2009,3,PTTP,50,31,2011,4,1
60,7,2009,3,PTTP,52,20,2010,1,1
60,7,2009,3,PTTP,52,20,2010,2,1
60,7,2009,3,PTTP,52,26,2009,3,2
60,7,2009,3,PTTP,52,26,2009,4,1
60,7,2009,3,PTTP,52,27,2010,2,1
60,7,2009,3,PTTP,52,30,2009,3,1
60,7,2009,3,PTTP,52,30,2009,4,2
60,7,2009,3,PTTP,52,30,2010,1,1
60,7,2009,3,PTTP,54,20,2010,1,1
60,7,2009,3,PTTP,54,26,2009,4,1
60,7,2009,3,PTTP,54,30,2009,4,1
60,7,2009,3,PTTP,64,30,2009,4,1
61,7,2009,4,PTTP,32,20,2009,4,2
61,7,2009,4,PTTP,32,20,2010,1,1
61,7,2009,4,PTTP,32,20,2010,2,1
61,7,2009,4,PTTP,32,26,2009,4,8
61,7,2009,4,PTTP,32,26,2010,1,2
61,7,2009,4,PTTP,32,26,2010,2,2
61,7,2009,4,PTTP,32,26,2010,3,1
61,7,2009,4,PTTP,32,30,2010,1,5
61,7,2009,4,PTTP,34,20,2009,4,1
61,7,2009,4,PTTP,34,20,2010,1,1
61,7,2009,4,PTTP,34,26,2009,4,50
61,7,2009,4,PTTP,34,26,2010,1,4
61,7,2009,4,PTTP,34,26,2010,2,13
61,7,2009,4,PTTP,34,26,2010,3,2
61,7,2009,4,PTTP,34,27,2010,1,1
61,7,2009,4,PTTP,34,30,2009,4,1
61,7,2009,4,PTTP,34,30,2010,1,2
61,7,2009,4,PTTP,34,30,2011,4,1
61,7,2009,4,PTTP,34,31,2012,1,1
61,7,2009,4,PTTP,36,20,2009,4,1
61,7,2009,4,PTTP,36,20,2010,1,4
61,7,2009,4,PTTP,36,20,2010,2,1
61,7,2009,4,PTTP,36,20,2010,3,1
61,7,2009,4,PTTP,36,26,2009,4,56
61,7,2009,4,PTTP,36,26,2010,1,7
61,7,2009,4,PTTP,36,26,2010,2,5
61,7,2009,4,PTTP,36,26,2010,3,4
61,7,2009,4,PTTP,36,26,2010,4,1
61,7,2009,4,PTTP,36,26,2011,4,1
61,7,2009,4,PTTP,36,30,2009,4,1
61,7,2009,4,PTTP,36,30,2010,1,2
61,7,2009,4,PTTP,38,20,2009,4,1
61,7,2009,4,PTTP,38,26,2009,4,33
61,7,2009,4,PTTP,38,26,2010,1,3
61,7,2009,4,PTTP,38,26,2010,2,1
61,7,2009,4,PTTP,38,26,2010,3,1
61,7,2009,4,PTTP,38,30,2010,1,2
61,7,2009,4,PTTP,40,20,2009,4,2
61,7,2009,4,PTTP,40,20,2010,1,1
61,7,2009,4,PTTP,40,20,2010,2,1
61,7,2009,4,PTTP,40,26,2009,4,21
61,7,2009,4,PTTP,40,26,2010,1,2
61,7,2009,4,PTTP,40,26,2010,2,2
61,7,2009,4,PTTP,40,30,2010,1,1
61,7,2009,4,PTTP,42,20,2009,4,2
61,7,2009,4,PTTP,42,26,2009,4,16
61,7,2009,4,PTTP,42,26,2010,1,1
61,7,2009,4,PTTP,42,26,2010,2,1
61,7,2009,4,PTTP,42,26,2010,3,2
61,7,2009,4,PTTP,42,26,2011,4,1
61,7,2009,4,PTTP,42,30,2010,1,3
61,7,2009,4,PTTP,44,20,2011,2,1
61,7,2009,4,PTTP,44,26,2009,4,14
61,7,2009,4,PTTP,44,26,2010,1,2
61,7,2009,4,PTTP,44,30,2009,4,1
61,7,2009,4,PTTP,44,30,2010,1,2
61,7,2009,4,PTTP,46,20,2010,1,1
61,7,2009,4,PTTP,46,20,2011,1,1
61,7,2009,4,PTTP,46,26,2009,4,2
61,7,2009,4,PTTP,46,26,2010,3,1
61,7,2009,4,PTTP,46,26,2010,4,1
61,7,2009,4,PTTP,46,30,2010,2,1
61,7,2009,4,PTTP,48,26,2009,4,1
61,7,2009,4,PTTP,48,26,2010,3,1
61,7,2009,4,PTTP,48,26,2011,2,1
61,7,2009,4,PTTP,50,26,2009,4,2
61,7,2009,4,PTTP,50,26,2010,2,1
61,7,2009,4,PTTP,52,26,2009,4,2
61,7,2009,4,PTTP,52,26,2010,1,1
61,7,2009,4,PTTP,54,26,2010,3,1
61,7,2009,4,PTTP,56,26,2009,4,3
62,7,2011,2,PTTP,38,26,2011,4,1
62,7,2011,2,PTTP,40,26,2011,2,1
62,7,2011,2,PTTP,40,26,2011,4,1
62,7,2011,2,PTTP,44,20,2011,3,2
62,7,2011,2,PTTP,44,20,2011,4,2
62,7,2011,2,PTTP,44,21,2012,2,1
62,7,2011,2,PTTP,44,26,2011,3,4
62,7,2011,2,PTTP,44,26,2011,4,3
62,7,2011,2,PTTP,44,26,2012,1,2
62,7,2011,2,PTTP,46,20,2011,3,1
62,7,2011,2,PTTP,46,20,2011,4,3
62,7,2011,2,PTTP,46,21,2011,3,1
62,7,2011,2,PTTP,46,21,2011,4,1
62,7,2011,2,PTTP,46,26,2011,2,2
62,7,2011,2,PTTP,46,26,2011,3,9
62,7,2011,2,PTTP,46,26,2011,4,3
62,7,2011,2,PTTP,46,30,2012,1,1
62,7,2011,2,PTTP,46,31,2012,1,1
62,7,2011,2,PTTP,48,20,2011,2,2
62,7,2011,2,PTTP,48,20,2011,3,11
62,7,2011,2,PTTP,48,20,2011,4,7
62,7,2011,2,PTTP,48,20,2012,1,1
62,7,2011,2,PTTP,48,21,2011,3,1
62,7,2011,2,PTTP,48,21,2012,1,1
62,7,2011,2,PTTP,48,26,2011,3,23
62,7,2011,2,PTTP,48,26,2011,4,3
62,7,2011,2,PTTP,48,27,2011,3,1
62,7,2011,2,PTTP,48,27,2012,2,1
62,7,2011,2,PTTP,48,30,2011,4,2
62,7,2011,2,PTTP,50,20,2011,2,1
62,7,2011,2,PTTP,50,20,2011,3,17
62,7,2011,2,PTTP,50,20,2011,4,6
62,7,2011,2,PTTP,50,20,2012,2,1
62,7,2011,2,PTTP,50,21,2011,3,5
62,7,2011,2,PTTP,50,21,2011,4,3
62,7,2011,2,PTTP,50,21,2012,1,1
62,7,2011,2,PTTP,50,26,2011,2,4
62,7,2011,2,PTTP,50,26,2011,3,34
62,7,2011,2,PTTP,50,26,2011,4,7
62,7,2011,2,PTTP,50,26,2012,2,1
62,7,2011,2,PTTP,50,26,2013,4,1
62,7,2011,2,PTTP,50,27,2011,3,2
62,7,2011,2,PTTP,50,27,2011,4,1
62,7,2011,2,PTTP,50,30,2011,4,2
62,7,2011,2,PTTP,50,31,2012,1,1
62,7,2011,2,PTTP,52,20,2011,3,26
62,7,2011,2,PTTP,52,20,2011,4,2
62,7,2011,2,PTTP,52,20,2012,1,2
62,7,2011,2,PTTP,52,21,2011,3,3
62,7,2011,2,PTTP,52,21,2011,4,1
62,7,2011,2,PTTP,52,26,2011,2,8
62,7,2011,2,PTTP,52,26,2011,3,59
62,7,2011,2,PTTP,52,26,2011,4,3
62,7,2011,2,PTTP,52,26,2012,2,1
62,7,2011,2,PTTP,52,27,2011,3,2
62,7,2011,2,PTTP,52,30,2011,3,2
62,7,2011,2,PTTP,52,30,2011,4,4
62,7,2011,2,PTTP,52,31,2011,4,1
62,7,2011,2,PTTP,54,20,2011,2,2
62,7,2011,2,PTTP,54,20,2011,3,20
62,7,2011,2,PTTP,54,20,2011,4,2
62,7,2011,2,PTTP,54,20,2012,1,1
62,7,2011,2,PTTP,54,21,2011,3,3
62,7,2011,2,PTTP,54,26,2011,2,5
62,7,2011,2,PTTP,54,26,2011,3,57
62,7,2011,2,PTTP,54,26,2011,4,3
62,7,2011,2,PTTP,54,26,2012,3,1
62,7,2011,2,PTTP,54,27,2011,2,1
62,7,2011,2,PTTP,54,27,2011,3,6
62,7,2011,2,PTTP,54,30,2011,3,1
62,7,2011,2,PTTP,54,30,2011,4,4
62,7,2011,2,PTTP,54,31,2012,1,1
62,7,2011,2,PTTP,56,20,2011,2,2
62,7,2011,2,PTTP,56,20,2011,3,17
62,7,2011,2,PTTP,56,20,2011,4,2
62,7,2011,2,PTTP,56,21,2011,3,1
62,7,2011,2,PTTP,56,26,2011,2,3
62,7,2011,2,PTTP,56,26,2011,3,22
62,7,2011,2,PTTP,56,26,2011,4,3
62,7,2011,2,PTTP,56,26,2012,2,1
62,7,2011,2,PTTP,56,27,2011,3,4
62,7,2011,2,PTTP,56,27,2011,4,1
62,7,2011,2,PTTP,56,30,2011,4,3
62,7,2011,2,PTTP,56,31,2011,4,1
62,7,2011,2,PTTP,58,20,2011,2,1
62,7,2011,2,PTTP,58,20,2011,3,5
62,7,2011,2,PTTP,58,20,2011,4,1
62,7,2011,2,PTTP,58,20,2012,1,1
62,7,2011,2,PTTP,58,26,2011,3,10
62,7,2011,2,PTTP,58,26,2011,4,2
62,7,2011,2,PTTP,58,26,2012,2,1
62,7,2011,2,PTTP,58,27,2011,2,1
62,7,2011,2,PTTP,58,30,2011,4,1
62,7,2011,2,PTTP,60,20,2011,3,3
62,7,2011,2,PTTP,60,21,2011,3,1
62,7,2011,2,PTTP,60,26,2011,2,1
62,7,2011,2,PTTP,60,26,2011,3,2
62,7,2011,2,PTTP,60,26,2011,4,1
62,7,2011,2,PTTP,62,20,2011,2,2
62,7,2011,2,PTTP,62,20,2011,4,2
62,7,2011,2,PTTP,62,26,2011,3,1
62,7,2011,2,PTTP,62,26,2011,4,1
62,7,2011,2,PTTP,68,20,2011,3,1
63,7,2011,3,PTTP,38,21,2011,3,1
63,7,2011,3,PTTP,40,20,2011,4,1
63,7,2011,3,PTTP,42,20,2011,3,1
63,7,2011,3,PTTP,42,20,2011,4,2
63,7,2011,3,PTTP,42,21,2011,3,1
63,7,2011,3,PTTP,42,21,2011,4,1
63,7,2011,3,PTTP,42,26,2011,3,2
63,7,2011,3,PTTP,42,26,2011,4,1
63,7,2011,3,PTTP,44,20,2011,3,5
63,7,2011,3,PTTP,44,20,2011,4,5
63,7,2011,3,PTTP,44,21,2011,3,3
63,7,2011,3,PTTP,44,26,2011,3,10
63,7,2011,3,PTTP,44,26,2011,4,3
63,7,2011,3,PTTP,44,30,2011,4,1
63,7,2011,3,PTTP,44,30,2012,2,1
63,7,2011,3,PTTP,44,31,2011,4,1
63,7,2011,3,PTTP,46,20,2011,3,15
63,7,2011,3,PTTP,46,20,2011,4,10
63,7,2011,3,PTTP,46,20,2012,1,1
63,7,2011,3,PTTP,46,21,2011,3,4
63,7,2011,3,PTTP,46,21,2011,4,3
63,7,2011,3,PTTP,46,21,2012,2,2
63,7,2011,3,PTTP,46,26,2011,3,8
63,7,2011,3,PTTP,46,26,2011,4,4
63,7,2011,3,PTTP,46,27,2011,3,1
63,7,2011,3,PTTP,46,27,2011,4,1
63,7,2011,3,PTTP,46,31,2011,4,1
63,7,2011,3,PTTP,48,20,2011,3,5
63,7,2011,3,PTTP,48,20,2011,4,5
63,7,2011,3,PTTP,48,21,2011,3,4
63,7,2011,3,PTTP,48,26,2011,3,8
63,7,2011,3,PTTP,48,26,2011,4,1
63,7,2011,3,PTTP,48,27,2011,3,3
63,7,2011,3,PTTP,48,30,2011,4,1
63,7,2011,3,PTTP,48,31,2011,4,1
63,7,2011,3,PTTP,50,20,2011,3,4
63,7,2011,3,PTTP,50,20,2011,4,3
63,7,2011,3,PTTP,50,20,2012,3,1
63,7,2011,3,PTTP,50,21,2011,3,1
63,7,2011,3,PTTP,50,26,2011,3,9
63,7,2011,3,PTTP,52,20,2011,3,1
63,7,2011,3,PTTP,52,20,2011,4,1
63,7,2011,3,PTTP,52,21,2011,3,1
63,7,2011,3,PTTP,52,26,2011,3,6
63,7,2011,3,PTTP,54,20,2011,3,1
63,7,2011,3,PTTP,54,26,2011,3,2
63,7,2011,3,PTTP,54,27,2012,1,1
63,7,2011,3,PTTP,54,30,2011,4,1
63,7,2011,3,PTTP,56,21,2011,4,1
63,7,2011,3,PTTP,56,26,2011,3,2
63,7,2011,3,PTTP,58,20,2011,3,2
63,7,2011,3,PTTP,58,26,2011,3,1
63,7,2011,3,PTTP,58,26,2011,4,1
64,7,2012,1,PTTP,30,26,2012,1,1
64,7,2012,1,PTTP,34,20,2012,1,1
64,7,2012,1,PTTP,34,20,2012,2,1
64,7,2012,1,PTTP,34,20,2012,3,1
64,7,2012,1,PTTP,34,20,2013,2,1
64,7,2012,1,PTTP,34,21,2012,2,1
64,7,2012,1,PTTP,34,26,2012,1,5
64,7,2012,1,PTTP,34,26,2012,2,3
64,7,2012,1,PTTP,34,26,2012,3,1
64,7,2012,1,PTTP,34,26,2013,2,1
64,7,2012,1,PTTP,34,27,2012,3,1
64,7,2012,1,PTTP,34,30,2012,1,1
64,7,2012,1,PTTP,34,30,2012,2,2
64,7,2012,1,PTTP,36,13,2012,2,1
64,7,2012,1,PTTP,36,20,2012,1,3
64,7,2012,1,PTTP,36,20,2012,2,1
64,7,2012,1,PTTP,36,20,2012,3,1
64,7,2012,1,PTTP,36,20,2012,4,2
64,7,2012,1,PTTP,36,21,2012,1,1
64,7,2012,1,PTTP,36,21,2012,2,3
64,7,2012,1,PTTP,36,21,2012,3,1
64,7,2012,1,PTTP,36,21,2012,4,1
64,7,2012,1,PTTP,36,21,2013,1,1
64,7,2012,1,PTTP,36,26,2012,1,5
64,7,2012,1,PTTP,36,26,2012,2,3
64,7,2012,1,PTTP,36,26,2012,4,1
64,7,2012,1,PTTP,36,27,2012,1,3
64,7,2012,1,PTTP,36,27,2012,2,1
64,7,2012,1,PTTP,36,27,2012,3,1
64,7,2012,1,PTTP,36,30,2012,2,3
64,7,2012,1,PTTP,36,30,2012,3,2
64,7,2012,1,PTTP,36,30,2012,4,1
64,7,2012,1,PTTP,38,20,2012,1,4
64,7,2012,1,PTTP,38,20,2012,2,6
64,7,2012,1,PTTP,38,20,2012,3,2
64,7,2012,1,PTTP,38,20,2013,1,1
64,7,2012,1,PTTP,38,21,2012,2,2
64,7,2012,1,PTTP,38,21,2012,3,2
64,7,2012,1,PTTP,38,21,2013,2,1
64,7,2012,1,PTTP,38,26,2012,2,8
64,7,2012,1,PTTP,38,26,2012,3,3
64,7,2012,1,PTTP,38,26,2012,4,2
64,7,2012,1,PTTP,38,26,2013,1,1
64,7,2012,1,PTTP,38,27,2012,1,1
64,7,2012,1,PTTP,38,27,2012,2,1
64,7,2012,1,PTTP,38,27,2012,3,2
64,7,2012,1,PTTP,38,30,2012,1,1
64,7,2012,1,PTTP,38,30,2012,2,4
64,7,2012,1,PTTP,38,30,2012,3,2
64,7,2012,1,PTTP,38,30,2012,4,1
64,7,2012,1,PTTP,38,31,2012,4,1
64,7,2012,1,PTTP,40,20,2012,1,4
64,7,2012,1,PTTP,40,20,2012,2,5
64,7,2012,1,PTTP,40,20,2012,3,2
64,7,2012,1,PTTP,40,20,2012,4,1
64,7,2012,1,PTTP,40,20,2013,2,1
64,7,2012,1,PTTP,40,20,2013,3,1
64,7,2012,1,PTTP,40,21,2012,1,1
64,7,2012,1,PTTP,40,21,2012,2,6
64,7,2012,1,PTTP,40,21,2012,3,2
64,7,2012,1,PTTP,40,21,2012,4,2
64,7,2012,1,PTTP,40,21,2013,1,1
64,7,2012,1,PTTP,40,26,2012,1,4
64,7,2012,1,PTTP,40,26,2012,2,14
64,7,2012,1,PTTP,40,26,2012,3,6
64,7,2012,1,PTTP,40,26,2012,4,1
64,7,2012,1,PTTP,40,26,2013,1,1
64,7,2012,1,PTTP,40,27,2012,1,3
64,7,2012,1,PTTP,40,27,2012,2,1
64,7,2012,1,PTTP,40,27,2012,3,3
64,7,2012,1,PTTP,40,30,2012,1,1
64,7,2012,1,PTTP,40,30,2012,2,6
64,7,2012,1,PTTP,40,30,2012,3,5
64,7,2012,1,PTTP,40,30,2012,4,5
64,7,2012,1,PTTP,40,31,2012,4,1
64,7,2012,1,PTTP,42,13,2012,1,1
64,7,2012,1,PTTP,42,20,2012,1,1
64,7,2012,1,PTTP,42,20,2012,2,7
64,7,2012,1,PTTP,42,20,2012,3,2
64,7,2012,1,PTTP,42,20,2012,4,2
64,7,2012,1,PTTP,42,20,2013,1,1
64,7,2012,1,PTTP,42,21,2012,2,7
64,7,2012,1,PTTP,42,21,2012,3,1
64,7,2012,1,PTTP,42,26,2012,1,11
64,7,2012,1,PTTP,42,26,2012,2,11
64,7,2012,1,PTTP,42,26,2012,3,2
64,7,2012,1,PTTP,42,26,2013,1,1
64,7,2012,1,PTTP,42,26,2013,3,1
64,7,2012,1,PTTP,42,27,2012,1,3
64,7,2012,1,PTTP,42,27,2012,2,6
64,7,2012,1,PTTP,42,27,2013,4,1
64,7,2012,1,PTTP,42,30,2012,2,7
64,7,2012,1,PTTP,42,30,2012,3,1
64,7,2012,1,PTTP,42,30,2012,4,3
64,7,2012,1,PTTP,42,31,2012,3,1
64,7,2012,1,PTTP,44,13,2012,1,1
64,7,2012,1,PTTP,44,20,2012,1,13
64,7,2012,1,PTTP,44,20,2012,2,14
64,7,2012,1,PTTP,44,20,2012,3,2
64,7,2012,1,PTTP,44,20,2013,1,2
64,7,2012,1,PTTP,44,20,2013,4,1
64,7,2012,1,PTTP,44,21,2012,2,5
64,7,2012,1,PTTP,44,21,2012,3,6
64,7,2012,1,PTTP,44,21,2012,4,1
64,7,2012,1,PTTP,44,21,2013,1,2
64,7,2012,1,PTTP,44,26,2012,1,5
64,7,2012,1,PTTP,44,26,2012,2,11
64,7,2012,1,PTTP,44,26,2012,3,4
64,7,2012,1,PTTP,44,26,2012,4,1
64,7,2012,1,PTTP,44,26,2013,1,2
64,7,2012,1,PTTP,44,26,2013,2,1
64,7,2012,1,PTTP,44,27,2012,1,1
64,7,2012,1,PTTP,44,27,2012,2,4
64,7,2012,1,PTTP,44,27,2012,3,2
64,7,2012,1,PTTP,44,27,2013,1,1
64,7,2012,1,PTTP,44,30,2012,2,4
64,7,2012,1,PTTP,44,30,2012,3,4
64,7,2012,1,PTTP,44,30,2012,4,1
64,7,2012,1,PTTP,46,20,2012,1,5
64,7,2012,1,PTTP,46,20,2012,2,2
64,7,2012,1,PTTP,46,20,2012,3,2
64,7,2012,1,PTTP,46,20,2012,4,2
64,7,2012,1,PTTP,46,21,2012,1,1
64,7,2012,1,PTTP,46,21,2012,2,1
64,7,2012,1,PTTP,46,21,2012,3,3
64,7,2012,1,PTTP,46,26,2012,1,5
64,7,2012,1,PTTP,46,26,2012,2,7
64,7,2012,1,PTTP,46,26,2012,4,2
64,7,2012,1,PTTP,46,26,2013,2,1
64,7,2012,1,PTTP,46,27,2012,2,1
64,7,2012,1,PTTP,46,27,2012,3,1
64,7,2012,1,PTTP,46,27,2013,3,1
64,7,2012,1,PTTP,46,30,2012,2,3
64,7,2012,1,PTTP,48,20,2012,1,3
64,7,2012,1,PTTP,48,20,2012,2,3
64,7,2012,1,PTTP,48,20,2012,3,1
64,7,2012,1,PTTP,48,20,2012,4,1
64,7,2012,1,PTTP,48,21,2012,1,1
64,7,2012,1,PTTP,48,21,2012,2,1
64,7,2012,1,PTTP,48,21,2012,3,1
64,7,2012,1,PTTP,48,21,2013,1,1
64,7,2012,1,PTTP,48,21,2013,3,1
64,7,2012,1,PTTP,48,26,2012,1,5
64,7,2012,1,PTTP,48,26,2012,2,5
64,7,2012,1,PTTP,48,26,2012,4,2
64,7,2012,1,PTTP,48,27,2012,1,1
64,7,2012,1,PTTP,48,30,2012,2,1
64,7,2012,1,PTTP,50,20,2012,1,2
64,7,2012,1,PTTP,50,20,2012,2,1
64,7,2012,1,PTTP,50,20,2012,3,2
64,7,2012,1,PTTP,50,20,2013,2,1
64,7,2012,1,PTTP,50,21,2012,2,1
64,7,2012,1,PTTP,50,21,2012,3,4
64,7,2012,1,PTTP,50,26,2012,1,3
64,7,2012,1,PTTP,50,26,2012,2,2
64,7,2012,1,PTTP,50,26,2012,3,1
64,7,2012,1,PTTP,50,27,2012,1,2
64,7,2012,1,PTTP,50,30,2012,2,4
64,7,2012,1,PTTP,50,30,2012,4,1
64,7,2012,1,PTTP,52,20,2012,1,3
64,7,2012,1,PTTP,52,20,2012,2,4
64,7,2012,1,PTTP,52,26,2012,1,3
64,7,2012,1,PTTP,52,26,2012,2,2
64,7,2012,1,PTTP,52,27,2012,1,1
64,7,2012,1,PTTP,52,30,2012,3,1
64,7,2012,1,PTTP,54,26,2012,1,2
64,7,2012,1,PTTP,54,26,2013,1,1
64,7,2012,1,PTTP,54,27,2013,3,1
64,7,2012,1,PTTP,56,20,2012,1,1
64,7,2012,1,PTTP,56,20,2012,2,1
64,7,2012,1,PTTP,56,20,2012,4,1
64,7,2012,1,PTTP,56,26,2012,1,3
64,7,2012,1,PTTP,56,30,2013,3,1
64,7,2012,1,PTTP,58,20,2012,1,1
64,7,2012,1,PTTP,58,26,2012,4,1
64,7,2012,1,PTTP,60,26,2012,1,2
65,7,2013,2,PTTP,32,20,2013,4,1
65,7,2013,2,PTTP,32,21,2013,3,1
65,7,2013,2,PTTP,32,21,2013,4,1
65,7,2013,2,PTTP,32,26,2013,3,2
65,7,2013,2,PTTP,34,20,2013,3,6
65,7,2013,2,PTTP,34,20,2013,4,3
65,7,2013,2,PTTP,34,20,2014,2,1
65,7,2013,2,PTTP,34,21,2013,2,1
65,7,2013,2,PTTP,34,21,2013,3,1
65,7,2013,2,PTTP,34,21,2013,4,3
65,7,2013,2,PTTP,34,21,2014,1,4
65,7,2013,2,PTTP,34,26,2013,2,1
65,7,2013,2,PTTP,34,26,2013,3,8
65,7,2013,2,PTTP,34,27,2013,3,1
65,7,2013,2,PTTP,36,20,2013,2,6
65,7,2013,2,PTTP,36,20,2013,3,18
65,7,2013,2,PTTP,36,20,2013,4,1
65,7,2013,2,PTTP,36,21,2013,2,3
65,7,2013,2,PTTP,36,21,2013,3,6
65,7,2013,2,PTTP,36,21,2013,4,5
65,7,2013,2,PTTP,36,21,2014,1,3
65,7,2013,2,PTTP,36,26,2013,2,2
65,7,2013,2,PTTP,36,26,2013,3,8
65,7,2013,2,PTTP,36,26,2013,4,1
65,7,2013,2,PTTP,36,26,2014,1,1
65,7,2013,2,PTTP,36,26,2014,2,2
65,7,2013,2,PTTP,36,27,2013,2,1
65,7,2013,2,PTTP,36,27,2013,3,2
65,7,2013,2,PTTP,36,30,2014,1,1
65,7,2013,2,PTTP,36,30,2014,2,2
65,7,2013,2,PTTP,38,20,2013,2,10
65,7,2013,2,PTTP,38,20,2013,3,16
65,7,2013,2,PTTP,38,20,2013,4,9
65,7,2013,2,PTTP,38,21,2013,2,5
65,7,2013,2,PTTP,38,21,2013,3,15
65,7,2013,2,PTTP,38,21,2013,4,6
65,7,2013,2,PTTP,38,21,2014,1,1
65,7,2013,2,PTTP,38,26,2013,2,3
65,7,2013,2,PTTP,38,26,2013,3,12
65,7,2013,2,PTTP,38,26,2013,4,1
65,7,2013,2,PTTP,38,26,2014,1,1
65,7,2013,2,PTTP,38,26,2014,4,1
65,7,2013,2,PTTP,38,27,2013,2,2
65,7,2013,2,PTTP,38,27,2013,3,4
65,7,2013,2,PTTP,38,30,2013,3,1
65,7,2013,2,PTTP,38,30,2014,2,1
65,7,2013,2,PTTP,38,30,2014,3,1
65,7,2013,2,PTTP,38,30,2014,4,1
65,7,2013,2,PTTP,40,20,2013,2,7
65,7,2013,2,PTTP,40,20,2013,3,10
65,7,2013,2,PTTP,40,20,2013,4,1
65,7,2013,2,PTTP,40,20,2017,4,1
65,7,2013,2,PTTP,40,21,2013,2,2
65,7,2013,2,PTTP,40,21,2013,3,14
65,7,2013,2,PTTP,40,21,2013,4,2
65,7,2013,2,PTTP,40,26,2013,2,3
65,7,2013,2,PTTP,40,26,2013,3,6
65,7,2013,2,PTTP,40,26,2013,4,2
65,7,2013,2,PTTP,40,26,2014,2,1
65,7,2013,2,PTTP,40,27,2013,3,4
65,7,2013,2,PTTP,40,30,2014,2,1
65,7,2013,2,PTTP,42,20,2013,2,2
65,7,2013,2,PTTP,42,20,2013,3,3
65,7,2013,2,PTTP,42,20,2013,4,1
65,7,2013,2,PTTP,42,21,2013,2,4
65,7,2013,2,PTTP,42,21,2013,3,2
65,7,2013,2,PTTP,42,21,2013,4,1
65,7,2013,2,PTTP,42,26,2013,2,3
65,7,2013,2,PTTP,42,26,2013,3,3
65,7,2013,2,PTTP,42,27,2013,2,1
65,7,2013,2,PTTP,42,27,2013,3,2
65,7,2013,2,PTTP,42,30,2013,4,1
65,7,2013,2,PTTP,44,20,2013,2,2
65,7,2013,2,PTTP,44,20,2013,3,2
65,7,2013,2,PTTP,44,20,2013,4,2
65,7,2013,2,PTTP,44,27,2013,2,1
65,7,2013,2,PTTP,46,20,2013,2,1
65,7,2013,2,PTTP,48,26,2013,3,1
65,7,2013,2,PTTP,50,21,2013,3,1
65,7,2013,2,PTTP,54,20,2013,3,1
65,7,2013,2,PTTP,54,26,2013,2,2
65,7,2013,2,PTTP,54,26,2013,3,1
65,7,2013,2,PTTP,56,26,2013,3,2
65,7,2013,2,PTTP,58,20,2018,1,1
65,7,2013,2,PTTP,58,26,2013,2,1
65,7,2013,2,PTTP,60,27,2013,2,1
65,7,2013,2,PTTP,60,30,2014,4,1
65,7,2013,2,PTTP,62,21,2013,2,1
66,7,2017,4,PTTP,36,26,2017,4,1
66,7,2017,4,PTTP,38,27,2018,1,1
66,7,2017,4,PTTP,40,20,2018,1,2
66,7,2017,4,PTTP,40,20,2018,2,1
66,7,2017,4,PTTP,40,26,2017,4,1
66,7,2017,4,PTTP,40,26,2018,1,1
66,7,2017,4,PTTP,42,20,2017,4,1
66,7,2017,4,PTTP,42,20,2018,1,4
66,7,2017,4,PTTP,42,20,2018,2,2
66,7,2017,4,PTTP,42,20,2018,3,3
66,7,2017,4,PTTP,42,20,2018,4,1
66,7,2017,4,PTTP,42,20,2019,4,1
66,7,2017,4,PTTP,42,21,2018,2,1
66,7,2017,4,PTTP,42,26,2017,4,9
66,7,2017,4,PTTP,42,26,2018,1,3
66,7,2017,4,PTTP,42,27,2018,1,1
66,7,2017,4,PTTP,44,20,2017,4,5
66,7,2017,4,PTTP,44,20,2018,1,5
66,7,2017,4,PTTP,44,20,2018,2,3
66,7,2017,4,PTTP,44,20,2018,3,4
66,7,2017,4,PTTP,44,20,2018,4,2
66,7,2017,4,PTTP,44,20,2020,3,1
66,7,2017,4,PTTP,44,20,2022,4,1
66,7,2017,4,PTTP,44,21,2018,2,1
66,7,2017,4,PTTP,44,21,2018,3,1
66,7,2017,4,PTTP,44,26,2017,4,11
66,7,2017,4,PTTP,44,26,2018,1,4
66,7,2017,4,PTTP,44,26,2018,2,3
66,7,2017,4,PTTP,44,26,2018,3,1
66,7,2017,4,PTTP,44,27,2017,4,1
66,7,2017,4,PTTP,44,27,2018,1,1
66,7,2017,4,PTTP,44,30,2018,1,3
66,7,2017,4,PTTP,44,30,2018,3,3
66,7,2017,4,PTTP,46,20,2017,4,3
66,7,2017,4,PTTP,46,20,2018,1,9
66,7,2017,4,PTTP,46,20,2018,2,1
66,7,2017,4,PTTP,46,20,2018,3,1
66,7,2017,4,PTTP,46,20,2018,4,2
66,7,2017,4,PTTP,46,20,2019,1,1
66,7,2017,4,PTTP,46,21,2017,4,2
66,7,2017,4,PTTP,46,21,2018,1,1
66,7,2017,4,PTTP,46,26,2017,4,39
66,7,2017,4,PTTP,46,26,2018,1,3
66,7,2017,4,PTTP,46,26,2018,2,3
66,7,2017,4,PTTP,46,27,2019,2,1
66,7,2017,4,PTTP,46,31,2021,2,1
66,7,2017,4,PTTP,48,20,2017,4,1
66,7,2017,4,PTTP,48,20,2018,1,13
66,7,2017,4,PTTP,48,20,2018,2,2
66,7,2017,4,PTTP,48,20,2018,3,5
66,7,2017,4,PTTP,48,20,2018,4,1
66,7,2017,4,PTTP,48,21,2017,4,1
66,7,2017,4,PTTP,48,21,2018,1,1
66,7,2017,4,PTTP,48,21,2019,3,1
66,7,2017,4,PTTP,48,26,2017,4,44
66,7,2017,4,PTTP,48,26,2018,1,4
66,7,2017,4,PTTP,48,26,2018,2,4
66,7,2017,4,PTTP,48,26,2018,3,2
66,7,2017,4,PTTP,48,27,2017,4,1
66,7,2017,4,PTTP,48,27,2018,1,1
66,7,2017,4,PTTP,48,27,2019,3,1
66,7,2017,4,PTTP,48,30,2018,1,1
66,7,2017,4,PTTP,48,30,2018,2,1
66,7,2017,4,PTTP,48,30,2019,1,1
66,7,2017,4,PTTP,50,20,2017,4,1
66,7,2017,4,PTTP,50,20,2017,4,1
66,7,2017,4,PTTP,50,20,2018,1,3
66,7,2017,4,PTTP,50,20,2018,2,1
66,7,2017,4,PTTP,50,20,2018,3,1
66,7,2017,4,PTTP,50,20,2018,4,2
66,7,2017,4,PTTP,50,21,2017,4,1
66,7,2017,4,PTTP,50,21,2018,3,1
66,7,2017,4,PTTP,50,26,2017,4,26
66,7,2017,4,PTTP,50,26,2018,1,7
66,7,2017,4,PTTP,50,26,2018,2,2
66,7,2017,4,PTTP,50,26,2018,3,1
66,7,2017,4,PTTP,50,27,2017,4,1
66,7,2017,4,PTTP,50,27,2018,1,1
66,7,2017,4,PTTP,50,27,2018,2,1
66,7,2017,4,PTTP,50,30,2018,1,1
66,7,2017,4,PTTP,52,20,2017,4,2
66,7,2017,4,PTTP,52,20,2018,1,5
66,7,2017,4,PTTP,52,20,2018,3,1
66,7,2017,4,PTTP,52,20,2018,4,1
66,7,2017,4,PTTP,52,21,2017,4,1
66,7,2017,4,PTTP,52,26,2017,4,8
66,7,2017,4,PTTP,52,26,2018,1,7
66,7,2017,4,PTTP,52,26,2018,2,2
66,7,2017,4,PTTP,52,26,2018,3,2
66,7,2017,4,PTTP,52,26,2019,3,1
66,7,2017,4,PTTP,52,27,2017,4,3
66,7,2017,4,PTTP,52,27,2018,1,1
66,7,2017,4,PTTP,54,20,2017,4,1
66,7,2017,4,PTTP,54,20,2018,4,1
66,7,2017,4,PTTP,54,20,2019,1,2
66,7,2017,4,PTTP,54,26,2017,4,3
66,7,2017,4,PTTP,54,26,2018,1,2
66,7,2017,4,PTTP,54,26,2018,2,2
66,7,2017,4,PTTP,54,27,2017,4,1
66,7,2017,4,PTTP,54,27,2018,1,1
66,7,2017,4,PTTP,56,20,2017,4,1
66,7,2017,4,PTTP,56,20,2018,1,4
66,7,2017,4,PTTP,56,20,2018,3,1
66,7,2017,4,PTTP,56,26,2017,4,6
66,7,2017,4,PTTP,56,26,2018,1,4
66,7,2017,4,PTTP,56,26,2018,2,1
66,7,2017,4,PTTP,56,27,2018,1,2
66,7,2017,4,PTTP,56,30,2018,1,1
66,7,2017,4,PTTP,56,30,2019,1,1
66,7,2017,4,PTTP,58,20,2017,4,2
66,7,2017,4,PTTP,58,20,2018,1,1
66,7,2017,4,PTTP,58,20,2018,3,1
66,7,2017,4,PTTP,58,21,2017,4,1
66,7,2017,4,PTTP,58,26,2017,4,7
66,7,2017,4,PTTP,58,26,2018,2,1
66,7,2017,4,PTTP,58,27,2017,4,3
66,7,2017,4,PTTP,58,30,2019,1,1
66,7,2017,4,PTTP,60,20,2017,4,3
66,7,2017,4,PTTP,60,20,2018,1,5
66,7,2017,4,PTTP,60,20,2018,4,1
66,7,2017,4,PTTP,60,21,2017,4,1
66,7,2017,4,PTTP,60,26,2017,4,14
66,7,2017,4,PTTP,60,26,2018,1,1
66,7,2017,4,PTTP,60,26,2018,2,2
66,7,2017,4,PTTP,60,27,2017,4,2
66,7,2017,4,PTTP,62,20,2017,4,1
66,7,2017,4,PTTP,62,20,2018,1,4
66,7,2017,4,PTTP,62,20,2018,3,1
66,7,2017,4,PTTP,62,21,2017,4,3
66,7,2017,4,PTTP,62,21,2018,1,1
66,7,2017,4,PTTP,62,26,2017,4,21
66,7,2017,4,PTTP,62,26,2018,1,2
66,7,2017,4,PTTP,62,26,2018,3,1
66,7,2017,4,PTTP,62,26,2018,4,1
66,7,2017,4,PTTP,62,27,2017,4,1
66,7,2017,4,PTTP,62,27,2018,3,1
66,7,2017,4,PTTP,62,30,2018,1,1
66,7,2017,4,PTTP,64,20,2017,4,6
66,7,2017,4,PTTP,64,20,2018,1,1
66,7,2017,4,PTTP,64,21,2017,4,3
66,7,2017,4,PTTP,64,26,2017,4,6
66,7,2017,4,PTTP,64,26,2018,1,1
66,7,2017,4,PTTP,64,27,2017,4,1
66,7,2017,4,PTTP,66,26,2017,4,1
66,7,2017,4,PTTP,70,20,2017,4,1
66,7,2017,4,PTTP,72,20,2017,4,1
66,7,2017,4,PTTP,74,26,2018,1,2
67,7,2019,1,PTTP,40,21,2019,2,1
68,7,2019,3,PTTP,34,12,2019,4,1
68,7,2019,3,PTTP,40,26,2019,4,1
68,7,2019,3,PTTP,40,26,2020,1,1
68,7,2019,3,PTTP,42,20,2019,4,1
68,7,2019,3,PTTP,42,21,2020,1,1
68,7,2019,3,PTTP,44,26,2020,2,2
68,7,2019,3,PTTP,44,30,2020,2,1
68,7,2019,3,PTTP,46,12,2019,4,1
68,7,2019,3,PTTP,46,20,2020,2,1
68,7,2019,3,PTTP,46,21,2020,2,2
68,7,2019,3,PTTP,46,26,2020,1,1
68,7,2019,3,PTTP,46,26,2020,2,3
68,7,2019,3,PTTP,46,26,2020,3,1
68,7,2019,3,PTTP,46,27,2019,3,1
68,7,2019,3,PTTP,46,27,2019,4,1
68,7,2019,3,PTTP,46,27,2020,3,3
68,7,2019,3,PTTP,46,30,2020,1,1
68,7,2019,3,PTTP,48,20,2019,3,1
68,7,2019,3,PTTP,48,20,2020,2,1
68,7,2019,3,PTTP,48,21,2019,3,2
68,7,2019,3,PTTP,48,21,2020,2,3
68,7,2019,3,PTTP,48,26,2019,3,1
68,7,2019,3,PTTP,48,26,2019,4,7
68,7,2019,3,PTTP,48,26,2020,1,6
68,7,2019,3,PTTP,48,26,2020,2,8
68,7,2019,3,PTTP,48,26,2020,3,8
68,7,2019,3,PTTP,48,27,2019,3,2
68,7,2019,3,PTTP,48,27,2019,4,4
68,7,2019,3,PTTP,48,30,2019,4,1
68,7,2019,3,PTTP,48,30,2020,1,1
68,7,2019,3,PTTP,48,30,2020,2,3
68,7,2019,3,PTTP,48,30,2020,4,1
68,7,2019,3,PTTP,50,15,2019,3,1
68,7,2019,3,PTTP,50,20,2019,3,1
68,7,2019,3,PTTP,50,20,2019,4,2
68,7,2019,3,PTTP,50,20,2020,1,1
68,7,2019,3,PTTP,50,20,2020,3,2
68,7,2019,3,PTTP,50,21,2019,3,3
68,7,2019,3,PTTP,50,21,2019,4,4
68,7,2019,3,PTTP,50,21,2020,1,1
68,7,2019,3,PTTP,50,21,2020,2,3
68,7,2019,3,PTTP,50,21,2020,3,2
68,7,2019,3,PTTP,50,21,2020,4,1
68,7,2019,3,PTTP,50,21,2021,1,1
68,7,2019,3,PTTP,50,25,2020,1,1
68,7,2019,3,PTTP,50,26,2019,3,4
68,7,2019,3,PTTP,50,26,2019,4,12
68,7,2019,3,PTTP,50,26,2020,1,11
68,7,2019,3,PTTP,50,26,2020,2,10
68,7,2019,3,PTTP,50,26,2020,3,1
68,7,2019,3,PTTP,50,26,2020,4,1
68,7,2019,3,PTTP,50,26,2021,1,2
68,7,2019,3,PTTP,50,26,2021,4,1
68,7,2019,3,PTTP,50,26,2022,4,1
68,7,2019,3,PTTP,50,27,2019,3,3
68,7,2019,3,PTTP,50,27,2019,4,1
68,7,2019,3,PTTP,50,27,2020,1,1
68,7,2019,3,PTTP,50,27,2020,3,1
68,7,2019,3,PTTP,50,27,2021,2,1
68,7,2019,3,PTTP,50,30,2019,4,1
68,7,2019,3,PTTP,50,30,2020,1,2
68,7,2019,3,PTTP,50,30,2020,2,1
68,7,2019,3,PTTP,50,30,2020,3,1
68,7,2019,3,PTTP,50,30,2020,4,4
68,7,2019,3,PTTP,52,12,2019,4,4
68,7,2019,3,PTTP,52,12,2020,1,1
68,7,2019,3,PTTP,52,15,2019,3,3
68,7,2019,3,PTTP,52,15,2019,4,1
68,7,2019,3,PTTP,52,20,2019,3,4
68,7,2019,3,PTTP,52,20,2020,1,2
68,7,2019,3,PTTP,52,20,2020,2,1
68,7,2019,3,PTTP,52,20,2020,3,1
68,7,2019,3,PTTP,52,20,2023,1,1
68,7,2019,3,PTTP,52,20,2023,4,1
68,7,2019,3,PTTP,52,21,2019,3,4
68,7,2019,3,PTTP,52,21,2019,4,5
68,7,2019,3,PTTP,52,21,2020,1,2
68,7,2019,3,PTTP,52,21,2020,2,5
68,7,2019,3,PTTP,52,21,2020,4,2
68,7,2019,3,PTTP,52,21,2021,4,1
68,7,2019,3,PTTP,52,26,2019,3,5
68,7,2019,3,PTTP,52,26,2019,4,9
68,7,2019,3,PTTP,52,26,2020,1,11
68,7,2019,3,PTTP,52,26,2020,2,11
68,7,2019,3,PTTP,52,26,2020,3,2
68,7,2019,3,PTTP,52,26,2020,4,2
68,7,2019,3,PTTP,52,26,2021,1,1
68,7,2019,3,PTTP,52,27,2019,3,2
68,7,2019,3,PTTP,52,27,2020,3,2
68,7,2019,3,PTTP,52,30,2020,1,2
68,7,2019,3,PTTP,52,30,2020,3,1
68,7,2019,3,PTTP,52,30,2020,4,1
68,7,2019,3,PTTP,54,12,2019,4,1
68,7,2019,3,PTTP,54,15,2019,3,1
68,7,2019,3,PTTP,54,20,2019,3,4
68,7,2019,3,PTTP,54,20,2019,4,3
68,7,2019,3,PTTP,54,20,2020,1,1
68,7,2019,3,PTTP,54,21,2019,3,3
68,7,2019,3,PTTP,54,21,2019,4,3
68,7,2019,3,PTTP,54,21,2020,1,2
68,7,2019,3,PTTP,54,21,2020,2,3
68,7,2019,3,PTTP,54,21,2021,1,1
68,7,2019,3,PTTP,54,26,2019,3,3
68,7,2019,3,PTTP,54,26,2019,4,4
68,7,2019,3,PTTP,54,26,2020,1,7
68,7,2019,3,PTTP,54,26,2020,2,2
68,7,2019,3,PTTP,54,26,2020,4,1
68,7,2019,3,PTTP,54,27,2019,3,1
68,7,2019,3,PTTP,54,27,2020,1,1
68,7,2019,3,PTTP,54,27,2020,2,2
68,7,2019,3,PTTP,54,27,2021,1,1
68,7,2019,3,PTTP,54,30,2019,4,1
68,7,2019,3,PTTP,54,30,2020,1,1
68,7,2019,3,PTTP,54,30,2020,2,1
68,7,2019,3,PTTP,54,30,2020,3,2
68,7,2019,3,PTTP,54,30,2020,4,2
68,7,2019,3,PTTP,56,20,2019,3,1
68,7,2019,3,PTTP,56,20,2019,4,1
68,7,2019,3,PTTP,56,20,2020,4,1
68,7,2019,3,PTTP,56,21,2019,3,2
68,7,2019,3,PTTP,56,21,2020,1,1
68,7,2019,3,PTTP,56,21,2020,3,1
68,7,2019,3,PTTP,56,21,2021,1,1
68,7,2019,3,PTTP,56,26,2019,3,3
68,7,2019,3,PTTP,56,26,2019,4,2
68,7,2019,3,PTTP,56,26,2020,1,2
68,7,2019,3,PTTP,56,26,2020,2,1
68,7,2019,3,PTTP,56,26,2021,2,1
68,7,2019,3,PTTP,56,27,2019,3,1
68,7,2019,3,PTTP,56,27,2019,4,1
68,7,2019,3,PTTP,56,27,2020,4,1
68,7,2019,3,PTTP,56,30,2020,4,1
68,7,2019,3,PTTP,58,15,2019,3,2
68,7,2019,3,PTTP,58,21,2019,4,1
68,7,2019,3,PTTP,58,21,2020,1,1
68,7,2019,3,PTTP,58,21,2020,2,1
68,7,2019,3,PTTP,58,26,2019,4,2
68,7,2019,3,PTTP,58,26,2020,2,1
68,7,2019,3,PTTP,58,27,2019,3,1
68,7,2019,3,PTTP,60,26,2019,4,1
68,7,2019,3,PTTP,60,26,2020,1,1
68,7,2019,3,PTTP,62,21,2019,3,1
68,7,2019,3,PTTP,62,26,2019,3,1
68,7,2019,3,PTTP,62,26,2019,4,1
68,7,2019,3,PTTP,62,27,2019,3,1
68,7,2019,3,PTTP,62,30,2020,1,1
68,7,2019,3,PTTP,64,26,2020,1,1
68,7,2019,3,PTTP,64,27,2019,4,1
68,7,2019,3,PTTP,66,21,2019,4,1
69,7,2022,1,PTTP,40,20,2022,3,1
69,7,2022,1,PTTP,40,26,2022,2,1
69,7,2022,1,PTTP,40,31,2023,4,1
69,7,2022,1,PTTP,42,26,2022,3,1
69,7,2022,1,PTTP,44,12,2023,2,1
69,7,2022,1,PTTP,44,26,2022,3,1
69,7,2022,1,PTTP,48,20,2022,2,1
69,7,2022,1,PTTP,48,26,2022,3,1
69,7,2022,1,PTTP,50,25,2022,2,1
69,7,2022,1,PTTP,50,26,2022,3,1
69,7,2022,1,PTTP,52,27,2022,3,1
69,7,2022,1,PTTP,54,26,2022,2,1
69,7,2022,1,PTTP,54,26,2022,3,1
69,7,2022,1,PTTP,54,26,2022,4,1
69,7,2022,1,PTTP,56,26,2022,4,1
69,7,2022,1,PTTP,56,27,2022,3,1
69,7,2022,1,PTTP,58,26,2022,3,1
70,7,2022,3,PTTP,42,20,2023,1,1
70,7,2022,3,PTTP,46,20,2023,3,1
70,7,2022,3,PTTP,46,26,2023,1,1
70,7,2022,3,PTTP,46,26,2023,2,1
70,7,2022,3,PTTP,46,26,2023,3,1
70,7,2022,3,PTTP,48,20,2022,4,2
70,7,2022,3,PTTP,48,26,2023,1,2
71,8,2009,2,PTTP,36,26,2009,3,1
71,8,2009,2,PTTP,38,30,2009,2,1
71,8,2009,2,PTTP,38,30,2009,3,1
71,8,2009,2,PTTP,38,30,2009,4,1
71,8,2009,2,PTTP,40,26,2009,3,1
71,8,2009,2,PTTP,40,26,2009,4,3
71,8,2009,2,PTTP,40,26,2010,1,1
71,8,2009,2,PTTP,40,26,2012,1,1
71,8,2009,2,PTTP,40,30,2009,2,3
71,8,2009,2,PTTP,40,30,2009,3,9
71,8,2009,2,PTTP,40,30,2009,4,3
71,8,2009,2,PTTP,40,30,2010,1,2
71,8,2009,2,PTTP,40,31,2009,2,3
71,8,2009,2,PTTP,40,31,2009,3,1
71,8,2009,2,PTTP,42,20,2009,4,4
71,8,2009,2,PTTP,42,20,2010,1,1
71,8,2009,2,PTTP,42,20,2010,4,1
71,8,2009,2,PTTP,42,26,2009,2,6
71,8,2009,2,PTTP,42,26,2009,3,7
71,8,2009,2,PTTP,42,26,2009,4,4
71,8,2009,2,PTTP,42,26,2010,1,1
71,8,2009,2,PTTP,42,26,2010,2,3
71,8,2009,2,PTTP,42,26,2010,3,2
71,8,2009,2,PTTP,42,26,2011,1,1
71,8,2009,2,PTTP,42,27,2011,4,1
71,8,2009,2,PTTP,42,30,2009,2,46
71,8,2009,2,PTTP,42,30,2009,3,54
71,8,2009,2,PTTP,42,30,2009,4,29
71,8,2009,2,PTTP,42,30,2010,1,2
71,8,2009,2,PTTP,42,30,2010,2,1
71,8,2009,2,PTTP,42,30,2010,3,1
71,8,2009,2,PTTP,42,31,2009,2,6
71,8,2009,2,PTTP,42,31,2009,3,12
71,8,2009,2,PTTP,44,12,2010,1,1
71,8,2009,2,PTTP,44,13,2009,3,1
71,8,2009,2,PTTP,44,13,2009,4,1
71,8,2009,2,PTTP,44,20,2009,4,4
71,8,2009,2,PTTP,44,20,2010,1,2
71,8,2009,2,PTTP,44,20,2010,2,1
71,8,2009,2,PTTP,44,21,2010,1,1
71,8,2009,2,PTTP,44,26,2009,2,9
71,8,2009,2,PTTP,44,26,2009,3,31
71,8,2009,2,PTTP,44,26,2009,4,11
71,8,2009,2,PTTP,44,26,2010,1,10
71,8,2009,2,PTTP,44,26,2010,2,3
71,8,2009,2,PTTP,44,26,2010,3,4
71,8,2009,2,PTTP,44,26,2011,1,1
71,8,2009,2,PTTP,44,26,2011,2,1
71,8,2009,2,PTTP,44,26,2012,1,1
71,8,2009,2,PTTP,44,30,2009,2,79
71,8,2009,2,PTTP,44,30,2009,3,120
71,8,2009,2,PTTP,44,30,2009,4,65
71,8,2009,2,PTTP,44,30,2010,1,10
71,8,2009,2,PTTP,44,30,2010,2,1
71,8,2009,2,PTTP,44,30,2010,3,2
71,8,2009,2,PTTP,44,30,2010,4,2
71,8,2009,2,PTTP,44,31,2009,2,15
71,8,2009,2,PTTP,44,31,2009,3,16
71,8,2009,2,PTTP,44,31,2010,1,2
71,8,2009,2,PTTP,44,31,2010,2,1
71,8,2009,2,PTTP,46,13,2009,3,1
71,8,2009,2,PTTP,46,20,2009,4,2
71,8,2009,2,PTTP,46,20,2010,1,3
71,8,2009,2,PTTP,46,26,2009,2,7
71,8,2009,2,PTTP,46,26,2009,3,16
71,8,2009,2,PTTP,46,26,2009,4,7
71,8,2009,2,PTTP,46,26,2010,2,2
71,8,2009,2,PTTP,46,26,2010,4,1
71,8,2009,2,PTTP,46,26,2011,1,3
71,8,2009,2,PTTP,46,26,2012,1,1
71,8,2009,2,PTTP,46,27,2009,3,1
71,8,2009,2,PTTP,46,30,2009,2,52
71,8,2009,2,PTTP,46,30,2009,3,70
71,8,2009,2,PTTP,46,30,2009,4,57
71,8,2009,2,PTTP,46,30,2010,1,11
71,8,2009,2,PTTP,46,30,2010,3,1
71,8,2009,2,PTTP,46,30,2011,2,1
71,8,2009,2,PTTP,46,30,2011,4,1
71,8,2009,2,PTTP,46,31,2009,2,5
71,8,2009,2,PTTP,46,31,2009,3,8
71,8,2009,2,PTTP,48,13,2009,3,1
71,8,2009,2,PTTP,48,26,2009,3,3
71,8,2009,2,PTTP,48,26,2009,4,4
71,8,2009,2,PTTP,48,26,2010,1,2
71,8,2009,2,PTTP,48,26,2010,2,3
71,8,2009,2,PTTP,48,26,2010,3,1
71,8,2009,2,PTTP,48,26,2010,4,1
71,8,2009,2,PTTP,48,26,2011,4,1
71,8,2009,2,PTTP,48,30,2009,2,8
71,8,2009,2,PTTP,48,30,2009,3,19
71,8,2009,2,PTTP,48,30,2009,4,10
71,8,2009,2,PTTP,48,30,2010,1,4
71,8,2009,2,PTTP,48,30,2011,4,1
71,8,2009,2,PTTP,50,26,2009,2,2
71,8,2009,2,PTTP,50,26,2010,2,1
71,8,2009,2,PTTP,50,26,2012,1,1
71,8,2009,2,PTTP,50,30,2009,2,3
71,8,2009,2,PTTP,50,30,2009,3,7
71,8,2009,2,PTTP,50,30,2009,4,1
71,8,2009,2,PTTP,52,26,2009,2,2
71,8,2009,2,PTTP,52,26,2009,3,1
71,8,2009,2,PTTP,52,27,2009,2,1
71,8,2009,2,PTTP,52,30,2009,2,2
71,8,2009,2,PTTP,52,30,2009,3,4
71,8,2009,2,PTTP,52,30,2009,4,2
71,8,2009,2,PTTP,54,26,2009,4,1
71,8,2009,2,PTTP,54,30,2009,2,1
71,8,2009,2,PTTP,54,30,2009,3,1
71,8,2009,2,PTTP,56,20,2009,4,1
71,8,2009,2,PTTP,58,30,2009,2,1
71,8,2009,2,PTTP,58,30,2009,4,1
71,8,2009,2,PTTP,58,30,2010,4,1
71,8,2009,2,PTTP,60,30,2009,3,1
71,8,2009,2,PTTP,60,30,2009,4,1
71,8,2009,2,PTTP,62,30,2009,3,1
71,8,2009,2,PTTP,62,30,2009,4,2
71,8,2009,2,PTTP,66,30,2009,4,1
71,8,2009,2,PTTP,70,26,2009,3,1
71,8,2009,2,PTTP,70,30,2009,2,1
71,8,2009,2,PTTP,72,30,2009,2,1
71,8,2009,2,PTTP,72,31,2009,2,1
71,8,2009,2,PTTP,74,30,2009,2,1
71,8,2009,2,PTTP,76,30,2009,4,1
75,8,2015,4,PTTP,46,30,2015,4,2
75,8,2015,4,PTTP,50,30,2015,4,2
76,8,2016,3,PTTP,46,26,2016,4,1
76,8,2016,3,PTTP,54,26,2016,4,1
77,8,2018,3,PTTP,48,30,2018,4,1
77,8,2018,3,PTTP,54,26,2018,3,1
77,8,2018,3,PTTP,54,30,2018,3,1
78,8,2020,3,PTTP,36,30,2020,4,1
78,8,2020,3,PTTP,40,30,2020,4,2
78,8,2020,3,PTTP,46,30,2021,2,1
78,8,2020,3,PTTP,48,30,2020,4,1
78,8,2020,3,PTTP,48,30,2021,2,1
79,1,1990,2,JPTP,34,2,1990,2,1
79,1,1990,2,JPTP,38,1,1990,2,1
79,1,1990,2,JPTP,38,2,1990,2,1
79,1,1990,2,JPTP,40,4,1990,2,1
79,1,1990,2,JPTP,40,5,1990,3,1
79,1,1990,2,JPTP,42,2,1990,2,1
79,1,1990,2,JPTP,44,7,1990,2,1
79,1,1990,2,JPTP,46,2,1990,2,1
79,1,1990,2,JPTP,50,5,1990,2,1
79,1,1990,2,JPTP,52,1,1990,2,1
79,1,1990,2,JPTP,54,1,1990,2,1
79,1,1990,2,JPTP,54,8,1990,2,1
79,1,1990,2,JPTP,76,1,1990,2,1
80,1,1990,3,JPTP,36,1,1990,3,1
80,1,1990,3,JPTP,40,1,1990,3,1
80,1,1990,3,JPTP,48,1,1990,3,1
80,1,1990,3,JPTP,48,1,1990,4,1
80,1,1990,3,JPTP,54,1,1990,3,1
80,1,1990,3,JPTP,56,1,1990,3,1
81,1,1990,4,JPTP,44,1,1991,4,1
81,1,1990,4,JPTP,48,1,1991,1,1
81,1,1990,4,JPTP,54,7,1991,2,1
82,1,1991,2,JPTP,36,5,1991,2,1
82,1,1991,2,JPTP,40,4,1991,3,1
82,1,1991,2,JPTP,42,4,1991,2,1
82,1,1991,2,JPTP,44,1,1991,2,1
82,1,1991,2,JPTP,44,5,1991,2,1
82,1,1991,2,JPTP,46,5,1991,3,1
82,1,1991,2,JPTP,48,4,1991,3,1
82,1,1991,2,JPTP,48,5,1991,2,1
82,1,1991,2,JPTP,54,2,1991,2,1
82,1,1991,2,JPTP,56,1,1991,2,1
82,1,1991,2,JPTP,56,5,1991,2,1
82,1,1991,2,JPTP,58,4,1991,3,1
82,1,1991,2,JPTP,60,4,1991,4,1
82,1,1991,2,JPTP,60,5,1991,2,1
83,1,1991,3,JPTP,32,1,1992,2,1
83,1,1991,3,JPTP,40,1,1991,3,1
83,1,1991,3,JPTP,40,1,1992,2,1
83,1,1991,3,JPTP,40,7,1992,2,1
83,1,1991,3,JPTP,44,7,1992,3,1
83,1,1991,3,JPTP,56,1,1992,2,1
83,1,1991,3,JPTP,64,1,1992,2,1
84,1,1992,3,JPTP,38,1,1992,4,1
84,1,1992,3,JPTP,40,1,1993,1,1
84,1,1992,3,JPTP,42,1,1992,3,1
84,1,1992,3,JPTP,42,7,1994,1,1
84,1,1992,3,JPTP,44,1,1992,4,1
84,1,1992,3,JPTP,52,7,1993,2,1
85,1,1993,2,JPTP,36,7,1993,3,1
85,1,1993,2,JPTP,38,1,1993,3,2
85,1,1993,2,JPTP,40,1,1993,3,1
85,1,1993,2,JPTP,40,4,1993,3,1
85,1,1993,2,JPTP,40,5,1993,3,1
85,1,1993,2,JPTP,42,1,1993,2,1
85,1,1993,2,JPTP,46,7,1993,3,1
85,1,1993,2,JPTP,48,5,1993,3,1
85,1,1993,2,JPTP,48,7,1994,2,1
85,1,1993,2,JPTP,62,5,1993,2,1
86,1,1993,3,JPTP,40,1,1993,4,1
86,1,1993,3,JPTP,42,1,1993,3,1
86,1,1993,3,JPTP,42,1,1993,4,1
86,1,1993,3,JPTP,44,1,1993,4,3
86,1,1993,3,JPTP,46,1,1993,4,1
86,1,1993,3,JPTP,54,1,1993,4,1
86,1,1993,3,JPTP,72,1,1993,3,1
87,1,1994,2,JPTP,30,1,1994,2,1
87,1,1994,2,JPTP,32,1,1994,2,1
87,1,1994,2,JPTP,34,1,1994,2,1
87,1,1994,2,JPTP,34,1,1994,3,1
87,1,1994,2,JPTP,36,2,1994,2,1
87,1,1994,2,JPTP,38,1,1994,2,3
87,1,1994,2,JPTP,38,1,1994,3,1
87,1,1994,2,JPTP,38,5,1994,2,1
87,1,1994,2,JPTP,40,1,1994,2,5
87,1,1994,2,JPTP,40,2,1994,2,2
87,1,1994,2,JPTP,40,4,1994,2,2
87,1,1994,2,JPTP,40,4,1994,3,1
87,1,1994,2,JPTP,42,1,1994,2,9
87,1,1994,2,JPTP,42,2,1994,2,2
87,1,1994,2,JPTP,42,4,1994,3,2
87,1,1994,2,JPTP,44,1,1994,2,4
87,1,1994,2,JPTP,46,1,1994,2,4
87,1,1994,2,JPTP,46,4,1994,3,1
87,1,1994,2,JPTP,48,1,1994,2,2
87,1,1994,2,JPTP,48,2,1994,2,1
87,1,1994,2,JPTP,50,1,1994,2,1
87,1,1994,2,JPTP,50,2,1994,2,1
87,1,1994,2,JPTP,50,5,1994,2,1
87,1,1994,2,JPTP,50,5,1994,3,1
87,1,1994,2,JPTP,52,1,1994,2,4
87,1,1994,2,JPTP,52,4,1994,3,1
87,1,1994,2,JPTP,54,1,1994,2,1
87,1,1994,2,JPTP,54,5,1994,3,1
87,1,1994,2,JPTP,56,1,1994,2,3
87,1,1994,2,JPTP,58,1,1994,2,3
87,1,1994,2,JPTP,58,2,1994,2,1
87,1,1994,2,JPTP,58,4,1994,2,1
87,1,1994,2,JPTP,60,1,1994,2,1
87,1,1994,2,JPTP,62,1,1994,2,2
87,1,1994,2,JPTP,62,2,1994,2,1
87,1,1994,2,JPTP,64,1,1994,2,1
87,1,1994,2,JPTP,64,2,1994,2,1
90,1,1997,2,JPTP,42,2,1997,2,1
90,1,1997,2,JPTP,42,5,1997,2,1
90,1,1997,2,JPTP,42,5,1997,3,1
90,1,1997,2,JPTP,44,2,1997,2,1
90,1,1997,2,JPTP,44,5,1997,2,1
91,1,1998,2,JPTP,38,1,1998,2,1
91,1,1998,2,JPTP,40,4,1998,2,1
91,1,1998,2,JPTP,40,5,1998,2,1
92,1,2000,2,JPTP,36,2,2000,2,1
92,1,2000,2,JPTP,40,2,2000,2,1
92,1,2000,2,JPTP,42,4,2000,2,1
92,1,2000,2,JPTP,42,4,2000,3,1
92,1,2000,2,JPTP,44,4,2000,3,2
92,1,2000,2,JPTP,44,4,2000,4,3
92,1,2000,2,JPTP,44,5,2000,3,1
92,1,2000,2,JPTP,46,4,2000,3,1
92,1,2000,2,JPTP,46,4,2000,4,3
92,1,2000,2,JPTP,48,1,2000,2,1
92,1,2000,2,JPTP,48,1,2000,3,1
93,1,2000,4,JPTP,34,1,2000,4,2
93,1,2000,4,JPTP,34,5,2001,2,2
93,1,2000,4,JPTP,36,1,2000,4,1
93,1,2000,4,JPTP,36,23,2001,4,1
93,1,2000,4,JPTP,38,1,2000,4,2
93,1,2000,4,JPTP,40,4,2001,2,1
93,1,2000,4,JPTP,48,4,2001,2,1
93,1,2000,4,JPTP,54,1,2000,4,1
94,1,2008,2,JPTP,40,1,2008,3,1
94,1,2008,2,JPTP,40,7,2009,1,1
94,1,2008,2,JPTP,42,1,2008,2,3
94,1,2008,2,JPTP,42,1,2008,3,1
94,1,2008,2,JPTP,42,5,2008,2,1
94,1,2008,2,JPTP,46,1,2008,3,1
95,1,2009,3,JPTP,36,1,2010,1,1
95,1,2009,3,JPTP,38,1,2009,3,3
95,1,2009,3,JPTP,38,1,2009,4,6
95,1,2009,3,JPTP,38,1,2010,1,1
95,1,2009,3,JPTP,40,1,2009,3,10
95,1,2009,3,JPTP,40,1,2009,4,3
95,1,2009,3,JPTP,40,10,2010,2,1
95,1,2009,3,JPTP,42,1,2009,3,2
95,1,2009,3,JPTP,42,1,2009,4,1
95,1,2009,3,JPTP,50,1,2009,3,1
96,1,2010,2,JPTP,40,4,2010,4,1
96,1,2010,2,JPTP,40,5,2010,2,1
96,1,2010,2,JPTP,42,1,2010,2,2
96,1,2010,2,JPTP,42,2,2010,2,1
96,1,2010,2,JPTP,42,4,2010,4,1
96,1,2010,2,JPTP,42,5,2010,3,2
96,1,2010,2,JPTP,42,7,2011,1,2
96,1,2010,2,JPTP,44,1,2010,2,2
96,1,2010,2,JPTP,44,7,2011,1,1
96,1,2010,2,JPTP,46,5,2010,3,1
97,1,2011,2,JPTP,42,1,2011,3,1
97,1,2011,2,JPTP,42,4,2011,3,1
97,1,2011,2,JPTP,44,4,2011,2,2
97,1,2011,2,JPTP,44,4,2011,3,1
97,1,2011,2,JPTP,44,4,2011,4,2
97,1,2011,2,JPTP,44,7,2011,3,1
97,1,2011,2,JPTP,46,1,2011,2,2
97,1,2011,2,JPTP,46,2,2011,2,1
97,1,2011,2,JPTP,46,4,2011,3,1
97,1,2011,2,JPTP,48,1,2011,2,1
97,1,2011,2,JPTP,48,2,2011,2,1
97,1,2011,2,JPTP,48,4,2011,3,1
98,1,2012,2,JPTP,42,2,2012,2,2
98,1,2012,2,JPTP,42,4,2012,3,1
98,1,2012,2,JPTP,46,2,2012,2,2
98,1,2012,2,JPTP,46,5,2012,3,1
98,1,2012,2,JPTP,46,26,2012,2,1
98,1,2012,2,JPTP,48,2,2012,2,1
98,1,2012,2,JPTP,52,2,2012,2,1
98,1,2012,2,JPTP,52,2,2012,3,1
99,1,2013,2,JPTP,42,5,2013,3,1
99,1,2013,2,JPTP,44,4,2013,3,1
99,1,2013,2,JPTP,44,5,2013,3,1
99,1,2013,2,JPTP,46,4,2013,2,1
99,1,2013,2,JPTP,46,4,2013,3,2
99,1,2013,2,JPTP,46,5,2013,3,2
99,1,2013,2,JPTP,48,2,2013,2,1
99,1,2013,2,JPTP,48,5,2013,2,2
99,1,2013,2,JPTP,48,5,2013,3,1
99,1,2013,2,JPTP,50,5,2013,2,1
99,1,2013,2,JPTP,50,5,2013,3,1
99,1,2013,2,JPTP,54,5,2013,3,1
100,1,2016,3,JPTP,46,1,2016,3,3
102,1,2017,2,JPTP,42,1,2017,2,2
102,1,2017,2,JPTP,42,5,2017,2,1
102,1,2017,2,JPTP,42,5,2017,3,1
102,1,2017,2,JPTP,42,8,2017,2,1
102,1,2017,2,JPTP,44,2,2017,2,1
102,1,2017,2,JPTP,44,5,2017,3,1
102,1,2017,2,JPTP,46,1,2017,2,1
102,1,2017,2,JPTP,46,4,2017,3,1
102,1,2017,2,JPTP,48,1,2017,2,2
102,1,2017,2,JPTP,48,1,2017,3,1
102,1,2017,2,JPTP,48,5,2017,2,1
102,1,2017,2,JPTP,50,1,2017,2,1
102,1,2017,2,JPTP,52,1,2017,2,1
104,1,2019,2,JPTP,44,1,2019,2,1
104,1,2019,2,JPTP,46,1,2019,2,2
104,1,2019,2,JPTP,46,1,2019,3,1
104,1,2019,2,JPTP,46,2,2019,2,1
104,1,2019,2,JPTP,48,1,2019,2,3
104,1,2019,2,JPTP,48,1,2019,3,1
104,1,2019,2,JPTP,50,1,2019,2,5
104,1,2019,2,JPTP,50,1,2019,3,1
104,1,2019,2,JPTP,52,1,2019,2,1
104,1,2019,2,JPTP,52,1,2019,3,1
104,1,2019,2,JPTP,54,1,2019,2,1
104,1,2019,2,JPTP,56,1,2019,2,3
104,1,2019,2,JPTP,60,1,2019,2,1
104,1,2019,2,JPTP,62,1,2019,2,1
104,1,2019,2,JPTP,64,1,2019,2,1
104,1,2019,2,JPTP,68,1,2019,2,1
104,1,2019,2,JPTP,68,4,2019,2,1
104,1,2019,2,JPTP,70,1,2019,2,1
105,1,2020,3,JPTP,36,1,2020,3,1
105,1,2020,3,JPTP,38,1,2020,3,1
105,1,2020,3,JPTP,40,1,2020,3,1
105,1,2020,3,JPTP,42,1,2020,3,3
105,1,2020,3,JPTP,44,1,2020,3,1
106,1,2021,1,JPTP,42,4,2021,3,1
106,1,2021,1,JPTP,44,1,2021,2,1
107,1,2021,2,JPTP,42,1,2021,2,1
107,1,2021,2,JPTP,44,1,2021,2,2
107,1,2021,2,JPTP,46,1,2021,3,2
107,1,2021,2,JPTP,46,1,2021,4,1
107,1,2021,2,JPTP,46,2,2021,2,2
107,1,2021,2,JPTP,46,5,2021,2,1
107,1,2021,2,JPTP,46,5,2021,3,1
107,1,2021,2,JPTP,48,1,2021,2,2
107,1,2021,2,JPTP,48,1,2021,3,1
107,1,2021,2,JPTP,50,1,2021,3,1
107,1,2021,2,JPTP,50,1,2021,4,1
107,1,2021,2,JPTP,50,4,2021,3,1
107,1,2021,2,JPTP,52,1,2021,3,1
108,1,2021,3,JPTP,46,1,2021,3,1
108,1,2021,3,JPTP,48,1,2021,3,1
108,1,2021,3,JPTP,50,1,2021,3,2
109,1,2022,2,JPTP,44,1,2022,2,1
109,1,2022,2,JPTP,46,1,2022,2,1
109,1,2022,2,JPTP,54,1,2022,2,5
109,1,2022,2,JPTP,56,1,2022,2,5
109,1,2022,2,JPTP,58,1,2022,2,1
110,2,1989,3,JPTP,34,5,1989,3,1
110,2,1989,3,JPTP,36,1,1990,3,1
110,2,1989,3,JPTP,36,1,1991,2,1
110,2,1989,3,JPTP,40,5,1989,3,1
110,2,1989,3,JPTP,42,4,1989,3,2
110,2,1989,3,JPTP,42,5,1989,3,1
110,2,1989,3,JPTP,48,5,1989,3,1
110,2,1989,3,JPTP,52,4,1990,3,1
111,2,1989,4,JPTP,36,1,1991,4,1
111,2,1989,4,JPTP,36,7,1990,3,1
111,2,1989,4,JPTP,36,8,1990,1,1
111,2,1989,4,JPTP,38,4,1989,4,1
111,2,1989,4,JPTP,40,1,1990,2,1
111,2,1989,4,JPTP,40,4,1989,4,1
111,2,1989,4,JPTP,42,4,1990,3,1
111,2,1989,4,JPTP,44,4,1989,4,1
111,2,1989,4,JPTP,46,4,1989,4,1
111,2,1989,4,JPTP,46,4,1990,3,1
111,2,1989,4,JPTP,46,7,1990,1,1
111,2,1989,4,JPTP,54,7,1990,1,1
111,2,1989,4,JPTP,56,7,1990,2,1
111,2,1989,4,JPTP,60,1,1990,2,1
111,2,1989,4,JPTP,70,4,1990,3,1
112,2,1990,2,JPTP,34,4,1990,3,1
112,2,1990,2,JPTP,36,4,1990,3,1
112,2,1990,2,JPTP,36,5,1990,2,1
112,2,1990,2,JPTP,38,4,1990,3,2
112,2,1990,2,JPTP,40,4,1990,3,4
112,2,1990,2,JPTP,40,5,1990,2,1
112,2,1990,2,JPTP,40,25,1990,4,1
112,2,1990,2,JPTP,42,4,1990,3,1
112,2,1990,2,JPTP,42,26,1990,4,1
112,2,1990,2,JPTP,44,5,1990,2,1
112,2,1990,2,JPTP,44,5,1990,3,1
112,2,1990,2,JPTP,46,4,1990,3,2
112,2,1990,2,JPTP,46,4,1990,4,1
112,2,1990,2,JPTP,46,5,1990,2,1
112,2,1990,2,JPTP,46,23,1991,1,1
112,2,1990,2,JPTP,46,25,1991,2,1
112,2,1990,2,JPTP,48,4,1990,4,1
112,2,1990,2,JPTP,50,4,1990,3,2
112,2,1990,2,JPTP,52,4,1990,3,1
112,2,1990,2,JPTP,62,4,1990,2,1
113,2,1990,3,JPTP,36,4,1991,3,1
113,2,1990,3,JPTP,40,4,1990,3,1
113,2,1990,3,JPTP,40,7,1991,3,1
113,2,1990,3,JPTP,42,4,1990,3,2
113,2,1990,3,JPTP,44,4,1990,3,1
113,2,1990,3,JPTP,58,4,1991,3,1
113,2,1990,3,JPTP,68,4,1991,4,1
114,2,1990,4,JPTP,26,4,1990,4,1
114,2,1990,4,JPTP,34,1,1991,1,1
114,2,1990,4,JPTP,38,23,1991,2,1
114,2,1990,4,JPTP,38,25,1991,1,1
114,2,1990,4,JPTP,40,1,1991,2,1
114,2,1990,4,JPTP,40,4,1990,4,1
114,2,1990,4,JPTP,40,5,1991,2,1
114,2,1990,4,JPTP,42,1,1991,2,2
114,2,1990,4,JPTP,42,1,1991,2,1
114,2,1990,4,JPTP,44,1,1991,1,1
114,2,1990,4,JPTP,44,5,1991,2,1
114,2,1990,4,JPTP,46,1,1991,2,1
114,2,1990,4,JPTP,48,1,1991,2,1
114,2,1990,4,JPTP,52,1,1991,2,1
114,2,1990,4,JPTP,60,1,1991,2,2
114,2,1990,4,JPTP,62,1,1991,2,2
115,2,1991,2,JPTP,32,4,1991,3,2
115,2,1991,2,JPTP,34,4,1991,3,2
115,2,1991,2,JPTP,36,4,1991,3,2
115,2,1991,2,JPTP,38,1,1991,4,1
115,2,1991,2,JPTP,38,4,1991,3,3
115,2,1991,2,JPTP,38,4,1991,4,1
115,2,1991,2,JPTP,38,5,1991,3,1
115,2,1991,2,JPTP,38,5,1993,3,1
115,2,1991,2,JPTP,40,4,1991,3,2
115,2,1991,2,JPTP,40,4,1991,4,3
115,2,1991,2,JPTP,40,5,1991,2,1
115,2,1991,2,JPTP,42,1,1994,2,1
115,2,1991,2,JPTP,42,4,1991,2,1
115,2,1991,2,JPTP,42,4,1991,3,4
115,2,1991,2,JPTP,42,4,1991,4,1
115,2,1991,2,JPTP,42,5,1991,2,1
115,2,1991,2,JPTP,42,5,1991,3,2
115,2,1991,2,JPTP,42,7,1992,2,1
115,2,1991,2,JPTP,44,4,1991,3,4
115,2,1991,2,JPTP,44,4,1991,4,2
115,2,1991,2,JPTP,44,4,1992,3,1
115,2,1991,2,JPTP,44,5,1991,2,1
115,2,1991,2,JPTP,44,5,1991,3,3
115,2,1991,2,JPTP,46,4,1991,3,4
115,2,1991,2,JPTP,46,4,1991,4,1
115,2,1991,2,JPTP,46,5,1991,2,1
115,2,1991,2,JPTP,46,5,1991,3,3
115,2,1991,2,JPTP,46,7,1992,1,1
115,2,1991,2,JPTP,46,23,1992,3,1
115,2,1991,2,JPTP,48,4,1991,3,2
115,2,1991,2,JPTP,50,4,1991,2,1
115,2,1991,2,JPTP,50,4,1991,3,3
115,2,1991,2,JPTP,50,4,1991,4,1
115,2,1991,2,JPTP,50,4,1992,3,1
115,2,1991,2,JPTP,50,5,1991,2,2
115,2,1991,2,JPTP,52,4,1991,4,2
115,2,1991,2,JPTP,52,5,1991,3,1
115,2,1991,2,JPTP,54,1,1991,3,1
115,2,1991,2,JPTP,54,4,1991,2,1
115,2,1991,2,JPTP,54,4,1991,4,1
115,2,1991,2,JPTP,56,5,1991,3,1
115,2,1991,2,JPTP,60,1,1991,3,1
115,2,1991,2,JPTP,60,5,1991,2,1
115,2,1991,2,JPTP,62,5,1991,2,1
115,2,1991,2,JPTP,64,4,1991,2,1
116,2,1991,3,JPTP,36,4,1992,3,1
116,2,1991,3,JPTP,38,2,1992,2,1
116,2,1991,3,JPTP,40,7,1992,2,1
116,2,1991,3,JPTP,40,23,1992,3,1
116,2,1991,3,JPTP,42,4,1991,4,2
116,2,1991,3,JPTP,44,2,1992,2,1
116,2,1991,3,JPTP,44,4,1991,4,1
116,2,1991,3,JPTP,44,7,1992,3,1
116,2,1991,3,JPTP,44,23,1992,2,1
116,2,1991,3,JPTP,46,4,1991,4,2
116,2,1991,3,JPTP,46,26,1992,3,1
116,2,1991,3,JPTP,48,23,1992,2,1
116,2,1991,3,JPTP,48,23,1993,4,1
116,2,1991,3,JPTP,48,29,1991,4,1
116,2,1991,3,JPTP,50,4,1991,4,2
116,2,1991,3,JPTP,52,4,1991,4,2
116,2,1991,3,JPTP,52,29,1992,4,1
116,2,1991,3,JPTP,54,23,1993,4,1
116,2,1991,3,JPTP,58,4,1991,4,1
116,2,1991,3,JPTP,58,26,1994,1,1
116,2,1991,3,JPTP,70,4,1991,4,1
117,2,1991,4,JPTP,32,4,1991,4,1
117,2,1991,4,JPTP,34,2,1992,2,1
117,2,1991,4,JPTP,34,4,1991,4,1
117,2,1991,4,JPTP,34,5,1992,2,1
117,2,1991,4,JPTP,38,1,1992,2,2
117,2,1991,4,JPTP,38,4,1991,4,2
117,2,1991,4,JPTP,38,7,1992,1,1
117,2,1991,4,JPTP,40,1,1992,2,3
117,2,1991,4,JPTP,40,4,1991,4,7
117,2,1991,4,JPTP,40,4,1993,3,1
117,2,1991,4,JPTP,40,26,1992,4,1
117,2,1991,4,JPTP,42,1,1992,2,1
117,2,1991,4,JPTP,42,2,1992,2,1
117,2,1991,4,JPTP,42,4,1991,4,3
117,2,1991,4,JPTP,42,5,1992,3,1
117,2,1991,4,JPTP,42,23,1992,3,1
117,2,1991,4,JPTP,42,25,1992,1,1
117,2,1991,4,JPTP,44,1,1992,1,1
117,2,1991,4,JPTP,44,1,1992,2,1
117,2,1991,4,JPTP,44,4,1991,4,6
117,2,1991,4,JPTP,44,7,1992,1,1
117,2,1991,4,JPTP,46,1,1992,2,1
117,2,1991,4,JPTP,46,4,1991,4,2
117,2,1991,4,JPTP,46,23,1992,3,1
117,2,1991,4,JPTP,48,4,1991,4,2
117,2,1991,4,JPTP,50,4,1991,4,1
117,2,1991,4,JPTP,52,4,1991,4,4
117,2,1991,4,JPTP,54,4,1992,3,1
117,2,1991,4,JPTP,54,7,1992,3,1
117,2,1991,4,JPTP,56,4,1991,4,2
117,2,1991,4,JPTP,58,4,1991,4,1
117,2,1991,4,JPTP,60,4,1991,4,1
117,2,1991,4,JPTP,62,4,1991,4,1
117,2,1991,4,JPTP,66,7,1992,1,1
118,2,1992,2,JPTP,40,4,1992,3,1
118,2,1992,2,JPTP,40,4,1992,4,1
118,2,1992,2,JPTP,40,7,1992,4,1
118,2,1992,2,JPTP,44,4,1992,4,2
118,2,1992,2,JPTP,48,4,1992,3,1
118,2,1992,2,JPTP,52,1,1992,4,1
118,2,1992,2,JPTP,54,5,1992,4,1
118,2,1992,2,JPTP,62,5,1992,2,1
118,2,1992,2,JPTP,66,1,1992,3,1
119,2,1992,3,JPTP,30,5,1992,4,1
119,2,1992,3,JPTP,32,4,1992,4,1
119,2,1992,3,JPTP,32,4,1993,3,1
119,2,1992,3,JPTP,34,1,1993,2,1
119,2,1992,3,JPTP,34,4,1992,4,1
119,2,1992,3,JPTP,36,1,1992,4,1
119,2,1992,3,JPTP,36,2,1993,2,1
119,2,1992,3,JPTP,36,4,1992,4,2
119,2,1992,3,JPTP,38,1,1992,4,1
119,2,1992,3,JPTP,38,4,1992,4,6
119,2,1992,3,JPTP,38,5,1993,2,1
119,2,1992,3,JPTP,38,5,1993,3,1
119,2,1992,3,JPTP,40,1,1993,2,2
119,2,1992,3,JPTP,40,1,1993,2,1
119,2,1992,3,JPTP,40,2,1993,2,2
119,2,1992,3,JPTP,40,4,1992,3,1
119,2,1992,3,JPTP,40,4,1992,4,8
119,2,1992,3,JPTP,40,4,1993,3,5
119,2,1992,3,JPTP,40,5,1993,2,1
119,2,1992,3,JPTP,40,7,1993,2,1
119,2,1992,3,JPTP,42,1,1993,1,1
119,2,1992,3,JPTP,42,1,1993,2,3
119,2,1992,3,JPTP,42,2,1993,2,3
119,2,1992,3,JPTP,42,4,1992,3,2
119,2,1992,3,JPTP,42,4,1992,4,6
119,2,1992,3,JPTP,42,4,1993,3,1
119,2,1992,3,JPTP,42,5,1993,2,1
119,2,1992,3,JPTP,42,7,1994,2,1
119,2,1992,3,JPTP,42,8,1993,3,1
119,2,1992,3,JPTP,42,23,1994,2,1
119,2,1992,3,JPTP,42,26,1994,2,1
119,2,1992,3,JPTP,42,30,1993,4,1
119,2,1992,3,JPTP,44,1,1993,2,2
119,2,1992,3,JPTP,44,2,1993,1,1
119,2,1992,3,JPTP,44,2,1993,2,1
119,2,1992,3,JPTP,44,4,1992,3,2
119,2,1992,3,JPTP,44,4,1992,4,10
119,2,1992,3,JPTP,44,4,1993,2,1
119,2,1992,3,JPTP,44,4,1993,3,1
119,2,1992,3,JPTP,44,5,1992,4,2
119,2,1992,3,JPTP,44,5,1993,3,1
119,2,1992,3,JPTP,46,4,1992,4,5
119,2,1992,3,JPTP,46,4,1993,2,1
119,2,1992,3,JPTP,46,5,1992,3,1
119,2,1992,3,JPTP,46,5,1993,2,1
119,2,1992,3,JPTP,46,7,1993,1,1
119,2,1992,3,JPTP,46,26,1993,3,1
119,2,1992,3,JPTP,48,2,1993,2,1
119,2,1992,3,JPTP,48,4,1992,3,1
119,2,1992,3,JPTP,48,4,1992,4,7
119,2,1992,3,JPTP,48,4,1993,3,2
119,2,1992,3,JPTP,48,7,1993,2,1
119,2,1992,3,JPTP,50,1,1993,2,1
119,2,1992,3,JPTP,50,4,1992,3,1
119,2,1992,3,JPTP,50,4,1992,4,6
119,2,1992,3,JPTP,50,5,1992,4,1
119,2,1992,3,JPTP,50,5,1993,3,1
119,2,1992,3,JPTP,52,4,1992,4,1
119,2,1992,3,JPTP,52,5,1993,3,1
119,2,1992,3,JPTP,54,1,1993,1,1
119,2,1992,3,JPTP,54,4,1992,4,2
119,2,1992,3,JPTP,54,5,1992,4,1
119,2,1992,3,JPTP,56,4,1992,4,2
119,2,1992,3,JPTP,56,4,1993,3,1
119,2,1992,3,JPTP,58,4,1992,3,1
119,2,1992,3,JPTP,58,5,1992,4,1
119,2,1992,3,JPTP,58,7,1993,2,1
119,2,1992,3,JPTP,60,4,1992,4,1
119,2,1992,3,JPTP,60,5,1993,2,1
119,2,1992,3,JPTP,62,4,1992,4,1
119,2,1992,3,JPTP,64,1,1993,2,1
119,2,1992,3,JPTP,70,5,1992,4,1
119,2,1992,3,JPTP,72,1,1992,4,1
119,2,1992,3,JPTP,72,4,1992,4,1
120,2,1992,4,JPTP,32,4,1992,4,1
120,2,1992,4,JPTP,34,2,1993,3,1
120,2,1992,4,JPTP,34,4,1993,2,1
120,2,1992,4,JPTP,36,1,1992,4,1
120,2,1992,4,JPTP,36,1,1993,2,1
120,2,1992,4,JPTP,36,4,1992,4,1
120,2,1992,4,JPTP,36,5,1993,2,1
120,2,1992,4,JPTP,36,26,1993,2,1
120,2,1992,4,JPTP,40,1,1993,2,3
120,2,1992,4,JPTP,40,2,1993,2,2
120,2,1992,4,JPTP,40,4,1992,4,5
120,2,1992,4,JPTP,40,4,1993,3,3
120,2,1992,4,JPTP,40,7,1993,1,1
120,2,1992,4,JPTP,40,8,1993,2,1
120,2,1992,4,JPTP,42,1,1993,3,1
120,2,1992,4,JPTP,42,2,1993,2,1
120,2,1992,4,JPTP,42,4,1992,4,3
120,2,1992,4,JPTP,42,8,1993,3,1
120,2,1992,4,JPTP,42,23,1994,4,1
120,2,1992,4,JPTP,44,1,1993,2,1
120,2,1992,4,JPTP,44,2,1993,2,2
120,2,1992,4,JPTP,44,4,1992,4,3
120,2,1992,4,JPTP,44,4,1993,3,1
120,2,1992,4,JPTP,46,1,1993,2,1
120,2,1992,4,JPTP,46,1,1993,2,1
120,2,1992,4,JPTP,46,2,1993,2,1
120,2,1992,4,JPTP,46,4,1992,4,1
120,2,1992,4,JPTP,46,4,1993,2,1
120,2,1992,4,JPTP,46,4,1993,4,1
120,2,1992,4,JPTP,48,2,1993,2,1
120,2,1992,4,JPTP,48,4,1992,4,2
120,2,1992,4,JPTP,48,5,1993,2,1
120,2,1992,4,JPTP,50,1,1993,1,1
120,2,1992,4,JPTP,50,4,1992,4,4
120,2,1992,4,JPTP,50,5,1993,2,1
120,2,1992,4,JPTP,52,4,1992,4,3
120,2,1992,4,JPTP,52,4,1993,2,1
120,2,1992,4,JPTP,54,1,1993,2,1
120,2,1992,4,JPTP,54,4,1992,4,4
120,2,1992,4,JPTP,54,5,1993,3,1
120,2,1992,4,JPTP,56,1,1993,2,1
120,2,1992,4,JPTP,58,4,1992,4,1
120,2,1992,4,JPTP,60,1,1993,2,1
120,2,1992,4,JPTP,60,2,1993,3,1
120,2,1992,4,JPTP,60,4,1992,4,1
120,2,1992,4,JPTP,62,1,1993,2,1
120,2,1992,4,JPTP,62,2,1993,2,1
120,2,1992,4,JPTP,62,5,1992,4,1
120,2,1992,4,JPTP,64,4,1993,4,1
120,2,1992,4,JPTP,64,14,1993,2,1
120,2,1992,4,JPTP,64,26,1993,3,1
121,2,1993,2,JPTP,32,5,1993,3,1
121,2,1993,2,JPTP,32,25,1995,2,1
121,2,1993,2,JPTP,34,4,1994,3,1
121,2,1993,2,JPTP,34,5,1993,3,1
121,2,1993,2,JPTP,34,5,1993,4,1
121,2,1993,2,JPTP,36,4,1993,3,1
121,2,1993,2,JPTP,36,5,1993,3,1
121,2,1993,2,JPTP,38,4,1993,3,2
121,2,1993,2,JPTP,38,5,1993,3,1
121,2,1993,2,JPTP,40,4,1993,3,1
121,2,1993,2,JPTP,40,4,1993,4,1
121,2,1993,2,JPTP,40,5,1993,3,1
121,2,1993,2,JPTP,40,25,1994,1,1
121,2,1993,2,JPTP,42,4,1993,2,1
121,2,1993,2,JPTP,42,4,1993,3,5
121,2,1993,2,JPTP,42,4,1993,4,1
121,2,1993,2,JPTP,44,4,1993,3,3
121,2,1993,2,JPTP,44,4,1993,4,2
121,2,1993,2,JPTP,44,5,1993,2,1
121,2,1993,2,JPTP,44,5,1993,3,3
121,2,1993,2,JPTP,46,4,1993,3,1
121,2,1993,2,JPTP,46,4,1993,4,3
121,2,1993,2,JPTP,46,5,1993,2,1
121,2,1993,2,JPTP,46,5,1993,3,4
121,2,1993,2,JPTP,48,4,1993,3,1
121,2,1993,2,JPTP,48,4,1993,4,1
121,2,1993,2,JPTP,50,4,1993,3,3
121,2,1993,2,JPTP,50,4,1993,4,1
121,2,1993,2,JPTP,50,5,1993,2,1
121,2,1993,2,JPTP,50,5,1993,3,2
121,2,1993,2,JPTP,50,5,1993,4,1
121,2,1993,2,JPTP,52,4,1993,2,2
121,2,1993,2,JPTP,52,4,1993,3,2
121,2,1993,2,JPTP,52,4,1993,4,1
121,2,1993,2,JPTP,52,5,1993,3,1
121,2,1993,2,JPTP,54,4,1993,3,1
121,2,1993,2,JPTP,54,5,1993,3,1
121,2,1993,2,JPTP,56,4,1993,3,3
121,2,1993,2,JPTP,58,4,1993,2,1
121,2,1993,2,JPTP,58,4,1993,3,1
121,2,1993,2,JPTP,60,4,1993,3,1
121,2,1993,2,JPTP,62,1,1993,3,1
121,2,1993,2,JPTP,62,4,1993,3,1
121,2,1993,2,JPTP,64,4,1993,3,1
121,2,1993,2,JPTP,66,4,1993,3,1
121,2,1993,2,JPTP,74,4,1993,3,1
122,2,1993,3,JPTP,32,5,1993,3,1
122,2,1993,3,JPTP,34,4,1993,4,2
122,2,1993,3,JPTP,34,5,1993,3,1
122,2,1993,3,JPTP,36,4,1993,4,1
122,2,1993,3,JPTP,36,5,1993,3,1
122,2,1993,3,JPTP,38,7,1994,2,1
122,2,1993,3,JPTP,38,7,1995,2,1
122,2,1993,3,JPTP,38,23,1994,2,1
122,2,1993,3,JPTP,40,4,1993,4,3
122,2,1993,3,JPTP,40,5,1993,3,1
122,2,1993,3,JPTP,40,26,1994,4,1
122,2,1993,3,JPTP,42,4,1993,3,4
122,2,1993,3,JPTP,42,4,1993,4,1
122,2,1993,3,JPTP,42,4,1994,3,1
122,2,1993,3,JPTP,42,5,1993,3,4
122,2,1993,3,JPTP,42,5,1993,4,1
122,2,1993,3,JPTP,42,23,1994,2,2
122,2,1993,3,JPTP,44,4,1993,4,2
122,2,1993,3,JPTP,44,5,1993,3,1
122,2,1993,3,JPTP,44,7,1994,1,1
122,2,1993,3,JPTP,44,23,1994,2,1
122,2,1993,3,JPTP,46,4,1994,4,1
122,2,1993,3,JPTP,46,5,1993,3,1
122,2,1993,3,JPTP,46,23,1994,2,1
122,2,1993,3,JPTP,46,30,1995,1,1
122,2,1993,3,JPTP,48,1,1993,3,1
122,2,1993,3,JPTP,48,4,1994,3,1
122,2,1993,3,JPTP,48,4,1995,2,1
122,2,1993,3,JPTP,48,5,1993,3,2
122,2,1993,3,JPTP,48,5,1994,3,1
122,2,1993,3,JPTP,50,1,1993,4,1
122,2,1993,3,JPTP,50,1,1994,2,1
122,2,1993,3,JPTP,50,4,1993,4,1
122,2,1993,3,JPTP,50,5,1993,3,4
122,2,1993,3,JPTP,50,26,1994,4,1
122,2,1993,3,JPTP,52,4,1993,4,1
122,2,1993,3,JPTP,52,4,1994,2,1
122,2,1993,3,JPTP,52,5,1993,3,1
122,2,1993,3,JPTP,54,4,1993,3,2
122,2,1993,3,JPTP,54,4,1993,4,1
122,2,1993,3,JPTP,56,4,1998,3,1
122,2,1993,3,JPTP,56,5,1993,3,2
122,2,1993,3,JPTP,60,5,1994,2,1
122,2,1993,3,JPTP,62,4,1993,3,1
123,2,1993,4,JPTP,36,4,1994,2,1
123,2,1993,4,JPTP,36,5,1994,2,1
123,2,1993,4,JPTP,40,4,1993,4,1
123,2,1993,4,JPTP,40,23,1994,3,1
123,2,1993,4,JPTP,42,4,1993,4,2
123,2,1993,4,JPTP,42,4,1994,4,1
123,2,1993,4,JPTP,42,5,1993,4,1
123,2,1993,4,JPTP,42,23,1994,2,1
123,2,1993,4,JPTP,44,4,1993,4,3
123,2,1993,4,JPTP,44,26,1994,4,1
123,2,1993,4,JPTP,46,4,1993,4,1
123,2,1993,4,JPTP,46,7,1995,1,1
123,2,1993,4,JPTP,48,1,1994,2,1
123,2,1993,4,JPTP,48,1,1994,4,1
123,2,1993,4,JPTP,48,4,1993,4,1
123,2,1993,4,JPTP,48,4,1994,2,1
123,2,1993,4,JPTP,50,4,1994,3,2
123,2,1993,4,JPTP,52,4,1993,4,2
123,2,1993,4,JPTP,54,4,1993,4,1
123,2,1993,4,JPTP,54,7,1995,2,1
123,2,1993,4,JPTP,58,5,1994,3,1
123,2,1993,4,JPTP,64,4,1993,4,1
124,2,1994,2,JPTP,30,5,1994,3,1
124,2,1994,2,JPTP,32,4,1994,2,1
124,2,1994,2,JPTP,32,5,1994,3,1
124,2,1994,2,JPTP,34,4,1994,2,1
124,2,1994,2,JPTP,34,4,1994,3,1
124,2,1994,2,JPTP,36,4,1994,2,1
124,2,1994,2,JPTP,38,4,1994,4,1
124,2,1994,2,JPTP,40,5,1994,3,1
124,2,1994,2,JPTP,40,7,1994,3,1
124,2,1994,2,JPTP,40,8,1995,3,1
124,2,1994,2,JPTP,42,4,1994,2,2
124,2,1994,2,JPTP,42,4,1994,4,1
124,2,1994,2,JPTP,42,5,1994,3,1
124,2,1994,2,JPTP,42,8,1994,2,1
124,2,1994,2,JPTP,44,1,1994,3,1
124,2,1994,2,JPTP,44,4,1994,2,1
124,2,1994,2,JPTP,44,5,1994,2,1
124,2,1994,2,JPTP,46,1,1994,3,1
124,2,1994,2,JPTP,50,1,1994,2,1
124,2,1994,2,JPTP,50,4,1994,3,1
124,2,1994,2,JPTP,50,5,1994,3,2
124,2,1994,2,JPTP,52,4,1994,2,1
124,2,1994,2,JPTP,54,4,1994,2,1
124,2,1994,2,JPTP,54,4,1994,3,1
124,2,1994,2,JPTP,54,4,1994,4,1
124,2,1994,2,JPTP,54,5,1994,3,1
124,2,1994,2,JPTP,54,7,1994,3,1
124,2,1994,2,JPTP,54,8,1994,2,1
124,2,1994,2,JPTP,56,4,1994,2,1
124,2,1994,2,JPTP,56,5,1994,3,1
124,2,1994,2,JPTP,58,4,1994,2,1
125,2,1994,3,JPTP,32,4,1994,4,1
125,2,1994,3,JPTP,34,1,1995,2,1
125,2,1994,3,JPTP,34,4,1994,4,2
125,2,1994,3,JPTP,34,5,1997,2,1
125,2,1994,3,JPTP,34,7,1995,2,1
125,2,1994,3,JPTP,36,4,1994,3,2
125,2,1994,3,JPTP,36,4,1994,4,8
125,2,1994,3,JPTP,38,4,1994,3,2
125,2,1994,3,JPTP,38,4,1994,4,1
125,2,1994,3,JPTP,40,4,1994,3,2
125,2,1994,3,JPTP,40,4,1994,4,6
125,2,1994,3,JPTP,40,4,1995,2,1
125,2,1994,3,JPTP,40,5,1995,2,1
125,2,1994,3,JPTP,42,1,1994,4,1
125,2,1994,3,JPTP,42,4,1994,3,3
125,2,1994,3,JPTP,42,4,1994,4,13
125,2,1994,3,JPTP,42,5,1994,4,2
125,2,1994,3,JPTP,42,26,1995,2,1
125,2,1994,3,JPTP,44,4,1994,3,7
125,2,1994,3,JPTP,44,4,1994,4,9
125,2,1994,3,JPTP,44,5,1994,4,1
125,2,1994,3,JPTP,44,7,1995,2,1
125,2,1994,3,JPTP,44,8,1996,2,1
125,2,1994,3,JPTP,46,4,1994,3,2
125,2,1994,3,JPTP,46,4,1994,4,3
125,2,1994,3,JPTP,46,5,1996,3,1
125,2,1994,3,JPTP,46,7,1996,1,1
125,2,1994,3,JPTP,46,7,1996,2,1
125,2,1994,3,JPTP,48,1,1994,4,1
125,2,1994,3,JPTP,48,4,1994,3,3
125,2,1994,3,JPTP,48,4,1994,4,2
125,2,1994,3,JPTP,50,4,1994,3,3
125,2,1994,3,JPTP,50,4,1994,4,1
125,2,1994,3,JPTP,50,5,1994,3,1
125,2,1994,3,JPTP,50,7,1995,1,1
125,2,1994,3,JPTP,50,23,1996,4,1
125,2,1994,3,JPTP,52,4,1994,3,1
125,2,1994,3,JPTP,52,4,1994,4,4
125,2,1994,3,JPTP,54,4,1994,3,1
125,2,1994,3,JPTP,54,4,1994,4,1
125,2,1994,3,JPTP,56,4,1994,4,1
125,2,1994,3,JPTP,58,4,1994,4,2
125,2,1994,3,JPTP,60,4,1994,3,1
125,2,1994,3,JPTP,70,4,1996,3,1
126,2,1994,4,JPTP,42,1,1995,2,2
126,2,1994,4,JPTP,44,4,1994,4,1
126,2,1994,4,JPTP,56,1,1994,4,1
127,2,1995,2,JPTP,40,1,1996,2,1
127,2,1995,2,JPTP,44,5,1995,3,1
127,2,1995,2,JPTP,50,5,1995,3,1
127,2,1995,2,JPTP,52,4,1995,3,1
127,2,1995,2,JPTP,56,5,1995,3,1
128,2,1995,3,JPTP,38,5,1995,3,1
128,2,1995,3,JPTP,38,23,1996,3,1
128,2,1995,3,JPTP,40,1,1996,2,3
128,2,1995,3,JPTP,40,23,1996,2,1
128,2,1995,3,JPTP,42,4,1996,3,1
128,2,1995,3,JPTP,42,5,1996,2,1
128,2,1995,3,JPTP,42,5,1997,3,1
128,2,1995,3,JPTP,42,7,1996,1,1
128,2,1995,3,JPTP,44,1,1996,2,1
128,2,1995,3,JPTP,44,4,1996,3,1
128,2,1995,3,JPTP,44,7,1996,1,1
128,2,1995,3,JPTP,44,7,1996,2,1
128,2,1995,3,JPTP,44,23,1996,3,1
128,2,1995,3,JPTP,46,4,1996,2,1
128,2,1995,3,JPTP,46,4,1996,3,1
128,2,1995,3,JPTP,48,4,1995,3,1
128,2,1995,3,JPTP,50,4,1995,3,1
128,2,1995,3,JPTP,50,26,1996,4,1
128,2,1995,3,JPTP,52,4,1995,3,1
128,2,1995,3,JPTP,52,23,1996,3,1
128,2,1995,3,JPTP,56,1,1996,2,1
128,2,1995,3,JPTP,58,5,1996,3,1
129,2,1995,4,JPTP,42,4,1996,3,1
129,2,1995,4,JPTP,42,7,1996,2,1
129,2,1995,4,JPTP,58,1,1996,2,1
129,2,1995,4,JPTP,58,7,1996,2,1
130,2,1996,3,JPTP,30,4,1997,3,1
130,2,1996,3,JPTP,38,5,1997,2,1
130,2,1996,3,JPTP,40,4,1997,2,1
130,2,1996,3,JPTP,40,5,1996,3,1
130,2,1996,3,JPTP,40,26,1996,4,1
130,2,1996,3,JPTP,42,1,1996,4,1
130,2,1996,3,JPTP,42,5,1996,3,1
130,2,1996,3,JPTP,46,4,1996,3,1
130,2,1996,3,JPTP,56,4,1996,3,1
130,2,1996,3,JPTP,64,4,1996,3,1
131,2,1997,2,JPTP,42,5,1997,2,1
131,2,1997,2,JPTP,44,4,1997,2,1
131,2,1997,2,JPTP,44,4,1997,3,1
131,2,1997,2,JPTP,44,4,1997,4,2
131,2,1997,2,JPTP,44,5,1997,2,4
131,2,1997,2,JPTP,44,5,1997,3,1
131,2,1997,2,JPTP,46,4,1997,2,3
131,2,1997,2,JPTP,46,4,1997,3,2
131,2,1997,2,JPTP,46,4,1997,4,1
131,2,1997,2,JPTP,46,5,1997,2,6
131,2,1997,2,JPTP,48,4,1997,3,1
131,2,1997,2,JPTP,48,4,1997,4,1
131,2,1997,2,JPTP,48,5,1997,2,5
131,2,1997,2,JPTP,48,5,1997,3,1
131,2,1997,2,JPTP,50,1,1997,2,1
131,2,1997,2,JPTP,50,2,1997,2,1
131,2,1997,2,JPTP,50,4,1997,2,1
131,2,1997,2,JPTP,50,4,1997,3,2
131,2,1997,2,JPTP,50,4,1997,4,1
131,2,1997,2,JPTP,50,5,1997,2,4
132,2,1997,3,JPTP,40,4,1997,4,1
132,2,1997,3,JPTP,44,4,1997,3,2
132,2,1997,3,JPTP,44,5,1997,3,1
132,2,1997,3,JPTP,46,5,1997,3,2
132,2,1997,3,JPTP,48,4,1997,3,1
132,2,1997,3,JPTP,48,5,1997,3,4
132,2,1997,3,JPTP,48,23,1998,2,1
132,2,1997,3,JPTP,50,4,1997,3,5
132,2,1997,3,JPTP,50,4,1997,4,3
132,2,1997,3,JPTP,50,5,1997,3,6
132,2,1997,3,JPTP,50,23,1998,1,1
132,2,1997,3,JPTP,52,4,1997,3,2
132,2,1997,3,JPTP,52,4,1997,4,2
132,2,1997,3,JPTP,54,5,1997,3,1
134,2,1998,3,JPTP,36,4,1999,2,1
134,2,1998,3,JPTP,42,5,1998,3,1
134,2,1998,3,JPTP,44,4,1998,3,1
134,2,1998,3,JPTP,44,5,1998,3,1
134,2,1998,3,JPTP,46,4,1998,4,1
134,2,1998,3,JPTP,46,5,1998,3,1
134,2,1998,3,JPTP,48,5,1998,3,1
134,2,1998,3,JPTP,54,4,1998,4,1
135,2,1998,4,JPTP,34,4,1999,3,1
135,2,1998,4,JPTP,36,2,1999,2,1
135,2,1998,4,JPTP,36,4,1999,2,1
135,2,1998,4,JPTP,36,4,1999,3,1
136,2,1999,2,JPTP,32,1,2000,2,1
136,2,1999,2,JPTP,46,5,1999,3,1
136,2,1999,2,JPTP,48,4,1999,3,3
136,2,1999,2,JPTP,48,4,1999,4,3
136,2,1999,2,JPTP,48,5,1999,3,3
136,2,1999,2,JPTP,50,4,1999,3,16
136,2,1999,2,JPTP,50,4,1999,4,3
136,2,1999,2,JPTP,50,5,1999,3,7
136,2,1999,2,JPTP,52,4,1999,3,4
136,2,1999,2,JPTP,52,4,1999,4,1
136,2,1999,2,JPTP,52,5,1999,3,5
136,2,1999,2,JPTP,54,4,1999,3,2
137,2,1999,3,JPTP,30,4,1999,3,1
137,2,1999,3,JPTP,34,4,2000,4,1
137,2,1999,3,JPTP,34,5,1999,3,1
137,2,1999,3,JPTP,34,5,2000,3,1
137,2,1999,3,JPTP,36,1,2000,2,1
137,2,1999,3,JPTP,36,5,2001,3,1
137,2,1999,3,JPTP,38,4,2000,2,1
137,2,1999,3,JPTP,38,5,1999,3,1
137,2,1999,3,JPTP,40,1,1999,4,1
137,2,1999,3,JPTP,40,5,1999,3,1
137,2,1999,3,JPTP,40,12,2000,1,1
137,2,1999,3,JPTP,42,4,1999,3,1
137,2,1999,3,JPTP,42,5,1999,3,1
137,2,1999,3,JPTP,44,1,2000,1,1
137,2,1999,3,JPTP,44,1,2000,2,1
137,2,1999,3,JPTP,46,4,1999,3,1
137,2,1999,3,JPTP,48,4,1999,4,1
137,2,1999,3,JPTP,52,1,1999,3,1
137,2,1999,3,JPTP,54,1,2000,2,1
137,2,1999,3,JPTP,66,5,2000,3,1
137,2,1999,3,JPTP,68,1,1999,4,1
137,2,1999,3,JPTP,72,5,2000,2,1
138,2,1999,4,JPTP,36,4,2000,4,1
138,2,1999,4,JPTP,38,1,2000,3,1
138,2,1999,4,JPTP,42,4,1999,4,1
138,2,1999,4,JPTP,46,4,1999,4,1
138,2,1999,4,JPTP,48,5,1999,4,1
138,2,1999,4,JPTP,58,4,1999,4,1
139,2,2000,3,JPTP,36,1,2001,2,1
139,2,2000,3,JPTP,36,2,2001,2,1
140,2,2000,4,JPTP,32,1,2001,2,1
140,2,2000,4,JPTP,32,5,2001,3,1
140,2,2000,4,JPTP,34,1,2001,2,2
140,2,2000,4,JPTP,38,2,2001,2,1
141,2,2001,2,JPTP,36,5,2001,3,1
141,2,2001,2,JPTP,38,2,2001,3,1
141,2,2001,2,JPTP,38,5,2001,3,1
141,2,2001,2,JPTP,42,5,2001,2,1
141,2,2001,2,JPTP,44,4,2001,2,1
141,2,2001,2,JPTP,46,4,2001,3,2
141,2,2001,2,JPTP,46,5,2001,3,3
141,2,2001,2,JPTP,48,1,2001,3,1
141,2,2001,2,JPTP,48,2,2001,2,2
141,2,2001,2,JPTP,48,4,2001,2,1
141,2,2001,2,JPTP,48,5,2001,2,1
141,2,2001,2,JPTP,48,5,2001,3,1
141,2,2001,2,JPTP,50,1,2001,3,1
141,2,2001,2,JPTP,50,2,2001,2,1
141,2,2001,2,JPTP,50,4,2001,2,1
141,2,2001,2,JPTP,50,5,2001,2,1
141,2,2001,2,JPTP,52,4,2001,2,1
141,2,2001,2,JPTP,52,5,2001,2,2
141,2,2001,2,JPTP,54,1,2001,3,1
141,2,2001,2,JPTP,54,4,2001,2,2
141,2,2001,2,JPTP,54,5,2001,2,5
141,2,2001,2,JPTP,54,5,2001,3,4
141,2,2001,2,JPTP,56,4,2001,2,2
141,2,2001,2,JPTP,56,5,2001,2,2
141,2,2001,2,JPTP,58,4,2001,3,1
141,2,2001,2,JPTP,58,5,2001,2,2
141,2,2001,2,JPTP,60,5,2001,2,1
141,2,2001,2,JPTP,64,5,2001,3,1
142,2,2001,3,JPTP,38,5,2001,3,3
142,2,2001,3,JPTP,38,23,2003,2,1
142,2,2001,3,JPTP,40,1,2001,3,1
142,2,2001,3,JPTP,40,4,2001,3,1
142,2,2001,3,JPTP,40,5,2001,3,2
142,2,2001,3,JPTP,40,7,2002,2,1
142,2,2001,3,JPTP,40,23,2002,1,1
142,2,2001,3,JPTP,42,5,2001,3,1
142,2,2001,3,JPTP,44,4,2001,3,1
142,2,2001,3,JPTP,44,5,2001,3,4
142,2,2001,3,JPTP,46,2,2002,2,1
142,2,2001,3,JPTP,46,4,2001,4,1
142,2,2001,3,JPTP,46,4,2002,3,1
142,2,2001,3,JPTP,46,5,2001,3,3
142,2,2001,3,JPTP,48,1,2002,2,1
142,2,2001,3,JPTP,48,4,2001,3,7
142,2,2001,3,JPTP,48,4,2001,4,1
142,2,2001,3,JPTP,48,5,2001,3,5
142,2,2001,3,JPTP,50,4,2001,3,3
142,2,2001,3,JPTP,50,4,2001,4,4
142,2,2001,3,JPTP,50,5,2001,3,11
142,2,2001,3,JPTP,52,4,2001,3,3
142,2,2001,3,JPTP,52,4,2001,4,2
142,2,2001,3,JPTP,52,5,2001,3,12
142,2,2001,3,JPTP,54,4,2001,3,4
142,2,2001,3,JPTP,54,5,2001,3,10
142,2,2001,3,JPTP,54,23,2001,4,1
142,2,2001,3,JPTP,56,4,2001,4,1
142,2,2001,3,JPTP,56,4,2002,2,1
142,2,2001,3,JPTP,56,5,2001,3,8
142,2,2001,3,JPTP,60,5,2001,3,1
143,2,2002,2,JPTP,36,4,2002,4,1
143,2,2002,2,JPTP,38,4,2002,3,1
143,2,2002,2,JPTP,38,4,2002,4,1
143,2,2002,2,JPTP,38,5,2002,3,1
143,2,2002,2,JPTP,40,2,2002,2,1
143,2,2002,2,JPTP,40,5,2002,3,1
143,2,2002,2,JPTP,44,2,2002,2,2
143,2,2002,2,JPTP,44,4,2002,3,1
143,2,2002,2,JPTP,44,5,2002,2,1
143,2,2002,2,JPTP,44,5,2003,3,1
143,2,2002,2,JPTP,46,2,2002,2,2
143,2,2002,2,JPTP,46,4,2002,3,1
143,2,2002,2,JPTP,46,5,2002,2,1
143,2,2002,2,JPTP,48,2,2002,2,2
143,2,2002,2,JPTP,48,5,2002,3,1
143,2,2002,2,JPTP,54,4,2002,3,1
144,2,2002,3,JPTP,34,1,2003,2,1
144,2,2002,3,JPTP,34,4,2002,3,1
144,2,2002,3,JPTP,36,1,2002,3,1
144,2,2002,3,JPTP,36,4,2002,3,5
144,2,2002,3,JPTP,36,4,2002,4,1
144,2,2002,3,JPTP,36,4,2003,3,1
144,2,2002,3,JPTP,36,5,2002,3,6
144,2,2002,3,JPTP,36,7,2003,1,2
144,2,2002,3,JPTP,36,23,2004,4,1
144,2,2002,3,JPTP,38,1,2003,2,1
144,2,2002,3,JPTP,38,4,2002,3,11
144,2,2002,3,JPTP,38,4,2002,4,2
144,2,2002,3,JPTP,38,5,2002,3,8
144,2,2002,3,JPTP,38,7,2003,1,1
144,2,2002,3,JPTP,40,1,2003,2,1
144,2,2002,3,JPTP,40,4,2002,3,9
144,2,2002,3,JPTP,40,4,2002,4,1
144,2,2002,3,JPTP,40,4,2003,2,1
144,2,2002,3,JPTP,40,5,2002,3,9
144,2,2002,3,JPTP,42,1,2003,2,1
144,2,2002,3,JPTP,42,1,2003,3,1
144,2,2002,3,JPTP,42,4,2002,3,4
144,2,2002,3,JPTP,42,4,2002,4,4
144,2,2002,3,JPTP,42,4,2003,3,1
144,2,2002,3,JPTP,42,5,2002,3,4
144,2,2002,3,JPTP,42,5,2003,3,1
144,2,2002,3,JPTP,44,1,2003,1,1
144,2,2002,3,JPTP,44,4,2002,3,10
144,2,2002,3,JPTP,44,4,2002,4,13
144,2,2002,3,JPTP,44,5,2002,3,10
144,2,2002,3,JPTP,44,5,2003,3,1
144,2,2002,3,JPTP,46,1,2002,4,2
144,2,2002,3,JPTP,46,1,2003,2,1
144,2,2002,3,JPTP,46,4,2002,3,60
144,2,2002,3,JPTP,46,4,2002,4,30
144,2,2002,3,JPTP,46,4,2003,3,1
144,2,2002,3,JPTP,46,5,2002,3,32
144,2,2002,3,JPTP,46,5,2003,3,2
144,2,2002,3,JPTP,46,7,2003,1,1
144,2,2002,3,JPTP,46,15,2003,2,1
144,2,2002,3,JPTP,46,25,2003,2,2
144,2,2002,3,JPTP,48,1,2002,4,1
144,2,2002,3,JPTP,48,1,2002,4,1
144,2,2002,3,JPTP,48,1,2003,2,1
144,2,2002,3,JPTP,48,4,2002,3,52
144,2,2002,3,JPTP,48,4,2002,4,9
144,2,2002,3,JPTP,48,5,2002,3,27
144,2,2002,3,JPTP,48,26,2003,2,1
144,2,2002,3,JPTP,50,4,2002,3,18
144,2,2002,3,JPTP,50,4,2002,4,4
144,2,2002,3,JPTP,50,5,2002,3,16
144,2,2002,3,JPTP,52,1,2003,2,1
144,2,2002,3,JPTP,52,4,2002,3,7
144,2,2002,3,JPTP,52,4,2002,4,3
144,2,2002,3,JPTP,52,5,2002,3,6
144,2,2002,3,JPTP,52,7,2003,2,1
144,2,2002,3,JPTP,54,4,2002,3,1
144,2,2002,3,JPTP,54,4,2002,4,4
144,2,2002,3,JPTP,54,5,2002,3,2
144,2,2002,3,JPTP,56,4,2002,4,1
145,2,2003,2,JPTP,44,4,2003,4,1
145,2,2003,2,JPTP,46,5,2003,2,1
145,2,2003,2,JPTP,48,4,2003,3,1
146,2,2003,3,JPTP,40,5,2003,3,1
146,2,2003,3,JPTP,42,4,2003,3,3
146,2,2003,3,JPTP,42,5,2003,3,5
146,2,2003,3,JPTP,44,1,2003,3,1
146,2,2003,3,JPTP,44,4,2003,3,9
146,2,2003,3,JPTP,44,4,2003,4,4
146,2,2003,3,JPTP,44,4,2004,2,1
146,2,2003,3,JPTP,44,5,2003,3,24
146,2,2003,3,JPTP,44,5,2003,4,3
146,2,2003,3,JPTP,44,5,2004,2,1
146,2,2003,3,JPTP,46,1,2004,2,2
146,2,2003,3,JPTP,46,4,2003,3,17
146,2,2003,3,JPTP,46,4,2003,4,4
146,2,2003,3,JPTP,46,5,2003,3,34
146,2,2003,3,JPTP,46,5,2003,4,8
146,2,2003,3,JPTP,46,5,2004,3,2
146,2,2003,3,JPTP,46,7,2004,1,2
146,2,2003,3,JPTP,48,1,2004,2,1
146,2,2003,3,JPTP,48,4,2003,3,13
146,2,2003,3,JPTP,48,4,2003,4,8
146,2,2003,3,JPTP,48,5,2003,3,15
146,2,2003,3,JPTP,48,5,2003,4,7
146,2,2003,3,JPTP,50,1,2004,2,1
146,2,2003,3,JPTP,50,4,2003,3,8
146,2,2003,3,JPTP,50,4,2003,4,4
146,2,2003,3,JPTP,50,5,2003,3,9
146,2,2003,3,JPTP,50,5,2003,4,2
146,2,2003,3,JPTP,52,4,2003,3,3
146,2,2003,3,JPTP,52,5,2003,3,6
146,2,2003,3,JPTP,52,5,2004,3,1
146,2,2003,3,JPTP,54,7,2004,1,1
146,2,2003,3,JPTP,56,5,2003,3,3
146,2,2003,3,JPTP,58,5,2003,3,2
147,2,2003,4,JPTP,48,5,2003,4,1
147,2,2003,4,JPTP,50,5,2003,4,1
147,2,2003,4,JPTP,52,5,2003,4,1
147,2,2003,4,JPTP,54,5,2003,4,3
147,2,2003,4,JPTP,58,7,2004,1,1
148,2,2004,2,JPTP,40,4,2004,3,2
148,2,2004,2,JPTP,42,4,2004,3,1
148,2,2004,2,JPTP,42,5,2004,2,1
148,2,2004,2,JPTP,42,5,2004,3,2
148,2,2004,2,JPTP,44,4,2004,3,2
148,2,2004,2,JPTP,44,4,2004,4,1
148,2,2004,2,JPTP,44,5,2004,3,2
148,2,2004,2,JPTP,46,4,2004,2,1
148,2,2004,2,JPTP,46,4,2004,3,5
148,2,2004,2,JPTP,46,5,2004,2,1
148,2,2004,2,JPTP,46,5,2004,3,14
148,2,2004,2,JPTP,48,4,2004,3,5
148,2,2004,2,JPTP,48,4,2004,4,1
148,2,2004,2,JPTP,48,5,2004,3,19
148,2,2004,2,JPTP,50,4,2004,3,4
148,2,2004,2,JPTP,50,5,2004,3,15
148,2,2004,2,JPTP,52,4,2004,3,1
148,2,2004,2,JPTP,52,5,2004,3,9
148,2,2004,2,JPTP,54,4,2004,3,2
148,2,2004,2,JPTP,54,5,2004,3,5
148,2,2004,2,JPTP,56,5,2004,3,2
148,2,2004,2,JPTP,60,4,2004,3,1
148,2,2004,2,JPTP,60,5,2004,2,2
148,2,2004,2,JPTP,60,5,2004,3,1
149,2,2004,3,JPTP,36,4,2004,3,1
149,2,2004,3,JPTP,40,4,2004,4,1
149,2,2004,3,JPTP,40,5,2004,3,3
149,2,2004,3,JPTP,42,4,2004,3,1
149,2,2004,3,JPTP,42,5,2004,3,1
149,2,2004,3,JPTP,44,4,2004,3,3
149,2,2004,3,JPTP,44,5,2004,3,2
149,2,2004,3,JPTP,46,4,2004,3,1
149,2,2004,3,JPTP,46,5,2004,3,2
149,2,2004,3,JPTP,46,23,2004,4,1
149,2,2004,3,JPTP,48,1,2004,4,1
149,2,2004,3,JPTP,48,2,2005,2,1
149,2,2004,3,JPTP,48,4,2004,3,3
149,2,2004,3,JPTP,48,4,2004,4,1
149,2,2004,3,JPTP,48,5,2004,3,8
149,2,2004,3,JPTP,50,4,2004,3,4
149,2,2004,3,JPTP,50,5,2004,3,8
149,2,2004,3,JPTP,52,4,2004,3,2
149,2,2004,3,JPTP,52,4,2004,4,1
149,2,2004,3,JPTP,52,5,2004,3,2
149,2,2004,3,JPTP,54,4,2004,3,1
149,2,2004,3,JPTP,58,5,2004,3,1
149,2,2004,3,JPTP,60,5,2004,3,1
150,2,2005,2,JPTP,38,5,2005,3,1
150,2,2005,2,JPTP,40,4,2005,3,2
150,2,2005,2,JPTP,40,5,2005,3,2
150,2,2005,2,JPTP,42,4,2005,3,1
150,2,2005,2,JPTP,42,4,2005,4,2
150,2,2005,2,JPTP,42,5,2005,2,1
150,2,2005,2,JPTP,42,5,2005,3,1
150,2,2005,2,JPTP,44,1,2005,3,1
150,2,2005,2,JPTP,44,5,2005,3,1
150,2,2005,2,JPTP,44,23,2007,1,1
150,2,2005,2,JPTP,46,4,2005,3,1
150,2,2005,2,JPTP,46,5,2005,2,1
150,2,2005,2,JPTP,46,5,2005,3,1
151,2,2005,3,JPTP,40,5,2005,3,1
151,2,2005,3,JPTP,44,4,2005,3,3
151,2,2005,3,JPTP,44,5,2005,3,1
151,2,2005,3,JPTP,46,4,2005,3,1
151,2,2005,3,JPTP,46,4,2005,4,3
151,2,2005,3,JPTP,46,5,2005,3,1
151,2,2005,3,JPTP,48,4,2005,4,2
151,2,2005,3,JPTP,48,7,2005,3,1
151,2,2005,3,JPTP,50,4,2005,4,2
151,2,2005,3,JPTP,52,5,2005,3,1
152,2,2005,4,JPTP,46,1,2006,2,1
152,2,2005,4,JPTP,50,4,2005,4,1
152,2,2005,4,JPTP,50,5,2006,3,1
152,2,2005,4,JPTP,52,4,2005,4,1
152,2,2005,4,JPTP,52,4,2006,3,1
152,2,2005,4,JPTP,52,5,2006,3,1
152,2,2005,4,JPTP,54,4,2005,4,4
152,2,2005,4,JPTP,54,4,2006,3,3
153,2,2006,2,JPTP,28,5,2006,3,1
153,2,2006,2,JPTP,32,5,2006,3,1
153,2,2006,2,JPTP,34,5,2006,2,1
153,2,2006,2,JPTP,34,5,2006,3,2
153,2,2006,2,JPTP,36,5,2006,3,2
153,2,2006,2,JPTP,38,5,2006,3,3
153,2,2006,2,JPTP,40,5,2006,3,4
153,2,2006,2,JPTP,42,4,2006,3,1
153,2,2006,2,JPTP,44,4,2006,3,4
153,2,2006,2,JPTP,44,5,2006,3,9
153,2,2006,2,JPTP,46,5,2006,3,5
153,2,2006,2,JPTP,48,4,2006,3,2
153,2,2006,2,JPTP,48,4,2006,4,1
153,2,2006,2,JPTP,48,5,2006,2,1
153,2,2006,2,JPTP,48,5,2006,3,5
153,2,2006,2,JPTP,50,4,2006,3,1
153,2,2006,2,JPTP,50,5,2006,3,1
153,2,2006,2,JPTP,52,4,2006,3,2
153,2,2006,2,JPTP,52,5,2006,2,3
153,2,2006,2,JPTP,52,5,2006,3,8
153,2,2006,2,JPTP,54,4,2006,3,6
153,2,2006,2,JPTP,54,5,2006,3,7
153,2,2006,2,JPTP,54,7,2007,1,1
153,2,2006,2,JPTP,54,7,2007,3,1
153,2,2006,2,JPTP,56,4,2006,3,1
153,2,2006,2,JPTP,56,5,2006,2,1
153,2,2006,2,JPTP,56,5,2006,3,3
153,2,2006,2,JPTP,58,5,2006,2,1
153,2,2006,2,JPTP,62,4,2006,3,1
153,2,2006,2,JPTP,62,5,2006,3,2
153,2,2006,2,JPTP,64,4,2006,4,1
154,2,2006,3,JPTP,50,4,2006,3,1
154,2,2006,3,JPTP,54,4,2006,3,3
154,2,2006,3,JPTP,58,4,2006,3,4
154,2,2006,3,JPTP,60,4,2006,3,10
154,2,2006,3,JPTP,60,4,2006,4,1
154,2,2006,3,JPTP,62,4,2006,3,5
154,2,2006,3,JPTP,64,4,2006,3,2
154,2,2006,3,JPTP,64,5,2006,3,1
155,2,2007,2,JPTP,42,4,2007,4,1
155,2,2007,2,JPTP,42,5,2007,3,3
155,2,2007,2,JPTP,44,2,2007,2,1
155,2,2007,2,JPTP,44,5,2007,2,3
155,2,2007,2,JPTP,44,5,2007,3,1
155,2,2007,2,JPTP,46,4,2007,3,3
155,2,2007,2,JPTP,46,5,2007,3,2
155,2,2007,2,JPTP,48,5,2007,3,2
156,2,2008,2,JPTP,42,5,2008,2,2
156,2,2008,2,JPTP,44,4,2008,3,1
156,2,2008,2,JPTP,44,5,2008,2,3
156,2,2008,2,JPTP,44,5,2008,3,1
156,2,2008,2,JPTP,46,2,2009,2,1
156,2,2008,2,JPTP,46,4,2008,3,1
156,2,2008,2,JPTP,46,5,2008,2,2
156,2,2008,2,JPTP,46,5,2008,3,4
156,2,2008,2,JPTP,48,5,2008,2,1
156,2,2008,2,JPTP,48,5,2008,3,2
156,2,2008,2,JPTP,50,5,2008,2,1
156,2,2008,2,JPTP,50,5,2008,3,2
156,2,2008,2,JPTP,52,4,2008,3,1
157,2,2009,2,JPTP,40,5,2009,2,1
157,2,2009,2,JPTP,40,5,2009,3,1
157,2,2009,2,JPTP,42,5,2009,3,1
158,2,2010,2,JPTP,42,4,2010,3,5
158,2,2010,2,JPTP,42,4,2010,4,1
158,2,2010,2,JPTP,42,5,2010,2,1
158,2,2010,2,JPTP,42,5,2010,3,5
158,2,2010,2,JPTP,44,4,2010,2,2
158,2,2010,2,JPTP,44,4,2010,3,3
158,2,2010,2,JPTP,44,4,2010,4,1
158,2,2010,2,JPTP,44,5,2010,2,1
158,2,2010,2,JPTP,44,5,2010,3,6
158,2,2010,2,JPTP,48,4,2010,3,1
159,2,2012,2,JPTP,42,5,2012,3,1
159,2,2012,2,JPTP,44,4,2012,3,1
159,2,2012,2,JPTP,46,2,2013,2,1
159,2,2012,2,JPTP,46,4,2012,3,1
159,2,2012,2,JPTP,46,5,2012,3,3
159,2,2012,2,JPTP,48,4,2012,3,1
159,2,2012,2,JPTP,48,5,2012,3,1
159,2,2012,2,JPTP,50,4,2012,3,1
159,2,2012,2,JPTP,52,4,2012,3,1
159,2,2012,2,JPTP,52,5,2012,3,1
160,2,2015,2,JPTP,44,5,2015,2,2
160,2,2015,2,JPTP,44,5,2015,3,2
160,2,2015,2,JPTP,46,4,2015,2,1
160,2,2015,2,JPTP,46,4,2015,3,4
160,2,2015,2,JPTP,46,5,2015,2,1
160,2,2015,2,JPTP,46,5,2015,3,10
160,2,2015,2,JPTP,48,4,2015,3,3
160,2,2015,2,JPTP,48,5,2015,2,5
160,2,2015,2,JPTP,48,5,2015,3,16
160,2,2015,2,JPTP,50,4,2015,3,1
160,2,2015,2,JPTP,50,5,2015,2,4
160,2,2015,2,JPTP,50,5,2015,3,22
160,2,2015,2,JPTP,52,4,2015,3,2
160,2,2015,2,JPTP,52,5,2015,2,3
160,2,2015,2,JPTP,52,5,2015,3,17
160,2,2015,2,JPTP,54,4,2015,3,1
160,2,2015,2,JPTP,54,5,2015,3,6
161,2,2016,2,JPTP,46,4,2016,3,1
161,2,2016,2,JPTP,46,5,2016,3,2
161,2,2016,2,JPTP,48,4,2016,3,1
161,2,2016,2,JPTP,50,5,2016,3,1
161,2,2016,2,JPTP,52,4,2016,3,4
162,2,2018,2,JPTP,42,4,2018,3,2
162,2,2018,2,JPTP,44,2,2018,2,1
162,2,2018,2,JPTP,48,1,2018,2,1
163,2,2019,4,JPTP,44,5,2020,3,1
163,2,2019,4,JPTP,46,4,2019,4,1
163,2,2019,4,JPTP,48,1,2020,2,1
163,2,2019,4,JPTP,48,1,2020,4,1
163,2,2019,4,JPTP,48,4,2020,3,1
163,2,2019,4,JPTP,50,1,2020,2,8
163,2,2019,4,JPTP,50,1,2020,3,1
163,2,2019,4,JPTP,50,1,2020,4,1
163,2,2019,4,JPTP,50,4,2019,4,2
163,2,2019,4,JPTP,50,4,2020,2,1
163,2,2019,4,JPTP,50,4,2020,3,5
163,2,2019,4,JPTP,50,4,2020,4,1
163,2,2019,4,JPTP,50,7,2020,2,1
163,2,2019,4,JPTP,52,1,2020,2,4
163,2,2019,4,JPTP,52,1,2020,3,1
163,2,2019,4,JPTP,52,4,2020,2,2
163,2,2019,4,JPTP,52,4,2020,3,3
163,2,2019,4,JPTP,52,4,2020,4,2
163,2,2019,4,JPTP,52,23,2021,1,1
163,2,2019,4,JPTP,54,1,2019,4,1
163,2,2019,4,JPTP,54,1,2020,2,5
163,2,2019,4,JPTP,54,1,2020,4,1
163,2,2019,4,JPTP,54,4,2019,4,1
163,2,2019,4,JPTP,54,4,2020,2,1
163,2,2019,4,JPTP,56,1,2020,2,1
164,2,2020,4,JPTP,34,1,2021,2,1
164,2,2020,4,JPTP,34,1,2021,3,1
164,2,2020,4,JPTP,34,4,2021,3,1
164,2,2020,4,JPTP,36,1,2021,2,1
164,2,2020,4,JPTP,36,1,2021,3,2
164,2,2020,4,JPTP,36,1,2022,2,1
164,2,2020,4,JPTP,36,4,2021,3,2
164,2,2020,4,JPTP,36,7,2021,1,1
164,2,2020,4,JPTP,38,1,2021,2,3
164,2,2020,4,JPTP,38,1,2021,3,2
164,2,2020,4,JPTP,38,2,2021,2,2
164,2,2020,4,JPTP,38,2,2022,2,1
164,2,2020,4,JPTP,38,4,2021,2,1
164,2,2020,4,JPTP,38,4,2021,3,2
164,2,2020,4,JPTP,38,4,2021,4,1
164,2,2020,4,JPTP,38,5,2021,2,2
164,2,2020,4,JPTP,38,5,2021,3,2
164,2,2020,4,JPTP,40,1,2021,2,1
164,2,2020,4,JPTP,40,1,2021,3,1
164,2,2020,4,JPTP,40,1,2022,2,1
164,2,2020,4,JPTP,40,2,2021,2,1
164,2,2020,4,JPTP,40,4,2021,2,2
164,2,2020,4,JPTP,40,4,2021,3,1
164,2,2020,4,JPTP,42,1,2021,3,1
164,2,2020,4,JPTP,42,5,2021,3,1
164,2,2020,4,JPTP,44,5,2021,3,1
164,2,2020,4,JPTP,46,4,2020,4,1
164,2,2020,4,JPTP,46,5,2021,2,1
164,2,2020,4,JPTP,68,4,2020,4,1
165,2,2021,2,JPTP,46,5,2021,3,2
165,2,2021,2,JPTP,48,4,2021,3,1
165,2,2021,2,JPTP,52,4,2021,4,1
166,2,2021,3,JPTP,50,2,2022,2,1
167,2,2022,4,JPTP,34,1,2023,2,2
167,2,2022,4,JPTP,34,2,2023,2,1
167,2,2022,4,JPTP,36,1,2023,2,1
167,2,2022,4,JPTP,36,1,2023,3,1
167,2,2022,4,JPTP,36,2,2023,2,1
167,2,2022,4,JPTP,36,4,2022,4,1
167,2,2022,4,JPTP,36,4,2023,3,2
167,2,2022,4,JPTP,36,5,2023,2,1
167,2,2022,4,JPTP,36,5,2023,3,4
167,2,2022,4,JPTP,36,7,2023,2,1
167,2,2022,4,JPTP,38,1,2023,2,3
167,2,2022,4,JPTP,38,7,2023,1,1
167,2,2022,4,JPTP,38,23,2023,1,1
168,3,1989,1,JPTP,30,7,1989,2,1
168,3,1989,1,JPTP,32,7,1989,2,1
168,3,1989,1,JPTP,34,1,1989,2,1
168,3,1989,1,JPTP,34,2,1989,2,1
168,3,1989,1,JPTP,36,2,1989,2,1
168,3,1989,1,JPTP,36,5,1989,2,1
168,3,1989,1,JPTP,36,7,1989,2,1
168,3,1989,1,JPTP,38,7,1989,1,1
168,3,1989,1,JPTP,38,8,1989,2,1
168,3,1989,1,JPTP,38,15,1989,2,1
168,3,1989,1,JPTP,38,23,1990,2,1
168,3,1989,1,JPTP,40,7,1989,1,1
168,3,1989,1,JPTP,40,7,1989,2,4
168,3,1989,1,JPTP,40,7,1990,2,1
168,3,1989,1,JPTP,40,15,1989,2,1
168,3,1989,1,JPTP,40,26,1989,3,1
168,3,1989,1,JPTP,42,5,1989,3,1
168,3,1989,1,JPTP,42,7,1989,1,2
168,3,1989,1,JPTP,42,7,1989,2,1
168,3,1989,1,JPTP,42,7,1989,3,1
168,3,1989,1,JPTP,42,15,1989,2,1
168,3,1989,1,JPTP,44,7,1989,1,3
168,3,1989,1,JPTP,44,7,1989,2,1
168,3,1989,1,JPTP,44,7,1989,3,1
168,3,1989,1,JPTP,44,8,1989,2,1
168,3,1989,1,JPTP,44,15,1989,2,1
168,3,1989,1,JPTP,44,26,1989,2,1
168,3,1989,1,JPTP,46,2,1989,2,2
168,3,1989,1,JPTP,46,7,1989,2,2
168,3,1989,1,JPTP,46,15,1989,2,1
168,3,1989,1,JPTP,46,26,1989,3,1
168,3,1989,1,JPTP,48,7,1989,1,2
168,3,1989,1,JPTP,48,7,1989,2,1
168,3,1989,1,JPTP,48,7,1989,3,1
168,3,1989,1,JPTP,48,15,1989,2,1
168,3,1989,1,JPTP,48,23,1990,2,1
168,3,1989,1,JPTP,50,7,1989,2,1
168,3,1989,1,JPTP,50,8,1989,2,1
168,3,1989,1,JPTP,50,15,1989,2,1
168,3,1989,1,JPTP,50,15,1989,3,1
168,3,1989,1,JPTP,52,7,1989,1,1
168,3,1989,1,JPTP,52,7,1990,2,1
168,3,1989,1,JPTP,54,7,1989,1,1
168,3,1989,1,JPTP,54,25,1989,2,1
168,3,1989,1,JPTP,56,5,1989,2,1
168,3,1989,1,JPTP,56,7,1989,1,1
168,3,1989,1,JPTP,56,7,1989,2,1
168,3,1989,1,JPTP,58,7,1989,1,1
168,3,1989,1,JPTP,58,7,1989,2,1
168,3,1989,1,JPTP,58,26,1989,3,1
168,3,1989,1,JPTP,62,15,1989,2,1
168,3,1989,1,JPTP,64,2,1989,2,1
169,3,1989,4,JPTP,36,4,1990,3,1
169,3,1989,4,JPTP,36,7,1990,1,1
169,3,1989,4,JPTP,38,1,1990,2,1
169,3,1989,4,JPTP,42,1,1990,3,1
169,3,1989,4,JPTP,42,7,1990,1,1
169,3,1989,4,JPTP,42,23,1990,2,1
169,3,1989,4,JPTP,44,1,1990,3,1
169,3,1989,4,JPTP,44,15,1990,2,1
169,3,1989,4,JPTP,44,26,1990,2,1
169,3,1989,4,JPTP,46,4,1990,3,1
169,3,1989,4,JPTP,48,1,1990,3,1
169,3,1989,4,JPTP,50,14,1990,2,1
169,3,1989,4,JPTP,56,4,1990,3,1
169,3,1989,4,JPTP,56,23,1990,2,1
169,3,1989,4,JPTP,58,7,1990,1,1
169,3,1989,4,JPTP,60,7,1990,2,1
169,3,1989,4,JPTP,60,26,1990,2,1
170,3,1990,1,JPTP,32,7,1990,2,1
170,3,1990,1,JPTP,34,23,1990,3,1
170,3,1990,1,JPTP,38,7,1990,2,1
170,3,1990,1,JPTP,38,7,1992,1,1
170,3,1990,1,JPTP,38,23,1990,2,1
170,3,1990,1,JPTP,38,23,1990,3,1
170,3,1990,1,JPTP,40,5,1990,3,1
170,3,1990,1,JPTP,40,7,1990,1,4
170,3,1990,1,JPTP,40,7,1990,2,1
170,3,1990,1,JPTP,40,23,1990,2,1
170,3,1990,1,JPTP,40,23,1990,3,1
170,3,1990,1,JPTP,40,23,1991,3,1
170,3,1990,1,JPTP,42,1,1990,3,1
170,3,1990,1,JPTP,42,4,1990,4,1
170,3,1990,1,JPTP,42,5,1990,3,1
170,3,1990,1,JPTP,42,7,1990,1,4
170,3,1990,1,JPTP,42,7,1990,2,1
170,3,1990,1,JPTP,42,7,1991,2,1
170,3,1990,1,JPTP,42,23,1990,2,3
170,3,1990,1,JPTP,42,23,1990,3,1
170,3,1990,1,JPTP,44,1,1990,2,1
170,3,1990,1,JPTP,44,7,1990,1,1
170,3,1990,1,JPTP,44,7,1990,2,2
170,3,1990,1,JPTP,44,7,1992,2,1
170,3,1990,1,JPTP,44,23,1990,2,2
170,3,1990,1,JPTP,46,1,1990,2,1
170,3,1990,1,JPTP,46,7,1990,1,1
170,3,1990,1,JPTP,46,7,1990,2,1
170,3,1990,1,JPTP,46,7,1992,1,1
170,3,1990,1,JPTP,48,7,1990,1,2
170,3,1990,1,JPTP,48,23,1992,2,1
170,3,1990,1,JPTP,50,5,1990,2,1
170,3,1990,1,JPTP,52,7,1990,1,1
170,3,1990,1,JPTP,54,23,1990,2,1
170,3,1990,1,JPTP,56,1,1990,2,1
170,3,1990,1,JPTP,56,23,1990,2,1
170,3,1990,1,JPTP,60,7,1990,2,1
170,3,1990,1,JPTP,62,7,1990,2,1
170,3,1990,1,JPTP,62,23,1990,2,1
171,3,1990,2,JPTP,40,4,1990,3,1
171,3,1990,2,JPTP,44,1,1990,2,2
171,3,1990,2,JPTP,44,2,1990,2,2
171,3,1990,2,JPTP,46,2,1990,3,1
171,3,1990,2,JPTP,50,1,1990,2,1
171,3,1990,2,JPTP,50,2,1990,2,1
171,3,1990,2,JPTP,54,4,1990,2,1
171,3,1990,2,JPTP,54,7,1990,2,1
171,3,1990,2,JPTP,60,8,1991,2,1
172,3,1990,3,JPTP,38,26,1991,3,2
172,3,1990,3,JPTP,40,15,1991,1,1
172,3,1990,3,JPTP,40,26,1991,4,1
172,3,1990,3,JPTP,42,23,1992,2,1
172,3,1990,3,JPTP,42,26,1991,2,1
172,3,1990,3,JPTP,44,26,1990,4,1
172,3,1990,3,JPTP,44,26,1991,4,1
172,3,1990,3,JPTP,46,14,1991,2,1
172,3,1990,3,JPTP,46,26,1991,1,2
172,3,1990,3,JPTP,54,7,1990,3,1
172,3,1990,3,JPTP,66,26,1991,4,1
173,3,1990,4,JPTP,36,25,1991,3,1
173,3,1990,4,JPTP,42,26,1991,3,1
173,3,1990,4,JPTP,44,26,1991,3,1
173,3,1990,4,JPTP,48,26,1990,4,1
174,3,1991,1,JPTP,34,1,1991,2,1
174,3,1991,1,JPTP,40,7,1991,3,1
174,3,1991,1,JPTP,40,7,1993,2,1
174,3,1991,1,JPTP,42,5,1991,2,1
174,3,1991,1,JPTP,44,7,1991,1,1
174,3,1991,1,JPTP,44,7,1991,3,2
174,3,1991,1,JPTP,54,7,1991,2,1
174,3,1991,1,JPTP,56,7,1991,2,1
175,3,1991,2,JPTP,46,23,1992,2,1
176,3,1991,4,JPTP,56,7,1992,2,1
176,3,1991,4,JPTP,64,26,1993,1,1
177,3,1992,1,JPTP,36,1,1992,3,1
177,3,1992,1,JPTP,36,7,1992,2,1
177,3,1992,1,JPTP,40,7,1992,1,1
177,3,1992,1,JPTP,42,7,1992,2,1
177,3,1992,1,JPTP,46,7,1992,3,1
177,3,1992,1,JPTP,48,7,1992,2,1
177,3,1992,1,JPTP,50,1,1992,2,1
177,3,1992,1,JPTP,52,26,1993,1,1
178,3,1993,1,JPTP,34,14,1993,2,1
178,3,1993,1,JPTP,36,5,1993,2,1
178,3,1993,1,JPTP,42,1,1993,2,2
178,3,1993,1,JPTP,42,7,1993,2,3
178,3,1993,1,JPTP,44,1,1993,2,1
178,3,1993,1,JPTP,44,1,1993,2,1
178,3,1993,1,JPTP,44,4,1993,3,1
178,3,1993,1,JPTP,48,1,1993,2,1
178,3,1993,1,JPTP,48,7,1993,2,1
178,3,1993,1,JPTP,52,7,1993,2,1
178,3,1993,1,JPTP,54,1,1993,2,1
178,3,1993,1,JPTP,58,1,1993,2,1
180,3,1994,1,JPTP,30,7,1994,2,1
180,3,1994,1,JPTP,30,23,1994,1,1
180,3,1994,1,JPTP,32,1,1994,3,1
180,3,1994,1,JPTP,34,4,1994,3,1
180,3,1994,1,JPTP,34,7,1994,1,2
180,3,1994,1,JPTP,36,7,1994,1,1
180,3,1994,1,JPTP,36,7,1994,2,1
180,3,1994,1,JPTP,36,26,1995,1,1
180,3,1994,1,JPTP,38,4,1996,3,1
180,3,1994,1,JPTP,38,7,1994,1,1
180,3,1994,1,JPTP,38,7,1994,2,3
180,3,1994,1,JPTP,40,1,1996,2,1
180,3,1994,1,JPTP,40,2,1994,2,1
180,3,1994,1,JPTP,40,4,1994,3,1
180,3,1994,1,JPTP,40,5,1994,2,1
180,3,1994,1,JPTP,40,7,1994,1,3
180,3,1994,1,JPTP,40,7,1994,2,1
180,3,1994,1,JPTP,40,23,1994,1,1
180,3,1994,1,JPTP,40,23,1994,2,1
180,3,1994,1,JPTP,40,25,1994,4,1
180,3,1994,1,JPTP,42,1,1994,3,1
180,3,1994,1,JPTP,42,7,1994,1,2
180,3,1994,1,JPTP,42,7,1994,2,6
180,3,1994,1,JPTP,42,7,1995,1,2
180,3,1994,1,JPTP,42,7,1995,2,1
180,3,1994,1,JPTP,42,23,1994,1,1
180,3,1994,1,JPTP,42,23,1994,2,1
180,3,1994,1,JPTP,42,25,1994,1,1
180,3,1994,1,JPTP,42,26,1994,1,1
180,3,1994,1,JPTP,42,26,1994,2,1
180,3,1994,1,JPTP,44,1,1994,3,1
180,3,1994,1,JPTP,44,7,1994,2,2
180,3,1994,1,JPTP,44,7,1994,3,1
180,3,1994,1,JPTP,44,7,1995,1,1
180,3,1994,1,JPTP,44,23,1994,2,2
180,3,1994,1,JPTP,44,26,1994,2,1
180,3,1994,1,JPTP,44,26,1995,1,1
180,3,1994,1,JPTP,46,4,1994,2,1
180,3,1994,1,JPTP,46,7,1994,2,6
180,3,1994,1,JPTP,46,23,1994,2,1
180,3,1994,1,JPTP,46,25,1994,1,1
180,3,1994,1,JPTP,46,26,1995,1,1
180,3,1994,1,JPTP,48,7,1994,2,2
180,3,1994,1,JPTP,48,26,1995,1,1
180,3,1994,1,JPTP,50,4,1994,3,1
180,3,1994,1,JPTP,50,7,1994,1,2
180,3,1994,1,JPTP,50,7,1994,2,2
180,3,1994,1,JPTP,50,7,1995,1,1
180,3,1994,1,JPTP,50,26,1995,3,1
180,3,1994,1,JPTP,52,1,1994,2,2
180,3,1994,1,JPTP,52,1,1994,3,1
180,3,1994,1,JPTP,52,4,1994,4,1
180,3,1994,1,JPTP,52,7,1994,1,1
180,3,1994,1,JPTP,52,7,1994,2,4
180,3,1994,1,JPTP,52,8,1994,2,1
180,3,1994,1,JPTP,54,1,1994,2,1
180,3,1994,1,JPTP,54,1,1994,3,1
180,3,1994,1,JPTP,54,7,1994,1,2
180,3,1994,1,JPTP,54,7,1994,2,2
180,3,1994,1,JPTP,56,7,1994,2,2
180,3,1994,1,JPTP,56,23,1994,2,1
180,3,1994,1,JPTP,56,25,1994,1,1
180,3,1994,1,JPTP,58,5,1994,3,1
180,3,1994,1,JPTP,58,7,1994,1,1
180,3,1994,1,JPTP,60,1,1994,2,1
180,3,1994,1,JPTP,60,7,1994,2,1
180,3,1994,1,JPTP,60,23,1994,2,1
180,3,1994,1,JPTP,62,1,1994,2,1
180,3,1994,1,JPTP,64,5,1994,3,1
180,3,1994,1,JPTP,70,23,1994,2,2
181,3,1994,2,JPTP,30,2,1994,2,1
181,3,1994,2,JPTP,30,7,1994,2,1
181,3,1994,2,JPTP,34,1,1994,2,2
181,3,1994,2,JPTP,34,2,1994,2,1
181,3,1994,2,JPTP,36,2,1994,2,3
181,3,1994,2,JPTP,38,1,1994,2,2
181,3,1994,2,JPTP,38,2,1994,2,1
181,3,1994,2,JPTP,38,7,1994,2,2
181,3,1994,2,JPTP,40,1,1994,2,5
181,3,1994,2,JPTP,40,2,1994,2,2
181,3,1994,2,JPTP,40,7,1994,2,1
181,3,1994,2,JPTP,42,1,1994,2,2
181,3,1994,2,JPTP,42,1,1994,3,1
181,3,1994,2,JPTP,42,2,1994,2,5
181,3,1994,2,JPTP,42,7,1994,2,1
181,3,1994,2,JPTP,44,1,1994,2,6
181,3,1994,2,JPTP,44,2,1994,2,5
181,3,1994,2,JPTP,44,7,1994,2,1
181,3,1994,2,JPTP,46,2,1994,2,3
181,3,1994,2,JPTP,46,4,1994,3,1
181,3,1994,2,JPTP,46,7,1994,2,2
181,3,1994,2,JPTP,48,1,1994,2,2
181,3,1994,2,JPTP,48,2,1994,2,1
181,3,1994,2,JPTP,50,1,1994,2,1
181,3,1994,2,JPTP,50,2,1994,2,1
181,3,1994,2,JPTP,52,1,1994,2,2
181,3,1994,2,JPTP,52,2,1994,2,4
181,3,1994,2,JPTP,54,1,1994,2,2
181,3,1994,2,JPTP,56,1,1994,2,2
181,3,1994,2,JPTP,56,2,1994,2,2
181,3,1994,2,JPTP,56,7,1994,2,1
181,3,1994,2,JPTP,58,1,1994,2,1
181,3,1994,2,JPTP,58,2,1994,2,1
181,3,1994,2,JPTP,62,1,1994,2,1
181,3,1994,2,JPTP,62,2,1994,2,2
181,3,1994,2,JPTP,70,2,1994,2,1
182,3,1995,1,JPTP,32,7,1995,2,1
182,3,1995,1,JPTP,34,7,1995,2,1
182,3,1995,1,JPTP,34,7,1996,2,1
182,3,1995,1,JPTP,34,26,1995,3,1
182,3,1995,1,JPTP,36,1,1995,1,2
182,3,1995,1,JPTP,36,7,1995,1,2
182,3,1995,1,JPTP,36,26,1995,1,1
182,3,1995,1,JPTP,38,7,1995,1,2
182,3,1995,1,JPTP,38,7,1995,2,1
182,3,1995,1,JPTP,38,29,1995,2,1
182,3,1995,1,JPTP,40,1,1995,2,1
182,3,1995,1,JPTP,40,7,1995,1,4
182,3,1995,1,JPTP,40,7,1995,2,1
182,3,1995,1,JPTP,40,8,1995,2,1
182,3,1995,1,JPTP,40,15,1995,2,1
182,3,1995,1,JPTP,40,15,1995,3,1
182,3,1995,1,JPTP,40,25,1995,2,1
182,3,1995,1,JPTP,42,1,1995,1,1
182,3,1995,1,JPTP,42,1,1995,2,1
182,3,1995,1,JPTP,42,2,1995,2,1
182,3,1995,1,JPTP,42,5,1995,3,1
182,3,1995,1,JPTP,42,7,1995,1,8
182,3,1995,1,JPTP,42,8,1995,2,1
182,3,1995,1,JPTP,42,23,1996,2,1
182,3,1995,1,JPTP,42,25,1995,2,1
182,3,1995,1,JPTP,42,26,1995,1,1
182,3,1995,1,JPTP,42,26,1995,3,1
182,3,1995,1,JPTP,42,26,1995,4,1
182,3,1995,1,JPTP,44,1,1995,2,1
182,3,1995,1,JPTP,44,5,1995,2,1
182,3,1995,1,JPTP,44,7,1995,2,1
182,3,1995,1,JPTP,44,26,1995,2,2
182,3,1995,1,JPTP,46,1,1995,2,2
182,3,1995,1,JPTP,46,4,1995,3,1
182,3,1995,1,JPTP,46,7,1995,1,5
182,3,1995,1,JPTP,46,7,1995,2,1
182,3,1995,1,JPTP,46,8,1995,3,1
182,3,1995,1,JPTP,46,15,1995,3,1
182,3,1995,1,JPTP,46,26,1995,2,1
182,3,1995,1,JPTP,48,1,1995,2,1
182,3,1995,1,JPTP,48,4,1995,2,1
182,3,1995,1,JPTP,48,26,1995,2,2
182,3,1995,1,JPTP,48,26,1995,3,1
182,3,1995,1,JPTP,50,7,1995,2,1
182,3,1995,1,JPTP,52,7,1995,1,2
182,3,1995,1,JPTP,52,25,1995,2,1
182,3,1995,1,JPTP,54,4,1995,3,1
182,3,1995,1,JPTP,54,5,1995,3,1
182,3,1995,1,JPTP,54,7,1995,1,1
182,3,1995,1,JPTP,54,7,1996,1,1
182,3,1995,1,JPTP,54,26,1995,2,2
182,3,1995,1,JPTP,56,5,1995,2,1
182,3,1995,1,JPTP,56,7,1995,1,1
182,3,1995,1,JPTP,56,15,1995,2,1
182,3,1995,1,JPTP,58,2,1995,2,1
182,3,1995,1,JPTP,58,7,1995,1,1
182,3,1995,1,JPTP,58,7,1995,2,1
182,3,1995,1,JPTP,60,5,1995,3,1
182,3,1995,1,JPTP,62,15,1995,2,1
182,3,1995,1,JPTP,64,7,1995,1,1
182,3,1995,1,JPTP,66,2,1995,2,1
182,3,1995,1,JPTP,70,15,1996,2,1
183,3,1995,2,JPTP,48,26,1995,2,1
184,3,1995,4,JPTP,34,7,1996,2,1
184,3,1995,4,JPTP,34,8,1996,4,1
184,3,1995,4,JPTP,38,7,1996,1,1
184,3,1995,4,JPTP,38,7,1996,2,3
184,3,1995,4,JPTP,38,23,1997,2,1
184,3,1995,4,JPTP,40,5,1996,2,1
184,3,1995,4,JPTP,40,7,1995,4,2
184,3,1995,4,JPTP,40,7,1996,1,2
184,3,1995,4,JPTP,40,7,1996,2,3
184,3,1995,4,JPTP,40,23,1996,4,1
184,3,1995,4,JPTP,42,7,1996,2,5
184,3,1995,4,JPTP,42,23,1996,2,2
184,3,1995,4,JPTP,42,25,1996,1,1
184,3,1995,4,JPTP,44,7,1996,2,1
184,3,1995,4,JPTP,44,8,1996,2,1
184,3,1995,4,JPTP,44,8,1996,4,1
184,3,1995,4,JPTP,46,7,1996,1,1
184,3,1995,4,JPTP,46,7,1996,2,1
184,3,1995,4,JPTP,46,23,1996,2,1
184,3,1995,4,JPTP,48,7,1996,2,2
184,3,1995,4,JPTP,50,7,1996,2,1
184,3,1995,4,JPTP,50,8,1996,4,1
184,3,1995,4,JPTP,52,7,1996,2,1
184,3,1995,4,JPTP,52,8,1996,2,1
184,3,1995,4,JPTP,56,7,1996,2,1
184,3,1995,4,JPTP,58,7,1996,2,2
185,3,1996,1,JPTP,34,7,1996,2,2
185,3,1996,1,JPTP,34,23,1996,1,1
185,3,1996,1,JPTP,34,26,1996,4,1
185,3,1996,1,JPTP,36,7,1996,2,1
185,3,1996,1,JPTP,36,8,1996,2,1
185,3,1996,1,JPTP,38,7,1996,2,1
185,3,1996,1,JPTP,38,7,1997,2,1
185,3,1996,1,JPTP,38,26,1996,2,1
185,3,1996,1,JPTP,40,7,1996,2,7
185,3,1996,1,JPTP,40,8,1996,2,1
185,3,1996,1,JPTP,40,8,1996,3,2
185,3,1996,1,JPTP,42,7,1996,2,8
185,3,1996,1,JPTP,42,8,1996,4,3
185,3,1996,1,JPTP,44,7,1996,2,4
185,3,1996,1,JPTP,44,8,1996,2,1
185,3,1996,1,JPTP,44,8,1996,4,1
185,3,1996,1,JPTP,44,26,1996,3,1
185,3,1996,1,JPTP,46,7,1996,2,3
185,3,1996,1,JPTP,46,8,1996,2,1
185,3,1996,1,JPTP,46,26,1996,3,1
185,3,1996,1,JPTP,48,8,1996,2,2
185,3,1996,1,JPTP,50,7,1996,2,2
185,3,1996,1,JPTP,50,23,1996,2,1
185,3,1996,1,JPTP,52,7,1996,2,3
185,3,1996,1,JPTP,52,8,1996,2,1
185,3,1996,1,JPTP,52,23,1996,3,1
185,3,1996,1,JPTP,54,7,1996,1,2
185,3,1996,1,JPTP,54,7,1996,2,3
185,3,1996,1,JPTP,54,8,1996,4,2
185,3,1996,1,JPTP,56,7,1996,2,2
185,3,1996,1,JPTP,58,7,1996,1,1
185,3,1996,1,JPTP,58,7,1996,2,2
185,3,1996,1,JPTP,58,23,1996,2,1
185,3,1996,1,JPTP,62,8,1996,4,1
185,3,1996,1,JPTP,62,26,1996,4,1
185,3,1996,1,JPTP,64,7,1997,1,1
185,3,1996,1,JPTP,68,7,1996,2,1
185,3,1996,1,JPTP,74,7,1996,2,1
187,3,1997,1,JPTP,36,7,1997,1,3
187,3,1997,1,JPTP,38,5,1998,2,1
187,3,1997,1,JPTP,38,7,1997,1,1
187,3,1997,1,JPTP,38,7,1997,3,1
187,3,1997,1,JPTP,40,5,1997,3,1
187,3,1997,1,JPTP,40,7,1997,1,3
187,3,1997,1,JPTP,42,2,1997,2,1
187,3,1997,1,JPTP,42,7,1997,1,3
187,3,1997,1,JPTP,44,7,1997,1,3
187,3,1997,1,JPTP,44,23,1998,1,1
187,3,1997,1,JPTP,46,7,1997,1,1
187,3,1997,1,JPTP,48,1,1997,2,1
187,3,1997,1,JPTP,48,7,1997,1,1
187,3,1997,1,JPTP,50,2,1997,2,1
187,3,1997,1,JPTP,54,4,1997,3,1
187,3,1997,1,JPTP,54,7,1997,1,1
187,3,1997,1,JPTP,56,7,1997,1,2
187,3,1997,1,JPTP,56,7,1997,2,1
187,3,1997,1,JPTP,56,7,1997,3,1
187,3,1997,1,JPTP,58,7,1997,1,1
187,3,1997,1,JPTP,58,10,1998,4,1
187,3,1997,1,JPTP,66,7,1997,1,1
187,3,1997,1,JPTP,66,25,1998,2,1
187,3,1997,1,JPTP,66,26,1998,2,1
187,3,1997,1,JPTP,68,4,1997,3,1
187,3,1997,1,JPTP,68,23,1998,2,1
187,3,1997,1,JPTP,70,7,1997,1,1
187,3,1997,1,JPTP,72,7,1997,1,1
189,3,1999,4,JPTP,38,5,2000,3,1
189,3,1999,4,JPTP,40,1,1999,4,1
189,3,1999,4,JPTP,40,1,2000,1,2
189,3,1999,4,JPTP,40,4,2000,3,2
189,3,1999,4,JPTP,42,1,2000,2,1
189,3,1999,4,JPTP,42,5,2000,3,1
189,3,1999,4,JPTP,44,1,1999,4,1
190,3,2000,1,JPTP,42,2,2000,2,1
190,3,2000,1,JPTP,48,5,2000,2,1
190,3,2000,1,JPTP,52,1,2000,2,1
191,3,2001,1,JPTP,44,5,2001,2,1
192,3,2002,1,JPTP,36,7,2002,2,2
192,3,2002,1,JPTP,46,7,2002,2,2
192,3,2002,1,JPTP,46,7,2003,1,1
192,3,2002,1,JPTP,48,1,2002,2,1
192,3,2002,1,JPTP,54,7,2003,1,1
192,3,2002,1,JPTP,58,7,2002,2,1
192,3,2002,1,JPTP,60,1,2002,2,1
192,3,2002,1,JPTP,60,7,2002,1,1
192,3,2002,1,JPTP,60,7,2003,1,1
192,3,2002,1,JPTP,62,7,2002,1,4
192,3,2002,1,JPTP,62,7,2002,2,1
192,3,2002,1,JPTP,64,7,2002,1,5
192,3,2002,1,JPTP,64,7,2002,2,1
192,3,2002,1,JPTP,66,7,2002,1,1
193,3,2002,2,JPTP,42,4,2002,3,1
193,3,2002,2,JPTP,44,7,2003,2,1
194,3,2002,4,JPTP,52,7,2003,1,1
194,3,2002,4,JPTP,54,1,2003,2,1
194,3,2002,4,JPTP,56,1,2003,2,1
194,3,2002,4,JPTP,56,25,2005,2,1
194,3,2002,4,JPTP,58,7,2003,1,2
194,3,2002,4,JPTP,60,7,2003,2,1
194,3,2002,4,JPTP,62,7,2003,1,1
194,3,2002,4,JPTP,62,23,2003,2,1
195,3,2003,1,JPTP,56,7,2003,1,1
195,3,2003,1,JPTP,60,1,2003,2,1
195,3,2003,1,JPTP,60,7,2003,1,2
195,3,2003,1,JPTP,60,7,2003,2,1
195,3,2003,1,JPTP,64,7,2003,1,1
195,3,2003,1,JPTP,64,7,2003,2,1
195,3,2003,1,JPTP,66,7,2003,1,3
195,3,2003,1,JPTP,68,7,2003,1,3
195,3,2003,1,JPTP,68,7,2003,2,1
195,3,2003,1,JPTP,68,23,2003,1,1
195,3,2003,1,JPTP,68,23,2003,2,1
195,3,2003,1,JPTP,70,7,2003,1,3
195,3,2003,1,JPTP,70,7,2003,2,1
195,3,2003,1,JPTP,70,23,2003,2,1
195,3,2003,1,JPTP,72,7,2003,2,1
195,3,2003,1,JPTP,74,7,2003,1,1
196,3,2003,4,JPTP,50,7,2003,4,1
196,3,2003,4,JPTP,50,7,2004,1,1
196,3,2003,4,JPTP,50,7,2005,1,1
196,3,2003,4,JPTP,52,7,2004,1,1
196,3,2003,4,JPTP,54,7,2004,1,1
196,3,2003,4,JPTP,54,26,2005,1,1
197,3,2004,1,JPTP,40,7,2004,2,2
197,3,2004,1,JPTP,42,1,2004,2,1
197,3,2004,1,JPTP,42,7,2004,1,1
197,3,2004,1,JPTP,56,7,2004,1,2
197,3,2004,1,JPTP,60,7,2004,1,1
197,3,2004,1,JPTP,78,7,2004,1,1
199,3,2005,1,JPTP,36,7,2005,2,1
199,3,2005,1,JPTP,44,5,2005,2,1
199,3,2005,1,JPTP,48,7,2005,1,1
199,3,2005,1,JPTP,50,1,2005,2,1
199,3,2005,1,JPTP,60,7,2005,1,1
199,3,2005,1,JPTP,62,7,2005,1,1
199,3,2005,1,JPTP,64,7,2005,1,3
199,3,2005,1,JPTP,64,7,2005,2,1
200,3,2006,1,JPTP,52,5,2006,3,1
200,3,2006,1,JPTP,60,7,2006,1,1
200,3,2006,1,JPTP,64,7,2006,1,1
200,3,2006,1,JPTP,66,7,2006,1,1
200,3,2006,1,JPTP,72,7,2006,1,2
202,3,2007,1,JPTP,28,5,2007,3,1
202,3,2007,1,JPTP,34,5,2007,3,1
202,3,2007,1,JPTP,36,4,2007,3,1
202,3,2007,1,JPTP,40,1,2007,2,1
202,3,2007,1,JPTP,42,5,2007,3,1
202,3,2007,1,JPTP,44,1,2007,2,2
202,3,2007,1,JPTP,44,4,2007,2,1
202,3,2007,1,JPTP,46,5,2007,3,1
202,3,2007,1,JPTP,48,5,2007,3,1
202,3,2007,1,JPTP,52,5,2007,3,1
202,3,2007,1,JPTP,60,2,2007,2,1
202,3,2007,1,JPTP,66,7,2007,2,1
202,3,2007,1,JPTP,70,1,2007,2,1
203,3,2007,2,JPTP,38,5,2007,3,1
203,3,2007,2,JPTP,40,1,2007,2,1
203,3,2007,2,JPTP,42,1,2007,2,1
203,3,2007,2,JPTP,42,7,2007,2,3
203,3,2007,2,JPTP,44,1,2007,3,1
203,3,2007,2,JPTP,44,7,2007,2,2
203,3,2007,2,JPTP,46,7,2007,2,1
203,3,2007,2,JPTP,50,1,2007,2,1
203,3,2007,2,JPTP,52,1,2007,2,1
204,3,2007,4,JPTP,54,7,2009,1,1
205,3,2008,1,JPTP,46,1,2008,2,1
205,3,2008,1,JPTP,46,7,2008,2,1
205,3,2008,1,JPTP,48,7,2008,2,1
205,3,2008,1,JPTP,54,7,2008,1,1
206,3,2008,4,JPTP,50,23,2009,2,1
206,3,2008,4,JPTP,52,7,2009,1,1
206,3,2008,4,JPTP,54,7,2009,1,2
206,3,2008,4,JPTP,54,23,2009,2,1
207,3,2009,1,JPTP,46,7,2009,1,1
207,3,2009,1,JPTP,46,7,2009,2,2
207,3,2009,1,JPTP,50,7,2009,1,1
207,3,2009,1,JPTP,66,7,2009,1,2
207,3,2009,1,JPTP,68,7,2009,1,1
208,3,2009,2,JPTP,36,5,2009,3,1
208,3,2009,2,JPTP,38,7,2009,2,2
208,3,2009,2,JPTP,40,1,2009,2,2
208,3,2009,2,JPTP,40,7,2009,2,3
208,3,2009,2,JPTP,40,7,2009,3,1
208,3,2009,2,JPTP,42,1,2009,3,3
208,3,2009,2,JPTP,42,7,2009,2,13
208,3,2009,2,JPTP,44,1,2009,3,1
208,3,2009,2,JPTP,44,7,2009,2,7
208,3,2009,2,JPTP,46,1,2009,3,4
208,3,2009,2,JPTP,48,1,2009,2,1
208,3,2009,2,JPTP,50,1,2009,3,1
208,3,2009,2,JPTP,50,7,2010,1,1
209,3,2010,1,JPTP,40,5,2010,2,1
209,3,2010,1,JPTP,44,7,2010,1,1
210,3,2010,2,JPTP,38,7,2010,3,4
210,3,2010,2,JPTP,40,1,2010,2,2
210,3,2010,2,JPTP,40,5,2010,3,1
210,3,2010,2,JPTP,40,7,2010,2,22
210,3,2010,2,JPTP,40,7,2010,3,30
210,3,2010,2,JPTP,42,1,2010,2,1
210,3,2010,2,JPTP,42,1,2010,2,1
210,3,2010,2,JPTP,42,7,2010,2,5
210,3,2010,2,JPTP,42,7,2010,3,17
210,3,2010,2,JPTP,44,1,2010,3,1
210,3,2010,2,JPTP,44,7,2010,2,2
210,3,2010,2,JPTP,44,7,2010,3,3
211,3,2011,1,JPTP,40,4,2011,4,1
211,3,2011,1,JPTP,42,7,2011,1,1
211,3,2011,1,JPTP,44,7,2011,1,1
211,3,2011,1,JPTP,46,7,2011,1,1
211,3,2011,1,JPTP,50,7,2011,1,1
211,3,2011,1,JPTP,54,7,2011,2,1
211,3,2011,1,JPTP,56,7,2011,1,1
211,3,2011,1,JPTP,60,7,2011,1,3
211,3,2011,1,JPTP,64,7,2011,1,1
212,3,2011,2,JPTP,40,1,2011,3,1
212,3,2011,2,JPTP,42,1,2011,3,1
212,3,2011,2,JPTP,42,7,2011,3,1
212,3,2011,2,JPTP,46,1,2011,3,1
214,3,2012,1,JPTP,34,7,2012,2,1
214,3,2012,1,JPTP,34,7,2012,3,1
214,3,2012,1,JPTP,36,1,2012,2,1
214,3,2012,1,JPTP,36,1,2012,3,1
214,3,2012,1,JPTP,36,1,2012,3,1
214,3,2012,1,JPTP,36,5,2012,3,1
214,3,2012,1,JPTP,36,7,2012,2,3
214,3,2012,1,JPTP,36,7,2012,3,6
214,3,2012,1,JPTP,36,7,2012,4,1
214,3,2012,1,JPTP,36,26,2012,2,1
214,3,2012,1,JPTP,38,1,2012,1,1
214,3,2012,1,JPTP,38,1,2012,2,10
214,3,2012,1,JPTP,38,1,2012,3,3
214,3,2012,1,JPTP,38,1,2013,2,2
214,3,2012,1,JPTP,38,2,2012,2,8
214,3,2012,1,JPTP,38,4,2012,3,3
214,3,2012,1,JPTP,38,4,2012,4,2
214,3,2012,1,JPTP,38,5,2012,3,1
214,3,2012,1,JPTP,38,5,2013,2,1
214,3,2012,1,JPTP,38,7,2012,1,2
214,3,2012,1,JPTP,38,7,2012,2,9
214,3,2012,1,JPTP,38,7,2012,3,5
214,3,2012,1,JPTP,38,7,2013,1,2
214,3,2012,1,JPTP,38,7,2013,3,1
214,3,2012,1,JPTP,40,1,2012,2,9
214,3,2012,1,JPTP,40,1,2012,2,1
214,3,2012,1,JPTP,40,1,2012,3,1
214,3,2012,1,JPTP,40,2,2012,2,7
214,3,2012,1,JPTP,40,2,2012,3,1
214,3,2012,1,JPTP,40,4,2012,3,4
214,3,2012,1,JPTP,40,5,2012,2,1
214,3,2012,1,JPTP,40,5,2012,3,3
214,3,2012,1,JPTP,40,7,2012,2,5
214,3,2012,1,JPTP,40,7,2013,2,1
214,3,2012,1,JPTP,42,1,2012,2,3
214,3,2012,1,JPTP,42,2,2012,2,5
214,3,2012,1,JPTP,42,2,2013,2,1
214,3,2012,1,JPTP,42,4,2012,3,2
214,3,2012,1,JPTP,42,4,2012,4,2
214,3,2012,1,JPTP,42,5,2012,2,1
214,3,2012,1,JPTP,42,5,2012,3,6
214,3,2012,1,JPTP,42,7,2012,1,2
214,3,2012,1,JPTP,42,7,2012,2,6
214,3,2012,1,JPTP,42,20,2012,1,1
214,3,2012,1,JPTP,42,26,2012,2,1
214,3,2012,1,JPTP,44,1,2012,2,2
214,3,2012,1,JPTP,44,1,2012,3,1
214,3,2012,1,JPTP,44,2,2012,2,2
214,3,2012,1,JPTP,44,4,2012,3,1
214,3,2012,1,JPTP,44,5,2012,2,1
214,3,2012,1,JPTP,44,7,2012,1,3
214,3,2012,1,JPTP,44,7,2012,2,2
214,3,2012,1,JPTP,44,7,2013,1,1
214,3,2012,1,JPTP,46,7,2012,1,8
214,3,2012,1,JPTP,46,7,2012,2,2
214,3,2012,1,JPTP,48,1,2012,2,1
214,3,2012,1,JPTP,48,7,2012,1,5
214,3,2012,1,JPTP,56,1,2012,2,1
214,3,2012,1,JPTP,56,7,2012,1,1
214,3,2012,1,JPTP,56,7,2012,2,1
214,3,2012,1,JPTP,58,7,2013,1,1
214,3,2012,1,JPTP,60,7,2012,1,1
214,3,2012,1,JPTP,64,7,2012,1,4
214,3,2012,1,JPTP,64,7,2012,2,2
214,3,2012,1,JPTP,64,12,2012,3,1
214,3,2012,1,JPTP,66,7,2012,1,1
214,3,2012,1,JPTP,68,7,2012,2,1
214,3,2012,1,JPTP,70,7,2012,1,7
214,3,2012,1,JPTP,70,7,2012,2,1
214,3,2012,1,JPTP,72,7,2012,1,1
214,3,2012,1,JPTP,74,7,2012,2,1
215,3,2012,2,JPTP,38,1,2012,2,1
215,3,2012,2,JPTP,38,1,2013,2,1
215,3,2012,2,JPTP,38,7,2012,2,3
215,3,2012,2,JPTP,38,7,2012,3,3
215,3,2012,2,JPTP,40,1,2013,2,2
215,3,2012,2,JPTP,40,7,2012,2,1
215,3,2012,2,JPTP,40,7,2012,3,2
215,3,2012,2,JPTP,44,7,2012,2,1
216,3,2012,4,JPTP,38,4,2013,3,1
216,3,2012,4,JPTP,40,7,2013,2,1
217,3,2013,1,JPTP,32,1,2013,3,4
217,3,2013,1,JPTP,32,2,2013,2,2
217,3,2013,1,JPTP,32,5,2013,2,3
217,3,2013,1,JPTP,32,5,2013,3,1
217,3,2013,1,JPTP,32,7,2013,3,1
217,3,2013,1,JPTP,32,26,2013,2,1
217,3,2013,1,JPTP,34,1,2013,2,15
217,3,2013,1,JPTP,34,1,2013,3,12
217,3,2013,1,JPTP,34,2,2013,2,8
217,3,2013,1,JPTP,34,2,2013,3,1
217,3,2013,1,JPTP,34,4,2013,2,1
217,3,2013,1,JPTP,34,4,2013,3,4
217,3,2013,1,JPTP,34,4,2013,4,2
217,3,2013,1,JPTP,34,5,2013,2,4
217,3,2013,1,JPTP,34,5,2013,3,5
217,3,2013,1,JPTP,34,7,2013,2,3
217,3,2013,1,JPTP,34,7,2013,3,1
217,3,2013,1,JPTP,34,7,2014,2,1
217,3,2013,1,JPTP,36,1,2013,2,15
217,3,2013,1,JPTP,36,1,2013,3,7
217,3,2013,1,JPTP,36,2,2013,2,4
217,3,2013,1,JPTP,36,4,2013,2,1
217,3,2013,1,JPTP,36,4,2013,3,4
217,3,2013,1,JPTP,36,5,2013,2,2
217,3,2013,1,JPTP,36,5,2013,3,4
217,3,2013,1,JPTP,36,7,2013,2,3
217,3,2013,1,JPTP,36,7,2013,3,2
217,3,2013,1,JPTP,36,7,2015,2,1
217,3,2013,1,JPTP,36,20,2013,2,1
217,3,2013,1,JPTP,36,26,2014,1,1
217,3,2013,1,JPTP,38,1,2013,1,1
217,3,2013,1,JPTP,38,1,2013,2,28
217,3,2013,1,JPTP,38,1,2013,3,7
217,3,2013,1,JPTP,38,2,2013,2,12
217,3,2013,1,JPTP,38,4,2013,2,1
217,3,2013,1,JPTP,38,4,2013,3,7
217,3,2013,1,JPTP,38,5,2013,2,1
217,3,2013,1,JPTP,38,5,2013,3,5
217,3,2013,1,JPTP,38,7,2013,1,2
217,3,2013,1,JPTP,38,7,2013,2,4
217,3,2013,1,JPTP,38,7,2015,3,1
217,3,2013,1,JPTP,38,23,2015,1,1
217,3,2013,1,JPTP,38,26,2014,2,1
217,3,2013,1,JPTP,40,1,2013,1,1
217,3,2013,1,JPTP,40,1,2013,2,12
217,3,2013,1,JPTP,40,1,2013,3,2
217,3,2013,1,JPTP,40,2,2013,2,7
217,3,2013,1,JPTP,40,4,2013,2,4
217,3,2013,1,JPTP,40,4,2013,3,3
217,3,2013,1,JPTP,40,4,2013,4,1
217,3,2013,1,JPTP,40,5,2013,2,5
217,3,2013,1,JPTP,40,5,2013,3,4
217,3,2013,1,JPTP,40,7,2013,1,8
217,3,2013,1,JPTP,40,7,2013,2,5
217,3,2013,1,JPTP,42,1,2013,2,7
217,3,2013,1,JPTP,42,1,2013,2,1
217,3,2013,1,JPTP,42,1,2013,3,3
217,3,2013,1,JPTP,42,2,2013,2,5
217,3,2013,1,JPTP,42,4,2013,3,1
217,3,2013,1,JPTP,42,5,2013,2,2
217,3,2013,1,JPTP,42,5,2013,3,3
217,3,2013,1,JPTP,42,7,2013,1,17
217,3,2013,1,JPTP,42,7,2013,2,10
217,3,2013,1,JPTP,44,1,2013,2,7
217,3,2013,1,JPTP,44,1,2013,3,2
217,3,2013,1,JPTP,44,2,2013,2,4
217,3,2013,1,JPTP,44,4,2013,3,7
217,3,2013,1,JPTP,44,4,2013,4,1
217,3,2013,1,JPTP,44,5,2013,2,2
217,3,2013,1,JPTP,44,5,2013,3,6
217,3,2013,1,JPTP,44,7,2013,1,15
217,3,2013,1,JPTP,44,7,2013,2,6
217,3,2013,1,JPTP,46,1,2013,2,4
217,3,2013,1,JPTP,46,2,2013,2,1
217,3,2013,1,JPTP,46,4,2013,2,1
217,3,2013,1,JPTP,46,4,2013,3,3
217,3,2013,1,JPTP,46,5,2013,3,3
217,3,2013,1,JPTP,46,7,2013,1,5
217,3,2013,1,JPTP,46,7,2013,2,3
217,3,2013,1,JPTP,48,1,2013,2,1
217,3,2013,1,JPTP,48,2,2013,2,1
217,3,2013,1,JPTP,48,4,2013,3,2
217,3,2013,1,JPTP,48,7,2013,1,1
217,3,2013,1,JPTP,50,5,2013,3,1
217,3,2013,1,JPTP,50,7,2013,1,1
217,3,2013,1,JPTP,52,1,2013,2,1
217,3,2013,1,JPTP,52,2,2013,2,1
217,3,2013,1,JPTP,52,23,2013,1,1
217,3,2013,1,JPTP,54,4,2013,3,1
217,3,2013,1,JPTP,56,7,2013,1,2
217,3,2013,1,JPTP,58,7,2013,1,1
217,3,2013,1,JPTP,62,4,2013,3,1
217,3,2013,1,JPTP,66,7,2013,2,1
217,3,2013,1,JPTP,68,7,2013,1,6
217,3,2013,1,JPTP,68,7,2013,2,1
217,3,2013,1,JPTP,70,7,2013,1,2
217,3,2013,1,JPTP,72,7,2013,1,3
218,3,2013,2,JPTP,44,7,2013,2,1
218,3,2013,2,JPTP,44,7,2013,3,1
219,3,2013,4,JPTP,44,7,2014,2,1
219,3,2013,4,JPTP,52,7,2015,2,1
220,3,2014,1,JPTP,36,8,2014,2,1
220,3,2014,1,JPTP,38,7,2014,2,1
220,3,2014,1,JPTP,40,1,2014,2,1
220,3,2014,1,JPTP,40,7,2014,3,1
220,3,2014,1,JPTP,44,1,2014,1,1
220,3,2014,1,JPTP,44,7,2014,2,1
220,3,2014,1,JPTP,44,23,2016,2,1
220,3,2014,1,JPTP,46,1,2014,1,1
220,3,2014,1,JPTP,46,7,2014,2,1
220,3,2014,1,JPTP,48,1,2014,2,1
220,3,2014,1,JPTP,52,7,2014,2,1
221,3,2014,2,JPTP,40,7,2014,3,2
221,3,2014,2,JPTP,42,1,2014,2,1
223,3,2015,1,JPTP,36,7,2015,2,7
223,3,2015,1,JPTP,36,7,2015,3,1
223,3,2015,1,JPTP,38,7,2015,1,5
223,3,2015,1,JPTP,38,7,2015,2,26
223,3,2015,1,JPTP,40,1,2015,2,4
223,3,2015,1,JPTP,40,7,2015,1,18
223,3,2015,1,JPTP,40,7,2015,2,69
223,3,2015,1,JPTP,40,7,2017,2,1
223,3,2015,1,JPTP,42,1,2015,2,6
223,3,2015,1,JPTP,42,2,2015,2,2
223,3,2015,1,JPTP,42,5,2015,2,2
223,3,2015,1,JPTP,42,5,2015,3,1
223,3,2015,1,JPTP,42,7,2015,1,35
223,3,2015,1,JPTP,42,7,2015,2,57
223,3,2015,1,JPTP,42,7,2017,1,1
223,3,2015,1,JPTP,44,1,2015,2,1
223,3,2015,1,JPTP,44,4,2015,2,4
223,3,2015,1,JPTP,44,5,2015,2,1
223,3,2015,1,JPTP,44,5,2015,3,1
223,3,2015,1,JPTP,44,7,2015,1,15
223,3,2015,1,JPTP,44,7,2015,2,37
223,3,2015,1,JPTP,44,7,2015,4,1
223,3,2015,1,JPTP,44,7,2016,1,1
223,3,2015,1,JPTP,44,10,2015,2,1
223,3,2015,1,JPTP,44,23,2016,2,1
223,3,2015,1,JPTP,46,1,2015,2,3
223,3,2015,1,JPTP,46,7,2015,1,4
223,3,2015,1,JPTP,46,7,2015,2,7
223,3,2015,1,JPTP,48,1,2015,2,1
223,3,2015,1,JPTP,48,7,2015,2,2
223,3,2015,1,JPTP,56,7,2015,1,1
223,3,2015,1,JPTP,56,7,2015,2,1
223,3,2015,1,JPTP,58,7,2015,1,1
223,3,2015,1,JPTP,58,7,2015,2,1
223,3,2015,1,JPTP,60,7,2015,1,1
223,3,2015,1,JPTP,60,7,2015,2,1
223,3,2015,1,JPTP,62,7,2015,1,3
223,3,2015,1,JPTP,62,7,2015,2,1
223,3,2015,1,JPTP,64,1,2015,1,1
223,3,2015,1,JPTP,64,1,2015,2,1
223,3,2015,1,JPTP,64,7,2015,2,3
223,3,2015,1,JPTP,66,7,2015,2,1
223,3,2015,1,JPTP,68,23,2016,1,1
224,3,2015,2,JPTP,42,7,2015,3,1
224,3,2015,2,JPTP,44,7,2015,3,2
225,3,2016,1,JPTP,34,7,2016,1,1
225,3,2016,1,JPTP,36,7,2016,1,1
225,3,2016,1,JPTP,36,7,2016,2,1
225,3,2016,1,JPTP,38,7,2016,1,1
225,3,2016,1,JPTP,38,7,2016,2,2
225,3,2016,1,JPTP,40,1,2016,2,1
225,3,2016,1,JPTP,40,7,2016,1,13
225,3,2016,1,JPTP,40,7,2016,2,4
225,3,2016,1,JPTP,40,26,2016,4,1
225,3,2016,1,JPTP,42,1,2016,2,2
225,3,2016,1,JPTP,42,1,2016,3,4
225,3,2016,1,JPTP,42,2,2016,2,2
225,3,2016,1,JPTP,42,4,2016,3,1
225,3,2016,1,JPTP,42,7,2016,1,13
225,3,2016,1,JPTP,42,7,2016,2,11
225,3,2016,1,JPTP,42,7,2018,1,2
225,3,2016,1,JPTP,42,23,2017,1,2
225,3,2016,1,JPTP,44,1,2016,2,1
225,3,2016,1,JPTP,44,1,2016,3,2
225,3,2016,1,JPTP,44,7,2016,1,2
225,3,2016,1,JPTP,44,7,2016,2,12
225,3,2016,1,JPTP,44,23,2017,1,1
225,3,2016,1,JPTP,46,1,2016,2,1
225,3,2016,1,JPTP,46,1,2016,3,1
225,3,2016,1,JPTP,46,4,2016,3,2
225,3,2016,1,JPTP,46,7,2016,1,3
225,3,2016,1,JPTP,46,7,2016,2,3
225,3,2016,1,JPTP,46,7,2016,4,1
225,3,2016,1,JPTP,46,23,2018,1,1
225,3,2016,1,JPTP,48,1,2016,2,2
225,3,2016,1,JPTP,48,5,2016,2,1
225,3,2016,1,JPTP,48,7,2016,1,1
225,3,2016,1,JPTP,48,7,2016,2,1
225,3,2016,1,JPTP,50,2,2016,2,1
225,3,2016,1,JPTP,50,7,2016,1,1
225,3,2016,1,JPTP,54,23,2016,2,1
225,3,2016,1,JPTP,56,1,2016,2,1
225,3,2016,1,JPTP,56,7,2016,1,1
226,3,2016,2,JPTP,40,7,2016,2,1
226,3,2016,2,JPTP,40,7,2016,4,1
227,3,2017,2,JPTP,42,1,2017,3,1
227,3,2017,2,JPTP,42,7,2017,3,1
227,3,2017,2,JPTP,44,7,2017,4,1
229,3,2018,2,JPTP,42,7,2018,3,1
229,3,2018,2,JPTP,44,1,2018,2,1
230,3,2019,2,JPTP,42,7,2019,3,2
230,3,2019,2,JPTP,44,1,2019,4,1
230,3,2019,2,JPTP,46,1,2020,4,1
231,3,2019,4,JPTP,38,7,2020,3,1
231,3,2019,4,JPTP,40,7,2020,3,1
231,3,2019,4,JPTP,56,7,2020,3,1
232,3,2020,1,JPTP,40,7,2020,3,1
232,3,2020,1,JPTP,42,7,2020,3,2
232,3,2020,1,JPTP,44,1,2020,4,1
232,3,2020,1,JPTP,44,7,2020,3,1
232,3,2020,1,JPTP,52,26,2020,1,2
232,3,2020,1,JPTP,54,1,2021,2,1
232,3,2020,1,JPTP,54,23,2021,1,6
232,3,2020,1,JPTP,54,30,2020,4,1
232,3,2020,1,JPTP,70,23,2021,1,1
233,3,2020,4,JPTP,38,1,2021,3,1
234,3,2021,1,JPTP,40,1,2021,2,1
234,3,2021,1,JPTP,40,2,2021,2,1
234,3,2021,1,JPTP,42,1,2021,1,1
234,3,2021,1,JPTP,42,1,2021,2,3
234,3,2021,1,JPTP,42,2,2021,2,2
234,3,2021,1,JPTP,42,4,2021,4,1
234,3,2021,1,JPTP,44,1,2021,2,2
234,3,2021,1,JPTP,44,1,2021,3,3
234,3,2021,1,JPTP,44,2,2021,2,1
234,3,2021,1,JPTP,44,4,2021,3,1
234,3,2021,1,JPTP,44,5,2021,2,1
234,3,2021,1,JPTP,44,5,2021,3,1
234,3,2021,1,JPTP,44,7,2021,1,1
234,3,2021,1,JPTP,46,7,2021,2,1
234,3,2021,1,JPTP,48,2,2021,2,1
234,3,2021,1,JPTP,48,4,2021,3,1
234,3,2021,1,JPTP,48,25,2021,2,1
234,3,2021,1,JPTP,50,26,2021,3,1
234,3,2021,1,JPTP,56,1,2021,2,1
235,3,2022,2,JPTP,36,7,2022,2,8
235,3,2022,2,JPTP,36,7,2022,3,4
235,3,2022,2,JPTP,38,7,2022,2,17
235,3,2022,2,JPTP,38,7,2022,3,6
235,3,2022,2,JPTP,40,7,2022,2,3
235,3,2022,2,JPTP,42,7,2022,2,4
235,3,2022,2,JPTP,44,7,2022,3,1
236,4,1989,1,JPTP,38,7,1989,2,1
236,4,1989,1,JPTP,48,7,1990,2,1
236,4,1989,1,JPTP,50,23,1989,2,1
237,4,1989,4,JPTP,50,23,1990,2,1
237,4,1989,4,JPTP,54,7,1990,2,1
237,4,1989,4,JPTP,58,7,1990,2,1
238,4,1990,1,JPTP,34,1,1990,3,1
238,4,1990,1,JPTP,36,5,1990,3,1
238,4,1990,1,JPTP,38,1,1990,2,1
238,4,1990,1,JPTP,38,7,1990,2,1
238,4,1990,1,JPTP,40,1,1990,2,1
238,4,1990,1,JPTP,42,1,1990,2,1
238,4,1990,1,JPTP,42,7,1990,2,1
238,4,1990,1,JPTP,42,26,1990,4,1
238,4,1990,1,JPTP,44,1,1990,2,2
238,4,1990,1,JPTP,50,23,1990,2,1
238,4,1990,1,JPTP,54,8,1990,2,1
238,4,1990,1,JPTP,56,1,1990,2,1
239,4,1990,3,JPTP,32,25,1991,2,1
239,4,1990,3,JPTP,34,5,1991,3,1
239,4,1990,3,JPTP,34,26,1991,4,1
239,4,1990,3,JPTP,38,26,1991,2,1
239,4,1990,3,JPTP,40,23,1990,3,1
239,4,1990,3,JPTP,40,25,1991,2,1
239,4,1990,3,JPTP,40,26,1991,2,1
239,4,1990,3,JPTP,42,1,1991,2,1
239,4,1990,3,JPTP,42,7,1991,4,1
239,4,1990,3,JPTP,42,15,1991,2,1
239,4,1990,3,JPTP,42,23,1991,1,1
239,4,1990,3,JPTP,42,26,1990,4,1
239,4,1990,3,JPTP,42,26,1991,4,1
239,4,1990,3,JPTP,44,15,1991,2,1
239,4,1990,3,JPTP,44,23,1991,1,1
239,4,1990,3,JPTP,44,26,1991,1,2
239,4,1990,3,JPTP,44,29,1991,3,1
239,4,1990,3,JPTP,46,1,1991,2,1
239,4,1990,3,JPTP,46,25,1991,1,1
239,4,1990,3,JPTP,46,26,1991,1,1
239,4,1990,3,JPTP,48,15,1991,2,1
239,4,1990,3,JPTP,50,26,1991,1,2
239,4,1990,3,JPTP,52,1,1991,1,1
239,4,1990,3,JPTP,52,25,1991,4,1
239,4,1990,3,JPTP,52,26,1991,2,1
239,4,1990,3,JPTP,54,26,1991,2,2
239,4,1990,3,JPTP,56,26,1991,1,2
239,4,1990,3,JPTP,66,25,1990,4,1
240,4,1990,4,JPTP,54,26,1991,1,1
240,4,1990,4,JPTP,66,7,1994,1,1
241,4,1991,1,JPTP,42,1,1991,3,1
241,4,1991,1,JPTP,42,26,1991,1,1
241,4,1991,1,JPTP,42,30,1991,3,1
241,4,1991,1,JPTP,44,7,1991,2,1
241,4,1991,1,JPTP,44,26,1991,4,1
241,4,1991,1,JPTP,50,26,1991,3,1
241,4,1991,1,JPTP,52,7,1991,2,1
241,4,1991,1,JPTP,52,7,1991,3,1
241,4,1991,1,JPTP,56,7,1991,2,1
241,4,1991,1,JPTP,64,4,1991,2,1
243,4,1993,4,JPTP,34,26,1994,1,1
243,4,1993,4,JPTP,36,26,1994,1,1
243,4,1993,4,JPTP,40,26,1994,1,1
243,4,1993,4,JPTP,42,7,1994,1,1
243,4,1993,4,JPTP,42,23,1994,2,1
243,4,1993,4,JPTP,42,26,1994,1,2
243,4,1993,4,JPTP,64,23,1994,2,1
245,4,1994,4,JPTP,40,8,1995,2,1
245,4,1994,4,JPTP,40,25,1995,2,1
246,4,1995,1,JPTP,48,23,1995,1,1
247,4,1995,4,JPTP,42,26,1996,2,1
247,4,1995,4,JPTP,48,23,1996,1,1
248,4,1996,1,JPTP,34,8,1996,4,1
248,4,1996,1,JPTP,34,23,1996,2,1
248,4,1996,1,JPTP,34,23,1996,4,1
248,4,1996,1,JPTP,38,23,1996,2,1
248,4,1996,1,JPTP,42,7,1996,2,1
248,4,1996,1,JPTP,42,23,1996,1,2
248,4,1996,1,JPTP,42,23,1996,2,2
248,4,1996,1,JPTP,42,25,1996,1,1
248,4,1996,1,JPTP,44,7,1996,2,1
248,4,1996,1,JPTP,44,23,1996,1,1
248,4,1996,1,JPTP,50,7,1996,2,1
248,4,1996,1,JPTP,50,23,1996,1,1
248,4,1996,1,JPTP,54,23,1996,1,1
248,4,1996,1,JPTP,54,26,1996,3,1
248,4,1996,1,JPTP,60,23,1996,2,1
249,4,1996,4,JPTP,34,23,1999,1,1
249,4,1996,4,JPTP,36,7,1997,1,1
249,4,1996,4,JPTP,38,1,1998,1,1
249,4,1996,4,JPTP,40,26,1997,2,2
249,4,1996,4,JPTP,42,5,1997,2,1
249,4,1996,4,JPTP,42,26,1997,1,1
249,4,1996,4,JPTP,42,26,1997,2,1
249,4,1996,4,JPTP,44,1,1997,2,2
249,4,1996,4,JPTP,46,30,1997,4,1
249,4,1996,4,JPTP,48,1,1997,2,1
249,4,1996,4,JPTP,48,23,1998,1,1
249,4,1996,4,JPTP,50,26,1997,2,1
249,4,1996,4,JPTP,70,26,1997,2,1
250,4,1997,1,JPTP,58,23,1997,1,1
250,4,1997,1,JPTP,60,23,1997,1,1
250,4,1997,1,JPTP,62,23,1997,1,3
251,4,1997,4,JPTP,54,25,1998,2,1
251,4,1997,4,JPTP,56,23,1998,1,1
252,4,1998,1,JPTP,40,4,1998,3,1
252,4,1998,1,JPTP,40,23,1999,2,1
252,4,1998,1,JPTP,42,23,1998,2,2
252,4,1998,1,JPTP,44,1,1998,2,1
252,4,1998,1,JPTP,44,5,1998,2,1
252,4,1998,1,JPTP,44,5,1998,3,1
252,4,1998,1,JPTP,44,23,1998,2,1
252,4,1998,1,JPTP,48,4,1998,3,1
252,4,1998,1,JPTP,50,4,1998,3,1
252,4,1998,1,JPTP,50,5,1998,3,1
253,4,1998,4,JPTP,38,26,1999,1,1
253,4,1998,4,JPTP,42,23,2000,1,1
253,4,1998,4,JPTP,50,23,1998,4,1
253,4,1998,4,JPTP,50,23,1999,1,1
253,4,1998,4,JPTP,52,23,1999,1,2
253,4,1998,4,JPTP,52,23,2000,1,1
253,4,1998,4,JPTP,54,23,1998,4,1
253,4,1998,4,JPTP,54,26,1999,1,1
253,4,1998,4,JPTP,54,26,1999,2,2
254,4,1999,1,JPTP,48,26,1999,1,1
254,4,1999,1,JPTP,54,23,1999,1,1
254,4,1999,1,JPTP,54,23,2000,1,1
255,4,1999,2,JPTP,48,5,1999,3,1
256,4,1999,4,JPTP,44,1,2000,2,1
257,4,2000,4,JPTP,50,23,2001,1,1
257,4,2000,4,JPTP,58,23,2001,1,1
257,4,2000,4,JPTP,60,23,2000,4,1
257,4,2000,4,JPTP,64,23,2001,1,1
257,4,2000,4,JPTP,66,29,2001,1,1
258,4,2001,1,JPTP,38,23,2001,4,1
258,4,2001,1,JPTP,42,4,2001,3,1
258,4,2001,1,JPTP,44,5,2001,3,1
258,4,2001,1,JPTP,56,23,2001,2,2
258,4,2001,1,JPTP,56,23,2001,4,1
258,4,2001,1,JPTP,60,23,2001,2,1
259,4,2001,4,JPTP,60,23,2001,4,1
259,4,2001,4,JPTP,64,23,2002,1,1
260,4,2002,1,JPTP,62,23,2002,1,1
260,4,2002,1,JPTP,64,23,2002,1,2
260,4,2002,1,JPTP,66,23,2002,1,8
260,4,2002,1,JPTP,68,23,2002,1,14
260,4,2002,1,JPTP,68,23,2002,2,1
260,4,2002,1,JPTP,68,23,2003,2,1
260,4,2002,1,JPTP,70,23,2002,1,3
261,4,2003,1,JPTP,56,8,2003,3,1
263,4,2004,2,JPTP,34,4,2004,3,1
264,4,2004,4,JPTP,44,23,2004,4,1
264,4,2004,4,JPTP,48,25,2004,4,1
264,4,2004,4,JPTP,56,23,2004,4,1
264,4,2004,4,JPTP,56,25,2005,1,1
264,4,2004,4,JPTP,60,23,2004,4,1
265,4,2005,2,JPTP,46,1,2006,3,1
266,4,2005,4,JPTP,50,26,2006,2,1
266,4,2005,4,JPTP,58,23,2005,4,1
266,4,2005,4,JPTP,60,23,2005,4,1
267,4,2006,4,JPTP,38,26,2007,1,1
270,4,2010,1,JPTP,40,5,2010,2,1
274,4,2020,4,JPTP,42,4,2021,2,1
274,4,2020,4,JPTP,42,5,2021,2,1
274,4,2020,4,JPTP,44,1,2021,3,1
274,4,2020,4,JPTP,46,2,2021,2,1
274,4,2020,4,JPTP,50,1,2021,2,1
274,4,2020,4,JPTP,50,4,2021,3,1
275,4,2021,1,JPTP,42,1,2021,2,1
275,4,2021,1,JPTP,42,4,2022,2,1
275,4,2021,1,JPTP,44,4,2021,3,3
275,4,2021,1,JPTP,46,1,2021,2,1
275,4,2021,1,JPTP,46,4,2021,3,3
275,4,2021,1,JPTP,46,5,2021,2,2
275,4,2021,1,JPTP,46,7,2021,1,1
275,4,2021,1,JPTP,48,1,2021,3,1
275,4,2021,1,JPTP,48,2,2021,2,2
275,4,2021,1,JPTP,48,4,2021,2,3
275,4,2021,1,JPTP,48,4,2021,3,1
275,4,2021,1,JPTP,48,5,2021,2,3
275,4,2021,1,JPTP,48,5,2021,3,2
275,4,2021,1,JPTP,50,2,2021,2,2
275,4,2021,1,JPTP,50,4,2021,2,1
275,4,2021,1,JPTP,50,5,2021,2,2
275,4,2021,1,JPTP,50,5,2021,3,1
275,4,2021,1,JPTP,52,1,2021,2,1
275,4,2021,1,JPTP,52,4,2021,2,1
275,4,2021,1,JPTP,58,25,2021,1,1
276,5,1992,4,JPTP,38,8,1993,2,1
276,5,1992,4,JPTP,40,26,1993,1,1
276,5,1992,4,JPTP,40,26,1993,2,1
276,5,1992,4,JPTP,46,7,1993,2,1
276,5,1992,4,JPTP,48,26,1993,4,1
276,5,1992,4,JPTP,52,26,1993,2,1
276,5,1992,4,JPTP,52,26,1994,2,1
276,5,1992,4,JPTP,56,26,1993,3,1
276,5,1992,4,JPTP,62,25,1993,2,1
280,7,1989,1,JPTP,26,26,1989,2,1
280,7,1989,1,JPTP,28,26,1989,1,1
280,7,1989,1,JPTP,34,25,1989,1,1
280,7,1989,1,JPTP,34,25,1989,2,1
280,7,1989,1,JPTP,34,26,1989,1,3
280,7,1989,1,JPTP,34,26,1989,2,1
280,7,1989,1,JPTP,36,25,1989,1,2
280,7,1989,1,JPTP,36,25,1989,2,2
280,7,1989,1,JPTP,36,26,1989,1,1
280,7,1989,1,JPTP,38,25,1989,1,1
280,7,1989,1,JPTP,38,25,1989,2,1
280,7,1989,1,JPTP,38,26,1989,1,9
280,7,1989,1,JPTP,38,26,1990,2,1
280,7,1989,1,JPTP,38,30,1990,3,1
280,7,1989,1,JPTP,40,15,1989,1,1
280,7,1989,1,JPTP,40,25,1989,1,3
280,7,1989,1,JPTP,40,25,1989,2,10
280,7,1989,1,JPTP,40,26,1989,1,11
280,7,1989,1,JPTP,40,26,1990,1,2
280,7,1989,1,JPTP,40,29,1989,3,1
280,7,1989,1,JPTP,40,29,1989,4,1
280,7,1989,1,JPTP,42,15,1989,1,1
280,7,1989,1,JPTP,42,25,1989,1,1
280,7,1989,1,JPTP,42,25,1989,2,2
280,7,1989,1,JPTP,42,26,1989,1,14
280,7,1989,1,JPTP,42,26,1989,2,1
280,7,1989,1,JPTP,42,26,1990,2,1
280,7,1989,1,JPTP,42,29,1989,2,1
280,7,1989,1,JPTP,42,29,1989,3,1
280,7,1989,1,JPTP,42,30,1990,3,1
280,7,1989,1,JPTP,44,15,1989,2,1
280,7,1989,1,JPTP,44,25,1989,1,2
280,7,1989,1,JPTP,44,25,1989,2,6
280,7,1989,1,JPTP,44,25,1989,3,1
280,7,1989,1,JPTP,44,25,1991,3,1
280,7,1989,1,JPTP,44,26,1989,1,13
280,7,1989,1,JPTP,44,26,1989,3,1
280,7,1989,1,JPTP,46,25,1989,1,2
280,7,1989,1,JPTP,46,25,1989,2,3
280,7,1989,1,JPTP,46,26,1989,1,9
280,7,1989,1,JPTP,46,26,1989,2,1
280,7,1989,1,JPTP,46,26,1989,3,1
280,7,1989,1,JPTP,48,15,1989,1,2
280,7,1989,1,JPTP,48,25,1989,2,2
280,7,1989,1,JPTP,48,25,1989,3,1
280,7,1989,1,JPTP,48,26,1989,1,5
280,7,1989,1,JPTP,48,26,1989,2,1
280,7,1989,1,JPTP,50,15,1989,1,2
280,7,1989,1,JPTP,50,25,1989,1,1
280,7,1989,1,JPTP,50,25,1989,2,1
280,7,1989,1,JPTP,50,26,1989,1,5
280,7,1989,1,JPTP,50,26,1989,2,1
280,7,1989,1,JPTP,52,25,1989,1,1
280,7,1989,1,JPTP,52,25,1989,2,1
280,7,1989,1,JPTP,52,26,1989,1,8
280,7,1989,1,JPTP,52,26,1989,2,4
280,7,1989,1,JPTP,52,26,1989,3,1
280,7,1989,1,JPTP,52,30,1990,3,1
280,7,1989,1,JPTP,54,25,1989,2,1
280,7,1989,1,JPTP,54,26,1989,1,6
280,7,1989,1,JPTP,54,26,1989,2,2
280,7,1989,1,JPTP,54,29,1989,3,1
280,7,1989,1,JPTP,56,26,1989,1,1
280,7,1989,1,JPTP,56,26,1989,2,2
280,7,1989,1,JPTP,56,26,1989,3,1
280,7,1989,1,JPTP,58,26,1989,1,1
280,7,1989,1,JPTP,60,25,1989,1,2
280,7,1989,1,JPTP,60,25,1989,2,1
280,7,1989,1,JPTP,60,26,1989,1,1
280,7,1989,1,JPTP,62,25,1989,2,1
280,7,1989,1,JPTP,62,26,1989,1,3
280,7,1989,1,JPTP,62,29,1989,4,1
280,7,1989,1,JPTP,66,25,1989,2,1
280,7,1989,1,JPTP,66,26,1989,1,1
280,7,1989,1,JPTP,68,25,1989,1,1
280,7,1989,1,JPTP,68,26,1989,1,1
280,7,1989,1,JPTP,76,25,1989,2,1
281,7,1990,1,JPTP,30,25,1990,2,1
281,7,1990,1,JPTP,30,26,1990,2,1
281,7,1990,1,JPTP,32,26,1990,1,1
281,7,1990,1,JPTP,32,26,1990,2,3
281,7,1990,1,JPTP,32,26,1990,3,1
281,7,1990,1,JPTP,36,26,1990,1,2
281,7,1990,1,JPTP,36,29,1990,1,1
281,7,1990,1,JPTP,38,25,1990,4,1
281,7,1990,1,JPTP,38,26,1990,1,4
281,7,1990,1,JPTP,38,26,1990,3,1
281,7,1990,1,JPTP,40,15,1990,1,1
281,7,1990,1,JPTP,40,26,1990,1,6
281,7,1990,1,JPTP,40,26,1990,2,3
281,7,1990,1,JPTP,40,26,1990,3,3
281,7,1990,1,JPTP,42,26,1990,1,13
281,7,1990,1,JPTP,42,26,1990,2,5
281,7,1990,1,JPTP,42,26,1990,3,1
281,7,1990,1,JPTP,44,15,1990,1,2
281,7,1990,1,JPTP,44,26,1990,1,14
281,7,1990,1,JPTP,44,26,1990,2,7
281,7,1990,1,JPTP,44,26,1990,3,2
281,7,1990,1,JPTP,46,26,1990,1,6
281,7,1990,1,JPTP,46,26,1990,2,6
281,7,1990,1,JPTP,48,26,1990,1,2
281,7,1990,1,JPTP,48,26,1990,2,1
281,7,1990,1,JPTP,48,30,1990,4,1
281,7,1990,1,JPTP,50,25,1990,2,1
281,7,1990,1,JPTP,50,26,1990,1,2
281,7,1990,1,JPTP,50,26,1990,2,3
281,7,1990,1,JPTP,52,15,1990,1,1
281,7,1990,1,JPTP,52,26,1990,1,4
281,7,1990,1,JPTP,52,26,1990,2,4
281,7,1990,1,JPTP,52,26,1990,3,1
281,7,1990,1,JPTP,52,30,1991,4,1
281,7,1990,1,JPTP,54,15,1990,1,1
281,7,1990,1,JPTP,54,26,1990,1,3
281,7,1990,1,JPTP,54,26,1990,2,2
281,7,1990,1,JPTP,56,26,1990,1,2
281,7,1990,1,JPTP,56,26,1990,2,1
281,7,1990,1,JPTP,58,26,1990,1,4
281,7,1990,1,JPTP,60,26,1990,1,1
281,7,1990,1,JPTP,62,26,1990,1,1
281,7,1990,1,JPTP,62,26,1990,2,2
281,7,1990,1,JPTP,64,15,1991,2,1
281,7,1990,1,JPTP,64,26,1990,1,1
281,7,1990,1,JPTP,66,26,1990,2,1
281,7,1990,1,JPTP,68,26,1990,3,1
281,7,1990,1,JPTP,70,26,1990,2,1
281,7,1990,1,JPTP,74,26,1990,1,1
282,7,1990,4,JPTP,44,15,1991,1,1
282,7,1990,4,JPTP,44,26,1991,2,1
282,7,1990,4,JPTP,50,15,1991,2,1
283,7,1991,1,JPTP,34,25,1991,1,1
283,7,1991,1,JPTP,36,25,1991,1,5
283,7,1991,1,JPTP,36,30,1991,3,1
283,7,1991,1,JPTP,36,30,1992,4,1
283,7,1991,1,JPTP,38,25,1991,1,7
283,7,1991,1,JPTP,38,26,1991,2,1
283,7,1991,1,JPTP,38,26,1992,4,1
283,7,1991,1,JPTP,40,15,1991,1,1
283,7,1991,1,JPTP,40,20,1991,2,1
283,7,1991,1,JPTP,40,25,1991,1,6
283,7,1991,1,JPTP,40,29,1991,4,1
283,7,1991,1,JPTP,42,23,1991,2,1
283,7,1991,1,JPTP,42,25,1991,1,7
283,7,1991,1,JPTP,42,26,1991,1,2
283,7,1991,1,JPTP,42,26,1991,3,1
283,7,1991,1,JPTP,42,26,1992,1,1
283,7,1991,1,JPTP,42,30,1992,4,1
283,7,1991,1,JPTP,44,15,1991,1,1
283,7,1991,1,JPTP,44,15,1991,2,1
283,7,1991,1,JPTP,44,23,1991,2,1
283,7,1991,1,JPTP,44,25,1991,1,4
283,7,1991,1,JPTP,44,26,1991,1,2
283,7,1991,1,JPTP,44,26,1991,2,1
283,7,1991,1,JPTP,44,26,1991,4,2
283,7,1991,1,JPTP,44,30,1992,1,1
283,7,1991,1,JPTP,46,20,1991,1,1
283,7,1991,1,JPTP,46,25,1991,1,5
283,7,1991,1,JPTP,46,26,1991,2,1
283,7,1991,1,JPTP,46,26,1991,3,1
283,7,1991,1,JPTP,46,26,1991,4,1
283,7,1991,1,JPTP,48,15,1991,4,1
283,7,1991,1,JPTP,48,23,1991,2,1
283,7,1991,1,JPTP,48,25,1991,1,2
283,7,1991,1,JPTP,48,26,1992,4,1
283,7,1991,1,JPTP,50,15,1991,1,1
283,7,1991,1,JPTP,50,25,1991,1,2
283,7,1991,1,JPTP,50,26,1991,1,1
283,7,1991,1,JPTP,50,26,1991,2,1
283,7,1991,1,JPTP,50,26,1991,3,1
283,7,1991,1,JPTP,52,20,1991,2,1
283,7,1991,1,JPTP,52,23,1991,1,1
283,7,1991,1,JPTP,52,25,1991,1,4
283,7,1991,1,JPTP,52,26,1991,1,1
283,7,1991,1,JPTP,52,26,1991,2,1
283,7,1991,1,JPTP,54,23,1991,2,1
283,7,1991,1,JPTP,54,25,1991,1,1
283,7,1991,1,JPTP,56,25,1991,1,1
283,7,1991,1,JPTP,58,25,1991,1,1
283,7,1991,1,JPTP,60,20,1991,2,1
283,7,1991,1,JPTP,60,25,1991,1,1
283,7,1991,1,JPTP,62,23,1991,1,1
283,7,1991,1,JPTP,62,25,1991,1,1
283,7,1991,1,JPTP,62,26,1992,4,1
283,7,1991,1,JPTP,64,2,1991,2,1
283,7,1991,1,JPTP,64,25,1991,2,1
283,7,1991,1,JPTP,64,26,1991,3,1
283,7,1991,1,JPTP,66,23,1991,1,1
283,7,1991,1,JPTP,66,25,1991,1,1
283,7,1991,1,JPTP,76,26,1991,3,1
284,7,1991,4,JPTP,44,7,1992,1,1
285,7,1992,1,JPTP,30,26,1992,1,1
285,7,1992,1,JPTP,30,26,1992,3,1
285,7,1992,1,JPTP,32,26,1992,2,1
285,7,1992,1,JPTP,34,26,1992,1,1
285,7,1992,1,JPTP,34,26,1992,2,1
285,7,1992,1,JPTP,34,26,1992,3,1
285,7,1992,1,JPTP,36,26,1992,1,4
285,7,1992,1,JPTP,36,26,1992,3,2
285,7,1992,1,JPTP,36,30,1992,2,1
285,7,1992,1,JPTP,38,8,1992,2,1
285,7,1992,1,JPTP,38,26,1992,1,4
285,7,1992,1,JPTP,38,26,1992,2,5
285,7,1992,1,JPTP,38,26,1992,3,1
285,7,1992,1,JPTP,40,26,1992,1,1
285,7,1992,1,JPTP,40,26,1992,2,4
285,7,1992,1,JPTP,40,26,1992,3,6
285,7,1992,1,JPTP,40,30,1992,2,1
285,7,1992,1,JPTP,42,26,1992,1,7
285,7,1992,1,JPTP,42,26,1992,2,4
285,7,1992,1,JPTP,42,26,1992,3,3
285,7,1992,1,JPTP,42,30,1992,3,1
285,7,1992,1,JPTP,44,7,1992,2,1
285,7,1992,1,JPTP,44,25,1992,4,1
285,7,1992,1,JPTP,44,26,1992,1,9
285,7,1992,1,JPTP,44,26,1992,2,5
285,7,1992,1,JPTP,44,26,1992,3,5
285,7,1992,1,JPTP,44,26,1992,4,1
285,7,1992,1,JPTP,44,29,1993,1,1
285,7,1992,1,JPTP,44,30,1992,1,1
285,7,1992,1,JPTP,44,30,1992,2,1
285,7,1992,1,JPTP,44,30,1992,3,1
285,7,1992,1,JPTP,44,30,1993,3,1
285,7,1992,1,JPTP,46,25,1992,4,1
285,7,1992,1,JPTP,46,26,1992,1,3
285,7,1992,1,JPTP,46,26,1992,2,4
285,7,1992,1,JPTP,46,26,1992,4,1
285,7,1992,1,JPTP,46,30,1992,2,1
285,7,1992,1,JPTP,48,26,1992,2,2
285,7,1992,1,JPTP,50,26,1992,1,3
285,7,1992,1,JPTP,50,26,1992,2,6
285,7,1992,1,JPTP,50,26,1994,2,1
285,7,1992,1,JPTP,52,26,1992,1,3
285,7,1992,1,JPTP,52,26,1992,3,2
285,7,1992,1,JPTP,52,30,1992,2,1
285,7,1992,1,JPTP,52,30,1993,1,1
285,7,1992,1,JPTP,54,26,1992,1,2
285,7,1992,1,JPTP,54,26,1992,2,1
285,7,1992,1,JPTP,54,26,1992,3,2
285,7,1992,1,JPTP,54,30,1992,2,1
285,7,1992,1,JPTP,56,26,1992,1,1
285,7,1992,1,JPTP,56,26,1992,2,1
285,7,1992,1,JPTP,60,25,1992,4,1
285,7,1992,1,JPTP,60,26,1992,3,1
285,7,1992,1,JPTP,62,26,1992,1,2
285,7,1992,1,JPTP,62,30,1992,2,1
285,7,1992,1,JPTP,64,26,1992,1,2
285,7,1992,1,JPTP,64,26,1992,2,1
285,7,1992,1,JPTP,66,26,1992,1,1
286,7,1992,4,JPTP,30,26,1993,1,1
286,7,1992,4,JPTP,34,23,1993,2,1
286,7,1992,4,JPTP,36,23,1993,2,1
286,7,1992,4,JPTP,36,26,1993,1,1
286,7,1992,4,JPTP,36,30,1993,3,1
286,7,1992,4,JPTP,38,25,1992,4,1
286,7,1992,4,JPTP,38,26,1993,1,2
286,7,1992,4,JPTP,38,29,1993,4,1
286,7,1992,4,JPTP,40,7,1993,2,1
286,7,1992,4,JPTP,40,7,1993,4,1
286,7,1992,4,JPTP,40,25,1992,4,1
286,7,1992,4,JPTP,40,26,1993,1,4
286,7,1992,4,JPTP,40,26,1993,2,1
286,7,1992,4,JPTP,40,26,1994,4,1
286,7,1992,4,JPTP,40,29,1992,4,1
286,7,1992,4,JPTP,42,5,1993,3,1
286,7,1992,4,JPTP,42,7,1993,2,1
286,7,1992,4,JPTP,42,25,1992,4,2
286,7,1992,4,JPTP,42,26,1993,1,2
286,7,1992,4,JPTP,42,26,1993,2,1
286,7,1992,4,JPTP,42,26,1993,3,1
286,7,1992,4,JPTP,44,7,1993,2,1
286,7,1992,4,JPTP,44,26,1993,1,3
286,7,1992,4,JPTP,44,29,1992,4,1
286,7,1992,4,JPTP,46,23,1993,2,1
286,7,1992,4,JPTP,46,25,1992,4,3
286,7,1992,4,JPTP,46,25,1993,2,1
286,7,1992,4,JPTP,46,26,1993,1,2
286,7,1992,4,JPTP,46,26,1993,2,1
286,7,1992,4,JPTP,48,25,1992,4,1
286,7,1992,4,JPTP,48,26,1993,1,2
286,7,1992,4,JPTP,48,26,1993,2,1
286,7,1992,4,JPTP,48,29,1992,4,1
286,7,1992,4,JPTP,48,30,1993,3,1
286,7,1992,4,JPTP,50,14,1994,2,1
286,7,1992,4,JPTP,50,26,1993,1,3
286,7,1992,4,JPTP,50,26,1993,2,1
286,7,1992,4,JPTP,52,25,1992,4,1
286,7,1992,4,JPTP,52,26,1992,4,1
286,7,1992,4,JPTP,54,23,1993,2,1
286,7,1992,4,JPTP,54,25,1992,4,1
286,7,1992,4,JPTP,54,26,1993,1,2
286,7,1992,4,JPTP,54,26,1993,2,1
286,7,1992,4,JPTP,56,25,1992,4,1
286,7,1992,4,JPTP,56,26,1993,1,1
286,7,1992,4,JPTP,58,25,1992,4,1
286,7,1992,4,JPTP,58,25,1993,2,1
286,7,1992,4,JPTP,60,26,1993,2,1
286,7,1992,4,JPTP,62,23,1993,2,1
286,7,1992,4,JPTP,62,26,1993,1,1
286,7,1992,4,JPTP,62,26,1993,2,1
286,7,1992,4,JPTP,74,23,1993,4,1
286,7,1992,4,JPTP,74,25,1992,4,1
287,7,1993,1,JPTP,32,7,1993,2,1
287,7,1993,1,JPTP,32,26,1993,1,1
287,7,1993,1,JPTP,32,26,1993,2,1
287,7,1993,1,JPTP,34,26,1993,1,1
287,7,1993,1,JPTP,34,26,1993,2,1
287,7,1993,1,JPTP,36,26,1993,1,1
287,7,1993,1,JPTP,36,26,1993,2,2
287,7,1993,1,JPTP,36,30,1993,3,1
287,7,1993,1,JPTP,38,26,1993,1,3
287,7,1993,1,JPTP,38,26,1993,2,3
287,7,1993,1,JPTP,40,25,1993,2,1
287,7,1993,1,JPTP,40,26,1993,1,6
287,7,1993,1,JPTP,40,26,1993,2,8
287,7,1993,1,JPTP,40,26,1993,4,1
287,7,1993,1,JPTP,42,7,1993,2,1
287,7,1993,1,JPTP,42,26,1993,1,4
287,7,1993,1,JPTP,42,26,1993,2,1
287,7,1993,1,JPTP,42,26,1993,4,1
287,7,1993,1,JPTP,44,25,1993,1,1
287,7,1993,1,JPTP,44,26,1993,1,8
287,7,1993,1,JPTP,44,26,1993,2,4
287,7,1993,1,JPTP,44,26,1993,4,1
287,7,1993,1,JPTP,46,26,1993,1,3
287,7,1993,1,JPTP,46,26,1993,2,2
287,7,1993,1,JPTP,46,26,1993,4,1
287,7,1993,1,JPTP,48,25,1993,2,1
287,7,1993,1,JPTP,48,26,1993,1,4
287,7,1993,1,JPTP,48,26,1993,2,2
287,7,1993,1,JPTP,48,26,1993,3,1
287,7,1993,1,JPTP,48,26,1993,4,1
287,7,1993,1,JPTP,50,26,1993,2,2
287,7,1993,1,JPTP,52,25,1993,1,1
287,7,1993,1,JPTP,52,26,1993,1,4
287,7,1993,1,JPTP,52,26,1993,2,1
287,7,1993,1,JPTP,54,23,1993,2,1
287,7,1993,1,JPTP,54,26,1993,1,3
287,7,1993,1,JPTP,54,26,1993,2,5
287,7,1993,1,JPTP,54,26,1993,4,1
287,7,1993,1,JPTP,56,26,1993,1,3
287,7,1993,1,JPTP,58,26,1993,1,2
287,7,1993,1,JPTP,58,26,1993,3,1
287,7,1993,1,JPTP,58,30,1993,3,1
287,7,1993,1,JPTP,60,23,1995,1,1
287,7,1993,1,JPTP,60,26,1993,1,1
287,7,1993,1,JPTP,62,23,1993,4,1
287,7,1993,1,JPTP,62,26,1993,1,2
287,7,1993,1,JPTP,64,26,1993,1,2
287,7,1993,1,JPTP,64,26,1993,2,1
287,7,1993,1,JPTP,64,30,1994,3,1
287,7,1993,1,JPTP,68,26,1993,1,1
287,7,1993,1,JPTP,68,26,1993,2,1
287,7,1993,1,JPTP,70,26,1993,2,1
287,7,1993,1,JPTP,74,26,1993,1,1
288,7,1993,4,JPTP,34,26,1994,2,1
288,7,1993,4,JPTP,38,26,1994,1,1
288,7,1993,4,JPTP,38,26,1994,2,1
288,7,1993,4,JPTP,38,30,1994,3,1
288,7,1993,4,JPTP,40,25,1994,1,1
288,7,1993,4,JPTP,40,26,1994,1,1
288,7,1993,4,JPTP,40,26,1994,2,1
288,7,1993,4,JPTP,42,26,1994,1,2
288,7,1993,4,JPTP,42,26,1994,2,1
288,7,1993,4,JPTP,44,23,1994,2,1
288,7,1993,4,JPTP,44,26,1994,2,1
288,7,1993,4,JPTP,44,26,1995,1,1
288,7,1993,4,JPTP,46,23,1994,2,1
288,7,1993,4,JPTP,46,25,1994,1,1
288,7,1993,4,JPTP,46,26,1994,2,2
288,7,1993,4,JPTP,46,30,1994,4,1
288,7,1993,4,JPTP,48,26,1994,1,1
288,7,1993,4,JPTP,48,29,1993,4,1
288,7,1993,4,JPTP,50,7,1994,1,1
288,7,1993,4,JPTP,50,26,1994,1,1
288,7,1993,4,JPTP,50,26,1994,2,1
288,7,1993,4,JPTP,52,26,1994,1,1
288,7,1993,4,JPTP,56,26,1994,1,1
288,7,1993,4,JPTP,56,29,1993,4,1
288,7,1993,4,JPTP,66,26,1994,2,1
288,7,1993,4,JPTP,74,26,1994,1,1
288,7,1993,4,JPTP,74,30,1994,3,1
289,7,1994,1,JPTP,40,7,1994,1,1
289,7,1994,1,JPTP,54,25,1994,1,1
290,7,1994,4,JPTP,28,15,1995,3,1
290,7,1994,4,JPTP,36,25,1995,2,1
290,7,1994,4,JPTP,36,25,1996,1,1
290,7,1994,4,JPTP,36,26,1995,2,1
290,7,1994,4,JPTP,36,26,1995,3,1
290,7,1994,4,JPTP,38,25,1994,4,1
290,7,1994,4,JPTP,38,25,1995,1,1
290,7,1994,4,JPTP,38,25,1995,2,1
290,7,1994,4,JPTP,40,23,1995,2,1
290,7,1994,4,JPTP,40,25,1995,2,1
290,7,1994,4,JPTP,40,26,1994,4,1
290,7,1994,4,JPTP,42,1,1995,2,1
290,7,1994,4,JPTP,42,4,1995,4,1
290,7,1994,4,JPTP,42,7,1996,2,1
290,7,1994,4,JPTP,42,15,1995,2,2
290,7,1994,4,JPTP,42,15,1995,3,1
290,7,1994,4,JPTP,42,25,1995,1,1
290,7,1994,4,JPTP,42,26,1995,2,1
290,7,1994,4,JPTP,44,1,1995,2,1
290,7,1994,4,JPTP,44,7,1995,1,1
290,7,1994,4,JPTP,44,25,1995,2,1
290,7,1994,4,JPTP,46,7,1995,2,1
290,7,1994,4,JPTP,46,15,1995,3,1
290,7,1994,4,JPTP,46,25,1995,2,1
290,7,1994,4,JPTP,46,26,1995,1,1
290,7,1994,4,JPTP,46,26,1995,2,1
290,7,1994,4,JPTP,48,15,1995,2,1
290,7,1994,4,JPTP,50,26,1995,1,1
290,7,1994,4,JPTP,52,5,1995,3,1
290,7,1994,4,JPTP,52,8,1995,2,2
290,7,1994,4,JPTP,52,26,1995,2,1
290,7,1994,4,JPTP,52,26,1995,4,1
290,7,1994,4,JPTP,54,15,1995,3,1
290,7,1994,4,JPTP,54,23,1995,1,1
290,7,1994,4,JPTP,54,23,1996,2,1
290,7,1994,4,JPTP,54,26,1995,1,1
290,7,1994,4,JPTP,54,26,1995,2,2
290,7,1994,4,JPTP,56,8,1995,2,1
290,7,1994,4,JPTP,56,26,1995,2,1
290,7,1994,4,JPTP,58,26,1995,1,1
290,7,1994,4,JPTP,62,26,1995,1,1
290,7,1994,4,JPTP,64,7,1995,1,1
290,7,1994,4,JPTP,66,7,1995,2,1
290,7,1994,4,JPTP,70,23,1995,1,1
291,7,1995,4,JPTP,34,26,1995,4,1
292,7,1996,1,JPTP,34,26,1996,1,1
292,7,1996,1,JPTP,36,26,1996,1,1
292,7,1996,1,JPTP,40,26,1996,1,1
292,7,1996,1,JPTP,42,26,1996,1,1
292,7,1996,1,JPTP,42,26,1996,2,2
292,7,1996,1,JPTP,44,26,1996,1,5
292,7,1996,1,JPTP,44,26,1996,2,1
292,7,1996,1,JPTP,48,26,1996,1,1
292,7,1996,1,JPTP,50,26,1996,1,1
292,7,1996,1,JPTP,54,26,1996,1,2
292,7,1996,1,JPTP,58,8,1997,2,1
292,7,1996,1,JPTP,68,26,1996,1,1
293,7,1996,4,JPTP,40,26,1997,2,1
293,7,1996,4,JPTP,42,26,1997,2,1
293,7,1996,4,JPTP,48,26,1996,4,1
293,7,1996,4,JPTP,56,26,1996,4,1
293,7,1996,4,JPTP,62,26,1997,2,1
294,7,1997,1,JPTP,38,26,1997,1,1
294,7,1997,1,JPTP,42,26,1997,2,1
294,7,1997,1,JPTP,44,26,1997,1,1
294,7,1997,1,JPTP,46,23,1997,2,1
294,7,1997,1,JPTP,46,26,1997,1,1
294,7,1997,1,JPTP,46,26,1997,2,1
294,7,1997,1,JPTP,50,26,1997,1,1
294,7,1997,1,JPTP,52,26,1997,2,2
294,7,1997,1,JPTP,54,26,1997,1,1
294,7,1997,1,JPTP,54,26,1997,2,6
294,7,1997,1,JPTP,56,26,1997,1,2
294,7,1997,1,JPTP,56,26,1997,2,2
294,7,1997,1,JPTP,58,26,1997,2,1
294,7,1997,1,JPTP,62,26,1997,1,1
295,7,1999,4,JPTP,40,5,2000,3,1
298,7,2006,4,JPTP,34,26,2007,1,1
300,7,2019,1,JPTP,40,26,2019,3,1
300,7,2019,1,JPTP,42,26,2019,1,1
300,7,2019,1,JPTP,42,26,2019,2,1
300,7,2019,1,JPTP,52,26,2020,2,1
300,7,2019,1,JPTP,54,5,2021,2,1
300,7,2019,1,JPTP,54,12,2020,1,1
300,7,2019,1,JPTP,54,26,2020,2,1
301,7,2020,1,JPTP,52,26,2020,3,1
301,7,2020,1,JPTP,54,10,2021,1,1
301,7,2020,1,JPTP,54,26,2020,2,1
301,7,2020,1,JPTP,54,26,2020,3,1
301,7,2020,1,JPTP,56,20,2020,3,1
302,7,2020,4,JPTP,44,26,2021,2,1
302,7,2020,4,JPTP,48,26,2021,2,1
302,7,2020,4,JPTP,50,26,2021,2,1
302,7,2020,4,JPTP,50,26,2021,4,1
302,7,2020,4,JPTP,52,12,2021,1,1
302,7,2020,4,JPTP,52,26,2021,2,1
302,7,2020,4,JPTP,54,26,2021,2,1
303,7,2021,1,JPTP,56,23,2023,1,1
304,7,2022,1,JPTP,40,26,2022,3,1
304,7,2022,1,JPTP,42,15,2022,2,2
304,7,2022,1,JPTP,42,26,2022,1,1
304,7,2022,1,JPTP,42,26,2022,3,2
304,7,2022,1,JPTP,44,15,2022,2,1
304,7,2022,1,JPTP,44,20,2023,1,1
304,7,2022,1,JPTP,44,23,2022,4,1
304,7,2022,1,JPTP,44,26,2022,2,1
304,7,2022,1,JPTP,44,26,2022,3,1
304,7,2022,1,JPTP,46,20,2022,3,1
304,7,2022,1,JPTP,46,26,2022,4,1
304,7,2022,1,JPTP,48,1,2022,2,1
304,7,2022,1,JPTP,48,4,2022,3,1
304,7,2022,1,JPTP,48,26,2022,4,1
304,7,2022,1,JPTP,50,23,2023,1,1
304,7,2022,1,JPTP,52,20,2022,3,1
304,7,2022,1,JPTP,52,23,2022,2,1
304,7,2022,1,JPTP,54,23,2023,1,1
304,7,2022,1,JPTP,56,23,2022,3,1
304,7,2022,1,JPTP,58,15,2022,2,1
305,8,1990,4,JPTP,40,30,1992,2,1
305,8,1990,4,JPTP,42,26,1991,4,1
305,8,1990,4,JPTP,42,29,1991,3,1
305,8,1990,4,JPTP,42,30,1990,4,1
305,8,1990,4,JPTP,42,30,1991,4,1
305,8,1990,4,JPTP,44,29,1990,4,1
305,8,1990,4,JPTP,44,29,1993,1,1
305,8,1990,4,JPTP,44,30,1991,3,1
305,8,1990,4,JPTP,44,30,1992,3,1
305,8,1990,4,JPTP,50,26,1991,1,1
305,8,1990,4,JPTP,52,29,1990,4,1
305,8,1990,4,JPTP,54,29,1991,3,1
305,8,1990,4,JPTP,54,30,1991,3,1
305,8,1990,4,JPTP,56,26,1992,4,1
305,8,1990,4,JPTP,56,29,1991,3,1
305,8,1990,4,JPTP,68,29,1992,2,1
305,8,1990,4,JPTP,68,30,1992,2,1
306,8,1991,4,JPTP,32,26,1992,4,1
306,8,1991,4,JPTP,34,26,1992,3,1
306,8,1991,4,JPTP,34,29,1992,2,1
306,8,1991,4,JPTP,34,30,1992,4,1
306,8,1991,4,JPTP,38,25,1992,4,1
306,8,1991,4,JPTP,38,30,1992,1,1
306,8,1991,4,JPTP,40,26,1992,4,1
306,8,1991,4,JPTP,40,26,1993,1,1
306,8,1991,4,JPTP,40,30,1992,1,1
306,8,1991,4,JPTP,40,30,1992,2,1
306,8,1991,4,JPTP,40,30,1992,3,1
306,8,1991,4,JPTP,42,26,1992,3,2
306,8,1991,4,JPTP,42,26,1992,4,1
306,8,1991,4,JPTP,42,29,1992,4,1
306,8,1991,4,JPTP,42,30,1992,3,1
306,8,1991,4,JPTP,42,30,1992,4,1
306,8,1991,4,JPTP,44,26,1992,3,1
306,8,1991,4,JPTP,44,26,1992,4,2
306,8,1991,4,JPTP,44,29,1992,1,1
306,8,1991,4,JPTP,44,30,1992,2,2
306,8,1991,4,JPTP,44,30,1993,1,1
306,8,1991,4,JPTP,46,26,1992,4,1
306,8,1991,4,JPTP,46,30,1992,4,1
306,8,1991,4,JPTP,48,26,1992,4,1
306,8,1991,4,JPTP,48,29,1991,4,1
306,8,1991,4,JPTP,48,30,1992,1,1
306,8,1991,4,JPTP,48,30,1993,3,1
306,8,1991,4,JPTP,50,26,1993,1,1
306,8,1991,4,JPTP,50,30,1992,2,1
306,8,1991,4,JPTP,52,26,1992,3,1
306,8,1991,4,JPTP,52,26,1992,4,1
306,8,1991,4,JPTP,52,29,1991,4,1
306,8,1991,4,JPTP,52,29,1992,4,1
306,8,1991,4,JPTP,54,26,1992,3,1
306,8,1991,4,JPTP,54,26,1992,4,2
306,8,1991,4,JPTP,54,29,1992,1,1
306,8,1991,4,JPTP,54,30,1992,3,1
306,8,1991,4,JPTP,56,29,1992,1,1
306,8,1991,4,JPTP,56,30,1992,2,1
306,8,1991,4,JPTP,58,30,1992,2,1
306,8,1991,4,JPTP,62,23,1993,2,1
306,8,1991,4,JPTP,64,30,1993,3,1
307,8,1992,4,JPTP,38,30,1993,3,1
307,8,1992,4,JPTP,40,26,1993,1,2
307,8,1992,4,JPTP,40,29,1993,2,1
307,8,1992,4,JPTP,40,30,1993,2,1
307,8,1992,4,JPTP,42,30,1992,4,3
307,8,1992,4,JPTP,44,30,1992,4,1
307,8,1992,4,JPTP,44,30,1993,1,1
307,8,1992,4,JPTP,46,26,1993,2,1
307,8,1992,4,JPTP,46,30,1992,4,1
307,8,1992,4,JPTP,48,30,1992,4,1
307,8,1992,4,JPTP,50,26,1993,2,1
307,8,1992,4,JPTP,52,30,1992,4,1
307,8,1992,4,JPTP,52,30,1993,2,1
307,8,1992,4,JPTP,66,30,1993,3,1
308,8,1993,4,JPTP,34,29,1993,4,1
308,8,1993,4,JPTP,42,29,1993,4,1
308,8,1993,4,JPTP,44,29,1993,4,1
308,8,1993,4,JPTP,44,30,1993,4,1
308,8,1993,4,JPTP,46,30,1994,4,1
309,8,1994,4,JPTP,38,25,1995,1,1
309,8,1994,4,JPTP,40,15,1995,2,1
309,8,1994,4,JPTP,52,26,1995,2,1
311,8,1996,4,JPTP,38,30,1997,2,1
311,8,1996,4,JPTP,42,30,1997,1,2
311,8,1996,4,JPTP,42,30,1997,3,1
311,8,1996,4,JPTP,44,30,1997,1,1
311,8,1996,4,JPTP,46,30,1997,1,1
311,8,1996,4,JPTP,48,23,1997,2,1
311,8,1996,4,JPTP,50,30,1997,1,1
311,8,1996,4,JPTP,54,23,1997,2,1
313,8,2002,4,JPTP,44,15,2003,2,1
314,8,2019,1,JPTP,40,26,2019,1,1
