year,season,fishery,area,t
1972,1,1,1,549.273
1973,1,1,1,868.762
1974,1,1,1,546.633
1975,1,1,1,585.979
1976,1,1,1,460.595
1977,1,1,1,1074.16
1978,1,1,1,3641.69
1979,1,1,1,2420
1980,1,1,1,1241.64
1981,1,1,1,1278.54
1982,1,1,1,1082.74
1983,1,1,1,637.182
1984,1,1,1,527.827
1985,1,1,1,3482.04
1986,1,1,1,775.556
1987,1,1,1,1233.96
1988,1,1,1,681.621
1989,1,1,1,1814.17
1990,1,1,1,1118.05
1991,1,1,1,2062.8
1992,1,1,1,1285.72
1993,1,1,1,566.809
1994,1,1,1,347.949
1995,1,1,1,2830
1996,1,1,1,1563.55
1997,1,1,1,2262.16
1998,1,1,1,2794.37
1999,1,1,1,3350.62
2000,1,1,1,5011.02
2001,1,1,1,1952.81
2002,1,1,1,1730.4
2003,1,1,1,2620.55
2004,1,1,1,2350.51
2005,1,1,1,1990.85
2006,1,1,1,1084.85
2007,1,1,1,1218.73
2008,1,1,1,1263.34
2009,1,1,1,1154.61
2010,1,1,1,1242.83
2011,1,1,1,786.472
2012,1,1,1,1244.93
2013,1,1,1,1210.33
2014,1,1,1,736.098
2015,1,1,1,531.712
2016,1,1,1,701.809
2017,1,1,1,1139.73
2018,1,1,1,748.118
2019,1,1,1,515.013
2020,1,1,1,761.125
2021,1,1,1,2212.02
2022,1,1,1,840.517
2023,1,1,1,321.4
2024,1,1,1,321.4
1972,1,2,1,655.788
1973,1,2,1,579.243
1974,1,2,1,365.7
1975,1,2,1,106.017
1976,1,2,1,229.785
1977,1,2,1,95.736
1978,1,2,1,469.2
1979,1,2,1,50.742
1980,1,2,1,213.539
1981,1,2,1,220.944
1982,1,2,1,208.008
1983,1,2,1,178.467
1984,1,2,1,936.459
1985,1,2,1,793.5
1986,1,2,1,1115.5
1987,1,2,1,724.5
1988,1,2,1,1930.78
1989,1,2,1,908.986
1990,1,2,1,753.033
1991,1,2,1,1214.26
1992,1,2,1,369.507
1993,1,2,1,1209.44
1994,1,2,1,1033.78
1995,1,2,1,1335.51
1996,1,2,1,3.551
1997,1,2,1,533.241
1998,1,2,1,595.197
1999,1,2,1,20.988
2000,1,2,1,13.491
2001,1,2,1,675.966
2002,1,2,1,369.833
2003,1,2,1,501.633
2004,1,2,1,182.468
2005,1,2,1,108.859
2006,1,2,1,141.018
2007,1,2,1,211.255
2008,1,2,1,94.396
2009,1,2,1,140.023
2010,1,2,1,568.156
2011,1,2,1,21.977
2012,1,2,1,28.534
2013,1,2,1,20.631
2014,1,2,1,22.241
2015,1,2,1,4.627
2016,1,2,1,15.753
2017,1,2,1,118.122
2018,1,2,1,16.732
2019,1,2,1,26.416
2020,1,2,1,38.132
2021,1,2,1,100.236
2022,1,2,1,101.636
2023,1,2,1,5.204
2024,1,2,1,99.936
1972,1,3,1,0
1973,1,3,1,0
1974,1,3,1,0
1975,1,3,1,0
1976,1,3,1,0
1977,1,3,1,0
1978,1,3,1,0
1979,1,3,1,0
1980,1,3,1,0
1981,1,3,1,0
1982,1,3,1,0
1983,1,3,1,0
1984,1,3,1,0
1985,1,3,1,0
1986,1,3,1,0
1987,1,3,1,0
1988,1,3,1,0
1989,1,3,1,0
1990,1,3,1,0
1991,1,3,1,0
1992,1,3,1,0
1993,1,3,1,0
1994,1,3,1,0
1995,1,3,1,0
1996,1,3,1,0
1997,1,3,1,0
1998,1,3,1,0
1999,1,3,1,0
2000,1,3,1,0
2001,1,3,1,0
2002,1,3,1,0
2003,1,3,1,0
2004,1,3,1,0
2005,1,3,1,0
2006,1,3,1,0
2007,1,3,1,0
2008,1,3,1,0
2009,1,3,1,0
2010,1,3,1,0
2011,1,3,1,0
2012,1,3,1,0
2013,1,3,1,0
2014,1,3,1,0
2015,1,3,1,0
2016,1,3,1,0
2017,1,3,1,0
2018,1,3,1,0
2019,1,3,1,0
2020,1,3,1,0
2021,1,3,1,0
2022,1,3,1,0
2023,1,3,1,0
2024,1,3,1,0
1972,1,4,2,53
1973,1,4,2,11.2
1974,1,4,2,99.8
1975,1,4,2,0
1976,1,4,2,0
1977,1,4,2,18
1978,1,4,2,14.8
1979,1,4,2,0
1980,1,4,2,0
1981,1,4,2,0
1982,1,4,2,0
1983,1,4,2,0
1984,1,4,2,0
1985,1,4,2,0
1986,1,4,2,0
1987,1,4,2,0
1988,1,4,2,0
1989,1,4,2,0
1990,1,4,2,0
1991,1,4,2,0
1992,1,4,2,0
1993,1,4,2,22.1
1994,1,4,2,0
1995,1,4,2,0
1996,1,4,2,0
1997,1,4,2,0
1998,1,4,2,0
1999,1,4,2,0
2000,1,4,2,0
2001,1,4,2,249
2002,1,4,2,0
2003,1,4,2,0
2004,1,4,2,0
2005,1,4,2,0
2006,1,4,2,2.5
2007,1,4,2,0
2008,1,4,2,0
2009,1,4,2,12.5
2010,1,4,2,0
2011,1,4,2,0
2012,1,4,2,0
2013,1,4,2,0
2014,1,4,2,0
2015,1,4,2,0
2016,1,4,2,0
2017,1,4,2,0
2018,1,4,2,0
2019,1,4,2,0
2020,1,4,2,0
2021,1,4,2,0
2022,1,4,2,0
2023,1,4,2,0
2024,1,4,2,0
1972,1,5,2,0
1973,1,5,2,0
1974,1,5,2,0
1975,1,5,2,0
1976,1,5,2,0
1977,1,5,2,0
1978,1,5,2,0
1979,1,5,2,0
1980,1,5,2,0
1981,1,5,2,0
1982,1,5,2,0
1983,1,5,2,0
1984,1,5,2,0
1985,1,5,2,0
1986,1,5,2,0
1987,1,5,2,0
1988,1,5,2,0
1989,1,5,2,0
1990,1,5,2,0
1991,1,5,2,0
1992,1,5,2,0
1993,1,5,2,0
1994,1,5,2,0
1995,1,5,2,0
1996,1,5,2,0
1997,1,5,2,0
1998,1,5,2,0
1999,1,5,2,0
2000,1,5,2,0
2001,1,5,2,0
2002,1,5,2,0
2003,1,5,2,0
2004,1,5,2,0
2005,1,5,2,0
2006,1,5,2,0
2007,1,5,2,0
2008,1,5,2,0
2009,1,5,2,0
2010,1,5,2,0
2011,1,5,2,0
2012,1,5,2,0
2013,1,5,2,0
2014,1,5,2,0
2015,1,5,2,0
2016,1,5,2,0
2017,1,5,2,0
2018,1,5,2,0
2019,1,5,2,0
2020,1,5,2,0
2021,1,5,2,0
2022,1,5,2,0
2023,1,5,2,0
2024,1,5,2,0
1972,1,6,2,0
1973,1,6,2,0
1974,1,6,2,0
1975,1,6,2,0
1976,1,6,2,0
1977,1,6,2,0
1978,1,6,2,0
1979,1,6,2,0
1980,1,6,2,0
1981,1,6,2,0
1982,1,6,2,0
1983,1,6,2,0
1984,1,6,2,0
1985,1,6,2,0
1986,1,6,2,0
1987,1,6,2,0
1988,1,6,2,0
1989,1,6,2,0
1990,1,6,2,0
1991,1,6,2,0
1992,1,6,2,0
1993,1,6,2,0
1994,1,6,2,0
1995,1,6,2,0
1996,1,6,2,0
1997,1,6,2,0
1998,1,6,2,0
1999,1,6,2,0
2000,1,6,2,0
2001,1,6,2,0
2002,1,6,2,0
2003,1,6,2,0
2004,1,6,2,0
2005,1,6,2,0
2006,1,6,2,0
2007,1,6,2,0
2008,1,6,2,0
2009,1,6,2,0
2010,1,6,2,0
2011,1,6,2,0
2012,1,6,2,0
2013,1,6,2,0
2014,1,6,2,0
2015,1,6,2,0
2016,1,6,2,0
2017,1,6,2,0
2018,1,6,2,0
2019,1,6,2,0
2020,1,6,2,0
2021,1,6,2,0
2022,1,6,2,0
2023,1,6,2,0
2024,1,6,2,0
1972,1,7,3,7704.1
1973,1,7,3,4342.63
1974,1,7,3,6550.33
1975,1,7,3,7301.98
1976,1,7,3,10339.1
1977,1,7,3,9304.03
1978,1,7,3,9419.8
1979,1,7,3,13243.7
1980,1,7,3,13006.1
1981,1,7,3,11616.2
1982,1,7,3,10581.1
1983,1,7,3,11111.3
1984,1,7,3,10041.3
1985,1,7,3,9215.65
1986,1,7,3,11345.6
1987,1,7,3,10988.5
1988,1,7,3,11880.3
1989,1,7,3,7178.85
1990,1,7,3,9162.4
1991,1,7,3,5100.03
1992,1,7,3,7073
1993,1,7,3,8584.33
1994,1,7,3,6412.55
1995,1,7,3,7268.93
1996,1,7,3,5049.3
1997,1,7,3,6173.83
1998,1,7,3,5551.33
1999,1,7,3,4169.93
2000,1,7,3,4355.35
2001,1,7,3,3359.73
2002,1,7,3,7881.48
2003,1,7,3,12967.4
2004,1,7,3,6891.58
2005,1,7,3,7413.65
2006,1,7,3,5931
2007,1,7,3,4295.75
2008,1,7,3,3635.63
2009,1,7,3,7058.35
2010,1,7,3,5370.03
2011,1,7,3,4907.68
2012,1,7,3,4622.9
2013,1,7,3,6797
2014,1,7,3,5351.48
2015,1,7,3,7267.03
2016,1,7,3,6854.68
2017,1,7,3,4812.9
2018,1,7,3,4851.13
2019,1,7,3,2830.2
2020,1,7,3,1339.5
2021,1,7,3,1953.9
2022,1,7,3,2793
2023,1,7,3,2474.8
2024,1,7,3,4068.5
1972,1,8,3,0
1973,1,8,3,0
1974,1,8,3,0
1975,1,8,3,0.643
1976,1,8,3,0
1977,1,8,3,0
1978,1,8,3,0
1979,1,8,3,0
1980,1,8,3,0
1981,1,8,3,0
1982,1,8,3,0
1983,1,8,3,10.229
1984,1,8,3,0
1985,1,8,3,14.626
1986,1,8,3,0
1987,1,8,3,106.428
1988,1,8,3,519.223
1989,1,8,3,274.994
1990,1,8,3,99.446
1991,1,8,3,44.8
1992,1,8,3,20.053
1993,1,8,3,0
1994,1,8,3,2.2
1995,1,8,3,0
1996,1,8,3,0
1997,1,8,3,0
1998,1,8,3,1.5
1999,1,8,3,0
2000,1,8,3,0
2001,1,8,3,1.399
2002,1,8,3,4.4
2003,1,8,3,0
2004,1,8,3,29.204
2005,1,8,3,16.406
2006,1,8,3,16.801
2007,1,8,3,19
2008,1,8,3,26.992
2009,1,8,3,18.3
2010,1,8,3,0.7
2011,1,8,3,13.501
2012,1,8,3,2.899
2013,1,8,3,0.497
2014,1,8,3,0
2015,1,8,3,0.999
2016,1,8,3,0.3
2017,1,8,3,55.16
2018,1,8,3,0.201
2019,1,8,3,52.449
2020,1,8,3,34.169
2021,1,8,3,1.6
2022,1,8,3,0
2023,1,8,3,0.2
2024,1,8,3,253.905
1972,1,9,3,0
1973,1,9,3,0
1974,1,9,3,0
1975,1,9,3,0
1976,1,9,3,0
1977,1,9,3,0
1978,1,9,3,0
1979,1,9,3,0
1980,1,9,3,0
1981,1,9,3,0
1982,1,9,3,0
1983,1,9,3,0
1984,1,9,3,0
1985,1,9,3,0
1986,1,9,3,0
1987,1,9,3,0
1988,1,9,3,0
1989,1,9,3,0
1990,1,9,3,0
1991,1,9,3,0
1992,1,9,3,0
1993,1,9,3,0
1994,1,9,3,0
1995,1,9,3,0
1996,1,9,3,0
1997,1,9,3,0
1998,1,9,3,0
1999,1,9,3,0
2000,1,9,3,0
2001,1,9,3,0
2002,1,9,3,0
2003,1,9,3,0
2004,1,9,3,0
2005,1,9,3,0
2006,1,9,3,0
2007,1,9,3,0
2008,1,9,3,0
2009,1,9,3,0
2010,1,9,3,0
2011,1,9,3,0
2012,1,9,3,0
2013,1,9,3,0
2014,1,9,3,0
2015,1,9,3,0
2016,1,9,3,0
2017,1,9,3,0
2018,1,9,3,0
2019,1,9,3,0
2020,1,9,3,0
2021,1,9,3,0
2022,1,9,3,0
2023,1,9,3,0
2024,1,9,3,0
1972,1,10,5,4153
1973,1,10,5,4665.5
1974,1,10,5,5205.5
1975,1,10,5,5594.51
1976,1,10,5,4959.75
1977,1,10,5,8669.51
1978,1,10,5,8786.5
1979,1,10,5,4239
1980,1,10,5,3646.76
1981,1,10,5,4927
1982,1,10,5,5026.75
1983,1,10,5,4074
1984,1,10,5,2971.5
1985,1,10,5,4439
1986,1,10,5,4910.75
1987,1,10,5,5687.75
1988,1,10,5,4314.25
1989,1,10,5,4986.25
1990,1,10,5,6494.25
1991,1,10,5,6261.75
1992,1,10,5,5033.5
1993,1,10,5,3457.26
1994,1,10,5,6092.75
1995,1,10,5,6370.26
1996,1,10,5,6377.26
1997,1,10,5,7513.51
1998,1,10,5,7820.76
1999,1,10,5,7043
2000,1,10,5,7365.51
2001,1,10,5,6885.75
2002,1,10,5,7013.5
2003,1,10,5,8798.76
2004,1,10,5,9133.5
2005,1,10,5,12263.3
2006,1,10,5,13513.5
2007,1,10,5,15597.7
2008,1,10,5,15670.5
2009,1,10,5,6313.5
2010,1,10,5,6874.5
2011,1,10,5,1952.75
2012,1,10,5,3529.25
2013,1,10,5,3494.5
2014,1,10,5,4122
2015,1,10,5,6862.5
2016,1,10,5,3559.5
2017,1,10,5,4664.5
2018,1,10,5,4671.5
2019,1,10,5,4116.5
2020,1,10,5,4119.26
2021,1,10,5,4971.5
2022,1,10,5,4710.01
2023,1,10,5,5402.25
2024,1,10,5,5402.25
1972,1,11,5,4900.01
1973,1,11,5,5575.01
1974,1,11,5,5903.25
1975,1,11,5,5829
1976,1,11,5,6334.5
1977,1,11,5,6594
1978,1,11,5,7355.51
1979,1,11,5,9077.51
1980,1,11,5,2795.25
1981,1,11,5,2884.75
1982,1,11,5,3079.25
1983,1,11,5,4069.25
1984,1,11,5,3435.25
1985,1,11,5,3544.5
1986,1,11,5,2678
1987,1,11,5,3122.75
1988,1,11,5,3648.75
1989,1,11,5,3667.5
1990,1,11,5,7603.75
1991,1,11,5,7776.5
1992,1,11,5,8940.5
1993,1,11,5,8190.5
1994,1,11,5,9084.75
1995,1,11,5,9681
1996,1,11,5,15024.8
1997,1,11,5,11179.5
1998,1,11,5,14760.3
1999,1,11,5,14008.2
2000,1,11,5,14904.8
2001,1,11,5,13715.3
2002,1,11,5,13182.5
2003,1,11,5,13447
2004,1,11,5,17704.8
2005,1,11,5,15420
2006,1,11,5,18509.5
2007,1,11,5,21702
2008,1,11,5,23470.2
2009,1,11,5,22302.5
2010,1,11,5,19960.5
2011,1,11,5,23861.5
2012,1,11,5,27433
2013,1,11,5,25688
2014,1,11,5,30558
2015,1,11,5,35556.2
2016,1,11,5,40118.2
2017,1,11,5,31127.8
2018,1,11,5,30008.8
2019,1,11,5,26064.8
2020,1,11,5,19839.5
2021,1,11,5,20475.3
2022,1,11,5,21208
2023,1,11,5,21426
2024,1,11,5,21426
1972,1,12,5,1800.48
1973,1,12,5,2015.73
1974,1,12,5,2243.96
1975,1,12,5,2387.72
1976,1,12,5,2379.52
1977,1,12,5,4694.99
1978,1,12,5,3431.98
1979,1,12,5,6391.74
1980,1,12,5,3904.97
1981,1,12,5,4479.49
1982,1,12,5,7002.55
1983,1,12,5,9373.98
1984,1,12,5,7721.25
1985,1,12,5,9868.53
1986,1,12,5,12960.7
1987,1,12,5,11750.8
1988,1,12,5,8950.47
1989,1,12,5,10216.2
1990,1,12,5,16234.8
1991,1,12,5,17462.3
1992,1,12,5,14262.5
1993,1,12,5,12219
1994,1,12,5,14229.7
1995,1,12,5,16876
1996,1,12,5,16832.3
1997,1,12,5,14794.7
1998,1,12,5,18649.5
1999,1,12,5,19841
2000,1,12,5,17744.8
2001,1,12,5,16827
2002,1,12,5,20791.8
2003,1,12,5,24800.7
2004,1,12,5,25100.5
2005,1,12,5,24137.3
2006,1,12,5,26612
2007,1,12,5,32308.5
2008,1,12,5,37573.5
2009,1,12,5,35660.2
2010,1,12,5,25197.8
2011,1,12,5,14956
2012,1,12,5,15579.2
2013,1,12,5,19736.7
2014,1,12,5,23508.9
2015,1,12,5,19590.8
2016,1,12,5,16319.3
2017,1,12,5,17770.7
2018,1,12,5,13672.8
2019,1,12,5,17980.6
2020,1,12,5,16800
2021,1,12,5,13401.4
2022,1,12,5,11770.3
2023,1,12,5,11933.5
2024,1,12,5,8352.82
1972,1,13,5,0
1973,1,13,5,0
1974,1,13,5,0
1975,1,13,5,0
1976,1,13,5,0
1977,1,13,5,0
1978,1,13,5,0
1979,1,13,5,0
1980,1,13,5,2136.77
1981,1,13,5,2403.22
1982,1,13,5,2612.54
1983,1,13,5,2922.78
1984,1,13,5,3182.96
1985,1,13,5,3488.46
1986,1,13,5,3606.94
1987,1,13,5,4098.25
1988,1,13,5,4872.07
1989,1,13,5,5276.79
1990,1,13,5,6052.48
1991,1,13,5,6190.43
1992,1,13,5,7117.24
1993,1,13,5,6520.05
1994,1,13,5,7231.98
1995,1,13,5,7706.75
1996,1,13,5,11960.4
1997,1,13,5,8899.2
1998,1,13,5,11750
1999,1,13,5,11151.4
2000,1,13,5,11865.4
2001,1,13,5,10918
2002,1,13,5,10493.7
2003,1,13,5,10704.2
2004,1,13,5,14094
2005,1,13,5,8808.25
2006,1,13,5,10535.3
2007,1,13,5,9433.08
2008,1,13,5,9331.56
2009,1,13,5,14215.5
2010,1,13,5,14774.4
2011,1,13,5,12784.8
2012,1,13,5,17264.5
2013,1,13,5,42349.5
2014,1,13,5,30215
2015,1,13,5,10564
2016,1,13,5,22614.5
2017,1,13,5,29457.9
2018,1,13,5,16916.2
2019,1,13,5,28173.2
2020,1,13,5,14305.7
2021,1,13,5,22632.3
2022,1,13,5,21907.8
2023,1,13,5,21556.4
2024,1,13,5,21556.4
1972,1,14,5,2385.6
1973,1,14,5,7344.1
1974,1,14,5,9616.4
1975,1,14,5,812.5
1976,1,14,5,600.7
1977,1,14,5,882.2
1978,1,14,5,585.3
1979,1,14,5,1972
1980,1,14,5,5314.48
1981,1,14,5,5908.23
1982,1,14,5,6729.08
1983,1,14,5,8030.14
1984,1,14,5,7657.75
1985,1,14,5,8549.16
1986,1,14,5,8781.02
1987,1,14,5,9806.51
1988,1,14,5,11857
1989,1,14,5,12541.8
1990,1,14,5,14395.4
1991,1,14,5,14706.5
1992,1,14,5,16913
1993,1,14,5,15489.2
1994,1,14,5,17224.2
1995,1,14,5,18311.9
1996,1,14,5,28413.7
1997,1,14,5,21141.8
1998,1,14,5,27913.5
1999,1,14,5,26491.5
2000,1,14,5,28187.1
2001,1,14,5,25937.3
2002,1,14,5,24967.4
2003,1,14,5,25430
2004,1,14,5,33481.8
2005,1,14,5,19142.6
2006,1,14,5,25282.8
2007,1,14,5,29644.6
2008,1,14,5,31177.5
2009,1,14,5,34058.7
2010,1,14,5,33674.2
2011,1,14,5,30901.7
2012,1,14,5,25218.7
2013,1,14,5,21457
2014,1,14,5,19947.2
2015,1,14,5,19939.2
2016,1,14,5,21381
2017,1,14,5,14953.7
2018,1,14,5,25935.2
2019,1,14,5,20245
2020,1,14,5,27021.5
2021,1,14,5,19600.5
2022,1,14,5,18982
2023,1,14,5,10580.9
2024,1,14,5,9954.28
1972,1,15,5,289.093
1973,1,15,5,53.63
1974,1,15,5,156.36
1975,1,15,5,383.08
1976,1,15,5,717.434
1977,1,15,5,1069.33
1978,1,15,5,1621.16
1979,1,15,5,4334.22
1980,1,15,5,2223.37
1981,1,15,5,480.21
1982,1,15,5,706.227
1983,1,15,5,5953.9
1984,1,15,5,1761.12
1985,1,15,5,3097.76
1986,1,15,5,223.303
1987,1,15,5,1028.61
1988,1,15,5,1091.97
1989,1,15,5,4120.14
1990,1,15,5,1757.79
1991,1,15,5,4561.98
1992,1,15,5,11831.4
1993,1,15,5,133.807
1994,1,15,5,149.666
1995,1,15,5,404.956
1996,1,15,5,438.38
1997,1,15,5,1718.01
1998,1,15,5,747.27
1999,1,15,5,1409.72
2000,1,15,5,342.592
2001,1,15,5,273.981
2002,1,15,5,62.67
2003,1,15,5,1518.77
2004,1,15,5,257.74
2005,1,15,5,342.042
2006,1,15,5,569.775
2007,1,15,5,590.562
2008,1,15,5,729.801
2009,1,15,5,321.539
2010,1,15,5,0
2011,1,15,5,100.005
2012,1,15,5,137.107
2013,1,15,5,0
2014,1,15,5,29.212
2015,1,15,5,0
2016,1,15,5,0
2017,1,15,5,118.36
2018,1,15,5,37.909
2019,1,15,5,170
2020,1,15,5,925.4
2021,1,15,5,56.745
2022,1,15,5,467.076
2023,1,15,5,486.238
2024,1,15,5,711.13
1972,1,16,5,0
1973,1,16,5,11.752
1974,1,16,5,0
1975,1,16,5,6.884
1976,1,16,5,0
1977,1,16,5,27.244
1978,1,16,5,45.846
1979,1,16,5,296.037
1980,1,16,5,1245.43
1981,1,16,5,18.032
1982,1,16,5,727.483
1983,1,16,5,2124.59
1984,1,16,5,472.055
1985,1,16,5,1819.94
1986,1,16,5,39.916
1987,1,16,5,230.051
1988,1,16,5,27.289
1989,1,16,5,4437.25
1990,1,16,5,1175.57
1991,1,16,5,3959.39
1992,1,16,5,5402.1
1993,1,16,5,105.056
1994,1,16,5,271.502
1995,1,16,5,465.142
1996,1,16,5,286.096
1997,1,16,5,3357.81
1998,1,16,5,9.718
1999,1,16,5,6509.72
2000,1,16,5,629.241
2001,1,16,5,2.715
2002,1,16,5,0
2003,1,16,5,2902.93
2004,1,16,5,0
2005,1,16,5,834.759
2006,1,16,5,335.788
2007,1,16,5,841.953
2008,1,16,5,1365.37
2009,1,16,5,933.878
2010,1,16,5,31.243
2011,1,16,5,196.325
2012,1,16,5,29.046
2013,1,16,5,164.898
2014,1,16,5,1.939
2015,1,16,5,40
2016,1,16,5,4.936
2017,1,16,5,1376.88
2018,1,16,5,71.087
2019,1,16,5,414.063
2020,1,16,5,9.767
2021,1,16,5,0
2022,1,16,5,0
2023,1,16,5,0
2024,1,16,5,403.934
1972,1,17,5,0
1973,1,17,5,0
1974,1,17,5,0
1975,1,17,5,0
1976,1,17,5,0
1977,1,17,5,0
1978,1,17,5,0
1979,1,17,5,0
1980,1,17,5,0
1981,1,17,5,0
1982,1,17,5,0
1983,1,17,5,0
1984,1,17,5,0
1985,1,17,5,0
1986,1,17,5,0
1987,1,17,5,0
1988,1,17,5,0
1989,1,17,5,0
1990,1,17,5,0
1991,1,17,5,0
1992,1,17,5,0
1993,1,17,5,0
1994,1,17,5,0
1995,1,17,5,0
1996,1,17,5,0
1997,1,17,5,0
1998,1,17,5,0
1999,1,17,5,0
2000,1,17,5,1671.46
2001,1,17,5,1759.22
2002,1,17,5,1872.73
2003,1,17,5,1861.6
2004,1,17,5,2510.65
2005,1,17,5,2568.39
2006,1,17,5,2576.37
2007,1,17,5,2656.64
2008,1,17,5,2445.52
2009,1,17,5,2272.32
2010,1,17,5,2100.8
2011,1,17,5,2469.95
2012,1,17,5,3794.43
2013,1,17,5,5121.74
2014,1,17,5,5358.55
2015,1,17,5,5418.36
2016,1,17,5,8377.9
2017,1,17,5,12177.6
2018,1,17,5,7649.74
2019,1,17,5,7284.26
2020,1,17,5,5965.38
2021,1,17,5,5450.36
2022,1,17,5,3037.43
2023,1,17,5,6456.06
2024,1,17,5,6456.06
1972,1,18,5,0
1973,1,18,5,0
1974,1,18,5,0
1975,1,18,5,0
1976,1,18,5,0
1977,1,18,5,0
1978,1,18,5,0
1979,1,18,5,0
1980,1,18,5,0
1981,1,18,5,0
1982,1,18,5,0
1983,1,18,5,0
1984,1,18,5,0
1985,1,18,5,0
1986,1,18,5,0
1987,1,18,5,0
1988,1,18,5,0
1989,1,18,5,0
1990,1,18,5,0
1991,1,18,5,0
1992,1,18,5,0
1993,1,18,5,0
1994,1,18,5,0
1995,1,18,5,0
1996,1,18,5,0
1997,1,18,5,0
1998,1,18,5,0
1999,1,18,5,0
2000,1,18,5,0
2001,1,18,5,0
2002,1,18,5,0
2003,1,18,5,0
2004,1,18,5,0
2005,1,18,5,0
2006,1,18,5,0
2007,1,18,5,0
2008,1,18,5,0
2009,1,18,5,0
2010,1,18,5,0
2011,1,18,5,0
2012,1,18,5,0
2013,1,18,5,0
2014,1,18,5,0
2015,1,18,5,0
2016,1,18,5,0
2017,1,18,5,0
2018,1,18,5,0
2019,1,18,5,0
2020,1,18,5,0
2021,1,18,5,0
2022,1,18,5,0
2023,1,18,5,0
2024,1,18,5,0
1972,1,19,6,4681.44
1973,1,19,6,3147.68
1974,1,19,6,32076.3
1975,1,19,6,13580.4
1976,1,19,6,2465.32
1977,1,19,6,3254.72
1978,1,19,6,1657.88
1979,1,19,6,3758.1
1980,1,19,6,3067.03
1981,1,19,6,3310.8
1982,1,19,6,80.7
1983,1,19,6,1191.72
1984,1,19,6,1676.54
1985,1,19,6,3800.57
1986,1,19,6,1580.35
1987,1,19,6,611.43
1988,1,19,6,858.89
1989,1,19,6,3503.92
1990,1,19,6,1423.21
1991,1,19,6,3815.67
1992,1,19,6,1369.98
1993,1,19,6,2464.34
1994,1,19,6,3006.88
1995,1,19,6,5200.02
1996,1,19,6,768.7
1997,1,19,6,3296.86
1998,1,19,6,2871.87
1999,1,19,6,1902.98
2000,1,19,6,1369.38
2001,1,19,6,61
2002,1,19,6,1881.65
2003,1,19,6,3740.23
2004,1,19,6,830.645
2005,1,19,6,647.2
2006,1,19,6,334.357
2007,1,19,6,447.67
2008,1,19,6,152.407
2009,1,19,6,52
2010,1,19,6,0
2011,1,19,6,12.7
2012,1,19,6,116.024
2013,1,19,6,421.227
2014,1,19,6,7.7
2015,1,19,6,0
2016,1,19,6,15
2017,1,19,6,84.932
2018,1,19,6,96.304
2019,1,19,6,109.56
2020,1,19,6,139.83
2021,1,19,6,271.58
2022,1,19,6,114.275
2023,1,19,6,335.474
2024,1,19,6,334.47
1972,1,20,6,0
1973,1,20,6,254.263
1974,1,20,6,67.258
1975,1,20,6,29.768
1976,1,20,6,963.214
1977,1,20,6,987.422
1978,1,20,6,676.585
1979,1,20,6,218.112
1980,1,20,6,895.901
1981,1,20,6,1417.56
1982,1,20,6,4869.42
1983,1,20,6,6915.79
1984,1,20,6,4952.78
1985,1,20,6,10136.1
1986,1,20,6,21179.3
1987,1,20,6,3599.67
1988,1,20,6,4932.75
1989,1,20,6,25073.8
1990,1,20,6,15216.5
1991,1,20,6,26710.5
1992,1,20,6,12134.7
1993,1,20,6,10268
1994,1,20,6,10511.4
1995,1,20,6,17826.1
1996,1,20,6,30011.7
1997,1,20,6,27518
1998,1,20,6,12306.9
1999,1,20,6,14304.9
2000,1,20,6,18343.3
2001,1,20,6,8471.2
2002,1,20,6,17810.3
2003,1,20,6,30584.9
2004,1,20,6,39919.9
2005,1,20,6,21758.1
2006,1,20,6,59757.4
2007,1,20,6,43089.5
2008,1,20,6,30763.5
2009,1,20,6,67567.5
2010,1,20,6,21428.6
2011,1,20,6,43239.6
2012,1,20,6,50281.8
2013,1,20,6,21483.9
2014,1,20,6,13801.5
2015,1,20,6,4942.52
2016,1,20,6,10347.4
2017,1,20,6,15956.5
2018,1,20,6,15690.1
2019,1,20,6,12730.3
2020,1,20,6,2617.45
2021,1,20,6,17834.2
2022,1,20,6,19905.6
2023,1,20,6,22035.6
2024,1,20,6,13843.3
1972,1,21,6,0
1973,1,21,6,131.089
1974,1,21,6,56.396
1975,1,21,6,0.971
1976,1,21,6,0
1977,1,21,6,0
1978,1,21,6,70.032
1979,1,21,6,3.3
1980,1,21,6,492.915
1981,1,21,6,36.208
1982,1,21,6,1282.12
1983,1,21,6,2756.54
1984,1,21,6,1521.27
1985,1,21,6,4457.94
1986,1,21,6,3044.85
1987,1,21,6,4211.2
1988,1,21,6,664.757
1989,1,21,6,27620.7
1990,1,21,6,5327.49
1991,1,21,6,29986.4
1992,1,21,6,3965.1
1993,1,21,6,5194.14
1994,1,21,6,3315.1
1995,1,21,6,18785.2
1996,1,21,6,16947.1
1997,1,21,6,16779.8
1998,1,21,6,5567.45
1999,1,21,6,3330.77
2000,1,21,6,20880.7
2001,1,21,6,3107.43
2002,1,21,6,3093.88
2003,1,21,6,37279.3
2004,1,21,6,14296.3
2005,1,21,6,22488.9
2006,1,21,6,20200.1
2007,1,21,6,37563.4
2008,1,21,6,20022.4
2009,1,21,6,20793.1
2010,1,21,6,34008.3
2011,1,21,6,85405.8
2012,1,21,6,38370.5
2013,1,21,6,30223.5
2014,1,21,6,25604.6
2015,1,21,6,9886.8
2016,1,21,6,10267.5
2017,1,21,6,37695.6
2018,1,21,6,33696.5
2019,1,21,6,47796.2
2020,1,21,6,33711.8
2021,1,21,6,60031.3
2022,1,21,6,41343.7
2023,1,21,6,57276.5
2024,1,21,6,39144.4
1972,1,22,6,0
1973,1,22,6,0
1974,1,22,6,0
1975,1,22,6,0
1976,1,22,6,0
1977,1,22,6,0
1978,1,22,6,0
1979,1,22,6,0
1980,1,22,6,0
1981,1,22,6,0
1982,1,22,6,0
1983,1,22,6,0
1984,1,22,6,0
1985,1,22,6,0
1986,1,22,6,0
1987,1,22,6,0
1988,1,22,6,0
1989,1,22,6,0
1990,1,22,6,0
1991,1,22,6,0
1992,1,22,6,0
1993,1,22,6,0
1994,1,22,6,0
1995,1,22,6,0
1996,1,22,6,0
1997,1,22,6,0
1998,1,22,6,0
1999,1,22,6,0
2000,1,22,6,0
2001,1,22,6,0
2002,1,22,6,0
2003,1,22,6,0
2004,1,22,6,0
2005,1,22,6,0
2006,1,22,6,0
2007,1,22,6,0
2008,1,22,6,0
2009,1,22,6,0
2010,1,22,6,0
2011,1,22,6,0
2012,1,22,6,0
2013,1,22,6,0
2014,1,22,6,0
2015,1,22,6,0
2016,1,22,6,0
2017,1,22,6,0
2018,1,22,6,0
2019,1,22,6,0
2020,1,22,6,0
2021,1,22,6,0
2022,1,22,6,0
2023,1,22,6,0
2024,1,22,6,0
1972,1,23,4,538.9
1973,1,23,4,3395.3
1974,1,23,4,69
1975,1,23,4,5075.3
1976,1,23,4,1575.2
1977,1,23,4,3043.6
1978,1,23,4,1694.8
1979,1,23,4,8155.2
1980,1,23,4,1236.3
1981,1,23,4,2077.2
1982,1,23,4,5864.4
1983,1,23,4,6334.3
1984,1,23,4,10876.4
1985,1,23,4,946.6
1986,1,23,4,3899
1987,1,23,4,12328
1988,1,23,4,3753.1
1989,1,23,4,1577.3
1990,1,23,4,737.9
1991,1,23,4,858.3
1992,1,23,4,67.4
1993,1,23,4,1705.9
1994,1,23,4,1181.3
1995,1,23,4,3044.1
1996,1,23,4,838.6
1997,1,23,4,1202.2
1998,1,23,4,8753.5
1999,1,23,4,9108
2000,1,23,4,4192.4
2001,1,23,4,9699.6
2002,1,23,4,11114.7
2003,1,23,4,3766.3
2004,1,23,4,203.5
2005,1,23,4,2370.3
2006,1,23,4,1958.7
2007,1,23,4,11874.3
2008,1,23,4,4353.8
2009,1,23,4,127.5
2010,1,23,4,2474.4
2011,1,23,4,3
2012,1,23,4,4310.1
2013,1,23,4,169.5
2014,1,23,4,853.6
2015,1,23,4,4315.8
2016,1,23,4,4225.9
2017,1,23,4,3883
2018,1,23,4,7112.9
2019,1,23,4,9107.6
2020,1,23,4,1107.6
2021,1,23,4,3818.5
2022,1,23,4,2045.2
2023,1,23,4,4311
2024,1,23,4,1926.7
1972,1,24,4,0
1973,1,24,4,0
1974,1,24,4,0
1975,1,24,4,0
1976,1,24,4,0
1977,1,24,4,0
1978,1,24,4,0
1979,1,24,4,0
1980,1,24,4,0
1981,1,24,4,0
1982,1,24,4,0
1983,1,24,4,0
1984,1,24,4,0
1985,1,24,4,0
1986,1,24,4,0
1987,1,24,4,0
1988,1,24,4,0
1989,1,24,4,0
1990,1,24,4,0
1991,1,24,4,0
1992,1,24,4,0
1993,1,24,4,0
1994,1,24,4,0
1995,1,24,4,0
1996,1,24,4,0
1997,1,24,4,0
1998,1,24,4,0
1999,1,24,4,0
2000,1,24,4,0
2001,1,24,4,0
2002,1,24,4,0
2003,1,24,4,0
2004,1,24,4,0
2005,1,24,4,0
2006,1,24,4,0
2007,1,24,4,0
2008,1,24,4,0
2009,1,24,4,0
2010,1,24,4,0
2011,1,24,4,0
2012,1,24,4,0
2013,1,24,4,0
2014,1,24,4,0
2015,1,24,4,0
2016,1,24,4,0
2017,1,24,4,0
2018,1,24,4,0
2019,1,24,4,0
2020,1,24,4,0
2021,1,24,4,0
2022,1,24,4,0
2023,1,24,4,0
2024,1,24,4,0
1972,1,25,7,17665.9
1973,1,25,7,17421.2
1974,1,25,7,16659.2
1975,1,25,7,8448
1976,1,25,7,12813.4
1977,1,25,7,19653.3
1978,1,25,7,24776.1
1979,1,25,7,17156.2
1980,1,25,7,13964.9
1981,1,25,7,9793
1982,1,25,7,6652.6
1983,1,25,7,6058.61
1984,1,25,7,23806.4
1985,1,25,7,5009.5
1986,1,25,7,20257.7
1987,1,25,7,2569.4
1988,1,25,7,5014.21
1989,1,25,7,30364.4
1990,1,25,7,6677.4
1991,1,25,7,1791.34
1992,1,25,7,795.25
1993,1,25,7,1446.18
1994,1,25,7,4947.17
1995,1,25,7,7505.16
1996,1,25,7,1397.26
1997,1,25,7,2452.09
1998,1,25,7,528.41
1999,1,25,7,2178.6
2000,1,25,7,6306.5
2001,1,25,7,347
2002,1,25,7,107
2003,1,25,7,12290.2
2004,1,25,7,831
2005,1,25,7,7873.1
2006,1,25,7,3957.03
2007,1,25,7,143.856
2008,1,25,7,4554.48
2009,1,25,7,2869.6
2010,1,25,7,412.1
2011,1,25,7,6950.6
2012,1,25,7,1003.7
2013,1,25,7,5255.5
2014,1,25,7,2181.4
2015,1,25,7,2169.7
2016,1,25,7,1079.4
2017,1,25,7,474.7
2018,1,25,7,346.4
2019,1,25,7,181.1
2020,1,25,7,234.2
2021,1,25,7,415.9
2022,1,25,7,1081
2023,1,25,7,1012.4
2024,1,25,7,258
1972,1,26,7,86.37
1973,1,26,7,246.101
1974,1,26,7,446.224
1975,1,26,7,333.362
1976,1,26,7,1147.49
1977,1,26,7,764.106
1978,1,26,7,1109.23
1979,1,26,7,1347.75
1980,1,26,7,1175.78
1981,1,26,7,5429.5
1982,1,26,7,13995.2
1983,1,26,7,8944.42
1984,1,26,7,23182.8
1985,1,26,7,13426.1
1986,1,26,7,27554.3
1987,1,26,7,26388.1
1988,1,26,7,40040.6
1989,1,26,7,19989.7
1990,1,26,7,34250.7
1991,1,26,7,35133.4
1992,1,26,7,20782.5
1993,1,26,7,32257.4
1994,1,26,7,50262.6
1995,1,26,7,40459.2
1996,1,26,7,51717.4
1997,1,26,7,31817.1
1998,1,26,7,33641
1999,1,26,7,45001.3
2000,1,26,7,31895.3
2001,1,26,7,27414.8
2002,1,26,7,77278
2003,1,26,7,57985
2004,1,26,7,86268.4
2005,1,26,7,58181
2006,1,26,7,87579
2007,1,26,7,109322
2008,1,26,7,135223
2009,1,26,7,82337.1
2010,1,26,7,46578
2011,1,26,7,97032.6
2012,1,26,7,70896.3
2013,1,26,7,114082
2014,1,26,7,100094
2015,1,26,7,45637.3
2016,1,26,7,28631.4
2017,1,26,7,63080
2018,1,26,7,96322.4
2019,1,26,7,62909.8
2020,1,26,7,18762.1
2021,1,26,7,106553
2022,1,26,7,101991
2023,1,26,7,46375.9
2024,1,26,7,82095.4
1972,1,27,7,0
1973,1,27,7,0.964
1974,1,27,7,3.914
1975,1,27,7,172.258
1976,1,27,7,0
1977,1,27,7,7.718
1978,1,27,7,333.645
1979,1,27,7,128.738
1980,1,27,7,802.71
1981,1,27,7,1237.03
1982,1,27,7,2222.76
1983,1,27,7,5074.93
1984,1,27,7,20309.2
1985,1,27,7,13390.7
1986,1,27,7,5870.44
1987,1,27,7,19557
1988,1,27,7,9255.91
1989,1,27,7,29345.6
1990,1,27,7,19779.7
1991,1,27,7,35291.5
1992,1,27,7,9025.13
1993,1,27,7,33745.7
1994,1,27,7,35711.4
1995,1,27,7,89024.6
1996,1,27,7,43564.7
1997,1,27,7,30065.3
1998,1,27,7,21144.1
1999,1,27,7,40375
2000,1,27,7,57471.2
2001,1,27,7,59669.8
2002,1,27,7,24246.5
2003,1,27,7,101045
2004,1,27,7,26107.5
2005,1,27,7,55751.8
2006,1,27,7,56931.8
2007,1,27,7,43372.5
2008,1,27,7,65064.8
2009,1,27,7,59127.9
2010,1,27,7,35352.9
2011,1,27,7,46158.2
2012,1,27,7,70626.3
2013,1,27,7,69727.6
2014,1,27,7,38591.9
2015,1,27,7,54991.8
2016,1,27,7,64632.6
2017,1,27,7,62144.3
2018,1,27,7,68150.6
2019,1,27,7,35898.3
2020,1,27,7,56437
2021,1,27,7,67875.3
2022,1,27,7,45867.9
2023,1,27,7,60969.2
2024,1,27,7,49636.2
1972,1,28,7,0
1973,1,28,7,0
1974,1,28,7,0
1975,1,28,7,0
1976,1,28,7,0
1977,1,28,7,0
1978,1,28,7,0
1979,1,28,7,0
1980,1,28,7,0
1981,1,28,7,0
1982,1,28,7,0
1983,1,28,7,0
1984,1,28,7,0
1985,1,28,7,0
1986,1,28,7,0
1987,1,28,7,0
1988,1,28,7,0
1989,1,28,7,0
1990,1,28,7,0
1991,1,28,7,0
1992,1,28,7,0
1993,1,28,7,0
1994,1,28,7,0
1995,1,28,7,0
1996,1,28,7,0
1997,1,28,7,0
1998,1,28,7,0
1999,1,28,7,0
2000,1,28,7,0
2001,1,28,7,0
2002,1,28,7,0
2003,1,28,7,0
2004,1,28,7,0
2005,1,28,7,0
2006,1,28,7,0
2007,1,28,7,0
2008,1,28,7,0
2009,1,28,7,0
2010,1,28,7,0
2011,1,28,7,0
2012,1,28,7,0
2013,1,28,7,0
2014,1,28,7,0
2015,1,28,7,0
2016,1,28,7,0
2017,1,28,7,0
2018,1,28,7,0
2019,1,28,7,0
2020,1,28,7,0
2021,1,28,7,0
2022,1,28,7,0
2023,1,28,7,0
2024,1,28,7,0
1972,1,29,8,209.7
1973,1,29,8,220.2
1974,1,29,8,153
1975,1,29,8,3621.7
1976,1,29,8,8467.94
1977,1,29,8,11302.2
1978,1,29,8,24232.7
1979,1,29,8,3713.54
1980,1,29,8,10194.3
1981,1,29,8,17404.8
1982,1,29,8,9274.67
1983,1,29,8,14090.4
1984,1,29,8,4280.12
1985,1,29,8,8882.57
1986,1,29,8,2530.66
1987,1,29,8,9991.23
1988,1,29,8,11774.1
1989,1,29,8,2942.94
1990,1,29,8,2841.64
1991,1,29,8,1706.51
1992,1,29,8,1766.98
1993,1,29,8,7398.33
1994,1,29,8,4426.83
1995,1,29,8,5764.41
1996,1,29,8,5206.14
1997,1,29,8,9631.21
1998,1,29,8,114.57
1999,1,29,8,1432.88
2000,1,29,8,1471.11
2001,1,29,8,1947.1
2002,1,29,8,189.311
2003,1,29,8,162.6
2004,1,29,8,6317.4
2005,1,29,8,1478.8
2006,1,29,8,3733.2
2007,1,29,8,106
2008,1,29,8,1716.5
2009,1,29,8,1245.5
2010,1,29,8,5293.32
2011,1,29,8,2423.8
2012,1,29,8,417.4
2013,1,29,8,786.6
2014,1,29,8,4979.9
2015,1,29,8,92.6
2016,1,29,8,321
2017,1,29,8,214.5
2018,1,29,8,11
2019,1,29,8,34.6
2020,1,29,8,1838.8
2021,1,29,8,482
2022,1,29,8,22
2023,1,29,8,0
2024,1,29,8,0
1972,1,30,8,0
1973,1,30,8,0
1974,1,30,8,0
1975,1,30,8,0
1976,1,30,8,0
1977,1,30,8,0
1978,1,30,8,0
1979,1,30,8,0
1980,1,30,8,0
1981,1,30,8,0
1982,1,30,8,744.36
1983,1,30,8,3872.35
1984,1,30,8,5430.1
1985,1,30,8,462.759
1986,1,30,8,176.615
1987,1,30,8,123.301
1988,1,30,8,245.206
1989,1,30,8,103.304
1990,1,30,8,2976.22
1991,1,30,8,22.087
1992,1,30,8,6382.41
1993,1,30,8,11765.4
1994,1,30,8,11615
1995,1,30,8,4910.89
1996,1,30,8,3971.25
1997,1,30,8,12554.8
1998,1,30,8,34544.6
1999,1,30,8,10814.8
2000,1,30,8,18676.6
2001,1,30,8,8714.19
2002,1,30,8,42749
2003,1,30,8,438.873
2004,1,30,8,21943.1
2005,1,30,8,18818
2006,1,30,8,4892.53
2007,1,30,8,10608.5
2008,1,30,8,29193
2009,1,30,8,35833.6
2010,1,30,8,92644.4
2011,1,30,8,67388.9
2012,1,30,8,35231.3
2013,1,30,8,33349
2014,1,30,8,123583
2015,1,30,8,116742
2016,1,30,8,75685.9
2017,1,30,8,71376.3
2018,1,30,8,103218
2019,1,30,8,122566
2020,1,30,8,98868.8
2021,1,30,8,108232
2022,1,30,8,85291.6
2023,1,30,8,40572.7
2024,1,30,8,189972
1972,1,31,8,0
1973,1,31,8,0
1974,1,31,8,0
1975,1,31,8,0
1976,1,31,8,0
1977,1,31,8,0
1978,1,31,8,0
1979,1,31,8,0
1980,1,31,8,0
1981,1,31,8,0
1982,1,31,8,12.769
1983,1,31,8,273.037
1984,1,31,8,1463.73
1985,1,31,8,251.218
1986,1,31,8,1439.65
1987,1,31,8,979.631
1988,1,31,8,1896.89
1989,1,31,8,106.943
1990,1,31,8,5401.25
1991,1,31,8,207.105
1992,1,31,8,11698.9
1993,1,31,8,10181.3
1994,1,31,8,7463.64
1995,1,31,8,14864.6
1996,1,31,8,2208.6
1997,1,31,8,167.548
1998,1,31,8,3108.28
1999,1,31,8,136.038
2000,1,31,8,1007.37
2001,1,31,8,2395.95
2002,1,31,8,15064.1
2003,1,31,8,260.499
2004,1,31,8,4291.25
2005,1,31,8,2130.77
2006,1,31,8,1079.85
2007,1,31,8,861.074
2008,1,31,8,3885.18
2009,1,31,8,2955.75
2010,1,31,8,20776
2011,1,31,8,1354.21
2012,1,31,8,27436.1
2013,1,31,8,2916.1
2014,1,31,8,43424.9
2015,1,31,8,77867.8
2016,1,31,8,32099.9
2017,1,31,8,7565.53
2018,1,31,8,10223.1
2019,1,31,8,54212.5
2020,1,31,8,39688.9
2021,1,31,8,5040.65
2022,1,31,8,17289.5
2023,1,31,8,4060.48
2024,1,31,8,31153.8
1972,1,32,8,0
1973,1,32,8,0
1974,1,32,8,0
1975,1,32,8,0
1976,1,32,8,0
1977,1,32,8,0
1978,1,32,8,0
1979,1,32,8,0
1980,1,32,8,0
1981,1,32,8,0
1982,1,32,8,0
1983,1,32,8,0
1984,1,32,8,0
1985,1,32,8,0
1986,1,32,8,0
1987,1,32,8,0
1988,1,32,8,0
1989,1,32,8,0
1990,1,32,8,0
1991,1,32,8,0
1992,1,32,8,0
1993,1,32,8,0
1994,1,32,8,0
1995,1,32,8,0
1996,1,32,8,0
1997,1,32,8,0
1998,1,32,8,0
1999,1,32,8,0
2000,1,32,8,0
2001,1,32,8,0
2002,1,32,8,0
2003,1,32,8,0
2004,1,32,8,0
2005,1,32,8,0
2006,1,32,8,0
2007,1,32,8,0
2008,1,32,8,0
2009,1,32,8,0
2010,1,32,8,0
2011,1,32,8,0
2012,1,32,8,0
2013,1,32,8,0
2014,1,32,8,0
2015,1,32,8,0
2016,1,32,8,0
2017,1,32,8,0
2018,1,32,8,0
2019,1,32,8,0
2020,1,32,8,0
2021,1,32,8,0
2022,1,32,8,0
2023,1,32,8,0
2024,1,32,8,0
1972,1,33,1,3.04011e-06
1973,1,33,1,1.36544e-06
1974,1,33,1,1.28267e-06
1975,1,33,1,1.74258e-06
1976,1,33,1,1.8654e-06
1977,1,33,1,1.02143e-06
1978,1,33,1,1.1447e-06
1979,1,33,1,1.23026e-06
1980,1,33,1,9.85672e-07
1981,1,33,1,7.38819e-07
1982,1,33,1,9.68886e-07
1983,1,33,1,1.03418e-06
1984,1,33,1,1.11234e-06
1985,1,33,1,1.12078e-06
1986,1,33,1,8.90264e-07
1987,1,33,1,1.05434e-06
1988,1,33,1,1.32997e-06
1989,1,33,1,1.00873e-06
1990,1,33,1,8.95347e-07
1991,1,33,1,8.16661e-07
1992,1,33,1,8.41446e-07
1993,1,33,1,7.30994e-07
1994,1,33,1,8.3677e-07
1995,1,33,1,7.2684e-07
1996,1,33,1,8.0901e-07
1997,1,33,1,9.18117e-07
1998,1,33,1,5.17026e-07
1999,1,33,1,8.64753e-07
2000,1,33,1,5.40837e-07
2001,1,33,1,5.13006e-07
2002,1,33,1,4.72059e-07
2003,1,33,1,4.89674e-07
2004,1,33,1,5.42033e-07
2005,1,33,1,6.973e-07
2006,1,33,1,4.81654e-07
2007,1,33,1,5.66667e-07
2008,1,33,1,4.67855e-07
2009,1,33,1,4.46117e-07
2010,1,33,1,3.51616e-07
2011,1,33,1,3.48326e-07
2012,1,33,1,3.70898e-07
2013,1,33,1,4.54969e-07
2014,1,33,1,3.83486e-07
2015,1,33,1,3.73698e-07
2016,1,33,1,2.79394e-07
2017,1,33,1,3.27974e-07
2018,1,33,1,5.39798e-07
2019,1,33,1,3.47029e-07
2020,1,33,1,2.87727e-07
2021,1,33,1,2.46799e-07
2022,1,33,1,3.29871e-07
2023,1,33,1,3.486e-07
2024,1,33,1,0
1972,1,34,2,4.29289e-06
1973,1,34,2,2.26887e-06
1974,1,34,2,2.99526e-06
1975,1,34,2,2.22695e-06
1976,1,34,2,2.53475e-06
1977,1,34,2,1.49283e-06
1978,1,34,2,1.49001e-06
1979,1,34,2,1.8356e-06
1980,1,34,2,1.31135e-06
1981,1,34,2,1.01771e-06
1982,1,34,2,1.51682e-06
1983,1,34,2,1.31769e-06
1984,1,34,2,2.19309e-06
1985,1,34,2,1.45641e-06
1986,1,34,2,1.42158e-06
1987,1,34,2,2.01879e-06
1988,1,34,2,2.71274e-06
1989,1,34,2,1.78431e-06
1990,1,34,2,1.61369e-06
1991,1,34,2,1.643e-06
1992,1,34,2,1.30065e-06
1993,1,34,2,1.44727e-06
1994,1,34,2,1.12276e-06
1995,1,34,2,1.37495e-06
1996,1,34,2,1.18991e-06
1997,1,34,2,1.40028e-06
1998,1,34,2,1.02776e-06
1999,1,34,2,8.93208e-07
2000,1,34,2,1.27479e-06
2001,1,34,2,6.61372e-07
2002,1,34,2,6.9717e-07
2003,1,34,2,6.85334e-07
2004,1,34,2,6.14925e-07
2005,1,34,2,8.908e-07
2006,1,34,2,5.83707e-07
2007,1,34,2,5.81063e-07
2008,1,34,2,7.44688e-07
2009,1,34,2,5.95754e-07
2010,1,34,2,7.18946e-07
2011,1,34,2,5.52569e-07
2012,1,34,2,6.25109e-07
2013,1,34,2,6.43628e-07
2014,1,34,2,5.88743e-07
2015,1,34,2,6.9544e-07
2016,1,34,2,4.49446e-07
2017,1,34,2,5.7196e-07
2018,1,34,2,1.05672e-06
2019,1,34,2,6.36991e-07
2020,1,34,2,5.61079e-07
2021,1,34,2,5.17579e-07
2022,1,34,2,4.3569e-07
2023,1,34,2,5.16739e-07
2024,1,34,2,0
1972,1,35,3,2.20921e-05
1973,1,35,3,2.31547e-05
1974,1,35,3,1.79744e-05
1975,1,35,3,2.25305e-05
1976,1,35,3,2.3347e-05
1977,1,35,3,1.83207e-05
1978,1,35,3,1.99741e-05
1979,1,35,3,2.01117e-05
1980,1,35,3,1.83447e-05
1981,1,35,3,1.41086e-05
1982,1,35,3,1.58549e-05
1983,1,35,3,1.89725e-05
1984,1,35,3,1.91552e-05
1985,1,35,3,1.8224e-05
1986,1,35,3,1.43639e-05
1987,1,35,3,1.60724e-05
1988,1,35,3,1.84458e-05
1989,1,35,3,1.89041e-05
1990,1,35,3,1.589e-05
1991,1,35,3,1.50723e-05
1992,1,35,3,1.50073e-05
1993,1,35,3,1.21219e-05
1994,1,35,3,1.28935e-05
1995,1,35,3,1.14532e-05
1996,1,35,3,1.18125e-05
1997,1,35,3,1.12997e-05
1998,1,35,3,1.08514e-05
1999,1,35,3,1.25658e-05
2000,1,35,3,1.12431e-05
2001,1,35,3,1.13637e-05
2002,1,35,3,8.86447e-06
2003,1,35,3,1.0378e-05
2004,1,35,3,9.66293e-06
2005,1,35,3,1.0539e-05
2006,1,35,3,9.20048e-06
2007,1,35,3,9.35074e-06
2008,1,35,3,9.05416e-06
2009,1,35,3,7.54933e-06
2010,1,35,3,6.85719e-06
2011,1,35,3,6.51951e-06
2012,1,35,3,7.16472e-06
2013,1,35,3,8.46101e-06
2014,1,35,3,7.05553e-06
2015,1,35,3,6.59084e-06
2016,1,35,3,5.14656e-06
2017,1,35,3,5.97167e-06
2018,1,35,3,6.96559e-06
2019,1,35,3,6.16671e-06
2020,1,35,3,5.77058e-06
2021,1,35,3,5.54549e-06
2022,1,35,3,7.65998e-06
2023,1,35,3,7.56377e-06
2024,1,35,3,0
1972,1,36,4,0.000104041
1973,1,36,4,0.000117239
1974,1,36,4,0.000114131
1975,1,36,4,0.000104838
1976,1,36,4,8.96603e-05
1977,1,36,4,7.97604e-05
1978,1,36,4,8.89353e-05
1979,1,36,4,9.21495e-05
1980,1,36,4,6.6074e-05
1981,1,36,4,6.51924e-05
1982,1,36,4,6.12612e-05
1983,1,36,4,6.60984e-05
1984,1,36,4,9.31836e-05
1985,1,36,4,8.69506e-05
1986,1,36,4,6.93587e-05
1987,1,36,4,9.92106e-05
1988,1,36,4,8.97564e-05
1989,1,36,4,8.54065e-05
1990,1,36,4,6.78906e-05
1991,1,36,4,6.09199e-05
1992,1,36,4,7.68942e-05
1993,1,36,4,7.44293e-05
1994,1,36,4,7.03608e-05
1995,1,36,4,5.87189e-05
1996,1,36,4,7.81889e-05
1997,1,36,4,6.00266e-05
1998,1,36,4,8.04755e-05
1999,1,36,4,8.52663e-05
2000,1,36,4,7.16154e-05
2001,1,36,4,5.70404e-05
2002,1,36,4,5.98884e-05
2003,1,36,4,5.71054e-05
2004,1,36,4,6.20747e-05
2005,1,36,4,5.57483e-05
2006,1,36,4,7.45085e-05
2007,1,36,4,5.74797e-05
2008,1,36,4,4.91444e-05
2009,1,36,4,4.33911e-05
2010,1,36,4,4.17592e-05
2011,1,36,4,4.98777e-05
2012,1,36,4,4.27974e-05
2013,1,36,4,5.64466e-05
2014,1,36,4,4.78768e-05
2015,1,36,4,3.25286e-05
2016,1,36,4,3.0218e-05
2017,1,36,4,2.99814e-05
2018,1,36,4,3.29175e-05
2019,1,36,4,4.63004e-05
2020,1,36,4,4.60195e-05
2021,1,36,4,3.90507e-05
2022,1,36,4,4.13045e-05
2023,1,36,4,4.25656e-05
2024,1,36,4,0
1972,1,37,5,0
1973,1,37,5,0
1974,1,37,5,0
1975,1,37,5,0
1976,1,37,5,0
1977,1,37,5,0
1978,1,37,5,0
1979,1,37,5,0
1980,1,37,5,0
1981,1,37,5,0
1982,1,37,5,0
1983,1,37,5,0
1984,1,37,5,0
1985,1,37,5,0
1986,1,37,5,0
1987,1,37,5,0
1988,1,37,5,0
1989,1,37,5,0
1990,1,37,5,0
1991,1,37,5,0
1992,1,37,5,0
1993,1,37,5,0
1994,1,37,5,0
1995,1,37,5,0
1996,1,37,5,0
1997,1,37,5,0
1998,1,37,5,0
1999,1,37,5,0
2000,1,37,5,0
2001,1,37,5,0
2002,1,37,5,0
2003,1,37,5,0
2004,1,37,5,0
2005,1,37,5,0.000133573
2006,1,37,5,0.00012382
2007,1,37,5,9.714e-05
2008,1,37,5,8.33637e-05
2009,1,37,5,0.000106802
2010,1,37,5,8.31317e-05
2011,1,37,5,9.13137e-05
2012,1,37,5,5.77041e-05
2013,1,37,5,0.000102969
2014,1,37,5,9.73029e-05
2015,1,37,5,5.83189e-05
2016,1,37,5,6.65405e-05
2017,1,37,5,5.08301e-05
2018,1,37,5,4.38508e-05
2019,1,37,5,5.58256e-05
2020,1,37,5,2.60846e-05
2021,1,37,5,3.59212e-05
2022,1,37,5,3.00556e-05
2023,1,37,5,4.42952e-05
2024,1,37,5,4.96995e-05
1972,1,38,7,7.99455e-05
1973,1,38,7,7.90997e-05
1974,1,38,7,9.52364e-05
1975,1,38,7,6.9257e-05
1976,1,38,7,7.98924e-05
1977,1,38,7,7.08604e-05
1978,1,38,7,6.64122e-05
1979,1,38,7,7.48492e-05
1980,1,38,7,7.51638e-05
1981,1,38,7,5.16795e-05
1982,1,38,7,5.22584e-05
1983,1,38,7,5.89747e-05
1984,1,38,7,6.44298e-05
1985,1,38,7,6.05348e-05
1986,1,38,7,7.30908e-05
1987,1,38,7,6.22665e-05
1988,1,38,7,7.49973e-05
1989,1,38,7,5.99954e-05
1990,1,38,7,3.06504e-05
1991,1,38,7,2.80681e-05
1992,1,38,7,2.41316e-05
1993,1,38,7,2.14135e-05
1994,1,38,7,4.50807e-05
1995,1,38,7,5.02558e-05
1996,1,38,7,3.06707e-05
1997,1,38,7,4.56063e-05
1998,1,38,7,3.17801e-05
1999,1,38,7,4.96899e-05
2000,1,38,7,3.58351e-05
2001,1,38,7,3.66271e-05
2002,1,38,7,3.49358e-05
2003,1,38,7,4.28153e-05
2004,1,38,7,3.01695e-05
2005,1,38,7,4.38426e-05
2006,1,38,7,3.68098e-05
2007,1,38,7,4.55919e-05
2008,1,38,7,6.77397e-05
2009,1,38,7,3.10894e-05
2010,1,38,7,0
2011,1,38,7,0
2012,1,38,7,0
2013,1,38,7,0
2014,1,38,7,0
2015,1,38,7,0
2016,1,38,7,0
2017,1,38,7,0
2018,1,38,7,0
2019,1,38,7,0
2020,1,38,7,0
2021,1,38,7,0
2022,1,38,7,0
2023,1,38,7,0
2024,1,38,7,0
1972,1,39,8,0
1973,1,39,8,0
1974,1,39,8,0
1975,1,39,8,0.00176612
1976,1,39,8,0.00293743
1977,1,39,8,0.00206441
1978,1,39,8,0.00233616
1979,1,39,8,0.00228455
1980,1,39,8,0.00250397
1981,1,39,8,0.00184102
1982,1,39,8,0.00196363
1983,1,39,8,0.00177071
1984,1,39,8,0.00202096
1985,1,39,8,0.0016503
1986,1,39,8,0.00290791
1987,1,39,8,0.00253133
1988,1,39,8,0.00388814
1989,1,39,8,0.00196721
1990,1,39,8,0.000978417
1991,1,39,8,0.00142241
1992,1,39,8,0.00105865
1993,1,39,8,0.000883339
1994,1,39,8,0.00181579
1995,1,39,8,0.00251524
1996,1,39,8,0.00162249
1997,1,39,8,0.00201051
1998,1,39,8,0
1999,1,39,8,0
2000,1,39,8,0
2001,1,39,8,0
2002,1,39,8,0
2003,1,39,8,0
2004,1,39,8,0
2005,1,39,8,0
2006,1,39,8,0
2007,1,39,8,0
2008,1,39,8,0
2009,1,39,8,0
2010,1,39,8,0
2011,1,39,8,0
2012,1,39,8,0
2013,1,39,8,0
2014,1,39,8,0
2015,1,39,8,0
2016,1,39,8,0
2017,1,39,8,0
2018,1,39,8,0
2019,1,39,8,0
2020,1,39,8,0
2021,1,39,8,0
2022,1,39,8,0
2023,1,39,8,0
2024,1,39,8,0
1972,1,40,6,0
1973,1,40,6,0
1974,1,40,6,0
1975,1,40,6,0
1976,1,40,6,0
1977,1,40,6,0
1978,1,40,6,0
1979,1,40,6,0
1980,1,40,6,0
1981,1,40,6,0
1982,1,40,6,0
1983,1,40,6,0
1984,1,40,6,0
1985,1,40,6,0
1986,1,40,6,0
1987,1,40,6,0
1988,1,40,6,0
1989,1,40,6,0
1990,1,40,6,0
1991,1,40,6,0
1992,1,40,6,0
1993,1,40,6,0
1994,1,40,6,0
1995,1,40,6,0
1996,1,40,6,0
1997,1,40,6,0
1998,1,40,6,0
1999,1,40,6,0
2000,1,40,6,0
2001,1,40,6,0
2002,1,40,6,0
2003,1,40,6,0
2004,1,40,6,0
2005,1,40,6,0
2006,1,40,6,0
2007,1,40,6,0
2008,1,40,6,0
2009,1,40,6,0
2010,1,40,6,7.43867e-05
2011,1,40,6,7.27013e-05
2012,1,40,6,3.59025e-05
2013,1,40,6,4.60083e-05
2014,1,40,6,6.138e-05
2015,1,40,6,7.31869e-05
2016,1,40,6,8.00593e-05
2017,1,40,6,5.66469e-05
2018,1,40,6,7.57409e-05
2019,1,40,6,7.43703e-05
2020,1,40,6,4.22847e-05
2021,1,40,6,5.41351e-05
2022,1,40,6,3.77524e-05
2023,1,40,6,4.58519e-05
2024,1,40,6,6.33633e-05
1972,1,41,7,0
1973,1,41,7,0
1974,1,41,7,0
1975,1,41,7,0
1976,1,41,7,0
1977,1,41,7,0
1978,1,41,7,0
1979,1,41,7,0
1980,1,41,7,0
1981,1,41,7,0
1982,1,41,7,0
1983,1,41,7,0
1984,1,41,7,0
1985,1,41,7,0
1986,1,41,7,0
1987,1,41,7,0
1988,1,41,7,0
1989,1,41,7,0
1990,1,41,7,0
1991,1,41,7,0
1992,1,41,7,0
1993,1,41,7,0
1994,1,41,7,0
1995,1,41,7,0
1996,1,41,7,0
1997,1,41,7,0
1998,1,41,7,0
1999,1,41,7,0
2000,1,41,7,0
2001,1,41,7,0
2002,1,41,7,0
2003,1,41,7,0
2004,1,41,7,0
2005,1,41,7,0
2006,1,41,7,0
2007,1,41,7,0
2008,1,41,7,0
2009,1,41,7,0
2010,1,41,7,0.000508194
2011,1,41,7,0.000447605
2012,1,41,7,0.000213653
2013,1,41,7,0.000355213
2014,1,41,7,0.000395067
2015,1,41,7,0.000451642
2016,1,41,7,0.000540445
2017,1,41,7,0.000410361
2018,1,41,7,0.000420936
2019,1,41,7,0.000414678
2020,1,41,7,0.000326655
2021,1,41,7,0.0003836
2022,1,41,7,0.000225579
2023,1,41,7,0.000501826
2024,1,41,7,0.000587929
1972,1,42,8,0
1973,1,42,8,0
1974,1,42,8,0
1975,1,42,8,0
1976,1,42,8,0
1977,1,42,8,0
1978,1,42,8,0
1979,1,42,8,0
1980,1,42,8,0
1981,1,42,8,0
1982,1,42,8,0
1983,1,42,8,0
1984,1,42,8,0
1985,1,42,8,0
1986,1,42,8,0
1987,1,42,8,0
1988,1,42,8,0
1989,1,42,8,0
1990,1,42,8,0
1991,1,42,8,0
1992,1,42,8,0
1993,1,42,8,0
1994,1,42,8,0
1995,1,42,8,0
1996,1,42,8,0
1997,1,42,8,0
1998,1,42,8,0
1999,1,42,8,0
2000,1,42,8,0
2001,1,42,8,0
2002,1,42,8,0
2003,1,42,8,0
2004,1,42,8,0
2005,1,42,8,0
2006,1,42,8,0
2007,1,42,8,0
2008,1,42,8,0
2009,1,42,8,0
2010,1,42,8,0.000501083
2011,1,42,8,0.000707941
2012,1,42,8,0.000422849
2013,1,42,8,0.000643586
2014,1,42,8,0.000634542
2015,1,42,8,0.000619451
2016,1,42,8,0.00080346
2017,1,42,8,0.000615045
2018,1,42,8,0.000512263
2019,1,42,8,0.000658208
2020,1,42,8,0.00087262
2021,1,42,8,0.000562404
2022,1,42,8,0.000788434
2023,1,42,8,0.000691398
2024,1,42,8,0.000571819
1972,2,1,1,15616.5
1973,2,1,1,15503.2
1974,2,1,1,25596.4
1975,2,1,1,17269.3
1976,2,1,1,38875.4
1977,2,1,1,29820.7
1978,2,1,1,44599.7
1979,2,1,1,35575.7
1980,2,1,1,36971.6
1981,2,1,1,17187.7
1982,2,1,1,26867.5
1983,2,1,1,20156.9
1984,2,1,1,34029.7
1985,2,1,1,22788.2
1986,2,1,1,31843.8
1987,2,1,1,15407.6
1988,2,1,1,17453.9
1989,2,1,1,8660.4
1990,2,1,1,9589.43
1991,2,1,1,14663.9
1992,2,1,1,10261.8
1993,2,1,1,13769.7
1994,2,1,1,10796.2
1995,2,1,1,10848.4
1996,2,1,1,18523.4
1997,2,1,1,22543.7
1998,2,1,1,11716.8
1999,2,1,1,14188
2000,2,1,1,24181.3
2001,2,1,1,11140
2002,2,1,1,5797.15
2003,2,1,1,12704.8
2004,2,1,1,11418.6
2005,2,1,1,11614.7
2006,2,1,1,7859.62
2007,2,1,1,8510.94
2008,2,1,1,7449.68
2009,2,1,1,7592.21
2010,2,1,1,7465.48
2011,2,1,1,9681.45
2012,2,1,1,7164.88
2013,2,1,1,11726.9
2014,2,1,1,6762.66
2015,2,1,1,6521.8
2016,2,1,1,3718.85
2017,2,1,1,6446.94
2018,2,1,1,9254.92
2019,2,1,1,8276.98
2020,2,1,1,3111.94
2021,2,1,1,7316.74
2022,2,1,1,7611.44
2023,2,1,1,4039.5
2024,2,1,1,4039.5
1972,2,2,1,1586.09
1973,2,2,1,1189.34
1974,2,2,1,1678.8
1975,2,2,1,787.517
1976,2,2,1,4933.99
1977,2,2,1,2470.64
1978,2,2,1,1950
1979,2,2,1,556.842
1980,2,2,1,2291.74
1981,2,2,1,6425.34
1982,2,2,1,1894.41
1983,2,2,1,1089.17
1984,2,2,1,7656.06
1985,2,2,1,11115.9
1986,2,2,1,7868.41
1987,2,2,1,4519.5
1988,2,2,1,4754.88
1989,2,2,1,3635.38
1990,2,2,1,3957.84
1991,2,2,1,3072.56
1992,2,2,1,2899.5
1993,2,2,1,9064.44
1994,2,2,1,3192.28
1995,2,2,1,2748.4
1996,2,2,1,3168.75
1997,2,2,1,7879.34
1998,2,2,1,3450.2
1999,2,2,1,8527.09
2000,2,2,1,4082.18
2001,2,2,1,2676.47
2002,2,2,1,935.837
2003,2,2,1,2603.43
2004,2,2,1,5309.27
2005,2,2,1,1271.16
2006,2,2,1,1677.02
2007,2,2,1,12450.2
2008,2,2,1,2300.8
2009,2,2,1,9468.52
2010,2,2,1,1551.76
2011,2,2,1,2641.67
2012,2,2,1,7521.94
2013,2,2,1,5132.13
2014,2,2,1,3703.55
2015,2,2,1,1360.83
2016,2,2,1,660.849
2017,2,2,1,6128.72
2018,2,2,1,1811.63
2019,2,2,1,2086.01
2020,2,2,1,541.532
2021,2,2,1,4158.94
2022,2,2,1,3248.64
2023,2,2,1,1149.1
2024,2,2,1,476.036
1972,2,3,1,0
1973,2,3,1,0
1974,2,3,1,0
1975,2,3,1,0
1976,2,3,1,0
1977,2,3,1,0
1978,2,3,1,0
1979,2,3,1,0
1980,2,3,1,0
1981,2,3,1,0
1982,2,3,1,0
1983,2,3,1,0
1984,2,3,1,0
1985,2,3,1,0
1986,2,3,1,0
1987,2,3,1,0
1988,2,3,1,0
1989,2,3,1,0
1990,2,3,1,0
1991,2,3,1,0
1992,2,3,1,0
1993,2,3,1,0
1994,2,3,1,0
1995,2,3,1,0
1996,2,3,1,0
1997,2,3,1,0
1998,2,3,1,0
1999,2,3,1,0
2000,2,3,1,0
2001,2,3,1,0
2002,2,3,1,0
2003,2,3,1,0
2004,2,3,1,0
2005,2,3,1,0
2006,2,3,1,0
2007,2,3,1,0
2008,2,3,1,0
2009,2,3,1,0
2010,2,3,1,0
2011,2,3,1,0
2012,2,3,1,0
2013,2,3,1,0
2014,2,3,1,0
2015,2,3,1,0
2016,2,3,1,0
2017,2,3,1,0
2018,2,3,1,0
2019,2,3,1,0
2020,2,3,1,0
2021,2,3,1,0
2022,2,3,1,0
2023,2,3,1,0
2024,2,3,1,0
1972,2,4,2,12834.4
1973,2,4,2,16914.6
1974,2,4,2,13451.6
1975,2,4,2,13427.1
1976,2,4,2,7855.7
1977,2,4,2,6429.1
1978,2,4,2,13138.1
1979,2,4,2,12974.7
1980,2,4,2,21275.6
1981,2,4,2,6856.6
1982,2,4,2,8037
1983,2,4,2,9670.7
1984,2,4,2,13202.9
1985,2,4,2,3407.2
1986,2,4,2,8610.2
1987,2,4,2,9631.9
1988,2,4,2,8012.3
1989,2,4,2,7425
1990,2,4,2,2225.7
1991,2,4,2,11715.4
1992,2,4,2,3513.1
1993,2,4,2,12338.4
1994,2,4,2,8010.6
1995,2,4,2,11821.1
1996,2,4,2,2663.3
1997,2,4,2,6069.2
1998,2,4,2,7259.7
1999,2,4,2,5763.5
2000,2,4,2,10172.8
2001,2,4,2,11265.2
2002,2,4,2,4357.1
2003,2,4,2,11823.1
2004,2,4,2,5795.1
2005,2,4,2,17050.9
2006,2,4,2,4108.8
2007,2,4,2,1733.9
2008,2,4,2,3743.1
2009,2,4,2,414.3
2010,2,4,2,3981.2
2011,2,4,2,1201.6
2012,2,4,2,273.6
2013,2,4,2,3432.3
2014,2,4,2,1160.2
2015,2,4,2,6730.8
2016,2,4,2,1856.1
2017,2,4,2,2180.6
2018,2,4,2,2510.3
2019,2,4,2,2726.9
2020,2,4,2,2550.6
2021,2,4,2,7319.2
2022,2,4,2,4821.6
2023,2,4,2,1175.2
2024,2,4,2,3490.8
1972,2,5,2,7715.1
1973,2,5,2,3737.5
1974,2,5,2,229.9
1975,2,5,2,219.2
1976,2,5,2,503.9
1977,2,5,2,226
1978,2,5,2,1062.4
1979,2,5,2,56.8
1980,2,5,2,1323.5
1981,2,5,2,181.5
1982,2,5,2,681.797
1983,2,5,2,677.595
1984,2,5,2,3066.5
1985,2,5,2,2753.6
1986,2,5,2,4703.5
1987,2,5,2,5111.09
1988,2,5,2,6115.9
1989,2,5,2,3057.5
1990,2,5,2,1540
1991,2,5,2,7001.9
1992,2,5,2,1615.5
1993,2,5,2,10053.4
1994,2,5,2,6777.1
1995,2,5,2,3286.8
1996,2,5,2,2643.7
1997,2,5,2,18239.6
1998,2,5,2,24189
1999,2,5,2,3285.9
2000,2,5,2,10050.5
2001,2,5,2,8214.3
2002,2,5,2,5979.3
2003,2,5,2,8355.8
2004,2,5,2,8796.6
2005,2,5,2,10435.9
2006,2,5,2,8698.1
2007,2,5,2,15118.1
2008,2,5,2,25602.9
2009,2,5,2,9716
2010,2,5,2,10235.3
2011,2,5,2,3495.9
2012,2,5,2,1283.3
2013,2,5,2,6473.8
2014,2,5,2,9542.2
2015,2,5,2,7991.2
2016,2,5,2,6426.3
2017,2,5,2,4391.2
2018,2,5,2,2705.4
2019,2,5,2,292.599
2020,2,5,2,561
2021,2,5,2,6542.6
2022,2,5,2,1269.6
2023,2,5,2,3419.1
2024,2,5,2,3305.1
1972,2,6,2,0
1973,2,6,2,0
1974,2,6,2,0
1975,2,6,2,0
1976,2,6,2,0
1977,2,6,2,0
1978,2,6,2,0
1979,2,6,2,0
1980,2,6,2,0
1981,2,6,2,0
1982,2,6,2,0
1983,2,6,2,0
1984,2,6,2,0
1985,2,6,2,0
1986,2,6,2,0
1987,2,6,2,0
1988,2,6,2,0
1989,2,6,2,0
1990,2,6,2,0
1991,2,6,2,0
1992,2,6,2,0
1993,2,6,2,0
1994,2,6,2,0
1995,2,6,2,0
1996,2,6,2,0
1997,2,6,2,0
1998,2,6,2,0
1999,2,6,2,0
2000,2,6,2,0
2001,2,6,2,0
2002,2,6,2,0
2003,2,6,2,0
2004,2,6,2,0
2005,2,6,2,0
2006,2,6,2,0
2007,2,6,2,0
2008,2,6,2,0
2009,2,6,2,0
2010,2,6,2,0
2011,2,6,2,0
2012,2,6,2,0
2013,2,6,2,0
2014,2,6,2,0
2015,2,6,2,0
2016,2,6,2,0
2017,2,6,2,0
2018,2,6,2,0
2019,2,6,2,0
2020,2,6,2,0
2021,2,6,2,0
2022,2,6,2,0
2023,2,6,2,0
2024,2,6,2,0
1972,2,7,3,11405.9
1973,2,7,3,7820
1974,2,7,3,8728.95
1975,2,7,3,11617.4
1976,2,7,3,9729.73
1977,2,7,3,13658
1978,2,7,3,10819.1
1979,2,7,3,10957
1980,2,7,3,8073.23
1981,2,7,3,14386.3
1982,2,7,3,8086.55
1983,2,7,3,17977.6
1984,2,7,3,11073.1
1985,2,7,3,9608.65
1986,2,7,3,18058.6
1987,2,7,3,8456.18
1988,2,7,3,13700.1
1989,2,7,3,16394.6
1990,2,7,3,17226.8
1991,2,7,3,7902.58
1992,2,7,3,12767.3
1993,2,7,3,15013
1994,2,7,3,9248.3
1995,2,7,3,12356.9
1996,2,7,3,11908.6
1997,2,7,3,5698.68
1998,2,7,3,4627.35
1999,2,7,3,3867.3
2000,2,7,3,7531.43
2001,2,7,3,5712.7
2002,2,7,3,9716.15
2003,2,7,3,7233.2
2004,2,7,3,3637.78
2005,2,7,3,7803.13
2006,2,7,3,10064.3
2007,2,7,3,4402.63
2008,2,7,3,8806.08
2009,2,7,3,5914.8
2010,2,7,3,5680.38
2011,2,7,3,8316.68
2012,2,7,3,4211.1
2013,2,7,3,6732.3
2014,2,7,3,5845.53
2015,2,7,3,5757.4
2016,2,7,3,4172.53
2017,2,7,3,4526.25
2018,2,7,3,6907.48
2019,2,7,3,2642.55
2020,2,7,3,771.3
2021,2,7,3,864.5
2022,2,7,3,2498.8
2023,2,7,3,3765.2
2024,2,7,3,1396.8
1972,2,8,3,0
1973,2,8,3,0
1974,2,8,3,3
1975,2,8,3,7.9
1976,2,8,3,0
1977,2,8,3,0
1978,2,8,3,0
1979,2,8,3,0
1980,2,8,3,21
1981,2,8,3,109.4
1982,2,8,3,72.7
1983,2,8,3,194.736
1984,2,8,3,460.899
1985,2,8,3,151.728
1986,2,8,3,3691.94
1987,2,8,3,495.652
1988,2,8,3,1188.85
1989,2,8,3,1356.85
1990,2,8,3,1482.1
1991,2,8,3,3417.15
1992,2,8,3,538.521
1993,2,8,3,859.088
1994,2,8,3,286.947
1995,2,8,3,2139.08
1996,2,8,3,2401.91
1997,2,8,3,476.529
1998,2,8,3,14.625
1999,2,8,3,32.101
2000,2,8,3,19.5
2001,2,8,3,31.3
2002,2,8,3,0
2003,2,8,3,690.571
2004,2,8,3,731.878
2005,2,8,3,535.713
2006,2,8,3,263.951
2007,2,8,3,438.264
2008,2,8,3,57.318
2009,2,8,3,1.799
2010,2,8,3,46.703
2011,2,8,3,90.979
2012,2,8,3,67.032
2013,2,8,3,54.099
2014,2,8,3,515.244
2015,2,8,3,812.638
2016,2,8,3,158.997
2017,2,8,3,141.038
2018,2,8,3,11.672
2019,2,8,3,12367.6
2020,2,8,3,70.108
2021,2,8,3,125.597
2022,2,8,3,165.179
2023,2,8,3,1.4
2024,2,8,3,3072.28
1972,2,9,3,0
1973,2,9,3,0
1974,2,9,3,0
1975,2,9,3,0
1976,2,9,3,0
1977,2,9,3,0
1978,2,9,3,0
1979,2,9,3,0
1980,2,9,3,0
1981,2,9,3,0
1982,2,9,3,0
1983,2,9,3,0
1984,2,9,3,0
1985,2,9,3,0
1986,2,9,3,0
1987,2,9,3,0
1988,2,9,3,0
1989,2,9,3,0
1990,2,9,3,0
1991,2,9,3,0
1992,2,9,3,0
1993,2,9,3,0
1994,2,9,3,0
1995,2,9,3,0
1996,2,9,3,0
1997,2,9,3,0
1998,2,9,3,0
1999,2,9,3,0
2000,2,9,3,0
2001,2,9,3,0
2002,2,9,3,0
2003,2,9,3,0
2004,2,9,3,0
2005,2,9,3,0
2006,2,9,3,0
2007,2,9,3,0
2008,2,9,3,0
2009,2,9,3,0
2010,2,9,3,0
2011,2,9,3,0
2012,2,9,3,0
2013,2,9,3,0
2014,2,9,3,0
2015,2,9,3,0
2016,2,9,3,0
2017,2,9,3,0
2018,2,9,3,0
2019,2,9,3,0
2020,2,9,3,0
2021,2,9,3,0
2022,2,9,3,0
2023,2,9,3,0
2024,2,9,3,0
1972,2,10,5,4153
1973,2,10,5,4665.5
1974,2,10,5,5205.5
1975,2,10,5,5594.51
1976,2,10,5,4959.75
1977,2,10,5,8669.51
1978,2,10,5,8786.5
1979,2,10,5,4239
1980,2,10,5,3646.76
1981,2,10,5,4927
1982,2,10,5,5026.75
1983,2,10,5,4074
1984,2,10,5,2971.5
1985,2,10,5,4439
1986,2,10,5,4910.75
1987,2,10,5,5687.75
1988,2,10,5,4314.25
1989,2,10,5,4986.25
1990,2,10,5,6494.25
1991,2,10,5,6261.75
1992,2,10,5,5033.5
1993,2,10,5,3457.26
1994,2,10,5,6092.75
1995,2,10,5,6370.26
1996,2,10,5,6377.26
1997,2,10,5,7513.51
1998,2,10,5,7820.76
1999,2,10,5,7043
2000,2,10,5,7365.51
2001,2,10,5,6885.75
2002,2,10,5,7013.5
2003,2,10,5,8798.76
2004,2,10,5,9133.5
2005,2,10,5,12263.3
2006,2,10,5,13513.5
2007,2,10,5,15597.7
2008,2,10,5,15670.5
2009,2,10,5,6313.5
2010,2,10,5,6874.5
2011,2,10,5,1952.75
2012,2,10,5,3529.25
2013,2,10,5,3494.5
2014,2,10,5,4122
2015,2,10,5,6862.5
2016,2,10,5,3559.5
2017,2,10,5,4664.5
2018,2,10,5,4671.5
2019,2,10,5,4116.5
2020,2,10,5,4119.25
2021,2,10,5,4971.5
2022,2,10,5,4710.01
2023,2,10,5,5402.25
2024,2,10,5,5402.25
1972,2,11,5,4900.01
1973,2,11,5,5575.01
1974,2,11,5,5903.25
1975,2,11,5,5829
1976,2,11,5,6334.5
1977,2,11,5,6594
1978,2,11,5,7355.51
1979,2,11,5,9077.51
1980,2,11,5,2795.25
1981,2,11,5,2884.75
1982,2,11,5,3079.25
1983,2,11,5,4069.25
1984,2,11,5,3435.25
1985,2,11,5,3544.5
1986,2,11,5,2678
1987,2,11,5,3122.75
1988,2,11,5,3648.75
1989,2,11,5,3667.5
1990,2,11,5,7603.75
1991,2,11,5,7776.5
1992,2,11,5,8940.5
1993,2,11,5,8190.5
1994,2,11,5,9084.75
1995,2,11,5,9681
1996,2,11,5,15024.8
1997,2,11,5,11179.5
1998,2,11,5,14760.3
1999,2,11,5,14008.2
2000,2,11,5,14904.8
2001,2,11,5,13715.3
2002,2,11,5,13182.5
2003,2,11,5,13447
2004,2,11,5,17704.8
2005,2,11,5,15420
2006,2,11,5,18509.5
2007,2,11,5,21702
2008,2,11,5,23470.2
2009,2,11,5,22302.5
2010,2,11,5,19960.5
2011,2,11,5,23861.5
2012,2,11,5,27433
2013,2,11,5,25688
2014,2,11,5,30558
2015,2,11,5,35556.2
2016,2,11,5,40118.2
2017,2,11,5,31127.8
2018,2,11,5,30008.8
2019,2,11,5,26064.8
2020,2,11,5,19839.5
2021,2,11,5,20475.3
2022,2,11,5,21208
2023,2,11,5,21426
2024,2,11,5,21426
1972,2,12,5,1800.48
1973,2,12,5,2015.73
1974,2,12,5,2243.96
1975,2,12,5,2387.72
1976,2,12,5,2379.52
1977,2,12,5,4694.99
1978,2,12,5,3431.98
1979,2,12,5,6391.74
1980,2,12,5,3904.97
1981,2,12,5,4479.48
1982,2,12,5,7002.55
1983,2,12,5,9373.97
1984,2,12,5,7721.28
1985,2,12,5,9868.54
1986,2,12,5,12960.7
1987,2,12,5,11750.8
1988,2,12,5,8950.52
1989,2,12,5,10216.3
1990,2,12,5,16234.7
1991,2,12,5,17462.3
1992,2,12,5,14262.5
1993,2,12,5,12219
1994,2,12,5,14229.8
1995,2,12,5,16876
1996,2,12,5,16832.2
1997,2,12,5,14794.7
1998,2,12,5,18649.5
1999,2,12,5,19841
2000,2,12,5,17744.8
2001,2,12,5,16827
2002,2,12,5,20791.7
2003,2,12,5,24800.8
2004,2,12,5,25100.5
2005,2,12,5,24137.2
2006,2,12,5,26612
2007,2,12,5,32308.5
2008,2,12,5,37573.5
2009,2,12,5,35660.2
2010,2,12,5,25197.8
2011,2,12,5,14956
2012,2,12,5,15579.2
2013,2,12,5,19736.7
2014,2,12,5,23508.9
2015,2,12,5,19590.9
2016,2,12,5,16319.3
2017,2,12,5,17770.7
2018,2,12,5,13672.9
2019,2,12,5,18060.4
2020,2,12,5,16965.9
2021,2,12,5,13371.6
2022,2,12,5,11852.5
2023,2,12,5,11734
2024,2,12,5,8296
1972,2,13,5,0
1973,2,13,5,0
1974,2,13,5,0
1975,2,13,5,0
1976,2,13,5,0
1977,2,13,5,0
1978,2,13,5,0
1979,2,13,5,0
1980,2,13,5,2136.78
1981,2,13,5,2403.21
1982,2,13,5,2612.51
1983,2,13,5,2922.67
1984,2,13,5,3183.02
1985,2,13,5,3488.49
1986,2,13,5,3607
1987,2,13,5,4098.22
1988,2,13,5,4872.04
1989,2,13,5,5276.8
1990,2,13,5,6052.62
1991,2,13,5,6190.48
1992,2,13,5,7117.28
1993,2,13,5,6520.08
1994,2,13,5,7232
1995,2,13,5,7706.69
1996,2,13,5,11960.5
1997,2,13,5,8899.15
1998,2,13,5,11750
1999,2,13,5,11151.5
2000,2,13,5,11865.2
2001,2,13,5,10918.1
2002,2,13,5,10493.8
2003,2,13,5,10704.3
2004,2,13,5,14094
2005,2,13,5,8808.27
2006,2,13,5,10535.3
2007,2,13,5,9433.04
2008,2,13,5,9331.56
2009,2,13,5,14215.5
2010,2,13,5,14774.4
2011,2,13,5,12784.9
2012,2,13,5,17264.5
2013,2,13,5,42349.5
2014,2,13,5,30214.9
2015,2,13,5,10564
2016,2,13,5,22614.5
2017,2,13,5,29457.9
2018,2,13,5,16916.2
2019,2,13,5,28173.3
2020,2,13,5,14305.7
2021,2,13,5,22632.3
2022,2,13,5,21907.8
2023,2,13,5,21556.4
2024,2,13,5,21556.4
1972,2,14,5,431.1
1973,2,14,5,4814
1974,2,14,5,2424.9
1975,2,14,5,22.3
1976,2,14,5,903.6
1977,2,14,5,1056.8
1978,2,14,5,15.5
1979,2,14,5,874.7
1980,2,14,5,4982.58
1981,2,14,5,6534.63
1982,2,14,5,7259.88
1983,2,14,5,6945.74
1984,2,14,5,7647.55
1985,2,14,5,8269.26
1986,2,14,5,8575.22
1987,2,14,5,9736.51
1988,2,14,5,11508.2
1989,2,14,5,12536.3
1990,2,14,5,14384.5
1991,2,14,5,14706.5
1992,2,14,5,16907.7
1993,2,14,5,15494.2
1994,2,14,5,17195.7
1995,2,14,5,18344.2
1996,2,14,5,28413.7
1997,2,14,5,21141.8
1998,2,14,5,27913.5
1999,2,14,5,26491.5
2000,2,14,5,28187.1
2001,2,14,5,25937.3
2002,2,14,5,24932.5
2003,2,14,5,25430
2004,2,14,5,33481.8
2005,2,14,5,19072.6
2006,2,14,5,25285.8
2007,2,14,5,29644.6
2008,2,14,5,33045.4
2009,2,14,5,33478.3
2010,2,14,5,33674.2
2011,2,14,5,30893.7
2012,2,14,5,25221.2
2013,2,14,5,21694
2014,2,14,5,19937.2
2015,2,14,5,19709.5
2016,2,14,5,21381
2017,2,14,5,14953.7
2018,2,14,5,25935.2
2019,2,14,5,20227
2020,2,14,5,27021.5
2021,2,14,5,19796.3
2022,2,14,5,19145.3
2023,2,14,5,11003.4
2024,2,14,5,10820.3
1972,2,15,5,0
1973,2,15,5,0
1974,2,15,5,0
1975,2,15,5,186.907
1976,2,15,5,0
1977,2,15,5,861.949
1978,2,15,5,3358.77
1979,2,15,5,3885.99
1980,2,15,5,1282.22
1981,2,15,5,2709.74
1982,2,15,5,59.816
1983,2,15,5,9162.55
1984,2,15,5,16631.6
1985,2,15,5,6964.42
1986,2,15,5,4235.42
1987,2,15,5,4443.42
1988,2,15,5,11042.7
1989,2,15,5,11098.2
1990,2,15,5,1394.9
1991,2,15,5,16006.6
1992,2,15,5,1501.13
1993,2,15,5,938.787
1994,2,15,5,2682.41
1995,2,15,5,11641.2
1996,2,15,5,7012.13
1997,2,15,5,497.689
1998,2,15,5,9.186
1999,2,15,5,1014.66
2000,2,15,5,409.027
2001,2,15,5,788.969
2002,2,15,5,311.234
2003,2,15,5,6098.79
2004,2,15,5,409.12
2005,2,15,5,1587.77
2006,2,15,5,4979.59
2007,2,15,5,246.646
2008,2,15,5,2855.57
2009,2,15,5,5.58
2010,2,15,5,924.528
2011,2,15,5,13.345
2012,2,15,5,1193.94
2013,2,15,5,993.689
2014,2,15,5,2089.93
2015,2,15,5,16.75
2016,2,15,5,843.948
2017,2,15,5,1398.5
2018,2,15,5,1333.99
2019,2,15,5,1538.89
2020,2,15,5,467.814
2021,2,15,5,190.387
2022,2,15,5,1375.09
2023,2,15,5,47.95
2024,2,15,5,11204
1972,2,16,5,0
1973,2,16,5,0
1974,2,16,5,0
1975,2,16,5,4.429
1976,2,16,5,22.218
1977,2,16,5,65.805
1978,2,16,5,113.493
1979,2,16,5,60.967
1980,2,16,5,493.77
1981,2,16,5,1.574
1982,2,16,5,12.933
1983,2,16,5,6137.33
1984,2,16,5,6678.76
1985,2,16,5,2616.24
1986,2,16,5,1702.08
1987,2,16,5,217.029
1988,2,16,5,1612.1
1989,2,16,5,6384.37
1990,2,16,5,1882.7
1991,2,16,5,23610.7
1992,2,16,5,133.887
1993,2,16,5,419.862
1994,2,16,5,534.066
1995,2,16,5,810.504
1996,2,16,5,5477.35
1997,2,16,5,2.152
1998,2,16,5,0
1999,2,16,5,2386.61
2000,2,16,5,4217.01
2001,2,16,5,0
2002,2,16,5,362.112
2003,2,16,5,34812.9
2004,2,16,5,1530.78
2005,2,16,5,1049.6
2006,2,16,5,1206.19
2007,2,16,5,881.499
2008,2,16,5,146.321
2009,2,16,5,178.879
2010,2,16,5,162.531
2011,2,16,5,0
2012,2,16,5,365.574
2013,2,16,5,1232.65
2014,2,16,5,3619.92
2015,2,16,5,205
2016,2,16,5,1792.16
2017,2,16,5,5015.8
2018,2,16,5,6688.28
2019,2,16,5,8979.55
2020,2,16,5,316.574
2021,2,16,5,4.894
2022,2,16,5,1109.16
2023,2,16,5,0
2024,2,16,5,23248.3
1972,2,17,5,0
1973,2,17,5,0
1974,2,17,5,0
1975,2,17,5,0
1976,2,17,5,0
1977,2,17,5,0
1978,2,17,5,0
1979,2,17,5,0
1980,2,17,5,0
1981,2,17,5,0
1982,2,17,5,0
1983,2,17,5,0
1984,2,17,5,0
1985,2,17,5,0
1986,2,17,5,0
1987,2,17,5,0
1988,2,17,5,0
1989,2,17,5,0
1990,2,17,5,0
1991,2,17,5,0
1992,2,17,5,0
1993,2,17,5,0
1994,2,17,5,0
1995,2,17,5,0
1996,2,17,5,0
1997,2,17,5,0
1998,2,17,5,0
1999,2,17,5,0
2000,2,17,5,2810.2
2001,2,17,5,2957.81
2002,2,17,5,3148.6
2003,2,17,5,3129.96
2004,2,17,5,4221.21
2005,2,17,5,4306.67
2006,2,17,5,4319.97
2007,2,17,5,4454.6
2008,2,17,5,4100.62
2009,2,17,5,3948.57
2010,2,17,5,3639.33
2011,2,17,5,4091.13
2012,2,17,5,6544.28
2013,2,17,5,9378.29
2014,2,17,5,9451.43
2015,2,17,5,9328.03
2016,2,17,5,20345.4
2017,2,17,5,15347
2018,2,17,5,12652.1
2019,2,17,5,12006.4
2020,2,17,5,9506.46
2021,2,17,5,8544.65
2022,2,17,5,3213.98
2023,2,17,5,6494.99
2024,2,17,5,6494.99
1972,2,18,5,0
1973,2,18,5,0
1974,2,18,5,0
1975,2,18,5,0
1976,2,18,5,0
1977,2,18,5,0
1978,2,18,5,0
1979,2,18,5,0
1980,2,18,5,0
1981,2,18,5,0
1982,2,18,5,0
1983,2,18,5,0
1984,2,18,5,0
1985,2,18,5,0
1986,2,18,5,0
1987,2,18,5,0
1988,2,18,5,0
1989,2,18,5,0
1990,2,18,5,0
1991,2,18,5,0
1992,2,18,5,0
1993,2,18,5,0
1994,2,18,5,0
1995,2,18,5,0
1996,2,18,5,0
1997,2,18,5,0
1998,2,18,5,0
1999,2,18,5,0
2000,2,18,5,0
2001,2,18,5,0
2002,2,18,5,0
2003,2,18,5,0
2004,2,18,5,0
2005,2,18,5,0
2006,2,18,5,0
2007,2,18,5,0
2008,2,18,5,0
2009,2,18,5,0
2010,2,18,5,0
2011,2,18,5,0
2012,2,18,5,0
2013,2,18,5,0
2014,2,18,5,0
2015,2,18,5,0
2016,2,18,5,0
2017,2,18,5,0
2018,2,18,5,0
2019,2,18,5,0
2020,2,18,5,0
2021,2,18,5,0
2022,2,18,5,0
2023,2,18,5,0
2024,2,18,5,0
1972,2,19,6,6738.62
1973,2,19,6,8881.77
1974,2,19,6,18745.6
1975,2,19,6,7598.85
1976,2,19,6,13276.3
1977,2,19,6,11357.4
1978,2,19,6,16761.3
1979,2,19,6,15822.4
1980,2,19,6,8613.05
1981,2,19,6,18927.9
1982,2,19,6,4153.06
1983,2,19,6,5012.15
1984,2,19,6,10660.3
1985,2,19,6,10988
1986,2,19,6,9622.57
1987,2,19,6,9920.15
1988,2,19,6,7730.35
1989,2,19,6,11540.7
1990,2,19,6,8165.52
1991,2,19,6,13926.1
1992,2,19,6,8318.24
1993,2,19,6,6645.19
1994,2,19,6,6047.42
1995,2,19,6,9685.71
1996,2,19,6,2999.9
1997,2,19,6,5414.08
1998,2,19,6,6674.57
1999,2,19,6,6816.51
2000,2,19,6,1233.95
2001,2,19,6,223.672
2002,2,19,6,2375.26
2003,2,19,6,3088.08
2004,2,19,6,746.832
2005,2,19,6,1074.08
2006,2,19,6,1374.95
2007,2,19,6,730.932
2008,2,19,6,248.846
2009,2,19,6,0
2010,2,19,6,0
2011,2,19,6,144.25
2012,2,19,6,620.952
2013,2,19,6,131.973
2014,2,19,6,0
2015,2,19,6,0
2016,2,19,6,62.654
2017,2,19,6,191.461
2018,2,19,6,175.35
2019,2,19,6,309.46
2020,2,19,6,251.8
2021,2,19,6,424.84
2022,2,19,6,462.33
2023,2,19,6,146.95
2024,2,19,6,146.95
1972,2,20,6,0
1973,2,20,6,11.688
1974,2,20,6,0
1975,2,20,6,0
1976,2,20,6,343.872
1977,2,20,6,131.439
1978,2,20,6,553.21
1979,2,20,6,0
1980,2,20,6,0
1981,2,20,6,137.013
1982,2,20,6,640.87
1983,2,20,6,219.703
1984,2,20,6,1746
1985,2,20,6,7144.56
1986,2,20,6,778.793
1987,2,20,6,1831.47
1988,2,20,6,1813.16
1989,2,20,6,17083.1
1990,2,20,6,19135.8
1991,2,20,6,18185.7
1992,2,20,6,10710.2
1993,2,20,6,6692.61
1994,2,20,6,6687
1995,2,20,6,19036.9
1996,2,20,6,18297.2
1997,2,20,6,9411.95
1998,2,20,6,20359.2
1999,2,20,6,10053.7
2000,2,20,6,18206.5
2001,2,20,6,6852.47
2002,2,20,6,8085.43
2003,2,20,6,14454.5
2004,2,20,6,16088.1
2005,2,20,6,17758.8
2006,2,20,6,55237.3
2007,2,20,6,23397.2
2008,2,20,6,39385.5
2009,2,20,6,40265.6
2010,2,20,6,12977.6
2011,2,20,6,32795.1
2012,2,20,6,26516.5
2013,2,20,6,18017.8
2014,2,20,6,8284.06
2015,2,20,6,10052.4
2016,2,20,6,6654.67
2017,2,20,6,11405.3
2018,2,20,6,7591.84
2019,2,20,6,5816.06
2020,2,20,6,14740.5
2021,2,20,6,8899.06
2022,2,20,6,21748.9
2023,2,20,6,12435
2024,2,20,6,17398.7
1972,2,21,6,0
1973,2,21,6,17.42
1974,2,21,6,0
1975,2,21,6,68.56
1976,2,21,6,0
1977,2,21,6,0
1978,2,21,6,14.892
1979,2,21,6,0
1980,2,21,6,0
1981,2,21,6,2.503
1982,2,21,6,231.58
1983,2,21,6,2845.76
1984,2,21,6,396.746
1985,2,21,6,2701.61
1986,2,21,6,14.77
1987,2,21,6,307.165
1988,2,21,6,318.804
1989,2,21,6,10775.3
1990,2,21,6,8317.98
1991,2,21,6,13716.8
1992,2,21,6,2356.02
1993,2,21,6,2805.62
1994,2,21,6,3095.88
1995,2,21,6,14196.3
1996,2,21,6,19161.6
1997,2,21,6,1672.71
1998,2,21,6,13601.1
1999,2,21,6,3309.5
2000,2,21,6,19786.9
2001,2,21,6,1510.95
2002,2,21,6,7869.15
2003,2,21,6,20598.2
2004,2,21,6,5377.79
2005,2,21,6,5887.1
2006,2,21,6,26299
2007,2,21,6,15022.7
2008,2,21,6,33107.9
2009,2,21,6,17463.9
2010,2,21,6,28145.6
2011,2,21,6,32381.2
2012,2,21,6,22033.9
2013,2,21,6,25636.3
2014,2,21,6,22125.2
2015,2,21,6,11921.8
2016,2,21,6,25139.7
2017,2,21,6,21373.6
2018,2,21,6,37398.3
2019,2,21,6,36647.7
2020,2,21,6,28054.2
2021,2,21,6,6413.04
2022,2,21,6,59968.7
2023,2,21,6,25838.7
2024,2,21,6,77924.9
1972,2,22,6,0
1973,2,22,6,0
1974,2,22,6,0
1975,2,22,6,0
1976,2,22,6,0
1977,2,22,6,0
1978,2,22,6,0
1979,2,22,6,0
1980,2,22,6,0
1981,2,22,6,0
1982,2,22,6,0
1983,2,22,6,0
1984,2,22,6,0
1985,2,22,6,0
1986,2,22,6,0
1987,2,22,6,0
1988,2,22,6,0
1989,2,22,6,0
1990,2,22,6,0
1991,2,22,6,0
1992,2,22,6,0
1993,2,22,6,0
1994,2,22,6,0
1995,2,22,6,0
1996,2,22,6,0
1997,2,22,6,0
1998,2,22,6,0
1999,2,22,6,0
2000,2,22,6,0
2001,2,22,6,0
2002,2,22,6,0
2003,2,22,6,0
2004,2,22,6,0
2005,2,22,6,0
2006,2,22,6,0
2007,2,22,6,0
2008,2,22,6,0
2009,2,22,6,0
2010,2,22,6,0
2011,2,22,6,0
2012,2,22,6,0
2013,2,22,6,0
2014,2,22,6,0
2015,2,22,6,0
2016,2,22,6,0
2017,2,22,6,0
2018,2,22,6,0
2019,2,22,6,0
2020,2,22,6,0
2021,2,22,6,0
2022,2,22,6,0
2023,2,22,6,0
2024,2,22,6,0
1972,2,23,4,1443.5
1973,2,23,4,258.7
1974,2,23,4,485
1975,2,23,4,8534.4
1976,2,23,4,744.8
1977,2,23,4,13646
1978,2,23,4,10535.4
1979,2,23,4,5906.4
1980,2,23,4,2500.9
1981,2,23,4,8677.2
1982,2,23,4,2403.2
1983,2,23,4,10449.4
1984,2,23,4,3636.3
1985,2,23,4,8945
1986,2,23,4,3737
1987,2,23,4,22434.9
1988,2,23,4,7385.6
1989,2,23,4,2528.8
1990,2,23,4,12436.2
1991,2,23,4,1091.4
1992,2,23,4,5244.1
1993,2,23,4,4126.2
1994,2,23,4,12091.3
1995,2,23,4,1989.3
1996,2,23,4,8793.3
1997,2,23,4,5786.3
1998,2,23,4,21256.9
1999,2,23,4,1378.8
2000,2,23,4,10072.7
2001,2,23,4,9502.8
2002,2,23,4,10123.1
2003,2,23,4,10893.3
2004,2,23,4,580.8
2005,2,23,4,2642.3
2006,2,23,4,4240.2
2007,2,23,4,6019.8
2008,2,23,4,74.9
2009,2,23,4,3913.2
2010,2,23,4,4059.6
2011,2,23,4,210.4
2012,2,23,4,3476.7
2013,2,23,4,14.1
2014,2,23,4,4094.6
2015,2,23,4,4138.2
2016,2,23,4,6494.5
2017,2,23,4,3189.9
2018,2,23,4,679.1
2019,2,23,4,4311.6
2020,2,23,4,1477.5
2021,2,23,4,786.5
2022,2,23,4,1518.3
2023,2,23,4,649.2
2024,2,23,4,741.7
1972,2,24,4,0
1973,2,24,4,0
1974,2,24,4,0
1975,2,24,4,0
1976,2,24,4,0
1977,2,24,4,0
1978,2,24,4,0
1979,2,24,4,0
1980,2,24,4,0
1981,2,24,4,0
1982,2,24,4,0
1983,2,24,4,0
1984,2,24,4,0
1985,2,24,4,0
1986,2,24,4,0
1987,2,24,4,0
1988,2,24,4,0
1989,2,24,4,0
1990,2,24,4,0
1991,2,24,4,0
1992,2,24,4,0
1993,2,24,4,0
1994,2,24,4,0
1995,2,24,4,0
1996,2,24,4,0
1997,2,24,4,0
1998,2,24,4,0
1999,2,24,4,0
2000,2,24,4,0
2001,2,24,4,0
2002,2,24,4,0
2003,2,24,4,0
2004,2,24,4,0
2005,2,24,4,0
2006,2,24,4,0
2007,2,24,4,0
2008,2,24,4,0
2009,2,24,4,0
2010,2,24,4,0
2011,2,24,4,0
2012,2,24,4,0
2013,2,24,4,0
2014,2,24,4,0
2015,2,24,4,0
2016,2,24,4,0
2017,2,24,4,0
2018,2,24,4,0
2019,2,24,4,0
2020,2,24,4,0
2021,2,24,4,0
2022,2,24,4,0
2023,2,24,4,0
2024,2,24,4,0
1972,2,25,7,6501.2
1973,2,25,7,3234.5
1974,2,25,7,10579.4
1975,2,25,7,3655.5
1976,2,25,7,10631.2
1977,2,25,7,15157.3
1978,2,25,7,12699
1979,2,25,7,5707.2
1980,2,25,7,4940.9
1981,2,25,7,4282.25
1982,2,25,7,6775.74
1983,2,25,7,7676.18
1984,2,25,7,15581
1985,2,25,7,4352.95
1986,2,25,7,11707.6
1987,2,25,7,955.93
1988,2,25,7,17703.5
1989,2,25,7,20847
1990,2,25,7,352.17
1991,2,25,7,971.05
1992,2,25,7,409.81
1993,2,25,7,2386.49
1994,2,25,7,970.19
1995,2,25,7,7820.11
1996,2,25,7,34.59
1997,2,25,7,1564.29
1998,2,25,7,854.02
1999,2,25,7,6954.8
2000,2,25,7,669.029
2001,2,25,7,958.564
2002,2,25,7,537
2003,2,25,7,4898.91
2004,2,25,7,417.8
2005,2,25,7,484.046
2006,2,25,7,1462.2
2007,2,25,7,673.477
2008,2,25,7,3665.33
2009,2,25,7,1788.3
2010,2,25,7,1137
2011,2,25,7,6763.1
2012,2,25,7,92
2013,2,25,7,2341.6
2014,2,25,7,282
2015,2,25,7,282.9
2016,2,25,7,664.3
2017,2,25,7,0
2018,2,25,7,56
2019,2,25,7,0
2020,2,25,7,56
2021,2,25,7,851.7
2022,2,25,7,200.4
2023,2,25,7,0
2024,2,25,7,2847
1972,2,26,7,0
1973,2,26,7,7.664
1974,2,26,7,0
1975,2,26,7,116.962
1976,2,26,7,520.326
1977,2,26,7,1352.33
1978,2,26,7,168.529
1979,2,26,7,516.287
1980,2,26,7,3344.4
1981,2,26,7,9633.52
1982,2,26,7,19557.3
1983,2,26,7,10277.5
1984,2,26,7,19816.9
1985,2,26,7,21800.6
1986,2,26,7,25759.6
1987,2,26,7,30459
1988,2,26,7,38858.4
1989,2,26,7,17603.6
1990,2,26,7,45818.1
1991,2,26,7,24294.4
1992,2,26,7,56924.5
1993,2,26,7,32208.7
1994,2,26,7,47177.8
1995,2,26,7,36349.9
1996,2,26,7,28161.4
1997,2,26,7,37377.8
1998,2,26,7,41862.4
1999,2,26,7,64223.7
2000,2,26,7,55920.6
2001,2,26,7,23729.1
2002,2,26,7,51891.5
2003,2,26,7,23845.5
2004,2,26,7,70931.4
2005,2,26,7,55711.5
2006,2,26,7,86601
2007,2,26,7,76023.4
2008,2,26,7,80109.1
2009,2,26,7,116620
2010,2,26,7,64282.2
2011,2,26,7,135845
2012,2,26,7,87211.8
2013,2,26,7,89045.5
2014,2,26,7,71288.6
2015,2,26,7,21850
2016,2,26,7,115681
2017,2,26,7,59532.7
2018,2,26,7,74329.7
2019,2,26,7,31415.9
2020,2,26,7,89451.4
2021,2,26,7,107173
2022,2,26,7,115386
2023,2,26,7,25868.2
2024,2,26,7,48025.8
1972,2,27,7,0
1973,2,27,7,0
1974,2,27,7,0
1975,2,27,7,37.046
1976,2,27,7,0
1977,2,27,7,607.939
1978,2,27,7,86.464
1979,2,27,7,29.062
1980,2,27,7,1094.05
1981,2,27,7,748.615
1982,2,27,7,3411.76
1983,2,27,7,7179.25
1984,2,27,7,17194.2
1985,2,27,7,7139.17
1986,2,27,7,17619.3
1987,2,27,7,14210.7
1988,2,27,7,25515.4
1989,2,27,7,12289.2
1990,2,27,7,11374.3
1991,2,27,7,28358.5
1992,2,27,7,38803.5
1993,2,27,7,32174.1
1994,2,27,7,38022.6
1995,2,27,7,38216.2
1996,2,27,7,31190.3
1997,2,27,7,15988.1
1998,2,27,7,58024.3
1999,2,27,7,25881.5
2000,2,27,7,54858.7
2001,2,27,7,64494.9
2002,2,27,7,38249.6
2003,2,27,7,71266.1
2004,2,27,7,36444.9
2005,2,27,7,88454.4
2006,2,27,7,62736.3
2007,2,27,7,66406.4
2008,2,27,7,67818.9
2009,2,27,7,73183.8
2010,2,27,7,118511
2011,2,27,7,49684.7
2012,2,27,7,73383.9
2013,2,27,7,154616
2014,2,27,7,83606.1
2015,2,27,7,63168.2
2016,2,27,7,86656.5
2017,2,27,7,51824.1
2018,2,27,7,145967
2019,2,27,7,61121.9
2020,2,27,7,67411.1
2021,2,27,7,37148.7
2022,2,27,7,83835.3
2023,2,27,7,52278.6
2024,2,27,7,190626
1972,2,28,7,0
1973,2,28,7,0
1974,2,28,7,0
1975,2,28,7,0
1976,2,28,7,0
1977,2,28,7,0
1978,2,28,7,0
1979,2,28,7,0
1980,2,28,7,0
1981,2,28,7,0
1982,2,28,7,0
1983,2,28,7,0
1984,2,28,7,0
1985,2,28,7,0
1986,2,28,7,0
1987,2,28,7,0
1988,2,28,7,0
1989,2,28,7,0
1990,2,28,7,0
1991,2,28,7,0
1992,2,28,7,0
1993,2,28,7,0
1994,2,28,7,0
1995,2,28,7,0
1996,2,28,7,0
1997,2,28,7,0
1998,2,28,7,0
1999,2,28,7,0
2000,2,28,7,0
2001,2,28,7,0
2002,2,28,7,0
2003,2,28,7,0
2004,2,28,7,0
2005,2,28,7,0
2006,2,28,7,0
2007,2,28,7,0
2008,2,28,7,0
2009,2,28,7,0
2010,2,28,7,0
2011,2,28,7,0
2012,2,28,7,0
2013,2,28,7,0
2014,2,28,7,0
2015,2,28,7,0
2016,2,28,7,0
2017,2,28,7,0
2018,2,28,7,0
2019,2,28,7,0
2020,2,28,7,0
2021,2,28,7,0
2022,2,28,7,0
2023,2,28,7,0
2024,2,28,7,0
1972,2,29,8,475
1973,2,29,8,0
1974,2,29,8,7148.7
1975,2,29,8,380.1
1976,2,29,8,1331.28
1977,2,29,8,1138.8
1978,2,29,8,2922.81
1979,2,29,8,2772.65
1980,2,29,8,15993.4
1981,2,29,8,13993.9
1982,2,29,8,14138.2
1983,2,29,8,4411.69
1984,2,29,8,7701.89
1985,2,29,8,2676.91
1986,2,29,8,8294.15
1987,2,29,8,1110.68
1988,2,29,8,2635.12
1989,2,29,8,4098.09
1990,2,29,8,724.782
1991,2,29,8,2474.41
1992,2,29,8,2672.93
1993,2,29,8,2885.37
1994,2,29,8,942.305
1995,2,29,8,4934.93
1996,2,29,8,1467.13
1997,2,29,8,2357.23
1998,2,29,8,65.011
1999,2,29,8,4317.79
2000,2,29,8,81.74
2001,2,29,8,63.15
2002,2,29,8,182.512
2003,2,29,8,0
2004,2,29,8,2272.6
2005,2,29,8,1546
2006,2,29,8,1088
2007,2,29,8,18
2008,2,29,8,0
2009,2,29,8,157.503
2010,2,29,8,0
2011,2,29,8,87
2012,2,29,8,0
2013,2,29,8,282.623
2014,2,29,8,89
2015,2,29,8,43.9
2016,2,29,8,0
2017,2,29,8,0
2018,2,29,8,20
2019,2,29,8,0
2020,2,29,8,165
2021,2,29,8,887.2
2022,2,29,8,0
2023,2,29,8,0
2024,2,29,8,0
1972,2,30,8,0
1973,2,30,8,0
1974,2,30,8,0
1975,2,30,8,0
1976,2,30,8,0
1977,2,30,8,0
1978,2,30,8,0
1979,2,30,8,0
1980,2,30,8,0
1981,2,30,8,138.142
1982,2,30,8,639.41
1983,2,30,8,18699.9
1984,2,30,8,454.33
1985,2,30,8,223.573
1986,2,30,8,396.741
1987,2,30,8,3884.54
1988,2,30,8,488.225
1989,2,30,8,0
1990,2,30,8,523.492
1991,2,30,8,152.727
1992,2,30,8,11001.3
1993,2,30,8,6178.12
1994,2,30,8,1102.58
1995,2,30,8,5.318
1996,2,30,8,5659.65
1997,2,30,8,32075.5
1998,2,30,8,26643.3
1999,2,30,8,34250
2000,2,30,8,23695.2
2001,2,30,8,32504.6
2002,2,30,8,39281.7
2003,2,30,8,5537.65
2004,2,30,8,28889.4
2005,2,30,8,13632.6
2006,2,30,8,9542.54
2007,2,30,8,20812.1
2008,2,30,8,29082.2
2009,2,30,8,46868.8
2010,2,30,8,17254.5
2011,2,30,8,71949.9
2012,2,30,8,91519.2
2013,2,30,8,38089.8
2014,2,30,8,106307
2015,2,30,8,172543
2016,2,30,8,83976.5
2017,2,30,8,64354.1
2018,2,30,8,68951.2
2019,2,30,8,158783
2020,2,30,8,92441.9
2021,2,30,8,119440
2022,2,30,8,83707.1
2023,2,30,8,38475.5
2024,2,30,8,31801.1
1972,2,31,8,0
1973,2,31,8,0
1974,2,31,8,0
1975,2,31,8,0
1976,2,31,8,0
1977,2,31,8,0
1978,2,31,8,0
1979,2,31,8,0
1980,2,31,8,0
1981,2,31,8,0
1982,2,31,8,13.302
1983,2,31,8,2588.27
1984,2,31,8,97.959
1985,2,31,8,238.104
1986,2,31,8,4267.56
1987,2,31,8,2046.95
1988,2,31,8,430.678
1989,2,31,8,0
1990,2,31,8,8010.71
1991,2,31,8,13390.5
1992,2,31,8,42284.6
1993,2,31,8,22657.2
1994,2,31,8,25318.3
1995,2,31,8,0
1996,2,31,8,20434.1
1997,2,31,8,18517.6
1998,2,31,8,10759.6
1999,2,31,8,1508.78
2000,2,31,8,2570.25
2001,2,31,8,58357.4
2002,2,31,8,36523.6
2003,2,31,8,12.992
2004,2,31,8,7122.77
2005,2,31,8,39157.9
2006,2,31,8,981.449
2007,2,31,8,13222.2
2008,2,31,8,21409.6
2009,2,31,8,13057.2
2010,2,31,8,18209.7
2011,2,31,8,473.971
2012,2,31,8,43423.7
2013,2,31,8,19620.2
2014,2,31,8,92222.7
2015,2,31,8,61077.1
2016,2,31,8,20939.1
2017,2,31,8,54255.6
2018,2,31,8,18065.5
2019,2,31,8,129067
2020,2,31,8,21015.8
2021,2,31,8,55109.3
2022,2,31,8,12925.1
2023,2,31,8,78546.5
2024,2,31,8,23253.3
1972,2,32,8,0
1973,2,32,8,0
1974,2,32,8,0
1975,2,32,8,0
1976,2,32,8,0
1977,2,32,8,0
1978,2,32,8,0
1979,2,32,8,0
1980,2,32,8,0
1981,2,32,8,0
1982,2,32,8,0
1983,2,32,8,0
1984,2,32,8,0
1985,2,32,8,0
1986,2,32,8,0
1987,2,32,8,0
1988,2,32,8,0
1989,2,32,8,0
1990,2,32,8,0
1991,2,32,8,0
1992,2,32,8,0
1993,2,32,8,0
1994,2,32,8,0
1995,2,32,8,0
1996,2,32,8,0
1997,2,32,8,0
1998,2,32,8,0
1999,2,32,8,0
2000,2,32,8,0
2001,2,32,8,0
2002,2,32,8,0
2003,2,32,8,0
2004,2,32,8,0
2005,2,32,8,0
2006,2,32,8,0
2007,2,32,8,0
2008,2,32,8,0
2009,2,32,8,0
2010,2,32,8,0
2011,2,32,8,0
2012,2,32,8,0
2013,2,32,8,0
2014,2,32,8,0
2015,2,32,8,0
2016,2,32,8,0
2017,2,32,8,0
2018,2,32,8,0
2019,2,32,8,0
2020,2,32,8,0
2021,2,32,8,0
2022,2,32,8,0
2023,2,32,8,0
2024,2,32,8,0
1972,2,33,1,8.57638e-06
1973,2,33,1,4.28258e-06
1974,2,33,1,3.91865e-06
1975,2,33,1,3.98875e-06
1976,2,33,1,5.77097e-06
1977,2,33,1,4.73159e-06
1978,2,33,1,5.53605e-06
1979,2,33,1,4.60571e-06
1980,2,33,1,4.31275e-06
1981,2,33,1,2.99407e-06
1982,2,33,1,4.54479e-06
1983,2,33,1,4.40684e-06
1984,2,33,1,4.11671e-06
1985,2,33,1,2.55347e-06
1986,2,33,1,5.15082e-06
1987,2,33,1,4.57735e-06
1988,2,33,1,4.61445e-06
1989,2,33,1,3.27745e-06
1990,2,33,1,3.38164e-06
1991,2,33,1,2.86696e-06
1992,2,33,1,1.94558e-06
1993,2,33,1,2.4516e-06
1994,2,33,1,3.56467e-06
1995,2,33,1,5.48877e-06
1996,2,33,1,1.89387e-06
1997,2,33,1,2.949e-06
1998,2,33,1,2.9066e-06
1999,2,33,1,2.15734e-06
2000,2,33,1,3.04871e-06
2001,2,33,1,1.4511e-06
2002,2,33,1,1.47069e-06
2003,2,33,1,1.4642e-06
2004,2,33,1,1.05183e-06
2005,2,33,1,1.81773e-06
2006,2,33,1,1.46704e-06
2007,2,33,1,1.17697e-06
2008,2,33,1,1.8376e-06
2009,2,33,1,9.71951e-07
2010,2,33,1,1.43233e-06
2011,2,33,1,1.24969e-06
2012,2,33,1,8.50495e-07
2013,2,33,1,1.25889e-06
2014,2,33,1,1.25468e-06
2015,2,33,1,1.01093e-06
2016,2,33,1,1.12564e-06
2017,2,33,1,1.29627e-06
2018,2,33,1,1.58506e-06
2019,2,33,1,1.31671e-06
2020,2,33,1,7.41431e-07
2021,2,33,1,1.27146e-06
2022,2,33,1,6.58565e-07
2023,2,33,1,1.40283e-06
2024,2,33,1,0
1972,2,34,2,5.70942e-06
1973,2,34,2,4.9626e-06
1974,2,34,2,6.80874e-06
1975,2,34,2,5.35112e-06
1976,2,34,2,7.23345e-06
1977,2,34,2,3.89277e-06
1978,2,34,2,5.38593e-06
1979,2,34,2,7.84114e-06
1980,2,34,2,3.93921e-06
1981,2,34,2,2.56784e-06
1982,2,34,2,3.46457e-06
1983,2,34,2,4.74138e-06
1984,2,34,2,7.7666e-06
1985,2,34,2,3.54327e-06
1986,2,34,2,5.01303e-06
1987,2,34,2,4.06748e-06
1988,2,34,2,5.23394e-06
1989,2,34,2,3.51093e-06
1990,2,34,2,3.54765e-06
1991,2,34,2,4.54329e-06
1992,2,34,2,2.58548e-06
1993,2,34,2,4.12365e-06
1994,2,34,2,3.4043e-06
1995,2,34,2,5.05401e-06
1996,2,34,2,3.29137e-06
1997,2,34,2,3.55683e-06
1998,2,34,2,4.23953e-06
1999,2,34,2,4.00167e-06
2000,2,34,2,5.04184e-06
2001,2,34,2,2.45604e-06
2002,2,34,2,2.39597e-06
2003,2,34,2,2.66644e-06
2004,2,34,2,1.9805e-06
2005,2,34,2,2.65963e-06
2006,2,34,2,2.49258e-06
2007,2,34,2,2.29263e-06
2008,2,34,2,2.52984e-06
2009,2,34,2,1.33556e-06
2010,2,34,2,2.4939e-06
2011,2,34,2,2.44547e-06
2012,2,34,2,1.87551e-06
2013,2,34,2,2.72655e-06
2014,2,34,2,1.75927e-06
2015,2,34,2,1.52014e-06
2016,2,34,2,1.60668e-06
2017,2,34,2,2.01159e-06
2018,2,34,2,2.46886e-06
2019,2,34,2,2.71737e-06
2020,2,34,2,1.16127e-06
2021,2,34,2,2.67935e-06
2022,2,34,2,1.18667e-06
2023,2,34,2,2.4212e-06
2024,2,34,2,0
1972,2,35,3,3.76419e-05
1973,2,35,3,3.91205e-05
1974,2,35,3,6.01539e-05
1975,2,35,3,3.91693e-05
1976,2,35,3,4.80632e-05
1977,2,35,3,3.72996e-05
1978,2,35,3,4.07019e-05
1979,2,35,3,4.24333e-05
1980,2,35,3,3.8736e-05
1981,2,35,3,2.78421e-05
1982,2,35,3,3.08268e-05
1983,2,35,3,3.6826e-05
1984,2,35,3,3.80999e-05
1985,2,35,3,3.17809e-05
1986,2,35,3,3.34862e-05
1987,2,35,3,2.82693e-05
1988,2,35,3,3.05673e-05
1989,2,35,3,3.84216e-05
1990,2,35,3,1.99065e-05
1991,2,35,3,2.0843e-05
1992,2,35,3,1.96046e-05
1993,2,35,3,2.05407e-05
1994,2,35,3,2.17559e-05
1995,2,35,3,2.00047e-05
1996,2,35,3,1.85016e-05
1997,2,35,3,2.30811e-05
1998,2,35,3,2.44172e-05
1999,2,35,3,2.42674e-05
2000,2,35,3,2.89236e-05
2001,2,35,3,2.13699e-05
2002,2,35,3,2.74295e-05
2003,2,35,3,2.56013e-05
2004,2,35,3,2.09494e-05
2005,2,35,3,2.50543e-05
2006,2,35,3,2.17258e-05
2007,2,35,3,2.06413e-05
2008,2,35,3,1.78935e-05
2009,2,35,3,1.60027e-05
2010,2,35,3,1.70496e-05
2011,2,35,3,1.60629e-05
2012,2,35,3,1.36524e-05
2013,2,35,3,2.02158e-05
2014,2,35,3,1.72942e-05
2015,2,35,3,1.34973e-05
2016,2,35,3,1.14617e-05
2017,2,35,3,1.0903e-05
2018,2,35,3,1.48611e-05
2019,2,35,3,1.44537e-05
2020,2,35,3,9.64268e-06
2021,2,35,3,1.48322e-05
2022,2,35,3,1.29755e-05
2023,2,35,3,1.67607e-05
2024,2,35,3,0
1972,2,36,4,0.000148477
1973,2,36,4,0.000160896
1974,2,36,4,0.000176256
1975,2,36,4,0.000137296
1976,2,36,4,0.000128427
1977,2,36,4,0.000127187
1978,2,36,4,0.000168396
1979,2,36,4,0.000131988
1980,2,36,4,0.00011323
1981,2,36,4,8.98349e-05
1982,2,36,4,8.22117e-05
1983,2,36,4,0.000112487
1984,2,36,4,0.000129831
1985,2,36,4,0.000130719
1986,2,36,4,0.000126236
1987,2,36,4,0.000122351
1988,2,36,4,0.000122324
1989,2,36,4,0.000122913
1990,2,36,4,8.18487e-05
1991,2,36,4,9.17202e-05
1992,2,36,4,8.5894e-05
1993,2,36,4,9.16962e-05
1994,2,36,4,8.35377e-05
1995,2,36,4,8.85533e-05
1996,2,36,4,0.000118504
1997,2,36,4,9.39752e-05
1998,2,36,4,0.000116103
1999,2,36,4,0.000139249
2000,2,36,4,8.94416e-05
2001,2,36,4,8.8266e-05
2002,2,36,4,8.43081e-05
2003,2,36,4,9.52167e-05
2004,2,36,4,8.31281e-05
2005,2,36,4,9.22104e-05
2006,2,36,4,0.000110676
2007,2,36,4,9.22643e-05
2008,2,36,4,7.7642e-05
2009,2,36,4,5.57313e-05
2010,2,36,4,8.74665e-05
2011,2,36,4,8.16986e-05
2012,2,36,4,6.54391e-05
2013,2,36,4,0.000117827
2014,2,36,4,8.12178e-05
2015,2,36,4,6.52942e-05
2016,2,36,4,5.68743e-05
2017,2,36,4,5.09174e-05
2018,2,36,4,6.24802e-05
2019,2,36,4,0.000106093
2020,2,36,4,6.58826e-05
2021,2,36,4,0.000115916
2022,2,36,4,6.63379e-05
2023,2,36,4,0.0001031
2024,2,36,4,0
1972,2,37,5,0
1973,2,37,5,0
1974,2,37,5,0
1975,2,37,5,0
1976,2,37,5,0
1977,2,37,5,0
1978,2,37,5,0
1979,2,37,5,0
1980,2,37,5,0
1981,2,37,5,0
1982,2,37,5,0
1983,2,37,5,0
1984,2,37,5,0
1985,2,37,5,0
1986,2,37,5,0
1987,2,37,5,0
1988,2,37,5,0
1989,2,37,5,0
1990,2,37,5,0
1991,2,37,5,0
1992,2,37,5,0
1993,2,37,5,0
1994,2,37,5,0
1995,2,37,5,0
1996,2,37,5,0
1997,2,37,5,0
1998,2,37,5,0
1999,2,37,5,0
2000,2,37,5,0
2001,2,37,5,0
2002,2,37,5,0
2003,2,37,5,0
2004,2,37,5,0
2005,2,37,5,0.000110087
2006,2,37,5,0.00010267
2007,2,37,5,9.0591e-05
2008,2,37,5,8.20206e-05
2009,2,37,5,0.000103881
2010,2,37,5,7.90746e-05
2011,2,37,5,6.85243e-05
2012,2,37,5,6.00471e-05
2013,2,37,5,8.72817e-05
2014,2,37,5,9.13452e-05
2015,2,37,5,5.60838e-05
2016,2,37,5,4.52971e-05
2017,2,37,5,3.91142e-05
2018,2,37,5,3.33615e-05
2019,2,37,5,3.21755e-05
2020,2,37,5,3.6079e-05
2021,2,37,5,2.41692e-05
2022,2,37,5,2.46827e-05
2023,2,37,5,3.10112e-05
2024,2,37,5,3.4059e-05
1972,2,38,7,0.000122156
1973,2,38,7,0.00011368
1974,2,38,7,0.000122187
1975,2,38,7,7.71819e-05
1976,2,38,7,0.000100362
1977,2,38,7,9.92972e-05
1978,2,38,7,0.000109498
1979,2,38,7,9.26293e-05
1980,2,38,7,9.80936e-05
1981,2,38,7,7.44166e-05
1982,2,38,7,8.49065e-05
1983,2,38,7,9.47209e-05
1984,2,38,7,0.000106619
1985,2,38,7,8.6556e-05
1986,2,38,7,9.9574e-05
1987,2,38,7,7.82532e-05
1988,2,38,7,0.000109694
1989,2,38,7,7.01048e-05
1990,2,38,7,3.8744e-05
1991,2,38,7,3.9754e-05
1992,2,38,7,4.07695e-05
1993,2,38,7,4.27586e-05
1994,2,38,7,5.52808e-05
1995,2,38,7,5.44288e-05
1996,2,38,7,4.55499e-05
1997,2,38,7,5.42884e-05
1998,2,38,7,4.527e-05
1999,2,38,7,5.69121e-05
2000,2,38,7,4.64935e-05
2001,2,38,7,4.48465e-05
2002,2,38,7,4.44432e-05
2003,2,38,7,4.57198e-05
2004,2,38,7,3.82408e-05
2005,2,38,7,4.60664e-05
2006,2,38,7,5.48132e-05
2007,2,38,7,6.83176e-05
2008,2,38,7,5.96873e-05
2009,2,38,7,3.73933e-05
2010,2,38,7,0
2011,2,38,7,0
2012,2,38,7,0
2013,2,38,7,0
2014,2,38,7,0
2015,2,38,7,0
2016,2,38,7,0
2017,2,38,7,0
2018,2,38,7,0
2019,2,38,7,0
2020,2,38,7,0
2021,2,38,7,0
2022,2,38,7,0
2023,2,38,7,0
2024,2,38,7,0
1972,2,39,8,0
1973,2,39,8,0
1974,2,39,8,0
1975,2,39,8,0.00287132
1976,2,39,8,0.0039806
1977,2,39,8,0.00353397
1978,2,39,8,0.00390005
1979,2,39,8,0.00336697
1980,2,39,8,0.00384323
1981,2,39,8,0.00284698
1982,2,39,8,0.00268074
1983,2,39,8,0.00295255
1984,2,39,8,0.00337953
1985,2,39,8,0.00257553
1986,2,39,8,0.00340611
1987,2,39,8,0.00332
1988,2,39,8,0.00303347
1989,2,39,8,0.00217294
1990,2,39,8,0.00160253
1991,2,39,8,0.00323702
1992,2,39,8,0.0012408
1993,2,39,8,0.00074167
1994,2,39,8,0.00158224
1995,2,39,8,0.00198787
1996,2,39,8,0.00195535
1997,2,39,8,0.00175495
1998,2,39,8,0
1999,2,39,8,0
2000,2,39,8,0
2001,2,39,8,0
2002,2,39,8,0
2003,2,39,8,0
2004,2,39,8,0
2005,2,39,8,0
2006,2,39,8,0
2007,2,39,8,0
2008,2,39,8,0
2009,2,39,8,0
2010,2,39,8,0
2011,2,39,8,0
2012,2,39,8,0
2013,2,39,8,0
2014,2,39,8,0
2015,2,39,8,0
2016,2,39,8,0
2017,2,39,8,0
2018,2,39,8,0
2019,2,39,8,0
2020,2,39,8,0
2021,2,39,8,0
2022,2,39,8,0
2023,2,39,8,0
2024,2,39,8,0
1972,2,40,6,0
1973,2,40,6,0
1974,2,40,6,0
1975,2,40,6,0
1976,2,40,6,0
1977,2,40,6,0
1978,2,40,6,0
1979,2,40,6,0
1980,2,40,6,0
1981,2,40,6,0
1982,2,40,6,0
1983,2,40,6,0
1984,2,40,6,0
1985,2,40,6,0
1986,2,40,6,0
1987,2,40,6,0
1988,2,40,6,0
1989,2,40,6,0
1990,2,40,6,0
1991,2,40,6,0
1992,2,40,6,0
1993,2,40,6,0
1994,2,40,6,0
1995,2,40,6,0
1996,2,40,6,0
1997,2,40,6,0
1998,2,40,6,0
1999,2,40,6,0
2000,2,40,6,0
2001,2,40,6,0
2002,2,40,6,0
2003,2,40,6,0
2004,2,40,6,0
2005,2,40,6,0
2006,2,40,6,0
2007,2,40,6,0
2008,2,40,6,0
2009,2,40,6,0
2010,2,40,6,5.24641e-05
2011,2,40,6,4.91135e-05
2012,2,40,6,2.92625e-05
2013,2,40,6,3.36277e-05
2014,2,40,6,6.79846e-05
2015,2,40,6,5.76594e-05
2016,2,40,6,5.31978e-05
2017,2,40,6,4.36139e-05
2018,2,40,6,7.00496e-05
2019,2,40,6,6.42443e-05
2020,2,40,6,2.85662e-05
2021,2,40,6,4.33543e-05
2022,2,40,6,3.89785e-05
2023,2,40,6,3.58033e-05
2024,2,40,6,4.24507e-05
1972,2,41,7,0
1973,2,41,7,0
1974,2,41,7,0
1975,2,41,7,0
1976,2,41,7,0
1977,2,41,7,0
1978,2,41,7,0
1979,2,41,7,0
1980,2,41,7,0
1981,2,41,7,0
1982,2,41,7,0
1983,2,41,7,0
1984,2,41,7,0
1985,2,41,7,0
1986,2,41,7,0
1987,2,41,7,0
1988,2,41,7,0
1989,2,41,7,0
1990,2,41,7,0
1991,2,41,7,0
1992,2,41,7,0
1993,2,41,7,0
1994,2,41,7,0
1995,2,41,7,0
1996,2,41,7,0
1997,2,41,7,0
1998,2,41,7,0
1999,2,41,7,0
2000,2,41,7,0
2001,2,41,7,0
2002,2,41,7,0
2003,2,41,7,0
2004,2,41,7,0
2005,2,41,7,0
2006,2,41,7,0
2007,2,41,7,0
2008,2,41,7,0
2009,2,41,7,0
2010,2,41,7,0.000534762
2011,2,41,7,0.000535066
2012,2,41,7,0.000300567
2013,2,41,7,0.000359577
2014,2,41,7,0.000689313
2015,2,41,7,0.000635456
2016,2,41,7,0.000529875
2017,2,41,7,0.000437112
2018,2,41,7,0.000660414
2019,2,41,7,0.000756151
2020,2,41,7,0.000332758
2021,2,41,7,0.000475562
2022,2,41,7,0.000525195
2023,2,41,7,0.000640746
2024,2,41,7,0.00061986
1972,2,42,8,0
1973,2,42,8,0
1974,2,42,8,0
1975,2,42,8,0
1976,2,42,8,0
1977,2,42,8,0
1978,2,42,8,0
1979,2,42,8,0
1980,2,42,8,0
1981,2,42,8,0
1982,2,42,8,0
1983,2,42,8,0
1984,2,42,8,0
1985,2,42,8,0
1986,2,42,8,0
1987,2,42,8,0
1988,2,42,8,0
1989,2,42,8,0
1990,2,42,8,0
1991,2,42,8,0
1992,2,42,8,0
1993,2,42,8,0
1994,2,42,8,0
1995,2,42,8,0
1996,2,42,8,0
1997,2,42,8,0
1998,2,42,8,0
1999,2,42,8,0
2000,2,42,8,0
2001,2,42,8,0
2002,2,42,8,0
2003,2,42,8,0
2004,2,42,8,0
2005,2,42,8,0
2006,2,42,8,0
2007,2,42,8,0
2008,2,42,8,0
2009,2,42,8,0
2010,2,42,8,0.000430214
2011,2,42,8,0.000572141
2012,2,42,8,0.000334606
2013,2,42,8,0.0005428
2014,2,42,8,0.000532756
2015,2,42,8,0.000606495
2016,2,42,8,0.000601834
2017,2,42,8,0.000481655
2018,2,42,8,0.000488797
2019,2,42,8,0.000582252
2020,2,42,8,0.000612787
2021,2,42,8,0.000792497
2022,2,42,8,0.000621542
2023,2,42,8,0.00057574
2024,2,42,8,0.000472367
1972,3,1,1,5419.77
1973,3,1,1,5833.38
1974,3,1,1,4335.69
1975,3,1,1,4050.75
1976,3,1,1,7735.12
1977,3,1,1,2746.71
1978,3,1,1,6659.03
1979,3,1,1,4287.33
1980,3,1,1,3454.25
1981,3,1,1,3283.77
1982,3,1,1,5509.48
1983,3,1,1,3738.75
1984,3,1,1,3727.94
1985,3,1,1,3027.55
1986,3,1,1,5128.92
1987,3,1,1,5056.97
1988,3,1,1,4030.52
1989,3,1,1,5066.01
1990,3,1,1,7910.38
1991,3,1,1,3543.5
1992,3,1,1,4298.31
1993,3,1,1,6169.16
1994,3,1,1,4515.57
1995,3,1,1,6252.15
1996,3,1,1,5700.82
1997,3,1,1,5850.72
1998,3,1,1,5550.7
1999,3,1,1,3153.78
2000,3,1,1,9004.26
2001,3,1,1,3708.91
2002,3,1,1,4382.18
2003,3,1,1,4866.22
2004,3,1,1,5444.51
2005,3,1,1,3153.97
2006,3,1,1,2394.63
2007,3,1,1,3926.72
2008,3,1,1,3319.25
2009,3,1,1,3750.24
2010,3,1,1,3079.09
2011,3,1,1,3816.8
2012,3,1,1,2763.99
2013,3,1,1,4144.09
2014,3,1,1,2778.85
2015,3,1,1,1666
2016,3,1,1,2288.76
2017,3,1,1,2583.57
2018,3,1,1,2089.18
2019,3,1,1,2443.38
2020,3,1,1,2290.79
2021,3,1,1,3415.31
2022,3,1,1,2893.31
2023,3,1,1,1755.4
2024,3,1,1,1755.4
1972,3,2,1,900.788
1973,3,2,1,1049.24
1974,3,2,1,781.4
1975,3,2,1,473.917
1976,3,2,1,1334.19
1977,3,2,1,241.836
1978,3,2,1,469.2
1979,3,2,1,455.343
1980,3,2,1,747.74
1981,3,2,1,445.446
1982,3,2,1,231.908
1983,3,2,1,723.867
1984,3,2,1,1581.06
1985,3,2,1,1294.9
1986,3,2,1,1937.2
1987,3,2,1,1422.2
1988,3,2,1,2247.48
1989,3,2,1,1377.09
1990,3,2,1,1523.83
1991,3,2,1,1950.46
1992,3,2,1,975.706
1993,3,2,1,1323.04
1994,3,2,1,1294.08
1995,3,2,1,2195.31
1996,3,2,1,1426.25
1997,3,2,1,1440.24
1998,3,2,1,1603.29
1999,3,2,1,347.488
2000,3,2,1,1227.49
2001,3,2,1,1229.07
2002,3,2,1,735.833
2003,3,2,1,603.433
2004,3,2,1,208.769
2005,3,2,1,83.258
2006,3,2,1,169.318
2007,3,2,1,529.156
2008,3,2,1,992.497
2009,3,2,1,428.727
2010,3,2,1,825.856
2011,3,2,1,135.576
2012,3,2,1,1158.03
2013,3,2,1,393.233
2014,3,2,1,42.641
2015,3,2,1,4.827
2016,3,2,1,283.751
2017,3,2,1,153.623
2018,3,2,1,164.232
2019,3,2,1,60.015
2020,3,2,1,157.632
2021,3,2,1,182.036
2022,3,2,1,569.036
2023,3,2,1,109.604
2024,3,2,1,127.936
1972,3,3,1,0
1973,3,3,1,0
1974,3,3,1,0
1975,3,3,1,0
1976,3,3,1,0
1977,3,3,1,0
1978,3,3,1,0
1979,3,3,1,0
1980,3,3,1,0
1981,3,3,1,0
1982,3,3,1,0
1983,3,3,1,0
1984,3,3,1,0
1985,3,3,1,0
1986,3,3,1,0
1987,3,3,1,0
1988,3,3,1,0
1989,3,3,1,0
1990,3,3,1,0
1991,3,3,1,0
1992,3,3,1,0
1993,3,3,1,0
1994,3,3,1,0
1995,3,3,1,0
1996,3,3,1,0
1997,3,3,1,0
1998,3,3,1,0
1999,3,3,1,0
2000,3,3,1,3.7521
2001,3,3,1,0
2002,3,3,1,0
2003,3,3,1,0
2004,3,3,1,0
2005,3,3,1,0
2006,3,3,1,0
2007,3,3,1,0
2008,3,3,1,0
2009,3,3,1,0
2010,3,3,1,0
2011,3,3,1,0
2012,3,3,1,0
2013,3,3,1,0
2014,3,3,1,0
2015,3,3,1,0
2016,3,3,1,0
2017,3,3,1,0
2018,3,3,1,0
2019,3,3,1,0
2020,3,3,1,0
2021,3,3,1,0
2022,3,3,1,0
2023,3,3,1,0
2024,3,3,1,0
1972,3,4,2,26133.9
1973,3,4,2,34398
1974,3,4,2,20647.7
1975,3,4,2,20128.4
1976,3,4,2,31671.7
1977,3,4,2,18438.1
1978,3,4,2,23154.3
1979,3,4,2,41520.4
1980,3,4,2,37583.3
1981,3,4,2,18302.8
1982,3,4,2,32464.2
1983,3,4,2,38325.2
1984,3,4,2,74910.7
1985,3,4,2,12160.4
1986,3,4,2,47909.7
1987,3,4,2,24670.8
1988,3,4,2,40667.8
1989,3,4,2,32800.8
1990,3,4,2,26230.5
1991,3,4,2,44430.4
1992,3,4,2,33348.5
1993,3,4,2,62795.8
1994,3,4,2,23127.8
1995,3,4,2,43214.2
1996,3,4,2,12492.3
1997,3,4,2,30320.1
1998,3,4,2,34139.9
1999,3,4,2,48188.8
2000,3,4,2,37632.3
2001,3,4,2,22260.6
2002,3,4,2,20487.5
2003,3,4,2,29199.2
2004,3,4,2,21848.9
2005,3,4,2,48554
2006,3,4,2,37078
2007,3,4,2,23563.1
2008,3,4,2,31278.5
2009,3,4,2,15672.5
2010,3,4,2,29303.8
2011,3,4,2,21278
2012,3,4,2,22072.5
2013,3,4,2,23517.8
2014,3,4,2,12377.4
2015,3,4,2,18660.5
2016,3,4,2,25776.1
2017,3,4,2,18606.8
2018,3,4,2,25448.7
2019,3,4,2,30188.5
2020,3,4,2,12354.8
2021,3,4,2,33773
2022,3,4,2,6033.4
2023,3,4,2,17284.6
2024,3,4,2,30717
1972,3,5,2,2758.9
1973,3,5,2,6795.4
1974,3,5,2,1139.6
1975,3,5,2,947.4
1976,3,5,2,1075.1
1977,3,5,2,2204.2
1978,3,5,2,28.4
1979,3,5,2,2917.9
1980,3,5,2,13316.8
1981,3,5,2,757.499
1982,3,5,2,2676
1983,3,5,2,4772.9
1984,3,5,2,8367.9
1985,3,5,2,1838
1986,3,5,2,8028.5
1987,3,5,2,15944.2
1988,3,5,2,32681
1989,3,5,2,9971.6
1990,3,5,2,5744.3
1991,3,5,2,14716.1
1992,3,5,2,7113.9
1993,3,5,2,20904.4
1994,3,5,2,20564.7
1995,3,5,2,22410.9
1996,3,5,2,9365.7
1997,3,5,2,43905
1998,3,5,2,65147.1
1999,3,5,2,17172.2
2000,3,5,2,16498.6
2001,3,5,2,33383.8
2002,3,5,2,32592.9
2003,3,5,2,43822.2
2004,3,5,2,24378.2
2005,3,5,2,51038.1
2006,3,5,2,47287.3
2007,3,5,2,38457
2008,3,5,2,29336.4
2009,3,5,2,9704.5
2010,3,5,2,29773.6
2011,3,5,2,12151.2
2012,3,5,2,15641.5
2013,3,5,2,15015.6
2014,3,5,2,19411.5
2015,3,5,2,22567.7
2016,3,5,2,4061.6
2017,3,5,2,10883.4
2018,3,5,2,3209.6
2019,3,5,2,7573
2020,3,5,2,8045.7
2021,3,5,2,14048.2
2022,3,5,2,853.3
2023,3,5,2,10658.1
2024,3,5,2,11306.3
1972,3,6,2,0
1973,3,6,2,0
1974,3,6,2,0
1975,3,6,2,0
1976,3,6,2,0
1977,3,6,2,0
1978,3,6,2,0
1979,3,6,2,0
1980,3,6,2,0
1981,3,6,2,0
1982,3,6,2,0
1983,3,6,2,0
1984,3,6,2,0
1985,3,6,2,0
1986,3,6,2,0
1987,3,6,2,0
1988,3,6,2,0
1989,3,6,2,0
1990,3,6,2,0
1991,3,6,2,0
1992,3,6,2,0
1993,3,6,2,0
1994,3,6,2,0
1995,3,6,2,0
1996,3,6,2,0
1997,3,6,2,0
1998,3,6,2,0
1999,3,6,2,0
2000,3,6,2,3.75117
2001,3,6,2,0
2002,3,6,2,0
2003,3,6,2,0
2004,3,6,2,0
2005,3,6,2,0
2006,3,6,2,0
2007,3,6,2,0
2008,3,6,2,0
2009,3,6,2,0
2010,3,6,2,0
2011,3,6,2,0
2012,3,6,2,0
2013,3,6,2,0
2014,3,6,2,0
2015,3,6,2,0
2016,3,6,2,0
2017,3,6,2,0
2018,3,6,2,0
2019,3,6,2,0
2020,3,6,2,0
2021,3,6,2,0
2022,3,6,2,0
2023,3,6,2,0
2024,3,6,2,0
1972,3,7,3,9674.5
1973,3,7,3,9817.6
1974,3,7,3,6891.15
1975,3,7,3,6662.85
1976,3,7,3,5252.33
1977,3,7,3,9616.45
1978,3,7,3,7521.03
1979,3,7,3,5976.23
1980,3,7,3,8135.03
1981,3,7,3,9899
1982,3,7,3,10817.1
1983,3,7,3,7918.95
1984,3,7,3,8538.5
1985,3,7,3,6334.45
1986,3,7,3,8290.25
1987,3,7,3,6177.88
1988,3,7,3,6128.43
1989,3,7,3,5353.1
1990,3,7,3,4126.25
1991,3,7,3,4631.78
1992,3,7,3,3459.23
1993,3,7,3,3709.48
1994,3,7,3,3310.2
1995,3,7,3,2572.05
1996,3,7,3,3976.58
1997,3,7,3,3586.28
1998,3,7,3,2548.65
1999,3,7,3,2622.7
2000,3,7,3,3107.73
2001,3,7,3,2475.5
2002,3,7,3,1949.35
2003,3,7,3,2755.1
2004,3,7,3,2928.08
2005,3,7,3,1739.43
2006,3,7,3,1807.05
2007,3,7,3,1699.13
2008,3,7,3,2020.18
2009,3,7,3,2197
2010,3,7,3,1656.48
2011,3,7,3,2177.48
2012,3,7,3,2078.6
2013,3,7,3,1843.1
2014,3,7,3,2602.83
2015,3,7,3,1851
2016,3,7,3,1675.23
2017,3,7,3,2116.75
2018,3,7,3,2366.78
2019,3,7,3,1652.25
2020,3,7,3,189.4
2021,3,7,3,49.5
2022,3,7,3,1206.5
2023,3,7,3,704.9
2024,3,7,3,73.7
1972,3,8,3,0
1973,3,8,3,0
1974,3,8,3,0
1975,3,8,3,16.1
1976,3,8,3,0
1977,3,8,3,108.1
1978,3,8,3,0
1979,3,8,3,0
1980,3,8,3,166.103
1981,3,8,3,108.2
1982,3,8,3,0
1983,3,8,3,124
1984,3,8,3,150.083
1985,3,8,3,104.289
1986,3,8,3,398.03
1987,3,8,3,305.096
1988,3,8,3,183.083
1989,3,8,3,326.351
1990,3,8,3,239.065
1991,3,8,3,636.918
1992,3,8,3,389.24
1993,3,8,3,497.2
1994,3,8,3,80.286
1995,3,8,3,1178.81
1996,3,8,3,5641.2
1997,3,8,3,22.3
1998,3,8,3,79.805
1999,3,8,3,1.301
2000,3,8,3,0
2001,3,8,3,14.8
2002,3,8,3,1.7
2003,3,8,3,426.035
2004,3,8,3,4657.16
2005,3,8,3,61.549
2006,3,8,3,41.9
2007,3,8,3,183.794
2008,3,8,3,122.899
2009,3,8,3,4.098
2010,3,8,3,10.8
2011,3,8,3,99.3
2012,3,8,3,1.802
2013,3,8,3,305.824
2014,3,8,3,0.2
2015,3,8,3,0.3
2016,3,8,3,201.638
2017,3,8,3,127.333
2018,3,8,3,171.721
2019,3,8,3,120.2
2020,3,8,3,104.023
2021,3,8,3,0.5
2022,3,8,3,23.626
2023,3,8,3,1.6
2024,3,8,3,20.08
1972,3,9,3,0
1973,3,9,3,0
1974,3,9,3,0
1975,3,9,3,0
1976,3,9,3,0
1977,3,9,3,0
1978,3,9,3,0
1979,3,9,3,0
1980,3,9,3,0
1981,3,9,3,0
1982,3,9,3,0
1983,3,9,3,0
1984,3,9,3,0
1985,3,9,3,0
1986,3,9,3,0
1987,3,9,3,0
1988,3,9,3,0
1989,3,9,3,0
1990,3,9,3,0
1991,3,9,3,0
1992,3,9,3,0
1993,3,9,3,0
1994,3,9,3,0
1995,3,9,3,0
1996,3,9,3,0
1997,3,9,3,0
1998,3,9,3,0
1999,3,9,3,0
2000,3,9,3,3.59331
2001,3,9,3,0
2002,3,9,3,0
2003,3,9,3,0
2004,3,9,3,0
2005,3,9,3,0
2006,3,9,3,0
2007,3,9,3,0
2008,3,9,3,0
2009,3,9,3,0
2010,3,9,3,0
2011,3,9,3,0
2012,3,9,3,0
2013,3,9,3,0
2014,3,9,3,0
2015,3,9,3,0
2016,3,9,3,0
2017,3,9,3,0
2018,3,9,3,0
2019,3,9,3,0
2020,3,9,3,0
2021,3,9,3,0
2022,3,9,3,0
2023,3,9,3,0
2024,3,9,3,0
1972,3,10,5,4153
1973,3,10,5,4665.5
1974,3,10,5,5205.5
1975,3,10,5,5594.51
1976,3,10,5,4959.75
1977,3,10,5,8669.51
1978,3,10,5,8786.5
1979,3,10,5,4239
1980,3,10,5,3646.76
1981,3,10,5,4927
1982,3,10,5,5026.75
1983,3,10,5,4074
1984,3,10,5,2971.5
1985,3,10,5,4439
1986,3,10,5,4910.75
1987,3,10,5,5687.75
1988,3,10,5,4314.25
1989,3,10,5,4986.25
1990,3,10,5,6494.25
1991,3,10,5,6261.75
1992,3,10,5,5033.5
1993,3,10,5,3457.26
1994,3,10,5,6092.75
1995,3,10,5,6370.26
1996,3,10,5,6377.26
1997,3,10,5,7513.51
1998,3,10,5,7820.76
1999,3,10,5,7043
2000,3,10,5,7365.51
2001,3,10,5,6885.75
2002,3,10,5,7013.5
2003,3,10,5,8798.76
2004,3,10,5,9133.5
2005,3,10,5,12263.3
2006,3,10,5,13513.5
2007,3,10,5,15597.7
2008,3,10,5,15670.5
2009,3,10,5,6313.5
2010,3,10,5,6874.5
2011,3,10,5,1952.75
2012,3,10,5,3529.25
2013,3,10,5,3494.5
2014,3,10,5,4122
2015,3,10,5,6862.5
2016,3,10,5,3559.5
2017,3,10,5,4664.5
2018,3,10,5,4671.5
2019,3,10,5,4116.5
2020,3,10,5,4119.25
2021,3,10,5,4971.5
2022,3,10,5,4710.01
2023,3,10,5,5402.25
2024,3,10,5,5402.25
1972,3,11,5,4900.01
1973,3,11,5,5575.01
1974,3,11,5,5903.25
1975,3,11,5,5829
1976,3,11,5,6334.5
1977,3,11,5,6594
1978,3,11,5,7355.51
1979,3,11,5,9077.51
1980,3,11,5,2795.25
1981,3,11,5,2884.75
1982,3,11,5,3079.25
1983,3,11,5,4069.25
1984,3,11,5,3435.25
1985,3,11,5,3544.5
1986,3,11,5,2678
1987,3,11,5,3122.75
1988,3,11,5,3648.75
1989,3,11,5,3667.5
1990,3,11,5,7603.75
1991,3,11,5,7776.5
1992,3,11,5,8940.5
1993,3,11,5,8190.5
1994,3,11,5,9084.75
1995,3,11,5,9681
1996,3,11,5,15024.8
1997,3,11,5,11179.5
1998,3,11,5,14760.3
1999,3,11,5,14008.2
2000,3,11,5,14904.8
2001,3,11,5,13715.3
2002,3,11,5,13182.5
2003,3,11,5,13447
2004,3,11,5,17704.8
2005,3,11,5,15420
2006,3,11,5,18509.5
2007,3,11,5,21702
2008,3,11,5,23470.2
2009,3,11,5,22302.5
2010,3,11,5,19960.5
2011,3,11,5,23861.5
2012,3,11,5,27433
2013,3,11,5,25688
2014,3,11,5,30558
2015,3,11,5,35556.2
2016,3,11,5,40118.2
2017,3,11,5,31127.8
2018,3,11,5,30008.8
2019,3,11,5,26064.8
2020,3,11,5,19839.5
2021,3,11,5,20475.3
2022,3,11,5,21208
2023,3,11,5,21426
2024,3,11,5,21426
1972,3,12,5,1800.48
1973,3,12,5,2015.73
1974,3,12,5,2243.96
1975,3,12,5,2387.72
1976,3,12,5,2379.52
1977,3,12,5,4694.99
1978,3,12,5,3431.98
1979,3,12,5,6391.69
1980,3,12,5,3904.97
1981,3,12,5,4479.45
1982,3,12,5,7002.55
1983,3,12,5,9374.01
1984,3,12,5,7721.25
1985,3,12,5,9868.52
1986,3,12,5,12960.8
1987,3,12,5,11750.8
1988,3,12,5,8950.49
1989,3,12,5,10216.3
1990,3,12,5,16234.7
1991,3,12,5,17462.3
1992,3,12,5,14262.5
1993,3,12,5,12219
1994,3,12,5,14229.8
1995,3,12,5,16876
1996,3,12,5,16832.3
1997,3,12,5,14794.8
1998,3,12,5,18649.5
1999,3,12,5,19841
2000,3,12,5,17744.8
2001,3,12,5,16827
2002,3,12,5,20791.7
2003,3,12,5,24800.8
2004,3,12,5,25100.5
2005,3,12,5,24137.3
2006,3,12,5,26612
2007,3,12,5,32308.5
2008,3,12,5,37573.5
2009,3,12,5,35660.2
2010,3,12,5,25197.8
2011,3,12,5,14956
2012,3,12,5,15579.2
2013,3,12,5,19736.7
2014,3,12,5,23508.9
2015,3,12,5,19590.8
2016,3,12,5,16319.3
2017,3,12,5,17770.6
2018,3,12,5,13672.9
2019,3,12,5,17980.7
2020,3,12,5,16749.9
2021,3,12,5,13313.1
2022,3,12,5,11728.5
2023,3,12,5,11946.1
2024,3,12,5,8068.5
1972,3,13,5,0
1973,3,13,5,0
1974,3,13,5,0
1975,3,13,5,0
1976,3,13,5,0
1977,3,13,5,0
1978,3,13,5,0
1979,3,13,5,0
1980,3,13,5,2136.78
1981,3,13,5,2403.18
1982,3,13,5,2612.52
1983,3,13,5,2922.78
1984,3,13,5,3182.99
1985,3,13,5,3488.53
1986,3,13,5,3606.97
1987,3,13,5,4098.22
1988,3,13,5,4872.06
1989,3,13,5,5276.79
1990,3,13,5,6052.53
1991,3,13,5,6190.51
1992,3,13,5,7117.25
1993,3,13,5,6519.95
1994,3,13,5,7231.97
1995,3,13,5,7706.66
1996,3,13,5,11960.5
1997,3,13,5,8899.2
1998,3,13,5,11750
1999,3,13,5,11151.5
2000,3,13,5,11865.2
2001,3,13,5,10918
2002,3,13,5,10493.7
2003,3,13,5,10704.2
2004,3,13,5,14094
2005,3,13,5,8808.21
2006,3,13,5,10535.3
2007,3,13,5,9433
2008,3,13,5,9331.45
2009,3,13,5,14215.5
2010,3,13,5,14774.4
2011,3,13,5,12784.7
2012,3,13,5,17264.5
2013,3,13,5,42349.4
2014,3,13,5,30215
2015,3,13,5,10564.1
2016,3,13,5,22614.5
2017,3,13,5,29458
2018,3,13,5,16916.2
2019,3,13,5,28173.3
2020,3,13,5,14305.7
2021,3,13,5,22632.3
2022,3,13,5,21907.8
2023,3,13,5,21556.4
2024,3,13,5,21556.4
1972,3,14,5,385
1973,3,14,5,180.8
1974,3,14,5,262.8
1975,3,14,5,227.3
1976,3,14,5,436.3
1977,3,14,5,79.6
1978,3,14,5,2
1979,3,14,5,87.2
1980,3,14,5,4955.58
1981,3,14,5,6121.53
1982,3,14,5,6412.98
1983,3,14,5,7161.24
1984,3,14,5,7561.75
1985,3,14,5,8343.76
1986,3,14,5,8568.72
1987,3,14,5,9806.41
1988,3,14,5,11507.2
1989,3,14,5,12536.3
1990,3,14,5,14379.5
1991,3,14,5,14712.8
1992,3,14,5,16907.7
1993,3,14,5,15491.9
1994,3,14,5,17186.7
1995,3,14,5,18308.2
1996,3,14,5,28413.7
1997,3,14,5,21141.8
1998,3,14,5,27913.5
1999,3,14,5,26491.5
2000,3,14,5,28187.1
2001,3,14,5,25937.3
2002,3,14,5,24930
2003,3,14,5,25430
2004,3,14,5,33481.8
2005,3,14,5,19072.6
2006,3,14,5,25282.8
2007,3,14,5,29644.6
2008,3,14,5,31177.5
2009,3,14,5,33478.3
2010,3,14,5,33674.2
2011,3,14,5,30878.7
2012,3,14,5,25214.2
2013,3,14,5,21449
2014,3,14,5,19937.2
2015,3,14,5,19709.5
2016,3,14,5,21381
2017,3,14,5,14953.7
2018,3,14,5,25935.2
2019,3,14,5,20227
2020,3,14,5,27021.5
2021,3,14,5,19600.5
2022,3,14,5,18915.5
2023,3,14,5,11322.8
2024,3,14,5,9954.28
1972,3,15,5,0
1973,3,15,5,0
1974,3,15,5,124.064
1975,3,15,5,80.187
1976,3,15,5,163.896
1977,3,15,5,125.238
1978,3,15,5,2963.14
1979,3,15,5,2163.29
1980,3,15,5,901.664
1981,3,15,5,715.262
1982,3,15,5,0.779
1983,3,15,5,243.718
1984,3,15,5,1912.94
1985,3,15,5,2827.93
1986,3,15,5,2122.08
1987,3,15,5,11902.8
1988,3,15,5,11147.9
1989,3,15,5,5432.55
1990,3,15,5,1275.02
1991,3,15,5,3670.88
1992,3,15,5,916.378
1993,3,15,5,543.768
1994,3,15,5,1371.68
1995,3,15,5,9949.74
1996,3,15,5,7300.07
1997,3,15,5,472.549
1998,3,15,5,8.76
1999,3,15,5,13.267
2000,3,15,5,43.501
2001,3,15,5,42.778
2002,3,15,5,390.615
2003,3,15,5,883.216
2004,3,15,5,3170.57
2005,3,15,5,433.884
2006,3,15,5,118.487
2007,3,15,5,26.699
2008,3,15,5,986.344
2009,3,15,5,0
2010,3,15,5,0
2011,3,15,5,0
2012,3,15,5,0
2013,3,15,5,0
2014,3,15,5,0
2015,3,15,5,0
2016,3,15,5,7.456
2017,3,15,5,280.251
2018,3,15,5,0
2019,3,15,5,37.228
2020,3,15,5,114.07
2021,3,15,5,12.934
2022,3,15,5,0
2023,3,15,5,0
2024,3,15,5,31.471
1972,3,16,5,0
1973,3,16,5,0
1974,3,16,5,0
1975,3,16,5,1.915
1976,3,16,5,59.265
1977,3,16,5,21.691
1978,3,16,5,175.117
1979,3,16,5,456.559
1980,3,16,5,118.985
1981,3,16,5,27.859
1982,3,16,5,0
1983,3,16,5,0
1984,3,16,5,2587.54
1985,3,16,5,397.382
1986,3,16,5,1.819
1987,3,16,5,826.138
1988,3,16,5,3001.41
1989,3,16,5,1337.49
1990,3,16,5,282.208
1991,3,16,5,1354.25
1992,3,16,5,122.828
1993,3,16,5,93.49
1994,3,16,5,341.308
1995,3,16,5,723.569
1996,3,16,5,7673.58
1997,3,16,5,815.411
1998,3,16,5,0
1999,3,16,5,0
2000,3,16,5,314.901
2001,3,16,5,0
2002,3,16,5,0
2003,3,16,5,1105.36
2004,3,16,5,1286.61
2005,3,16,5,46.402
2006,3,16,5,382.838
2007,3,16,5,0
2008,3,16,5,983.094
2009,3,16,5,0
2010,3,16,5,18.86
2011,3,16,5,0
2012,3,16,5,88.076
2013,3,16,5,36.515
2014,3,16,5,10.356
2015,3,16,5,0
2016,3,16,5,1778.04
2017,3,16,5,13657.3
2018,3,16,5,707.139
2019,3,16,5,3807.45
2020,3,16,5,156.619
2021,3,16,5,0
2022,3,16,5,3532.38
2023,3,16,5,44.165
2024,3,16,5,2070.16
1972,3,17,5,0
1973,3,17,5,0
1974,3,17,5,0
1975,3,17,5,0
1976,3,17,5,0
1977,3,17,5,0
1978,3,17,5,0
1979,3,17,5,0
1980,3,17,5,0
1981,3,17,5,0
1982,3,17,5,0
1983,3,17,5,0
1984,3,17,5,0
1985,3,17,5,0
1986,3,17,5,0
1987,3,17,5,0
1988,3,17,5,0
1989,3,17,5,0
1990,3,17,5,0
1991,3,17,5,0
1992,3,17,5,0
1993,3,17,5,0
1994,3,17,5,0
1995,3,17,5,0
1996,3,17,5,0
1997,3,17,5,0
1998,3,17,5,0
1999,3,17,5,0
2000,3,17,5,6307.81
2001,3,17,5,6638.97
2002,3,17,5,7067.46
2003,3,17,5,7025.34
2004,3,17,5,9475.07
2005,3,17,5,9798.04
2006,3,17,5,9828.57
2007,3,17,5,10134.7
2008,3,17,5,9329.38
2009,3,17,5,7417.6
2010,3,17,5,6958.92
2011,3,17,5,9878.24
2012,3,17,5,12831.1
2013,3,17,5,12395.5
2014,3,17,5,16226.7
2015,3,17,5,18476.4
2016,3,17,5,18457.4
2017,3,17,5,33125
2018,3,17,5,30762.9
2019,3,17,5,29665.7
2020,3,17,5,27242
2021,3,17,5,26165.3
2022,3,17,5,33396.7
2023,3,17,5,32481.3
2024,3,17,5,32481.3
1972,3,18,5,0
1973,3,18,5,0
1974,3,18,5,0
1975,3,18,5,0
1976,3,18,5,0
1977,3,18,5,0
1978,3,18,5,0
1979,3,18,5,0
1980,3,18,5,0
1981,3,18,5,0
1982,3,18,5,0
1983,3,18,5,0
1984,3,18,5,0
1985,3,18,5,0
1986,3,18,5,0
1987,3,18,5,0
1988,3,18,5,0
1989,3,18,5,0
1990,3,18,5,0
1991,3,18,5,0
1992,3,18,5,0
1993,3,18,5,0
1994,3,18,5,0
1995,3,18,5,0
1996,3,18,5,0
1997,3,18,5,0
1998,3,18,5,0
1999,3,18,5,0
2000,3,18,5,3.13261
2001,3,18,5,0
2002,3,18,5,0
2003,3,18,5,0
2004,3,18,5,0
2005,3,18,5,0
2006,3,18,5,0
2007,3,18,5,0
2008,3,18,5,0
2009,3,18,5,0
2010,3,18,5,0
2011,3,18,5,0
2012,3,18,5,0
2013,3,18,5,0
2014,3,18,5,0
2015,3,18,5,0
2016,3,18,5,0
2017,3,18,5,0
2018,3,18,5,0
2019,3,18,5,0
2020,3,18,5,0
2021,3,18,5,0
2022,3,18,5,0
2023,3,18,5,0
2024,3,18,5,0
1972,3,19,6,4752.13
1973,3,19,6,14629.3
1974,3,19,6,17265.7
1975,3,19,6,9235.78
1976,3,19,6,13681.6
1977,3,19,6,15940.4
1978,3,19,6,25114.5
1979,3,19,6,14963.4
1980,3,19,6,20474
1981,3,19,6,19770.5
1982,3,19,6,4888.59
1983,3,19,6,8081.27
1984,3,19,6,10572.1
1985,3,19,6,10285.5
1986,3,19,6,12645.1
1987,3,19,6,6815.13
1988,3,19,6,10527.7
1989,3,19,6,14024.8
1990,3,19,6,9590.24
1991,3,19,6,17293.2
1992,3,19,6,11999.3
1993,3,19,6,5630.64
1994,3,19,6,5265.8
1995,3,19,6,8477.26
1996,3,19,6,7661.56
1997,3,19,6,4686.17
1998,3,19,6,6453.3
1999,3,19,6,5786.41
2000,3,19,6,0
2001,3,19,6,1995.13
2002,3,19,6,2541.07
2003,3,19,6,2032.97
2004,3,19,6,3180.58
2005,3,19,6,1156.49
2006,3,19,6,1716.87
2007,3,19,6,1113.4
2008,3,19,6,379.057
2009,3,19,6,0
2010,3,19,6,0
2011,3,19,6,327.127
2012,3,19,6,850.716
2013,3,19,6,469.761
2014,3,19,6,45
2015,3,19,6,0
2016,3,19,6,372.174
2017,3,19,6,350.455
2018,3,19,6,358.526
2019,3,19,6,289.44
2020,3,19,6,342.375
2021,3,19,6,292.85
2022,3,19,6,256.4
2023,3,19,6,33.9
2024,3,19,6,29.7
1972,3,20,6,0
1973,3,20,6,0
1974,3,20,6,0
1975,3,20,6,0
1976,3,20,6,254.222
1977,3,20,6,599.498
1978,3,20,6,6.664
1979,3,20,6,0
1980,3,20,6,124.101
1981,3,20,6,1315.6
1982,3,20,6,1517.83
1983,3,20,6,10185.4
1984,3,20,6,8002.84
1985,3,20,6,6352.04
1986,3,20,6,1535.45
1987,3,20,6,4947.6
1988,3,20,6,3862.17
1989,3,20,6,11728.9
1990,3,20,6,12604.4
1991,3,20,6,6416.13
1992,3,20,6,9691.25
1993,3,20,6,3219.74
1994,3,20,6,2213.61
1995,3,20,6,15764.1
1996,3,20,6,8507.17
1997,3,20,6,8063.46
1998,3,20,6,14833
1999,3,20,6,12308.2
2000,3,20,6,8316.37
2001,3,20,6,9158.62
2002,3,20,6,12663
2003,3,20,6,11879
2004,3,20,6,18361.5
2005,3,20,6,12447.1
2006,3,20,6,12231
2007,3,20,6,21133.7
2008,3,20,6,30609.7
2009,3,20,6,15063.7
2010,3,20,6,6465.25
2011,3,20,6,13980.8
2012,3,20,6,13906.5
2013,3,20,6,15117.9
2014,3,20,6,10106.7
2015,3,20,6,10339.7
2016,3,20,6,5798.04
2017,3,20,6,7468.5
2018,3,20,6,5213.52
2019,3,20,6,5176.42
2020,3,20,6,5649.28
2021,3,20,6,6693.76
2022,3,20,6,4460.48
2023,3,20,6,4647.51
2024,3,20,6,7203.97
1972,3,21,6,0
1973,3,21,6,0
1974,3,21,6,74.81
1975,3,21,6,107.776
1976,3,21,6,0
1977,3,21,6,64.898
1978,3,21,6,0
1979,3,21,6,0
1980,3,21,6,17.582
1981,3,21,6,68.539
1982,3,21,6,686.8
1983,3,21,6,1662.26
1984,3,21,6,4970.51
1985,3,21,6,1368.84
1986,3,21,6,19.437
1987,3,21,6,227.118
1988,3,21,6,1157.24
1989,3,21,6,11863
1990,3,21,6,5235.91
1991,3,21,6,3839.84
1992,3,21,6,835.616
1993,3,21,6,774.764
1994,3,21,6,488.639
1995,3,21,6,11209.5
1996,3,21,6,1520.77
1997,3,21,6,311.878
1998,3,21,6,478.354
1999,3,21,6,1355.64
2000,3,21,6,9796.21
2001,3,21,6,3071.43
2002,3,21,6,417.17
2003,3,21,6,11125.8
2004,3,21,6,9710.62
2005,3,21,6,8007.24
2006,3,21,6,1776.14
2007,3,21,6,11612.1
2008,3,21,6,7288.18
2009,3,21,6,8153.57
2010,3,21,6,36911.5
2011,3,21,6,28956.6
2012,3,21,6,42949
2013,3,21,6,38985.6
2014,3,21,6,35542.9
2015,3,21,6,4537.37
2016,3,21,6,21475.3
2017,3,21,6,22735.7
2018,3,21,6,11924.2
2019,3,21,6,16814.5
2020,3,21,6,74344.2
2021,3,21,6,16612.8
2022,3,21,6,53494
2023,3,21,6,25072.3
2024,3,21,6,64676.3
1972,3,22,6,0
1973,3,22,6,0
1974,3,22,6,0
1975,3,22,6,0
1976,3,22,6,0
1977,3,22,6,0
1978,3,22,6,0
1979,3,22,6,0
1980,3,22,6,0
1981,3,22,6,0
1982,3,22,6,0
1983,3,22,6,0
1984,3,22,6,0
1985,3,22,6,0
1986,3,22,6,0
1987,3,22,6,0
1988,3,22,6,0
1989,3,22,6,0
1990,3,22,6,0
1991,3,22,6,0
1992,3,22,6,0
1993,3,22,6,0
1994,3,22,6,0
1995,3,22,6,0
1996,3,22,6,0
1997,3,22,6,0
1998,3,22,6,0
1999,3,22,6,0
2000,3,22,6,2.90658
2001,3,22,6,0
2002,3,22,6,0
2003,3,22,6,0
2004,3,22,6,0
2005,3,22,6,0
2006,3,22,6,0
2007,3,22,6,0
2008,3,22,6,0
2009,3,22,6,0
2010,3,22,6,0
2011,3,22,6,0
2012,3,22,6,0
2013,3,22,6,0
2014,3,22,6,0
2015,3,22,6,0
2016,3,22,6,0
2017,3,22,6,0
2018,3,22,6,0
2019,3,22,6,0
2020,3,22,6,0
2021,3,22,6,0
2022,3,22,6,0
2023,3,22,6,0
2024,3,22,6,0
1972,3,23,4,3760.5
1973,3,23,4,10441.7
1974,3,23,4,3680.9
1975,3,23,4,15086.1
1976,3,23,4,7021.8
1977,3,23,4,17473
1978,3,23,4,4431.5
1979,3,23,4,5876.5
1980,3,23,4,3911.6
1981,3,23,4,5898.7
1982,3,23,4,4684.9
1983,3,23,4,5443.6
1984,3,23,4,3213.5
1985,3,23,4,26104.5
1986,3,23,4,1238.8
1987,3,23,4,26379.7
1988,3,23,4,3557.2
1989,3,23,4,4407.9
1990,3,23,4,5116.5
1991,3,23,4,1944.5
1992,3,23,4,4464.9
1993,3,23,4,27.2
1994,3,23,4,550.8
1995,3,23,4,45
1996,3,23,4,9175.5
1997,3,23,4,38.3
1998,3,23,4,69.5
1999,3,23,4,0
2000,3,23,4,37.5
2001,3,23,4,19
2002,3,23,4,25.4
2003,3,23,4,0
2004,3,23,4,17483.4
2005,3,23,4,0
2006,3,23,4,1620.6
2007,3,23,4,5116
2008,3,23,4,352.1
2009,3,23,4,1791
2010,3,23,4,0
2011,3,23,4,39.1
2012,3,23,4,36
2013,3,23,4,32.9
2014,3,23,4,4060.9
2015,3,23,4,160.6
2016,3,23,4,640.7
2017,3,23,4,1253.4
2018,3,23,4,119.4
2019,3,23,4,0
2020,3,23,4,1034.6
2021,3,23,4,0
2022,3,23,4,5456.5
2023,3,23,4,3065
2024,3,23,4,20
1972,3,24,4,0
1973,3,24,4,0
1974,3,24,4,0
1975,3,24,4,0
1976,3,24,4,0
1977,3,24,4,0
1978,3,24,4,0
1979,3,24,4,0
1980,3,24,4,0
1981,3,24,4,0
1982,3,24,4,0
1983,3,24,4,0
1984,3,24,4,0
1985,3,24,4,0
1986,3,24,4,0
1987,3,24,4,0
1988,3,24,4,0
1989,3,24,4,0
1990,3,24,4,0
1991,3,24,4,0
1992,3,24,4,0
1993,3,24,4,0
1994,3,24,4,0
1995,3,24,4,0
1996,3,24,4,0
1997,3,24,4,0
1998,3,24,4,0
1999,3,24,4,0
2000,3,24,4,4.09472
2001,3,24,4,0
2002,3,24,4,0
2003,3,24,4,0
2004,3,24,4,0
2005,3,24,4,0
2006,3,24,4,0
2007,3,24,4,0
2008,3,24,4,0
2009,3,24,4,0
2010,3,24,4,0
2011,3,24,4,0
2012,3,24,4,0
2013,3,24,4,0
2014,3,24,4,0
2015,3,24,4,0
2016,3,24,4,0
2017,3,24,4,0
2018,3,24,4,0
2019,3,24,4,0
2020,3,24,4,0
2021,3,24,4,0
2022,3,24,4,0
2023,3,24,4,0
2024,3,24,4,0
1972,3,25,7,2058.5
1973,3,25,7,11709.1
1974,3,25,7,20598.3
1975,3,25,7,6364.6
1976,3,25,7,9583.3
1977,3,25,7,5949.4
1978,3,25,7,2876.2
1979,3,25,7,320.1
1980,3,25,7,1133.8
1981,3,25,7,3104
1982,3,25,7,4445.96
1983,3,25,7,15688.5
1984,3,25,7,8693.45
1985,3,25,7,2525.05
1986,3,25,7,2776.22
1987,3,25,7,1069.5
1988,3,25,7,7890.75
1989,3,25,7,3556.05
1990,3,25,7,295.298
1991,3,25,7,993.011
1992,3,25,7,266.7
1993,3,25,7,185.09
1994,3,25,7,110.27
1995,3,25,7,463.925
1996,3,25,7,165.64
1997,3,25,7,321.46
1998,3,25,7,176.25
1999,3,25,7,269.2
2000,3,25,7,0
2001,3,25,7,0
2002,3,25,7,19.86
2003,3,25,7,1.056
2004,3,25,7,2.995
2005,3,25,7,113.322
2006,3,25,7,190.204
2007,3,25,7,408.778
2008,3,25,7,139.167
2009,3,25,7,47.1
2010,3,25,7,0
2011,3,25,7,5
2012,3,25,7,0
2013,3,25,7,12.172
2014,3,25,7,178.3
2015,3,25,7,0
2016,3,25,7,8.884
2017,3,25,7,0
2018,3,25,7,0
2019,3,25,7,0
2020,3,25,7,0
2021,3,25,7,41.3
2022,3,25,7,1
2023,3,25,7,0
2024,3,25,7,0
1972,3,26,7,0
1973,3,26,7,0
1974,3,26,7,68.112
1975,3,26,7,92.668
1976,3,26,7,1051.17
1977,3,26,7,1362.51
1978,3,26,7,2802.1
1979,3,26,7,2507.35
1980,3,26,7,4997.65
1981,3,26,7,8638.38
1982,3,26,7,15393.3
1983,3,26,7,26105.2
1984,3,26,7,22406.4
1985,3,26,7,23170
1986,3,26,7,25485
1987,3,26,7,18686
1988,3,26,7,36487.3
1989,3,26,7,19994
1990,3,26,7,41990.5
1991,3,26,7,32173
1992,3,26,7,64347.1
1993,3,26,7,30403.8
1994,3,26,7,33508.9
1995,3,26,7,19074.4
1996,3,26,7,25713.4
1997,3,26,7,8700.1
1998,3,26,7,14508.2
1999,3,26,7,46095
2000,3,26,7,42121.8
2001,3,26,7,14565
2002,3,26,7,19142.7
2003,3,26,7,29830.1
2004,3,26,7,75111.1
2005,3,26,7,45379.9
2006,3,26,7,37902
2007,3,26,7,60256.9
2008,3,26,7,34531.2
2009,3,26,7,33105.1
2010,3,26,7,1905.47
2011,3,26,7,4547.18
2012,3,26,7,6098.78
2013,3,26,7,5525.76
2014,3,26,7,4826.28
2015,3,26,7,458.66
2016,3,26,7,7498.96
2017,3,26,7,11234.3
2018,3,26,7,5642.68
2019,3,26,7,2760.32
2020,3,26,7,33184.7
2021,3,26,7,18099.7
2022,3,26,7,38032.5
2023,3,26,7,24586.1
2024,3,26,7,23178.5
1972,3,27,7,0
1973,3,27,7,0
1974,3,27,7,18.689
1975,3,27,7,40.334
1976,3,27,7,33.586
1977,3,27,7,94.511
1978,3,27,7,208.74
1979,3,27,7,592.345
1980,3,27,7,611.52
1981,3,27,7,2256.27
1982,3,27,7,3061.3
1983,3,27,7,6379.72
1984,3,27,7,7693.67
1985,3,27,7,9074.58
1986,3,27,7,13902.3
1987,3,27,7,4946.04
1988,3,27,7,35214.9
1989,3,27,7,8131.95
1990,3,27,7,16275.6
1991,3,27,7,14284.5
1992,3,27,7,47737.8
1993,3,27,7,26062
1994,3,27,7,22204.3
1995,3,27,7,32652.1
1996,3,27,7,22453.1
1997,3,27,7,1681.46
1998,3,27,7,11864
1999,3,27,7,37785
2000,3,27,7,55924.6
2001,3,27,7,13895.6
2002,3,27,7,20781.4
2003,3,27,7,40595.1
2004,3,27,7,33175.4
2005,3,27,7,68498.1
2006,3,27,7,53068.1
2007,3,27,7,78416.6
2008,3,27,7,57931.4
2009,3,27,7,67868.4
2010,3,27,7,160416
2011,3,27,7,76041
2012,3,27,7,56573.7
2013,3,27,7,126954
2014,3,27,7,88305.9
2015,3,27,7,39785.4
2016,3,27,7,58755.5
2017,3,27,7,41760.3
2018,3,27,7,136538
2019,3,27,7,100066
2020,3,27,7,63717
2021,3,27,7,105731
2022,3,27,7,101299
2023,3,27,7,40947.6
2024,3,27,7,228445
1972,3,28,7,0
1973,3,28,7,0
1974,3,28,7,0
1975,3,28,7,0
1976,3,28,7,0
1977,3,28,7,0
1978,3,28,7,0
1979,3,28,7,0
1980,3,28,7,0
1981,3,28,7,0
1982,3,28,7,0
1983,3,28,7,0
1984,3,28,7,0
1985,3,28,7,0
1986,3,28,7,0
1987,3,28,7,0
1988,3,28,7,0
1989,3,28,7,0
1990,3,28,7,0
1991,3,28,7,0
1992,3,28,7,0
1993,3,28,7,0
1994,3,28,7,0
1995,3,28,7,0
1996,3,28,7,0
1997,3,28,7,0
1998,3,28,7,0
1999,3,28,7,0
2000,3,28,7,3.22339
2001,3,28,7,0
2002,3,28,7,0
2003,3,28,7,0
2004,3,28,7,0
2005,3,28,7,0
2006,3,28,7,0
2007,3,28,7,0
2008,3,28,7,0
2009,3,28,7,0
2010,3,28,7,0
2011,3,28,7,0
2012,3,28,7,0
2013,3,28,7,0
2014,3,28,7,0
2015,3,28,7,0
2016,3,28,7,0
2017,3,28,7,0
2018,3,28,7,0
2019,3,28,7,0
2020,3,28,7,0
2021,3,28,7,0
2022,3,28,7,0
2023,3,28,7,0
2024,3,28,7,0
1972,3,29,8,906.3
1973,3,29,8,3244.7
1974,3,29,8,1424.1
1975,3,29,8,9096.8
1976,3,29,8,9917.13
1977,3,29,8,15794.9
1978,3,29,8,8574.4
1979,3,29,8,12308.3
1980,3,29,8,17761
1981,3,29,8,18398.1
1982,3,29,8,13489.6
1983,3,29,8,8259.19
1984,3,29,8,17691
1985,3,29,8,4193.31
1986,3,29,8,17969
1987,3,29,8,228.135
1988,3,29,8,16139.4
1989,3,29,8,5457.04
1990,3,29,8,635.624
1991,3,29,8,10002.5
1992,3,29,8,357.536
1993,3,29,8,127.51
1994,3,29,8,292.814
1995,3,29,8,195.595
1996,3,29,8,575.858
1997,3,29,8,50.546
1998,3,29,8,62.167
1999,3,29,8,66.905
2000,3,29,8,23.354
2001,3,29,8,13.962
2002,3,29,8,38.997
2003,3,29,8,0
2004,3,29,8,0
2005,3,29,8,0
2006,3,29,8,0
2007,3,29,8,0
2008,3,29,8,0
2009,3,29,8,838.166
2010,3,29,8,0
2011,3,29,8,0
2012,3,29,8,0
2013,3,29,8,481.4
2014,3,29,8,363.1
2015,3,29,8,0
2016,3,29,8,0
2017,3,29,8,0
2018,3,29,8,0
2019,3,29,8,0
2020,3,29,8,0
2021,3,29,8,0
2022,3,29,8,0
2023,3,29,8,0
2024,3,29,8,0
1972,3,30,8,0
1973,3,30,8,0
1974,3,30,8,0
1975,3,30,8,0
1976,3,30,8,0
1977,3,30,8,0
1978,3,30,8,0
1979,3,30,8,0
1980,3,30,8,0
1981,3,30,8,0
1982,3,30,8,2689.3
1983,3,30,8,4501.25
1984,3,30,8,2184.34
1985,3,30,8,917.321
1986,3,30,8,1388.27
1987,3,30,8,8027.23
1988,3,30,8,37.232
1989,3,30,8,56.193
1990,3,30,8,3362.52
1991,3,30,8,5247.32
1992,3,30,8,2743.81
1993,3,30,8,15010.6
1994,3,30,8,15957.9
1995,3,30,8,181.936
1996,3,30,8,6839.21
1997,3,30,8,22549
1998,3,30,8,43984.3
1999,3,30,8,56995.4
2000,3,30,8,36467.9
2001,3,30,8,48833.8
2002,3,30,8,33748.9
2003,3,30,8,18257.6
2004,3,30,8,18333
2005,3,30,8,27284.1
2006,3,30,8,63179.7
2007,3,30,8,41512.5
2008,3,30,8,29882.9
2009,3,30,8,28785.9
2010,3,30,8,8.373
2011,3,30,8,384.051
2012,3,30,8,2423.84
2013,3,30,8,1590.17
2014,3,30,8,17506.3
2015,3,30,8,10808.7
2016,3,30,8,10350
2017,3,30,8,27440.7
2018,3,30,8,28947.8
2019,3,30,8,39199.5
2020,3,30,8,26412.6
2021,3,30,8,14086.1
2022,3,30,8,23143.7
2023,3,30,8,50793.5
2024,3,30,8,22716.6
1972,3,31,8,0
1973,3,31,8,0
1974,3,31,8,0
1975,3,31,8,0
1976,3,31,8,0
1977,3,31,8,0
1978,3,31,8,0
1979,3,31,8,0
1980,3,31,8,0
1981,3,31,8,14.745
1982,3,31,8,476.587
1983,3,31,8,1935.56
1984,3,31,8,37.79
1985,3,31,8,2031.14
1986,3,31,8,554.933
1987,3,31,8,3096.66
1988,3,31,8,327.146
1989,3,31,8,17.195
1990,3,31,8,22204.2
1991,3,31,8,75315.6
1992,3,31,8,16282.9
1993,3,31,8,29995.4
1994,3,31,8,55216.9
1995,3,31,8,1027.91
1996,3,31,8,22139.5
1997,3,31,8,78276.8
1998,3,31,8,107479
1999,3,31,8,2668.49
2000,3,31,8,20249.6
2001,3,31,8,63470.9
2002,3,31,8,82140.5
2003,3,31,8,1726.41
2004,3,31,8,3821.58
2005,3,31,8,32839.8
2006,3,31,8,39104.8
2007,3,31,8,31351.1
2008,3,31,8,48811.7
2009,3,31,8,112507
2010,3,31,8,35894.2
2011,3,31,8,16878.9
2012,3,31,8,120138
2013,3,31,8,52742.5
2014,3,31,8,125630
2015,3,31,8,166232
2016,3,31,8,186212
2017,3,31,8,62502.2
2018,3,31,8,55409.8
2019,3,31,8,170536
2020,3,31,8,83322.9
2021,3,31,8,54642.2
2022,3,31,8,14210.2
2023,3,31,8,93664.1
2024,3,31,8,11860.9
1972,3,32,8,0
1973,3,32,8,0
1974,3,32,8,0
1975,3,32,8,0
1976,3,32,8,0
1977,3,32,8,0
1978,3,32,8,0
1979,3,32,8,0
1980,3,32,8,0
1981,3,32,8,0
1982,3,32,8,0
1983,3,32,8,0
1984,3,32,8,0
1985,3,32,8,0
1986,3,32,8,0
1987,3,32,8,0
1988,3,32,8,0
1989,3,32,8,0
1990,3,32,8,0
1991,3,32,8,0
1992,3,32,8,0
1993,3,32,8,0
1994,3,32,8,0
1995,3,32,8,0
1996,3,32,8,0
1997,3,32,8,0
1998,3,32,8,0
1999,3,32,8,0
2000,3,32,8,3.84054
2001,3,32,8,0
2002,3,32,8,0
2003,3,32,8,0
2004,3,32,8,0
2005,3,32,8,0
2006,3,32,8,0
2007,3,32,8,0
2008,3,32,8,0
2009,3,32,8,0
2010,3,32,8,0
2011,3,32,8,0
2012,3,32,8,0
2013,3,32,8,0
2014,3,32,8,0
2015,3,32,8,0
2016,3,32,8,0
2017,3,32,8,0
2018,3,32,8,0
2019,3,32,8,0
2020,3,32,8,0
2021,3,32,8,0
2022,3,32,8,0
2023,3,32,8,0
2024,3,32,8,0
1972,3,33,1,1.49741e-05
1973,3,33,1,1.05909e-05
1974,3,33,1,1.06822e-05
1975,3,33,1,9.6083e-06
1976,3,33,1,1.03973e-05
1977,3,33,1,9.42794e-06
1978,3,33,1,1.13488e-05
1979,3,33,1,1.00449e-05
1980,3,33,1,9.26205e-06
1981,3,33,1,8.75295e-06
1982,3,33,1,8.7987e-06
1983,3,33,1,1.0261e-05
1984,3,33,1,9.21352e-06
1985,3,33,1,5.44067e-06
1986,3,33,1,1.05804e-05
1987,3,33,1,9.90063e-06
1988,3,33,1,9.18345e-06
1989,3,33,1,8.56921e-06
1990,3,33,1,7.43088e-06
1991,3,33,1,7.28069e-06
1992,3,33,1,5.98197e-06
1993,3,33,1,6.421e-06
1994,3,33,1,7.19201e-06
1995,3,33,1,9.8797e-06
1996,3,33,1,4.93263e-06
1997,3,33,1,6.91256e-06
1998,3,33,1,7.0791e-06
1999,3,33,1,5.8782e-06
2000,3,33,1,7.41222e-06
2001,3,33,1,4.88394e-06
2002,3,33,1,6.03392e-06
2003,3,33,1,4.99597e-06
2004,3,33,1,4.30436e-06
2005,3,33,1,5.74511e-06
2006,3,33,1,4.26096e-06
2007,3,33,1,4.28462e-06
2008,3,33,1,4.36332e-06
2009,3,33,1,2.86101e-06
2010,3,33,1,3.82258e-06
2011,3,33,1,3.67722e-06
2012,3,33,1,2.98348e-06
2013,3,33,1,3.44756e-06
2014,3,33,1,3.29735e-06
2015,3,33,1,2.7777e-06
2016,3,33,1,2.74519e-06
2017,3,33,1,3.00144e-06
2018,3,33,1,3.57643e-06
2019,3,33,1,3.45787e-06
2020,3,33,1,1.9367e-06
2021,3,33,1,2.99945e-06
2022,3,33,1,1.91219e-06
2023,3,33,1,3.21878e-06
2024,3,33,1,0
1972,3,34,2,1.81504e-05
1973,3,34,2,1.73161e-05
1974,3,34,2,1.86366e-05
1975,3,34,2,1.48832e-05
1976,3,34,2,1.33988e-05
1977,3,34,2,1.01799e-05
1978,3,34,2,1.38099e-05
1979,3,34,2,1.18673e-05
1980,3,34,2,9.82075e-06
1981,3,34,2,9.44008e-06
1982,3,34,2,8.42658e-06
1983,3,34,2,1.14183e-05
1984,3,34,2,1.36508e-05
1985,3,34,2,7.6518e-06
1986,3,34,2,1.59713e-05
1987,3,34,2,1.34711e-05
1988,3,34,2,1.24799e-05
1989,3,34,2,8.9927e-06
1990,3,34,2,9.49265e-06
1991,3,34,2,1.21086e-05
1992,3,34,2,1.0374e-05
1993,3,34,2,1.08827e-05
1994,3,34,2,7.87422e-06
1995,3,34,2,1.04787e-05
1996,3,34,2,8.03803e-06
1997,3,34,2,1.06676e-05
1998,3,34,2,8.28586e-06
1999,3,34,2,9.36319e-06
2000,3,34,2,8.28571e-06
2001,3,34,2,8.0222e-06
2002,3,34,2,7.11762e-06
2003,3,34,2,8.31612e-06
2004,3,34,2,6.01863e-06
2005,3,34,2,8.61352e-06
2006,3,34,2,5.60852e-06
2007,3,34,2,5.43901e-06
2008,3,34,2,5.72893e-06
2009,3,34,2,3.73756e-06
2010,3,34,2,5.53771e-06
2011,3,34,2,5.44325e-06
2012,3,34,2,4.88936e-06
2013,3,34,2,5.77698e-06
2014,3,34,2,4.26445e-06
2015,3,34,2,3.81313e-06
2016,3,34,2,3.54779e-06
2017,3,34,2,3.40963e-06
2018,3,34,2,4.70215e-06
2019,3,34,2,6.7416e-06
2020,3,34,2,2.639e-06
2021,3,34,2,5.70203e-06
2022,3,34,2,2.99035e-06
2023,3,34,2,5.12639e-06
2024,3,34,2,0
1972,3,35,3,2.93765e-05
1973,3,35,3,3.0225e-05
1974,3,35,3,4.087e-05
1975,3,35,3,3.03121e-05
1976,3,35,3,3.47042e-05
1977,3,35,3,3.29283e-05
1978,3,35,3,3.90549e-05
1979,3,35,3,3.00906e-05
1980,3,35,3,3.34283e-05
1981,3,35,3,3.12487e-05
1982,3,35,3,2.79773e-05
1983,3,35,3,3.11341e-05
1984,3,35,3,3.1712e-05
1985,3,35,3,2.32094e-05
1986,3,35,3,3.00394e-05
1987,3,35,3,2.53388e-05
1988,3,35,3,2.53967e-05
1989,3,35,3,3.48272e-05
1990,3,35,3,1.9641e-05
1991,3,35,3,1.79726e-05
1992,3,35,3,1.59734e-05
1993,3,35,3,1.71667e-05
1994,3,35,3,1.7894e-05
1995,3,35,3,1.71556e-05
1996,3,35,3,1.69169e-05
1997,3,35,3,2.16539e-05
1998,3,35,3,2.19292e-05
1999,3,35,3,1.8898e-05
2000,3,35,3,2.92169e-05
2001,3,35,3,1.79506e-05
2002,3,35,3,2.53468e-05
2003,3,35,3,1.9652e-05
2004,3,35,3,1.84161e-05
2005,3,35,3,2.01937e-05
2006,3,35,3,1.66628e-05
2007,3,35,3,1.89241e-05
2008,3,35,3,1.463e-05
2009,3,35,3,1.36554e-05
2010,3,35,3,1.32655e-05
2011,3,35,3,1.41786e-05
2012,3,35,3,1.167e-05
2013,3,35,3,1.46905e-05
2014,3,35,3,1.36775e-05
2015,3,35,3,1.05486e-05
2016,3,35,3,9.11461e-06
2017,3,35,3,1.06111e-05
2018,3,35,3,1.24978e-05
2019,3,35,3,1.01685e-05
2020,3,35,3,7.72366e-06
2021,3,35,3,1.0264e-05
2022,3,35,3,9.33499e-06
2023,3,35,3,1.15883e-05
2024,3,35,3,0
1972,3,36,4,0.000162488
1973,3,36,4,0.000166578
1974,3,36,4,0.00017864
1975,3,36,4,0.000135663
1976,3,36,4,9.64879e-05
1977,3,36,4,0.000101416
1978,3,36,4,0.000140326
1979,3,36,4,9.29459e-05
1980,3,36,4,9.04245e-05
1981,3,36,4,8.41448e-05
1982,3,36,4,7.04243e-05
1983,3,36,4,8.90237e-05
1984,3,36,4,0.000119682
1985,3,36,4,8.47544e-05
1986,3,36,4,0.000153044
1987,3,36,4,0.000120479
1988,3,36,4,0.00012494
1989,3,36,4,0.000101328
1990,3,36,4,7.98329e-05
1991,3,36,4,0.000100199
1992,3,36,4,8.95339e-05
1993,3,36,4,0.000109506
1994,3,36,4,7.31099e-05
1995,3,36,4,7.72016e-05
1996,3,36,4,8.5646e-05
1997,3,36,4,0.000113878
1998,3,36,4,9.06356e-05
1999,3,36,4,0.000100658
2000,3,36,4,7.04449e-05
2001,3,36,4,9.46839e-05
2002,3,36,4,8.28085e-05
2003,3,36,4,0.000102956
2004,3,36,4,7.36174e-05
2005,3,36,4,0.000110841
2006,3,36,4,8.56415e-05
2007,3,36,4,7.28363e-05
2008,3,36,4,7.43786e-05
2009,3,36,4,4.63617e-05
2010,3,36,4,6.91526e-05
2011,3,36,4,6.48196e-05
2012,3,36,4,5.42118e-05
2013,3,36,4,7.94082e-05
2014,3,36,4,5.83339e-05
2015,3,36,4,5.27438e-05
2016,3,36,4,4.29459e-05
2017,3,36,4,3.6363e-05
2018,3,36,4,4.86086e-05
2019,3,36,4,7.9356e-05
2020,3,36,4,4.19792e-05
2021,3,36,4,8.01023e-05
2022,3,36,4,4.33957e-05
2023,3,36,4,6.83107e-05
2024,3,36,4,0
1972,3,37,5,0
1973,3,37,5,0
1974,3,37,5,0
1975,3,37,5,0
1976,3,37,5,0
1977,3,37,5,0
1978,3,37,5,0
1979,3,37,5,0
1980,3,37,5,0
1981,3,37,5,0
1982,3,37,5,0
1983,3,37,5,0
1984,3,37,5,0
1985,3,37,5,0
1986,3,37,5,0
1987,3,37,5,0
1988,3,37,5,0
1989,3,37,5,0
1990,3,37,5,0
1991,3,37,5,0
1992,3,37,5,0
1993,3,37,5,0
1994,3,37,5,0
1995,3,37,5,0
1996,3,37,5,0
1997,3,37,5,0
1998,3,37,5,0
1999,3,37,5,0
2000,3,37,5,0
2001,3,37,5,0
2002,3,37,5,0
2003,3,37,5,0
2004,3,37,5,0
2005,3,37,5,0.000110556
2006,3,37,5,0.000121903
2007,3,37,5,0.000109968
2008,3,37,5,9.75524e-05
2009,3,37,5,0.000113196
2010,3,37,5,9.01874e-05
2011,3,37,5,7.19839e-05
2012,3,37,5,0.000104392
2013,3,37,5,9.71472e-05
2014,3,37,5,8.80729e-05
2015,3,37,5,5.63859e-05
2016,3,37,5,4.4965e-05
2017,3,37,5,4.95918e-05
2018,3,37,5,4.20555e-05
2019,3,37,5,2.36106e-05
2020,3,37,5,4.32098e-05
2021,3,37,5,2.19584e-05
2022,3,37,5,2.981e-05
2023,3,37,5,3.63175e-05
2024,3,37,5,3.90641e-05
1972,3,38,7,0.000110203
1973,3,38,7,0.00010616
1974,3,38,7,0.000103673
1975,3,38,7,7.11728e-05
1976,3,38,7,9.87658e-05
1977,3,38,7,8.56883e-05
1978,3,38,7,0.000102599
1979,3,38,7,8.15658e-05
1980,3,38,7,7.90773e-05
1981,3,38,7,7.11079e-05
1982,3,38,7,7.56758e-05
1983,3,38,7,8.53012e-05
1984,3,38,7,9.50588e-05
1985,3,38,7,7.30515e-05
1986,3,38,7,8.47357e-05
1987,3,38,7,6.68334e-05
1988,3,38,7,9.83284e-05
1989,3,38,7,5.58319e-05
1990,3,38,7,3.34646e-05
1991,3,38,7,3.25747e-05
1992,3,38,7,3.53457e-05
1993,3,38,7,4.33951e-05
1994,3,38,7,5.25494e-05
1995,3,38,7,4.68158e-05
1996,3,38,7,4.54515e-05
1997,3,38,7,4.4596e-05
1998,3,38,7,4.9843e-05
1999,3,38,7,4.73445e-05
2000,3,38,7,4.55584e-05
2001,3,38,7,4.43389e-05
2002,3,38,7,4.31776e-05
2003,3,38,7,3.82248e-05
2004,3,38,7,3.76514e-05
2005,3,38,7,3.84906e-05
2006,3,38,7,5.01216e-05
2007,3,38,7,7.19762e-05
2008,3,38,7,4.97567e-05
2009,3,38,7,3.53096e-05
2010,3,38,7,0
2011,3,38,7,0
2012,3,38,7,0
2013,3,38,7,0
2014,3,38,7,0
2015,3,38,7,0
2016,3,38,7,0
2017,3,38,7,0
2018,3,38,7,0
2019,3,38,7,0
2020,3,38,7,0
2021,3,38,7,0
2022,3,38,7,0
2023,3,38,7,0
2024,3,38,7,0
1972,3,39,8,0
1973,3,39,8,0
1974,3,39,8,0
1975,3,39,8,0.00233336
1976,3,39,8,0.00310111
1977,3,39,8,0.00265355
1978,3,39,8,0.00322275
1979,3,39,8,0.00252368
1980,3,39,8,0.00272033
1981,3,39,8,0.00233878
1982,3,39,8,0.00221499
1983,3,39,8,0.00253949
1984,3,39,8,0.00290686
1985,3,39,8,0.00207601
1986,3,39,8,0.0025491
1987,3,39,8,0.00233943
1988,3,39,8,0.00225626
1989,3,39,8,0.00147028
1990,3,39,8,0.00126717
1991,3,39,8,0.00215776
1992,3,39,8,0.00112188
1993,3,39,8,0.000733236
1994,3,39,8,0.00126279
1995,3,39,8,0.00246306
1996,3,39,8,0.00165628
1997,3,39,8,0.0010937
1998,3,39,8,0
1999,3,39,8,0
2000,3,39,8,0
2001,3,39,8,0
2002,3,39,8,0
2003,3,39,8,0
2004,3,39,8,0
2005,3,39,8,0
2006,3,39,8,0
2007,3,39,8,0
2008,3,39,8,0
2009,3,39,8,0
2010,3,39,8,0
2011,3,39,8,0
2012,3,39,8,0
2013,3,39,8,0
2014,3,39,8,0
2015,3,39,8,0
2016,3,39,8,0
2017,3,39,8,0
2018,3,39,8,0
2019,3,39,8,0
2020,3,39,8,0
2021,3,39,8,0
2022,3,39,8,0
2023,3,39,8,0
2024,3,39,8,0
1972,3,40,6,0
1973,3,40,6,0
1974,3,40,6,0
1975,3,40,6,0
1976,3,40,6,0
1977,3,40,6,0
1978,3,40,6,0
1979,3,40,6,0
1980,3,40,6,0
1981,3,40,6,0
1982,3,40,6,0
1983,3,40,6,0
1984,3,40,6,0
1985,3,40,6,0
1986,3,40,6,0
1987,3,40,6,0
1988,3,40,6,0
1989,3,40,6,0
1990,3,40,6,0
1991,3,40,6,0
1992,3,40,6,0
1993,3,40,6,0
1994,3,40,6,0
1995,3,40,6,0
1996,3,40,6,0
1997,3,40,6,0
1998,3,40,6,0
1999,3,40,6,0
2000,3,40,6,0
2001,3,40,6,0
2002,3,40,6,0
2003,3,40,6,0
2004,3,40,6,0
2005,3,40,6,0
2006,3,40,6,0
2007,3,40,6,0
2008,3,40,6,0
2009,3,40,6,0
2010,3,40,6,4.37031e-05
2011,3,40,6,2.95068e-05
2012,3,40,6,2.70728e-05
2013,3,40,6,3.03722e-05
2014,3,40,6,7.10231e-05
2015,3,40,6,5.05191e-05
2016,3,40,6,3.74713e-05
2017,3,40,6,4.03512e-05
2018,3,40,6,6.10424e-05
2019,3,40,6,4.6315e-05
2020,3,40,6,2.60218e-05
2021,3,40,6,4.39519e-05
2022,3,40,6,2.4709e-05
2023,3,40,6,2.92887e-05
2024,3,40,6,2.52779e-05
1972,3,41,7,0
1973,3,41,7,0
1974,3,41,7,0
1975,3,41,7,0
1976,3,41,7,0
1977,3,41,7,0
1978,3,41,7,0
1979,3,41,7,0
1980,3,41,7,0
1981,3,41,7,0
1982,3,41,7,0
1983,3,41,7,0
1984,3,41,7,0
1985,3,41,7,0
1986,3,41,7,0
1987,3,41,7,0
1988,3,41,7,0
1989,3,41,7,0
1990,3,41,7,0
1991,3,41,7,0
1992,3,41,7,0
1993,3,41,7,0
1994,3,41,7,0
1995,3,41,7,0
1996,3,41,7,0
1997,3,41,7,0
1998,3,41,7,0
1999,3,41,7,0
2000,3,41,7,0
2001,3,41,7,0
2002,3,41,7,0
2003,3,41,7,0
2004,3,41,7,0
2005,3,41,7,0
2006,3,41,7,0
2007,3,41,7,0
2008,3,41,7,0
2009,3,41,7,0
2010,3,41,7,0.000441241
2011,3,41,7,0.000396082
2012,3,41,7,0.000462825
2013,3,41,7,0.000407927
2014,3,41,7,0.000699716
2015,3,41,7,0.000713275
2016,3,41,7,0.000482309
2017,3,41,7,0.000361707
2018,3,41,7,0.00051015
2019,3,41,7,0.000751472
2020,3,41,7,0.000381758
2021,3,41,7,0.000437485
2022,3,41,7,0.000534461
2023,3,41,7,0.000656926
2024,3,41,7,0.000520886
1972,3,42,8,0
1973,3,42,8,0
1974,3,42,8,0
1975,3,42,8,0
1976,3,42,8,0
1977,3,42,8,0
1978,3,42,8,0
1979,3,42,8,0
1980,3,42,8,0
1981,3,42,8,0
1982,3,42,8,0
1983,3,42,8,0
1984,3,42,8,0
1985,3,42,8,0
1986,3,42,8,0
1987,3,42,8,0
1988,3,42,8,0
1989,3,42,8,0
1990,3,42,8,0
1991,3,42,8,0
1992,3,42,8,0
1993,3,42,8,0
1994,3,42,8,0
1995,3,42,8,0
1996,3,42,8,0
1997,3,42,8,0
1998,3,42,8,0
1999,3,42,8,0
2000,3,42,8,0
2001,3,42,8,0
2002,3,42,8,0
2003,3,42,8,0
2004,3,42,8,0
2005,3,42,8,0
2006,3,42,8,0
2007,3,42,8,0
2008,3,42,8,0
2009,3,42,8,0
2010,3,42,8,0.000459928
2011,3,42,8,0.000509089
2012,3,42,8,0.00041154
2013,3,42,8,0.000513228
2014,3,42,8,0.000528433
2015,3,42,8,0.000662731
2016,3,42,8,0.000583805
2017,3,42,8,0.000420118
2018,3,42,8,0.000544731
2019,3,42,8,0.000687161
2020,3,42,8,0.000506116
2021,3,42,8,0.000721404
2022,3,42,8,0.000583419
2023,3,42,8,0.000537959
2024,3,42,8,0.000475074
1972,4,1,1,1772.34
1973,4,1,1,1484.54
1974,4,1,1,2123.19
1975,4,1,1,1519.51
1976,4,1,1,1681.09
1977,4,1,1,2500
1978,4,1,1,3018.12
1979,4,1,1,2198.91
1980,4,1,1,2181.44
1981,4,1,1,1693.23
1982,4,1,1,2092.9
1983,4,1,1,2075.1
1984,4,1,1,1928.16
1985,4,1,1,1508.13
1986,4,1,1,2478.32
1987,4,1,1,1878.08
1988,4,1,1,1891.14
1989,4,1,1,2238.58
1990,4,1,1,2349.18
1991,4,1,1,1950.16
1992,4,1,1,1991.75
1993,4,1,1,1837.92
1994,4,1,1,1484.07
1995,4,1,1,3355.94
1996,4,1,1,2316.77
1997,4,1,1,2728.75
1998,4,1,1,2905.55
1999,4,1,1,2541.23
2000,4,1,1,4306.59
2001,4,1,1,2411.72
2002,4,1,1,2671.45
2003,4,1,1,3634.97
2004,4,1,1,3769.72
2005,4,1,1,2268.82
2006,4,1,1,1625.04
2007,4,1,1,2001.93
2008,4,1,1,2019.59
2009,4,1,1,2052.87
2010,4,1,1,2008.92
2011,4,1,1,1855.37
2012,4,1,1,2468.52
2013,4,1,1,2062.72
2014,4,1,1,2241.21
2015,4,1,1,1545.09
2016,4,1,1,1733.62
2017,4,1,1,2013.78
2018,4,1,1,2372.55
2019,4,1,1,1630.99
2020,4,1,1,2405.62
2021,4,1,1,3239.98
2022,4,1,1,3280.38
2023,4,1,1,245.8
2024,4,1,1,245.8
1972,4,2,1,655.788
1973,4,2,1,579.243
1974,4,2,1,365.7
1975,4,2,1,106.017
1976,4,2,1,229.785
1977,4,2,1,95.736
1978,4,2,1,469.2
1979,4,2,1,50.742
1980,4,2,1,211.239
1981,4,2,1,220.944
1982,4,2,1,208.008
1983,4,2,1,178.467
1984,4,2,1,936.459
1985,4,2,1,793.5
1986,4,2,1,1115.5
1987,4,2,1,724.5
1988,4,2,1,1930.78
1989,4,2,1,916.286
1990,4,2,1,753.033
1991,4,2,1,1214.76
1992,4,2,1,369.507
1993,4,2,1,1209.44
1994,4,2,1,1033.78
1995,4,2,1,1532.81
1996,4,2,1,3.45
1997,4,2,1,667.438
1998,4,2,1,715.997
1999,4,2,1,151.588
2000,4,2,1,678.794
2001,4,2,1,368.567
2002,4,2,1,429.231
2003,4,2,1,617.935
2004,4,2,1,284.268
2005,4,2,1,112.963
2006,4,2,1,383.317
2007,4,2,1,706.853
2008,4,2,1,229.3
2009,4,2,1,151.526
2010,4,2,1,653.957
2011,4,2,1,168.874
2012,4,2,1,219.824
2013,4,2,1,59.533
2014,4,2,1,34.84
2015,4,2,1,41.428
2016,4,2,1,18.255
2017,4,2,1,183.32
2018,4,2,1,296.332
2019,4,2,1,30.312
2020,4,2,1,51.432
2021,4,2,1,118.236
2022,4,2,1,124.736
2023,4,2,1,14.704
2024,4,2,1,134.036
1972,4,3,1,0
1973,4,3,1,0
1974,4,3,1,0
1975,4,3,1,0
1976,4,3,1,0
1977,4,3,1,0
1978,4,3,1,0
1979,4,3,1,0
1980,4,3,1,0
1981,4,3,1,0
1982,4,3,1,0
1983,4,3,1,0
1984,4,3,1,0
1985,4,3,1,0
1986,4,3,1,0
1987,4,3,1,0
1988,4,3,1,0
1989,4,3,1,0
1990,4,3,1,0
1991,4,3,1,0
1992,4,3,1,0
1993,4,3,1,0
1994,4,3,1,0
1995,4,3,1,0
1996,4,3,1,0
1997,4,3,1,0
1998,4,3,1,0
1999,4,3,1,0
2000,4,3,1,0
2001,4,3,1,0
2002,4,3,1,0
2003,4,3,1,0
2004,4,3,1,0
2005,4,3,1,0
2006,4,3,1,0
2007,4,3,1,0
2008,4,3,1,0
2009,4,3,1,0
2010,4,3,1,0
2011,4,3,1,0
2012,4,3,1,0
2013,4,3,1,0
2014,4,3,1,0
2015,4,3,1,0
2016,4,3,1,0
2017,4,3,1,0
2018,4,3,1,0
2019,4,3,1,0
2020,4,3,1,0
2021,4,3,1,0
2022,4,3,1,0
2023,4,3,1,0
2024,4,3,1,0
1972,4,4,2,1518.6
1973,4,4,2,3563.5
1974,4,4,2,2962.3
1975,4,4,2,1858.7
1976,4,4,2,1489
1977,4,4,2,1311.6
1978,4,4,2,1786.9
1979,4,4,2,3260.8
1980,4,4,2,5288.6
1981,4,4,2,2221.7
1982,4,4,2,4109.8
1983,4,4,2,5583.9
1984,4,4,2,13680.2
1985,4,4,2,2669.8
1986,4,4,2,9039.5
1987,4,4,2,6842.9
1988,4,4,2,3310
1989,4,4,2,6488.8
1990,4,4,2,3350.7
1991,4,4,2,10341.7
1992,4,4,2,8078.6
1993,4,4,2,14274.3
1994,4,4,2,12495.9
1995,4,4,2,11094.7
1996,4,4,2,2269.4
1997,4,4,2,18936.6
1998,4,4,2,17582
1999,4,4,2,11859.3
2000,4,4,2,24727.4
2001,4,4,2,8187
2002,4,4,2,5537.4
2003,4,4,2,7420.1
2004,4,4,2,2535.8
2005,4,4,2,15468.9
2006,4,4,2,5801
2007,4,4,2,4867.1
2008,4,4,2,8269.1
2009,4,4,2,2874.9
2010,4,4,2,11637.3
2011,4,4,2,6435.5
2012,4,4,2,4724.5
2013,4,4,2,4019.6
2014,4,4,2,1097.5
2015,4,4,2,1462
2016,4,4,2,2617.1
2017,4,4,2,703
2018,4,4,2,1684.1
2019,4,4,2,5597.9
2020,4,4,2,2428.2
2021,4,4,2,5646.6
2022,4,4,2,421.4
2023,4,4,2,4173.9
2024,4,4,2,10577
1972,4,5,2,0
1973,4,5,2,8.7
1974,4,5,2,0
1975,4,5,2,0
1976,4,5,2,0
1977,4,5,2,0
1978,4,5,2,0
1979,4,5,2,0
1980,4,5,2,0
1981,4,5,2,0
1982,4,5,2,0
1983,4,5,2,0
1984,4,5,2,0
1985,4,5,2,0
1986,4,5,2,0
1987,4,5,2,1130.2
1988,4,5,2,0
1989,4,5,2,0
1990,4,5,2,15.9
1991,4,5,2,27
1992,4,5,2,1922.9
1993,4,5,2,1101.2
1994,4,5,2,618.7
1995,4,5,2,467
1996,4,5,2,0
1997,4,5,2,5.1
1998,4,5,2,2463.1
1999,4,5,2,2080.7
2000,4,5,2,2460
2001,4,5,2,33
2002,4,5,2,38
2003,4,5,2,3245.1
2004,4,5,2,0
2005,4,5,2,2002.7
2006,4,5,2,15
2007,4,5,2,0
2008,4,5,2,0
2009,4,5,2,0
2010,4,5,2,0
2011,4,5,2,242.902
2012,4,5,2,11.6
2013,4,5,2,0
2014,4,5,2,0
2015,4,5,2,0
2016,4,5,2,0
2017,4,5,2,0
2018,4,5,2,17.2
2019,4,5,2,178.6
2020,4,5,2,357.2
2021,4,5,2,1902
2022,4,5,2,0
2023,4,5,2,108.5
2024,4,5,2,2
1972,4,6,2,0
1973,4,6,2,0
1974,4,6,2,0
1975,4,6,2,0
1976,4,6,2,0
1977,4,6,2,0
1978,4,6,2,0
1979,4,6,2,0
1980,4,6,2,0
1981,4,6,2,0
1982,4,6,2,0
1983,4,6,2,0
1984,4,6,2,0
1985,4,6,2,0
1986,4,6,2,0
1987,4,6,2,0
1988,4,6,2,0
1989,4,6,2,0
1990,4,6,2,0
1991,4,6,2,0
1992,4,6,2,0
1993,4,6,2,0
1994,4,6,2,0
1995,4,6,2,0
1996,4,6,2,0
1997,4,6,2,0
1998,4,6,2,0
1999,4,6,2,0
2000,4,6,2,0
2001,4,6,2,0
2002,4,6,2,0
2003,4,6,2,0
2004,4,6,2,0
2005,4,6,2,0
2006,4,6,2,0
2007,4,6,2,0
2008,4,6,2,0
2009,4,6,2,0
2010,4,6,2,0
2011,4,6,2,0
2012,4,6,2,0
2013,4,6,2,0
2014,4,6,2,0
2015,4,6,2,0
2016,4,6,2,0
2017,4,6,2,0
2018,4,6,2,0
2019,4,6,2,0
2020,4,6,2,0
2021,4,6,2,0
2022,4,6,2,0
2023,4,6,2,0
2024,4,6,2,0
1972,4,7,3,3545.18
1973,4,7,3,4222.05
1974,4,7,3,6508.55
1975,4,7,3,3602.93
1976,4,7,3,6900.65
1977,4,7,3,5645.95
1978,4,7,3,3207.08
1979,4,7,3,5177.93
1980,4,7,3,5023.8
1981,4,7,3,7417.38
1982,4,7,3,10532.8
1983,4,7,3,4877.05
1984,4,7,3,3681.58
1985,4,7,3,3843.63
1986,4,7,3,4943.4
1987,4,7,3,5628.28
1988,4,7,3,5856.35
1989,4,7,3,2429.18
1990,4,7,3,2862.13
1991,4,7,3,1856.9
1992,4,7,3,1461.95
1993,4,7,3,2364.2
1994,4,7,3,1241.33
1995,4,7,3,1549.65
1996,4,7,3,1620.98
1997,4,7,3,1899.83
1998,4,7,3,1551.58
1999,4,7,3,1676.88
2000,4,7,3,2131.75
2001,4,7,3,1565.05
2002,4,7,3,1302.08
2003,4,7,3,2056.78
2004,4,7,3,2141.3
2005,4,7,3,1316.98
2006,4,7,3,1170.93
2007,4,7,3,1481.95
2008,4,7,3,3251.63
2009,4,7,3,2147.95
2010,4,7,3,1099.48
2011,4,7,3,1139.53
2012,4,7,3,1396.03
2013,4,7,3,1239.93
2014,4,7,3,1458.43
2015,4,7,3,4869.93
2016,4,7,3,1401.4
2017,4,7,3,1317.8
2018,4,7,3,1984.4
2019,4,7,3,931.35
2020,4,7,3,74.2
2021,4,7,3,76.2
2022,4,7,3,1131.6
2023,4,7,3,209.6
2024,4,7,3,2669.7
1972,4,8,3,0
1973,4,8,3,34.287
1974,4,8,3,0
1975,4,8,3,0
1976,4,8,3,0
1977,4,8,3,5.712
1978,4,8,3,0
1979,4,8,3,0
1980,4,8,3,0
1981,4,8,3,0
1982,4,8,3,3.479
1983,4,8,3,8.686
1984,4,8,3,0
1985,4,8,3,0
1986,4,8,3,199.651
1987,4,8,3,36.592
1988,4,8,3,208.304
1989,4,8,3,161.739
1990,4,8,3,0
1991,4,8,3,33.076
1992,4,8,3,19.608
1993,4,8,3,88.565
1994,4,8,3,2.6
1995,4,8,3,15.561
1996,4,8,3,17796
1997,4,8,3,0
1998,4,8,3,9.222
1999,4,8,3,2.4
2000,4,8,3,2.001
2001,4,8,3,7.2
2002,4,8,3,8.2
2003,4,8,3,0.1
2004,4,8,3,330.926
2005,4,8,3,0.4
2006,4,8,3,74.408
2007,4,8,3,2.998
2008,4,8,3,8.301
2009,4,8,3,0.6
2010,4,8,3,0
2011,4,8,3,1.098
2012,4,8,3,20.552
2013,4,8,3,0.199
2014,4,8,3,0
2015,4,8,3,24.691
2016,4,8,3,1.399
2017,4,8,3,204.81
2018,4,8,3,0
2019,4,8,3,0
2020,4,8,3,15.356
2021,4,8,3,0.1
2022,4,8,3,39.969
2023,4,8,3,200.638
2024,4,8,3,63.217
1972,4,9,3,0
1973,4,9,3,0
1974,4,9,3,0
1975,4,9,3,0
1976,4,9,3,0
1977,4,9,3,0
1978,4,9,3,0
1979,4,9,3,0
1980,4,9,3,0
1981,4,9,3,0
1982,4,9,3,0
1983,4,9,3,0
1984,4,9,3,0
1985,4,9,3,0
1986,4,9,3,0
1987,4,9,3,0
1988,4,9,3,0
1989,4,9,3,0
1990,4,9,3,0
1991,4,9,3,0
1992,4,9,3,0
1993,4,9,3,0
1994,4,9,3,0
1995,4,9,3,0
1996,4,9,3,0
1997,4,9,3,0
1998,4,9,3,0
1999,4,9,3,0
2000,4,9,3,0
2001,4,9,3,0
2002,4,9,3,0
2003,4,9,3,0
2004,4,9,3,0
2005,4,9,3,0
2006,4,9,3,0
2007,4,9,3,0
2008,4,9,3,0
2009,4,9,3,0
2010,4,9,3,0
2011,4,9,3,0
2012,4,9,3,0
2013,4,9,3,0
2014,4,9,3,0
2015,4,9,3,0
2016,4,9,3,0
2017,4,9,3,0
2018,4,9,3,0
2019,4,9,3,0
2020,4,9,3,0
2021,4,9,3,0
2022,4,9,3,0
2023,4,9,3,0
2024,4,9,3,0
1972,4,10,5,4153
1973,4,10,5,4665.5
1974,4,10,5,5205.5
1975,4,10,5,5594.51
1976,4,10,5,4959.75
1977,4,10,5,8669.51
1978,4,10,5,8786.5
1979,4,10,5,4239
1980,4,10,5,3646.76
1981,4,10,5,4927
1982,4,10,5,5026.75
1983,4,10,5,4074
1984,4,10,5,2971.5
1985,4,10,5,4439
1986,4,10,5,4910.75
1987,4,10,5,5687.75
1988,4,10,5,4314.25
1989,4,10,5,4986.25
1990,4,10,5,6494.25
1991,4,10,5,6261.75
1992,4,10,5,5033.5
1993,4,10,5,3457.26
1994,4,10,5,6092.75
1995,4,10,5,6370.26
1996,4,10,5,6377.26
1997,4,10,5,7513.51
1998,4,10,5,7820.76
1999,4,10,5,7043
2000,4,10,5,7365.51
2001,4,10,5,6885.75
2002,4,10,5,7013.5
2003,4,10,5,8798.76
2004,4,10,5,9133.5
2005,4,10,5,12263.2
2006,4,10,5,13513.5
2007,4,10,5,15597.7
2008,4,10,5,15670.5
2009,4,10,5,6313.5
2010,4,10,5,6874.5
2011,4,10,5,1952.75
2012,4,10,5,3529.25
2013,4,10,5,3494.5
2014,4,10,5,4122
2015,4,10,5,6862.5
2016,4,10,5,3559.5
2017,4,10,5,4664.5
2018,4,10,5,4671.5
2019,4,10,5,4116.5
2020,4,10,5,4119.25
2021,4,10,5,4971.5
2022,4,10,5,4710.01
2023,4,10,5,5402.25
2024,4,10,5,5402.25
1972,4,11,5,4900.01
1973,4,11,5,5575.01
1974,4,11,5,5903.25
1975,4,11,5,5829
1976,4,11,5,6334.5
1977,4,11,5,6594
1978,4,11,5,7355.51
1979,4,11,5,9077.51
1980,4,11,5,2795.25
1981,4,11,5,2884.75
1982,4,11,5,3079.25
1983,4,11,5,4069.25
1984,4,11,5,3435.25
1985,4,11,5,3544.5
1986,4,11,5,2678
1987,4,11,5,3122.75
1988,4,11,5,3648.75
1989,4,11,5,3667.5
1990,4,11,5,7603.75
1991,4,11,5,7776.5
1992,4,11,5,8940.5
1993,4,11,5,8190.5
1994,4,11,5,9084.75
1995,4,11,5,9681
1996,4,11,5,15024.8
1997,4,11,5,11179.5
1998,4,11,5,14760.3
1999,4,11,5,14008.2
2000,4,11,5,14904.8
2001,4,11,5,13715.3
2002,4,11,5,13182.5
2003,4,11,5,13447
2004,4,11,5,17704.8
2005,4,11,5,15420
2006,4,11,5,18509.5
2007,4,11,5,21702
2008,4,11,5,23470.2
2009,4,11,5,22302.5
2010,4,11,5,19960.5
2011,4,11,5,23861.5
2012,4,11,5,27433
2013,4,11,5,25688
2014,4,11,5,30558
2015,4,11,5,35556.2
2016,4,11,5,40118.2
2017,4,11,5,31127.8
2018,4,11,5,30008.8
2019,4,11,5,26064.8
2020,4,11,5,19839.5
2021,4,11,5,20475.3
2022,4,11,5,21208
2023,4,11,5,21426
2024,4,11,5,21426
1972,4,12,5,1800.48
1973,4,12,5,2015.73
1974,4,12,5,2243.96
1975,4,12,5,2387.72
1976,4,12,5,2379.52
1977,4,12,5,4694.99
1978,4,12,5,3431.98
1979,4,12,5,6391.75
1980,4,12,5,3904.97
1981,4,12,5,4479.47
1982,4,12,5,7002.55
1983,4,12,5,9373.97
1984,4,12,5,7721.28
1985,4,12,5,9868.57
1986,4,12,5,12960.7
1987,4,12,5,11750.8
1988,4,12,5,8950.46
1989,4,12,5,10216.2
1990,4,12,5,16234.7
1991,4,12,5,17462.3
1992,4,12,5,14262.5
1993,4,12,5,12219
1994,4,12,5,14229.8
1995,4,12,5,16876
1996,4,12,5,16832.3
1997,4,12,5,14794.8
1998,4,12,5,18649.5
1999,4,12,5,19841
2000,4,12,5,17744.8
2001,4,12,5,16827
2002,4,12,5,20791.8
2003,4,12,5,24800.7
2004,4,12,5,25100.5
2005,4,12,5,24137.3
2006,4,12,5,26612
2007,4,12,5,32308.5
2008,4,12,5,37573.5
2009,4,12,5,35660.2
2010,4,12,5,25197.8
2011,4,12,5,14955.9
2012,4,12,5,15579.2
2013,4,12,5,19736.7
2014,4,12,5,23508.9
2015,4,12,5,19590.8
2016,4,12,5,16319.3
2017,4,12,5,17770.6
2018,4,12,5,13672.9
2019,4,12,5,18040.7
2020,4,12,5,16798
2021,4,12,5,13226.5
2022,4,12,5,11835.3
2023,4,12,5,12011.3
2024,4,12,5,7947.35
1972,4,13,5,0
1973,4,13,5,0
1974,4,13,5,0
1975,4,13,5,0
1976,4,13,5,0
1977,4,13,5,0
1978,4,13,5,0
1979,4,13,5,0
1980,4,13,5,2136.79
1981,4,13,5,2403.18
1982,4,13,5,2612.52
1983,4,13,5,2922.78
1984,4,13,5,3182.99
1985,4,13,5,3488.48
1986,4,13,5,3606.97
1987,4,13,5,4098.3
1988,4,13,5,4872.07
1989,4,13,5,5276.79
1990,4,13,5,6052.52
1991,4,13,5,6190.49
1992,4,13,5,7117.27
1993,4,13,5,6519.99
1994,4,13,5,7231.99
1995,4,13,5,7706.71
1996,4,13,5,11960.6
1997,4,13,5,8899.23
1998,4,13,5,11750
1999,4,13,5,11151.5
2000,4,13,5,11865.2
2001,4,13,5,10918.1
2002,4,13,5,10493.7
2003,4,13,5,10704.3
2004,4,13,5,14094
2005,4,13,5,8808.23
2006,4,13,5,10535.3
2007,4,13,5,9433
2008,4,13,5,9331.53
2009,4,13,5,14215.5
2010,4,13,5,14774.4
2011,4,13,5,12784.8
2012,4,13,5,17264.5
2013,4,13,5,42349.5
2014,4,13,5,30215
2015,4,13,5,10563.9
2016,4,13,5,22614.5
2017,4,13,5,29457.9
2018,4,13,5,16916.2
2019,4,13,5,28173.2
2020,4,13,5,14305.7
2021,4,13,5,22632.3
2022,4,13,5,21907.8
2023,4,13,5,21556.4
2024,4,13,5,21556.4
1972,4,14,5,2077.9
1973,4,14,5,2985.7
1974,4,14,5,3007.5
1975,4,14,5,1208.8
1976,4,14,5,344.6
1977,4,14,5,712.5
1978,4,14,5,144.1
1979,4,14,5,198.3
1980,4,14,5,5369.08
1981,4,14,5,6564.23
1982,4,14,5,6288.58
1983,4,14,5,6971.74
1984,4,14,5,7571.25
1985,4,14,5,8267.66
1986,4,14,5,8616.22
1987,4,14,5,9745.01
1988,4,14,5,11507.2
1989,4,14,5,12536.3
1990,4,14,5,14379.5
1991,4,14,5,14714.5
1992,4,14,5,16907.7
1993,4,14,5,15489.2
1994,4,14,5,17180.7
1995,4,14,5,18308.2
1996,4,14,5,28413.7
1997,4,14,5,21141.8
1998,4,14,5,27913.5
1999,4,14,5,26491.5
2000,4,14,5,28187.1
2001,4,14,5,25937.3
2002,4,14,5,24930
2003,4,14,5,25430
2004,4,14,5,33481.8
2005,4,14,5,19072.6
2006,4,14,5,25282.8
2007,4,14,5,29644.6
2008,4,14,5,31177.5
2009,4,14,5,33478.3
2010,4,14,5,33674.2
2011,4,14,5,30878.7
2012,4,14,5,25214.2
2013,4,14,5,21449
2014,4,14,5,19937.3
2015,4,14,5,19729.5
2016,4,14,5,21381
2017,4,14,5,14953.7
2018,4,14,5,25935.2
2019,4,14,5,20227
2020,4,14,5,27021.5
2021,4,14,5,19601.4
2022,4,14,5,18735.7
2023,4,14,5,11901.6
2024,4,14,5,9954.78
1972,4,15,5,16.019
1973,4,15,5,68.34
1974,4,15,5,224.215
1975,4,15,5,544.089
1976,4,15,5,147.994
1977,4,15,5,676.644
1978,4,15,5,1133.28
1979,4,15,5,507.273
1980,4,15,5,1009.32
1981,4,15,5,335.987
1982,4,15,5,79.359
1983,4,15,5,617.643
1984,4,15,5,704.293
1985,4,15,5,5438.32
1986,4,15,5,1022.65
1987,4,15,5,247.655
1988,4,15,5,1914.12
1989,4,15,5,685.509
1990,4,15,5,817.356
1991,4,15,5,2186.99
1992,4,15,5,3396.28
1993,4,15,5,1580.39
1994,4,15,5,22.552
1995,4,15,5,1214.04
1996,4,15,5,7698.88
1997,4,15,5,214.96
1998,4,15,5,34.014
1999,4,15,5,1378.52
2000,4,15,5,423.761
2001,4,15,5,6.25
2002,4,15,5,15.927
2003,4,15,5,7.94
2004,4,15,5,792.091
2005,4,15,5,294.708
2006,4,15,5,503.494
2007,4,15,5,16.209
2008,4,15,5,146.477
2009,4,15,5,0
2010,4,15,5,44.611
2011,4,15,5,229.914
2012,4,15,5,338.536
2013,4,15,5,0
2014,4,15,5,0
2015,4,15,5,0
2016,4,15,5,0
2017,4,15,5,1090.02
2018,4,15,5,70.059
2019,4,15,5,79.475
2020,4,15,5,17.727
2021,4,15,5,14.172
2022,4,15,5,1627.92
2023,4,15,5,0
2024,4,15,5,0
1972,4,16,5,0
1973,4,16,5,43.108
1974,4,16,5,53.739
1975,4,16,5,0
1976,4,16,5,0
1977,4,16,5,116.273
1978,4,16,5,254.659
1979,4,16,5,368.602
1980,4,16,5,3.223
1981,4,16,5,47.069
1982,4,16,5,0
1983,4,16,5,728.486
1984,4,16,5,27.772
1985,4,16,5,2743
1986,4,16,5,85.445
1987,4,16,5,5.632
1988,4,16,5,306.207
1989,4,16,5,124.226
1990,4,16,5,526.352
1991,4,16,5,832.088
1992,4,16,5,1640.22
1993,4,16,5,1596.7
1994,4,16,5,29.909
1995,4,16,5,948.714
1996,4,16,5,3802.37
1997,4,16,5,0
1998,4,16,5,0
1999,4,16,5,196.544
2000,4,16,5,0
2001,4,16,5,0
2002,4,16,5,0
2003,4,16,5,328.772
2004,4,16,5,385.869
2005,4,16,5,326.058
2006,4,16,5,396.005
2007,4,16,5,262.628
2008,4,16,5,1058.9
2009,4,16,5,0
2010,4,16,5,136.563
2011,4,16,5,0
2012,4,16,5,40.954
2013,4,16,5,0
2014,4,16,5,0
2015,4,16,5,0
2016,4,16,5,19.929
2017,4,16,5,2107.13
2018,4,16,5,76.204
2019,4,16,5,0
2020,4,16,5,0
2021,4,16,5,0
2022,4,16,5,2620.6
2023,4,16,5,0
2024,4,16,5,0
1972,4,17,5,0
1973,4,17,5,0
1974,4,17,5,0
1975,4,17,5,0
1976,4,17,5,0
1977,4,17,5,0
1978,4,17,5,0
1979,4,17,5,0
1980,4,17,5,0
1981,4,17,5,0
1982,4,17,5,0
1983,4,17,5,0
1984,4,17,5,0
1985,4,17,5,0
1986,4,17,5,0
1987,4,17,5,0
1988,4,17,5,0
1989,4,17,5,0
1990,4,17,5,0
1991,4,17,5,0
1992,4,17,5,0
1993,4,17,5,0
1994,4,17,5,0
1995,4,17,5,0
1996,4,17,5,0
1997,4,17,5,0
1998,4,17,5,0
1999,4,17,5,0
2000,4,17,5,3737.75
2001,4,17,5,3933.99
2002,4,17,5,4187.87
2003,4,17,5,4162.93
2004,4,17,5,5614.5
2005,4,17,5,5796.88
2006,4,17,5,5814.95
2007,4,17,5,5996.05
2008,4,17,5,5519.62
2009,4,17,5,4494.39
2010,4,17,5,4206.44
2011,4,17,5,5805.76
2012,4,17,5,7730.46
2013,4,17,5,7938.13
2014,4,17,5,9957.05
2015,4,17,5,11117
2016,4,17,5,18372.1
2017,4,17,5,19238
2018,4,17,5,18066.8
2019,4,17,5,17392.5
2020,4,17,5,15738
2021,4,17,5,15025.8
2022,4,17,5,18518.7
2023,4,17,5,14800.1
2024,4,17,5,14800.1
1972,4,18,5,0
1973,4,18,5,0
1974,4,18,5,0
1975,4,18,5,0
1976,4,18,5,0
1977,4,18,5,0
1978,4,18,5,0
1979,4,18,5,0
1980,4,18,5,0
1981,4,18,5,0
1982,4,18,5,0
1983,4,18,5,0
1984,4,18,5,0
1985,4,18,5,0
1986,4,18,5,0
1987,4,18,5,0
1988,4,18,5,0
1989,4,18,5,0
1990,4,18,5,0
1991,4,18,5,0
1992,4,18,5,0
1993,4,18,5,0
1994,4,18,5,0
1995,4,18,5,0
1996,4,18,5,0
1997,4,18,5,0
1998,4,18,5,0
1999,4,18,5,0
2000,4,18,5,0
2001,4,18,5,0
2002,4,18,5,0
2003,4,18,5,0
2004,4,18,5,0
2005,4,18,5,0
2006,4,18,5,0
2007,4,18,5,0
2008,4,18,5,0
2009,4,18,5,0
2010,4,18,5,0
2011,4,18,5,0
2012,4,18,5,0
2013,4,18,5,0
2014,4,18,5,0
2015,4,18,5,0
2016,4,18,5,0
2017,4,18,5,0
2018,4,18,5,0
2019,4,18,5,0
2020,4,18,5,0
2021,4,18,5,0
2022,4,18,5,0
2023,4,18,5,0
2024,4,18,5,0
1972,4,19,6,7733.33
1973,4,19,6,17888.7
1974,4,19,6,20043
1975,4,19,6,5649.52
1976,4,19,6,13648
1977,4,19,6,8784.52
1978,4,19,6,21897
1979,4,19,6,11062.8
1980,4,19,6,19541.2
1981,4,19,6,9072.3
1982,4,19,6,4899.21
1983,4,19,6,9260.85
1984,4,19,6,7972.95
1985,4,19,6,8248.71
1986,4,19,6,10791.7
1987,4,19,6,2081.33
1988,4,19,6,7996.43
1989,4,19,6,5084.83
1990,4,19,6,7874.6
1991,4,19,6,16102.6
1992,4,19,6,4289.56
1993,4,19,6,2328.26
1994,4,19,6,4176.94
1995,4,19,6,3710.01
1996,4,19,6,6844.93
1997,4,19,6,7999.84
1998,4,19,6,5970.45
1999,4,19,6,3083.17
2000,4,19,6,0
2001,4,19,6,1695.57
2002,4,19,6,2235.63
2003,4,19,6,1177.02
2004,4,19,6,1877.93
2005,4,19,6,281.097
2006,4,19,6,2126.42
2007,4,19,6,364.718
2008,4,19,6,124.167
2009,4,19,6,0
2010,4,19,6,0
2011,4,19,6,223.557
2012,4,19,6,317.098
2013,4,19,6,433.716
2014,4,19,6,0
2015,4,19,6,40.6
2016,4,19,6,150.429
2017,4,19,6,153.197
2018,4,19,6,308.111
2019,4,19,6,235.27
2020,4,19,6,247.05
2021,4,19,6,67.375
2022,4,19,6,391.22
2023,4,19,6,4.2
2024,4,19,6,4.2
1972,4,20,6,7.59
1973,4,20,6,259.602
1974,4,20,6,74.256
1975,4,20,6,139.193
1976,4,20,6,148.703
1977,4,20,6,738.064
1978,4,20,6,144.82
1979,4,20,6,100.429
1980,4,20,6,695.359
1981,4,20,6,809.416
1982,4,20,6,8646.68
1983,4,20,6,16053.5
1984,4,20,6,8756.86
1985,4,20,6,15812.3
1986,4,20,6,5436.23
1987,4,20,6,8336.92
1988,4,20,6,10516.5
1989,4,20,6,14466.5
1990,4,20,6,20892.6
1991,4,20,6,16644.3
1992,4,20,6,9133.77
1993,4,20,6,7293.22
1994,4,20,6,6689.54
1995,4,20,6,11084.1
1996,4,20,6,14530.7
1997,4,20,6,12572.1
1998,4,20,6,17750.7
1999,4,20,6,8941
2000,4,20,6,11646.1
2001,4,20,6,21352.9
2002,4,20,6,12943.5
2003,4,20,6,23732.9
2004,4,20,6,21865.9
2005,4,20,6,26774.3
2006,4,20,6,29445.9
2007,4,20,6,25596.7
2008,4,20,6,30161.2
2009,4,20,6,23888.7
2010,4,20,6,50807.8
2011,4,20,6,40610.4
2012,4,20,6,23455.6
2013,4,20,6,27665.2
2014,4,20,6,11238
2015,4,20,6,8683.68
2016,4,20,6,16889.5
2017,4,20,6,8139.81
2018,4,20,6,8737.39
2019,4,20,6,5124.41
2020,4,20,6,15139.3
2021,4,20,6,13916.4
2022,4,20,6,31323.3
2023,4,20,6,11849.5
2024,4,20,6,10207.2
1972,4,21,6,5.117
1973,4,21,6,27.64
1974,4,21,6,145.629
1975,4,21,6,26.398
1976,4,21,6,3.758
1977,4,21,6,3.684
1978,4,21,6,0
1979,4,21,6,0.598
1980,4,21,6,46.476
1981,4,21,6,65.952
1982,4,21,6,1699.42
1983,4,21,6,1358.26
1984,4,21,6,4037.08
1985,4,21,6,5028.41
1986,4,21,6,3321.1
1987,4,21,6,579.607
1988,4,21,6,5515.34
1989,4,21,6,10538.9
1990,4,21,6,5628.06
1991,4,21,6,5477.99
1992,4,21,6,3226.69
1993,4,21,6,2950.55
1994,4,21,6,4152.38
1995,4,21,6,17092.1
1996,4,21,6,1257.62
1997,4,21,6,344.25
1998,4,21,6,173.493
1999,4,21,6,2717.97
2000,4,21,6,6883.11
2001,4,21,6,30711.3
2002,4,21,6,7593.97
2003,4,21,6,20879
2004,4,21,6,15484.8
2005,4,21,6,17925.7
2006,4,21,6,18561.4
2007,4,21,6,22806.8
2008,4,21,6,33955
2009,4,21,6,30645.4
2010,4,21,6,100801
2011,4,21,6,40166.7
2012,4,21,6,37300.3
2013,4,21,6,33597.9
2014,4,21,6,30728.6
2015,4,21,6,4767
2016,4,21,6,35383.9
2017,4,21,6,45739
2018,4,21,6,29281.1
2019,4,21,6,26238.9
2020,4,21,6,63796.1
2021,4,21,6,56554
2022,4,21,6,68737
2023,4,21,6,43139.1
2024,4,21,6,99745.2
1972,4,22,6,0
1973,4,22,6,0
1974,4,22,6,0
1975,4,22,6,0
1976,4,22,6,0
1977,4,22,6,0
1978,4,22,6,0
1979,4,22,6,0
1980,4,22,6,0
1981,4,22,6,0
1982,4,22,6,0
1983,4,22,6,0
1984,4,22,6,0
1985,4,22,6,0
1986,4,22,6,0
1987,4,22,6,0
1988,4,22,6,0
1989,4,22,6,0
1990,4,22,6,0
1991,4,22,6,0
1992,4,22,6,0
1993,4,22,6,0
1994,4,22,6,0
1995,4,22,6,0
1996,4,22,6,0
1997,4,22,6,0
1998,4,22,6,0
1999,4,22,6,0
2000,4,22,6,0
2001,4,22,6,0
2002,4,22,6,0
2003,4,22,6,0
2004,4,22,6,0
2005,4,22,6,0
2006,4,22,6,0
2007,4,22,6,0
2008,4,22,6,0
2009,4,22,6,0
2010,4,22,6,0
2011,4,22,6,0
2012,4,22,6,0
2013,4,22,6,0
2014,4,22,6,0
2015,4,22,6,0
2016,4,22,6,0
2017,4,22,6,0
2018,4,22,6,0
2019,4,22,6,0
2020,4,22,6,0
2021,4,22,6,0
2022,4,22,6,0
2023,4,22,6,0
2024,4,22,6,0
1972,4,23,4,113.6
1973,4,23,4,1631.9
1974,4,23,4,264
1975,4,23,4,4495.4
1976,4,23,4,219.6
1977,4,23,4,2322.8
1978,4,23,4,166.9
1979,4,23,4,862.1
1980,4,23,4,754.5
1981,4,23,4,1165.3
1982,4,23,4,835.2
1983,4,23,4,1312.4
1984,4,23,4,799.6
1985,4,23,4,3261.5
1986,4,23,4,2860.3
1987,4,23,4,9103.6
1988,4,23,4,584.5
1989,4,23,4,892.5
1990,4,23,4,1417.4
1991,4,23,4,336.5
1992,4,23,4,6901.4
1993,4,23,4,4472.8
1994,4,23,4,2290.4
1995,4,23,4,61.8
1996,4,23,4,7573.3
1997,4,23,4,417.6
1998,4,23,4,4932.3
1999,4,23,4,1020.3
2000,4,23,4,4222.8
2001,4,23,4,12073.8
2002,4,23,4,5086.8
2003,4,23,4,110.6
2004,4,23,4,13571.5
2005,4,23,4,4494.1
2006,4,23,4,6300.3
2007,4,23,4,9948.1
2008,4,23,4,56.3
2009,4,23,4,143
2010,4,23,4,359.5
2011,4,23,4,4681.8
2012,4,23,4,3174.9
2013,4,23,4,2295.8
2014,4,23,4,1507.4
2015,4,23,4,2874.8
2016,4,23,4,3209.2
2017,4,23,4,8133
2018,4,23,4,10434.1
2019,4,23,4,209.6
2020,4,23,4,9909.6
2021,4,23,4,76.7
2022,4,23,4,3863.8
2023,4,23,4,6835
2024,4,23,4,568.9
1972,4,24,4,0
1973,4,24,4,0
1974,4,24,4,0
1975,4,24,4,0
1976,4,24,4,0
1977,4,24,4,0
1978,4,24,4,0
1979,4,24,4,0
1980,4,24,4,0
1981,4,24,4,0
1982,4,24,4,0
1983,4,24,4,0
1984,4,24,4,0
1985,4,24,4,0
1986,4,24,4,0
1987,4,24,4,0
1988,4,24,4,0
1989,4,24,4,0
1990,4,24,4,0
1991,4,24,4,0
1992,4,24,4,0
1993,4,24,4,0
1994,4,24,4,0
1995,4,24,4,0
1996,4,24,4,0
1997,4,24,4,0
1998,4,24,4,0
1999,4,24,4,0
2000,4,24,4,0
2001,4,24,4,0
2002,4,24,4,0
2003,4,24,4,0
2004,4,24,4,0
2005,4,24,4,0
2006,4,24,4,0
2007,4,24,4,0
2008,4,24,4,0
2009,4,24,4,0
2010,4,24,4,0
2011,4,24,4,0
2012,4,24,4,0
2013,4,24,4,0
2014,4,24,4,0
2015,4,24,4,0
2016,4,24,4,0
2017,4,24,4,0
2018,4,24,4,0
2019,4,24,4,0
2020,4,24,4,0
2021,4,24,4,0
2022,4,24,4,0
2023,4,24,4,0
2024,4,24,4,0
1972,4,25,7,7465.6
1973,4,25,7,32724.8
1974,4,25,7,13903.6
1975,4,25,7,12452.5
1976,4,25,7,13189.7
1977,4,25,7,14718.3
1978,4,25,7,17791.6
1979,4,25,7,8021.4
1980,4,25,7,12358
1981,4,25,7,7510.93
1982,4,25,7,7566.48
1983,4,25,7,11580.9
1984,4,25,7,8374.48
1985,4,25,7,9657.52
1986,4,25,7,4098.99
1987,4,25,7,1072.5
1988,4,25,7,16390.4
1989,4,25,7,7265.67
1990,4,25,7,4834.26
1991,4,25,7,2238.77
1992,4,25,7,6088.84
1993,4,25,7,752.12
1994,4,25,7,5635.57
1995,4,25,7,4344.3
1996,4,25,7,2428.34
1997,4,25,7,3202.2
1998,4,25,7,1968.4
1999,4,25,7,1097.3
2000,4,25,7,202
2001,4,25,7,111.393
2002,4,25,7,7119.5
2003,4,25,7,1145.91
2004,4,25,7,1347
2005,4,25,7,414.418
2006,4,25,7,514.173
2007,4,25,7,394.746
2008,4,25,7,3030.19
2009,4,25,7,160.5
2010,4,25,7,2820
2011,4,25,7,760.3
2012,4,25,7,3141.6
2013,4,25,7,3111.04
2014,4,25,7,727
2015,4,25,7,207.9
2016,4,25,7,1906.5
2017,4,25,7,141.9
2018,4,25,7,8.397
2019,4,25,7,173.3
2020,4,25,7,14
2021,4,25,7,584.2
2022,4,25,7,156.9
2023,4,25,7,0
2024,4,25,7,19
1972,4,26,7,63.404
1973,4,26,7,95.43
1974,4,26,7,459.923
1975,4,26,7,1345.81
1976,4,26,7,2600.25
1977,4,26,7,1286.4
1978,4,26,7,3368.28
1979,4,26,7,2668.43
1980,4,26,7,3987.8
1981,4,26,7,10070.7
1982,4,26,7,14095.2
1983,4,26,7,21852.8
1984,4,26,7,22533.6
1985,4,26,7,11788.2
1986,4,26,7,25809.6
1987,4,26,7,42287.1
1988,4,26,7,30092.6
1989,4,26,7,33026
1990,4,26,7,42448.8
1991,4,26,7,25439.1
1992,4,26,7,45865.2
1993,4,26,7,36140.8
1994,4,26,7,47463.1
1995,4,26,7,13624.6
1996,4,26,7,24611.6
1997,4,26,7,20546.8
1998,4,26,7,42560.6
1999,4,26,7,34879.9
2000,4,26,7,33297.5
2001,4,26,7,29540.5
2002,4,26,7,28842
2003,4,26,7,28745.7
2004,4,26,7,98485
2005,4,26,7,93912.1
2006,4,26,7,71889.6
2007,4,26,7,108686
2008,4,26,7,45748.9
2009,4,26,7,72601.6
2010,4,26,7,71293.1
2011,4,26,7,58680.7
2012,4,26,7,64063.6
2013,4,26,7,84425.3
2014,4,26,7,65144.8
2015,4,26,7,17938.1
2016,4,26,7,50537
2017,4,26,7,57156.2
2018,4,26,7,46880
2019,4,26,7,25210.5
2020,4,26,7,80688.3
2021,4,26,7,24629.3
2022,4,26,7,87851.8
2023,4,26,7,22231
2024,4,26,7,27262.8
1972,4,27,7,0.011
1973,4,27,7,87.624
1974,4,27,7,122.585
1975,4,27,7,69.875
1976,4,27,7,3.609
1977,4,27,7,79.423
1978,4,27,7,61.417
1979,4,27,7,1591.25
1980,4,27,7,585.717
1981,4,27,7,1876.16
1982,4,27,7,2374.26
1983,4,27,7,13571.6
1984,4,27,7,7148.93
1985,4,27,7,3610.34
1986,4,27,7,10319.6
1987,4,27,7,3642.7
1988,4,27,7,39726.5
1989,4,27,7,14208.9
1990,4,27,7,12625.8
1991,4,27,7,23474.9
1992,4,27,7,47213.2
1993,4,27,7,28734.6
1994,4,27,7,37916.5
1995,4,27,7,48834.3
1996,4,27,7,39736.5
1997,4,27,7,13683.3
1998,4,27,7,53363.9
1999,4,27,7,35093.5
2000,4,27,7,28603.5
2001,4,27,7,28978.8
2002,4,27,7,62322.7
2003,4,27,7,17848.5
2004,4,27,7,26585.5
2005,4,27,7,22805.8
2006,4,27,7,22859.2
2007,4,27,7,73101.4
2008,4,27,7,36091.5
2009,4,27,7,18852.2
2010,4,27,7,84012
2011,4,27,7,33691.7
2012,4,27,7,30379.5
2013,4,27,7,48033.7
2014,4,27,7,21651
2015,4,27,7,66518.1
2016,4,27,7,56351.7
2017,4,27,7,48052
2018,4,27,7,32025.9
2019,4,27,7,49659
2020,4,27,7,70619.6
2021,4,27,7,56117.5
2022,4,27,7,56751.7
2023,4,27,7,12884
2024,4,27,7,97643.9
1972,4,28,7,0
1973,4,28,7,0
1974,4,28,7,0
1975,4,28,7,0
1976,4,28,7,0
1977,4,28,7,0
1978,4,28,7,0
1979,4,28,7,0
1980,4,28,7,0
1981,4,28,7,0
1982,4,28,7,0
1983,4,28,7,0
1984,4,28,7,0
1985,4,28,7,0
1986,4,28,7,0
1987,4,28,7,0
1988,4,28,7,0
1989,4,28,7,0
1990,4,28,7,0
1991,4,28,7,0
1992,4,28,7,0
1993,4,28,7,0
1994,4,28,7,0
1995,4,28,7,0
1996,4,28,7,0
1997,4,28,7,0
1998,4,28,7,0
1999,4,28,7,0
2000,4,28,7,0
2001,4,28,7,0
2002,4,28,7,0
2003,4,28,7,0
2004,4,28,7,0
2005,4,28,7,0
2006,4,28,7,0
2007,4,28,7,0
2008,4,28,7,0
2009,4,28,7,0
2010,4,28,7,0
2011,4,28,7,0
2012,4,28,7,0
2013,4,28,7,0
2014,4,28,7,0
2015,4,28,7,0
2016,4,28,7,0
2017,4,28,7,0
2018,4,28,7,0
2019,4,28,7,0
2020,4,28,7,0
2021,4,28,7,0
2022,4,28,7,0
2023,4,28,7,0
2024,4,28,7,0
1972,4,29,8,3121.9
1973,4,29,8,1179.3
1974,4,29,8,3529.6
1975,4,29,8,3229.8
1976,4,29,8,15070.9
1977,4,29,8,18611.8
1978,4,29,8,16516.9
1979,4,29,8,14418.7
1980,4,29,8,23384.5
1981,4,29,8,22732.6
1982,4,29,8,20886.4
1983,4,29,8,29169.4
1984,4,29,8,21291.3
1985,4,29,8,13372.6
1986,4,29,8,23750.1
1987,4,29,8,8053.86
1988,4,29,8,12755.8
1989,4,29,8,9242.57
1990,4,29,8,1212.27
1991,4,29,8,13306.8
1992,4,29,8,5206.44
1993,4,29,8,6434.47
1994,4,29,8,4548.29
1995,4,29,8,5504.7
1996,4,29,8,6909.6
1997,4,29,8,637.341
1998,4,29,8,2692.8
1999,4,29,8,4240.09
2000,4,29,8,284.719
2001,4,29,8,53.776
2002,4,29,8,2290.63
2003,4,29,8,1820.5
2004,4,29,8,757.5
2005,4,29,8,493.5
2006,4,29,8,0
2007,4,29,8,1081
2008,4,29,8,584.7
2009,4,29,8,5316.24
2010,4,29,8,3354.37
2011,4,29,8,111.9
2012,4,29,8,953.7
2013,4,29,8,1683.88
2014,4,29,8,6
2015,4,29,8,4
2016,4,29,8,12
2017,4,29,8,5.1
2018,4,29,8,0
2019,4,29,8,2495
2020,4,29,8,18
2021,4,29,8,1059.9
2022,4,29,8,0
2023,4,29,8,0
2024,4,29,8,0
1972,4,30,8,0
1973,4,30,8,0
1974,4,30,8,0
1975,4,30,8,0
1976,4,30,8,0
1977,4,30,8,0
1978,4,30,8,0
1979,4,30,8,0
1980,4,30,8,0
1981,4,30,8,492.894
1982,4,30,8,4381.53
1983,4,30,8,2397.28
1984,4,30,8,3799.24
1985,4,30,8,76.326
1986,4,30,8,1501.03
1987,4,30,8,3911.89
1988,4,30,8,0
1989,4,30,8,399.717
1990,4,30,8,1321.45
1991,4,30,8,1855.37
1992,4,30,8,3406.59
1993,4,30,8,3409.6
1994,4,30,8,5799.14
1995,4,30,8,978.149
1996,4,30,8,14758.9
1997,4,30,8,15402.1
1998,4,30,8,26632.3
1999,4,30,8,44713.8
2000,4,30,8,24356.8
2001,4,30,8,19203.2
2002,4,30,8,20725.7
2003,4,30,8,30357.3
2004,4,30,8,35082.9
2005,4,30,8,31158.7
2006,4,30,8,52998.2
2007,4,30,8,49214
2008,4,30,8,33346.5
2009,4,30,8,131503
2010,4,30,8,33233.8
2011,4,30,8,47029.5
2012,4,30,8,126313
2013,4,30,8,110269
2014,4,30,8,99482.3
2015,4,30,8,121007
2016,4,30,8,114639
2017,4,30,8,120519
2018,4,30,8,202570
2019,4,30,8,123958
2020,4,30,8,124875
2021,4,30,8,60122.5
2022,4,30,8,68769.5
2023,4,30,8,338972
2024,4,30,8,96519.5
1972,4,31,8,0
1973,4,31,8,0
1974,4,31,8,0
1975,4,31,8,0
1976,4,31,8,0
1977,4,31,8,0
1978,4,31,8,0
1979,4,31,8,0
1980,4,31,8,0
1981,4,31,8,32.324
1982,4,31,8,432.468
1983,4,31,8,5122.34
1984,4,31,8,8.119
1985,4,31,8,1202.84
1986,4,31,8,523.266
1987,4,31,8,796.849
1988,4,31,8,47.89
1989,4,31,8,1174.58
1990,4,31,8,25534.3
1991,4,31,8,30964.9
1992,4,31,8,10164.4
1993,4,31,8,19488.6
1994,4,31,8,40756.1
1995,4,31,8,470.042
1996,4,31,8,67.864
1997,4,31,8,5697.68
1998,4,31,8,17813.8
1999,4,31,8,2190.65
2000,4,31,8,11769.6
2001,4,31,8,18470.8
2002,4,31,8,89702
2003,4,31,8,13587.8
2004,4,31,8,4731.39
2005,4,31,8,46641.7
2006,4,31,8,10881.3
2007,4,31,8,37416.2
2008,4,31,8,36435.2
2009,4,31,8,64183.4
2010,4,31,8,14534.9
2011,4,31,8,14002.3
2012,4,31,8,48979.9
2013,4,31,8,41314.6
2014,4,31,8,121495
2015,4,31,8,119522
2016,4,31,8,29774.9
2017,4,31,8,33473.4
2018,4,31,8,30987.4
2019,4,31,8,106547
2020,4,31,8,40239
2021,4,31,8,21690.2
2022,4,31,8,5447.62
2023,4,31,8,43810.6
2024,4,31,8,23761.1
1972,4,32,8,0
1973,4,32,8,0
1974,4,32,8,0
1975,4,32,8,0
1976,4,32,8,0
1977,4,32,8,0
1978,4,32,8,0
1979,4,32,8,0
1980,4,32,8,0
1981,4,32,8,0
1982,4,32,8,0
1983,4,32,8,0
1984,4,32,8,0
1985,4,32,8,0
1986,4,32,8,0
1987,4,32,8,0
1988,4,32,8,0
1989,4,32,8,0
1990,4,32,8,0
1991,4,32,8,0
1992,4,32,8,0
1993,4,32,8,0
1994,4,32,8,0
1995,4,32,8,0
1996,4,32,8,0
1997,4,32,8,0
1998,4,32,8,0
1999,4,32,8,0
2000,4,32,8,0
2001,4,32,8,0
2002,4,32,8,0
2003,4,32,8,0
2004,4,32,8,0
2005,4,32,8,0
2006,4,32,8,0
2007,4,32,8,0
2008,4,32,8,0
2009,4,32,8,0
2010,4,32,8,0
2011,4,32,8,0
2012,4,32,8,0
2013,4,32,8,0
2014,4,32,8,0
2015,4,32,8,0
2016,4,32,8,0
2017,4,32,8,0
2018,4,32,8,0
2019,4,32,8,0
2020,4,32,8,0
2021,4,32,8,0
2022,4,32,8,0
2023,4,32,8,0
2024,4,32,8,0
1972,4,33,1,4.4413e-06
1973,4,33,1,4.10041e-06
1974,4,33,1,4.54369e-06
1975,4,33,1,5.36719e-06
1976,4,33,1,3.15109e-06
1977,4,33,1,3.23551e-06
1978,4,33,1,3.83954e-06
1979,4,33,1,2.71306e-06
1980,4,33,1,2.46429e-06
1981,4,33,1,2.74078e-06
1982,4,33,1,2.61563e-06
1983,4,33,1,3.409e-06
1984,4,33,1,2.99677e-06
1985,4,33,1,1.90313e-06
1986,4,33,1,3.16111e-06
1987,4,33,1,3.71191e-06
1988,4,33,1,2.90765e-06
1989,4,33,1,2.46242e-06
1990,4,33,1,2.62337e-06
1991,4,33,1,2.77336e-06
1992,4,33,1,2.52193e-06
1993,4,33,1,2.57377e-06
1994,4,33,1,2.27402e-06
1995,4,33,1,3.07566e-06
1996,4,33,1,1.92688e-06
1997,4,33,1,2.06803e-06
1998,4,33,1,2.12376e-06
1999,4,33,1,2.07371e-06
2000,4,33,1,2.01708e-06
2001,4,33,1,1.78452e-06
2002,4,33,1,1.63438e-06
2003,4,33,1,1.89048e-06
2004,4,33,1,1.89556e-06
2005,4,33,1,1.65395e-06
2006,4,33,1,1.18167e-06
2007,4,33,1,1.29411e-06
2008,4,33,1,1.19723e-06
2009,4,33,1,9.86125e-07
2010,4,33,1,1.16687e-06
2011,4,33,1,1.12407e-06
2012,4,33,1,1.13194e-06
2013,4,33,1,1.17217e-06
2014,4,33,1,1.12543e-06
2015,4,33,1,9.17614e-07
2016,4,33,1,9.08935e-07
2017,4,33,1,9.75947e-07
2018,4,33,1,1.09704e-06
2019,4,33,1,1.09308e-06
2020,4,33,1,7.61852e-07
2021,4,33,1,8.09136e-07
2022,4,33,1,6.31542e-07
2023,4,33,1,9.84411e-07
2024,4,33,1,0
1972,4,34,2,5.82133e-06
1973,4,34,2,6.30572e-06
1974,4,34,2,5.16418e-06
1975,4,34,2,4.75105e-06
1976,4,34,2,4.04786e-06
1977,4,34,2,3.22156e-06
1978,4,34,2,3.58724e-06
1979,4,34,2,3.04868e-06
1980,4,34,2,2.90785e-06
1981,4,34,2,3.45003e-06
1982,4,34,2,2.79979e-06
1983,4,34,2,4.49615e-06
1984,4,34,2,3.25352e-06
1985,4,34,2,2.81205e-06
1986,4,34,2,4.38354e-06
1987,4,34,2,5.24611e-06
1988,4,34,2,4.0357e-06
1989,4,34,2,2.9036e-06
1990,4,34,2,3.28224e-06
1991,4,34,2,3.50501e-06
1992,4,34,2,3.57014e-06
1993,4,34,2,2.52561e-06
1994,4,34,2,2.62919e-06
1995,4,34,2,2.87556e-06
1996,4,34,2,2.75247e-06
1997,4,34,2,2.45923e-06
1998,4,34,2,1.93811e-06
1999,4,34,2,2.58097e-06
2000,4,34,2,1.86223e-06
2001,4,34,2,1.85224e-06
2002,4,34,2,1.73702e-06
2003,4,34,2,1.66159e-06
2004,4,34,2,1.9058e-06
2005,4,34,2,1.63514e-06
2006,4,34,2,1.19539e-06
2007,4,34,2,1.47455e-06
2008,4,34,2,1.26193e-06
2009,4,34,2,1.31562e-06
2010,4,34,2,1.32599e-06
2011,4,34,2,1.38605e-06
2012,4,34,2,1.37827e-06
2013,4,34,2,1.38576e-06
2014,4,34,2,1.43732e-06
2015,4,34,2,9.82202e-07
2016,4,34,2,1.09321e-06
2017,4,34,2,1.2841e-06
2018,4,34,2,1.41554e-06
2019,4,34,2,1.64378e-06
2020,4,34,2,9.92174e-07
2021,4,34,2,1.17198e-06
2022,4,34,2,1.00278e-06
2023,4,34,2,1.30557e-06
2024,4,34,2,0
1972,4,35,3,2.28012e-05
1973,4,35,3,1.998e-05
1974,4,35,3,2.37084e-05
1975,4,35,3,2.11641e-05
1976,4,35,3,2.12428e-05
1977,4,35,3,2.05589e-05
1978,4,35,3,2.31928e-05
1979,4,35,3,1.77799e-05
1980,4,35,3,1.76266e-05
1981,4,35,3,1.89047e-05
1982,4,35,3,1.73301e-05
1983,4,35,3,1.88511e-05
1984,4,35,3,1.88831e-05
1985,4,35,3,1.29722e-05
1986,4,35,3,1.80334e-05
1987,4,35,3,1.74024e-05
1988,4,35,3,1.60209e-05
1989,4,35,3,1.86787e-05
1990,4,35,3,1.60447e-05
1991,4,35,3,1.56965e-05
1992,4,35,3,1.3149e-05
1993,4,35,3,1.30338e-05
1994,4,35,3,1.23215e-05
1995,4,35,3,1.33473e-05
1996,4,35,3,1.17584e-05
1997,4,35,3,1.31699e-05
1998,4,35,3,1.29205e-05
1999,4,35,3,1.2657e-05
2000,4,35,3,1.48733e-05
2001,4,35,3,1.0857e-05
2002,4,35,3,1.38194e-05
2003,4,35,3,1.13573e-05
2004,4,35,3,1.15779e-05
2005,4,35,3,1.12662e-05
2006,4,35,3,9.96516e-06
2007,4,35,3,1.12266e-05
2008,4,35,3,8.81216e-06
2009,4,35,3,7.83287e-06
2010,4,35,3,7.89163e-06
2011,4,35,3,8.95128e-06
2012,4,35,3,8.73703e-06
2013,4,35,3,8.42909e-06
2014,4,35,3,7.88479e-06
2015,4,35,3,6.04151e-06
2016,4,35,3,6.3535e-06
2017,4,35,3,6.99342e-06
2018,4,35,3,7.1915e-06
2019,4,35,3,6.86583e-06
2020,4,35,3,5.13206e-06
2021,4,35,3,6.3928e-06
2022,4,35,3,5.55983e-06
2023,4,35,3,7.21821e-06
2024,4,35,3,0
1972,4,36,4,0.000114359
1973,4,36,4,0.000112443
1974,4,36,4,0.000108929
1975,4,36,4,8.66092e-05
1976,4,36,4,7.41281e-05
1977,4,36,4,6.8062e-05
1978,4,36,4,8.92173e-05
1979,4,36,4,5.94669e-05
1980,4,36,4,7.16884e-05
1981,4,36,4,6.43592e-05
1982,4,36,4,5.58509e-05
1983,4,36,4,8.07714e-05
1984,4,36,4,7.4946e-05
1985,4,36,4,5.90049e-05
1986,4,36,4,9.89247e-05
1987,4,36,4,8.89953e-05
1988,4,36,4,7.97495e-05
1989,4,36,4,6.68009e-05
1990,4,36,4,5.93321e-05
1991,4,36,4,7.87756e-05
1992,4,36,4,7.55054e-05
1993,4,36,4,7.2511e-05
1994,4,36,4,5.27441e-05
1995,4,36,4,6.8197e-05
1996,4,36,4,5.91861e-05
1997,4,36,4,7.34529e-05
1998,4,36,4,7.00337e-05
1999,4,36,4,7.51623e-05
2000,4,36,4,5.03692e-05
2001,4,36,4,5.85952e-05
2002,4,36,4,5.2561e-05
2003,4,36,4,6.31113e-05
2004,4,36,4,4.80997e-05
2005,4,36,4,6.99523e-05
2006,4,36,4,5.34495e-05
2007,4,36,4,4.78946e-05
2008,4,36,4,4.58023e-05
2009,4,36,4,3.04308e-05
2010,4,36,4,4.81866e-05
2011,4,36,4,4.04609e-05
2012,4,36,4,3.90408e-05
2013,4,36,4,4.95632e-05
2014,4,36,4,3.52693e-05
2015,4,36,4,3.33162e-05
2016,4,36,4,2.92549e-05
2017,4,36,4,2.58538e-05
2018,4,36,4,3.33754e-05
2019,4,36,4,5.31175e-05
2020,4,36,4,2.53677e-05
2021,4,36,4,4.94574e-05
2022,4,36,4,2.71927e-05
2023,4,36,4,4.3269e-05
2024,4,36,4,0
1972,4,37,5,0
1973,4,37,5,0
1974,4,37,5,0
1975,4,37,5,0
1976,4,37,5,0
1977,4,37,5,0
1978,4,37,5,0
1979,4,37,5,0
1980,4,37,5,0
1981,4,37,5,0
1982,4,37,5,0
1983,4,37,5,0
1984,4,37,5,0
1985,4,37,5,0
1986,4,37,5,0
1987,4,37,5,0
1988,4,37,5,0
1989,4,37,5,0
1990,4,37,5,0
1991,4,37,5,0
1992,4,37,5,0
1993,4,37,5,0
1994,4,37,5,0
1995,4,37,5,0
1996,4,37,5,0
1997,4,37,5,0
1998,4,37,5,0
1999,4,37,5,0
2000,4,37,5,0
2001,4,37,5,0
2002,4,37,5,0
2003,4,37,5,0
2004,4,37,5,0
2005,4,37,5,0.000139326
2006,4,37,5,0.000117438
2007,4,37,5,0.000122889
2008,4,37,5,0.000112379
2009,4,37,5,0.000120077
2010,4,37,5,0.000112641
2011,4,37,5,8.50265e-05
2012,4,37,5,0.00014354
2013,4,37,5,0.0001231
2014,4,37,5,7.78747e-05
2015,4,37,5,7.08753e-05
2016,4,37,5,6.30545e-05
2017,4,37,5,6.85752e-05
2018,4,37,5,6.13568e-05
2019,4,37,5,2.40561e-05
2020,4,37,5,5.33894e-05
2021,4,37,5,2.85816e-05
2022,4,37,5,5.04779e-05
2023,4,37,5,5.86501e-05
2024,4,37,5,6.22205e-05
1972,4,38,7,7.73659e-05
1973,4,38,7,8.33067e-05
1974,4,38,7,6.85951e-05
1975,4,38,7,5.28067e-05
1976,4,38,7,7.09566e-05
1977,4,38,7,6.37189e-05
1978,4,38,7,7.25426e-05
1979,4,38,7,6.1486e-05
1980,4,38,7,5.44639e-05
1981,4,38,7,4.87041e-05
1982,4,38,7,5.27025e-05
1983,4,38,7,5.75557e-05
1984,4,38,7,6.34158e-05
1985,4,38,7,5.66393e-05
1986,4,38,7,6.08065e-05
1987,4,38,7,5.66757e-05
1988,4,38,7,7.6835e-05
1989,4,38,7,3.6717e-05
1990,4,38,7,2.64698e-05
1991,4,38,7,2.24262e-05
1992,4,38,7,1.93244e-05
1993,4,38,7,3.59258e-05
1994,4,38,7,4.39122e-05
1995,4,38,7,3.25498e-05
1996,4,38,7,4.22415e-05
1997,4,38,7,3.15972e-05
1998,4,38,7,5.04734e-05
1999,4,38,7,3.1529e-05
2000,4,38,7,3.32206e-05
2001,4,38,7,3.12574e-05
2002,4,38,7,3.08419e-05
2003,4,38,7,2.53207e-05
2004,4,38,7,3.69815e-05
2005,4,38,7,3.08438e-05
2006,4,38,7,3.70425e-05
2007,4,38,7,6.61535e-05
2008,4,38,7,3.36578e-05
2009,4,38,7,4.00904e-05
2010,4,38,7,0
2011,4,38,7,0
2012,4,38,7,0
2013,4,38,7,0
2014,4,38,7,0
2015,4,38,7,0
2016,4,38,7,0
2017,4,38,7,0
2018,4,38,7,0
2019,4,38,7,0
2020,4,38,7,0
2021,4,38,7,0
2022,4,38,7,0
2023,4,38,7,0
2024,4,38,7,0
1972,4,39,8,0
1973,4,39,8,0
1974,4,39,8,0
1975,4,39,8,0.00345419
1976,4,39,8,0.00262385
1977,4,39,8,0.00215767
1978,4,39,8,0.00286328
1979,4,39,8,0.00198359
1980,4,39,8,0.00205601
1981,4,39,8,0.0020206
1982,4,39,8,0.00189192
1983,4,39,8,0.00223409
1984,4,39,8,0.00253311
1985,4,39,8,0.00172521
1986,4,39,8,0.00237123
1987,4,39,8,0.00216031
1988,4,39,8,0.00254764
1989,4,39,8,0.00119259
1990,4,39,8,0.00125219
1991,4,39,8,0.00158934
1992,4,39,8,0.00129905
1993,4,39,8,0.00121805
1994,4,39,8,0.00171206
1995,4,39,8,0.00210825
1996,4,39,8,0.00187502
1997,4,39,8,0.00125612
1998,4,39,8,0
1999,4,39,8,0
2000,4,39,8,0
2001,4,39,8,0
2002,4,39,8,0
2003,4,39,8,0
2004,4,39,8,0
2005,4,39,8,0
2006,4,39,8,0
2007,4,39,8,0
2008,4,39,8,0
2009,4,39,8,0
2010,4,39,8,0
2011,4,39,8,0
2012,4,39,8,0
2013,4,39,8,0
2014,4,39,8,0
2015,4,39,8,0
2016,4,39,8,0
2017,4,39,8,0
2018,4,39,8,0
2019,4,39,8,0
2020,4,39,8,0
2021,4,39,8,0
2022,4,39,8,0
2023,4,39,8,0
2024,4,39,8,0
1972,4,40,6,0
1973,4,40,6,0
1974,4,40,6,0
1975,4,40,6,0
1976,4,40,6,0
1977,4,40,6,0
1978,4,40,6,0
1979,4,40,6,0
1980,4,40,6,0
1981,4,40,6,0
1982,4,40,6,0
1983,4,40,6,0
1984,4,40,6,0
1985,4,40,6,0
1986,4,40,6,0
1987,4,40,6,0
1988,4,40,6,0
1989,4,40,6,0
1990,4,40,6,0
1991,4,40,6,0
1992,4,40,6,0
1993,4,40,6,0
1994,4,40,6,0
1995,4,40,6,0
1996,4,40,6,0
1997,4,40,6,0
1998,4,40,6,0
1999,4,40,6,0
2000,4,40,6,0
2001,4,40,6,0
2002,4,40,6,0
2003,4,40,6,0
2004,4,40,6,0
2005,4,40,6,0
2006,4,40,6,0
2007,4,40,6,0
2008,4,40,6,0
2009,4,40,6,0
2010,4,40,6,4.3663e-05
2011,4,40,6,2.24417e-05
2012,4,40,6,2.2805e-05
2013,4,40,6,2.52792e-05
2014,4,40,6,5.69526e-05
2015,4,40,6,5.16397e-05
2016,4,40,6,2.98531e-05
2017,4,40,6,3.945e-05
2018,4,40,6,4.52961e-05
2019,4,40,6,3.30902e-05
2020,4,40,6,2.5829e-05
2021,4,40,6,2.68296e-05
2022,4,40,6,1.55673e-05
2023,4,40,6,2.57303e-05
2024,4,40,6,1.48829e-05
1972,4,41,7,0
1973,4,41,7,0
1974,4,41,7,0
1975,4,41,7,0
1976,4,41,7,0
1977,4,41,7,0
1978,4,41,7,0
1979,4,41,7,0
1980,4,41,7,0
1981,4,41,7,0
1982,4,41,7,0
1983,4,41,7,0
1984,4,41,7,0
1985,4,41,7,0
1986,4,41,7,0
1987,4,41,7,0
1988,4,41,7,0
1989,4,41,7,0
1990,4,41,7,0
1991,4,41,7,0
1992,4,41,7,0
1993,4,41,7,0
1994,4,41,7,0
1995,4,41,7,0
1996,4,41,7,0
1997,4,41,7,0
1998,4,41,7,0
1999,4,41,7,0
2000,4,41,7,0
2001,4,41,7,0
2002,4,41,7,0
2003,4,41,7,0
2004,4,41,7,0
2005,4,41,7,0
2006,4,41,7,0
2007,4,41,7,0
2008,4,41,7,0
2009,4,41,7,0
2010,4,41,7,0.00030542
2011,4,41,7,0.000229273
2012,4,41,7,0.000442169
2013,4,41,7,0.000298527
2014,4,41,7,0.000517399
2015,4,41,7,0.000620357
2016,4,41,7,0.000458724
2017,4,41,7,0.000334329
2018,4,41,7,0.000378518
2019,4,41,7,0.000542481
2020,4,41,7,0.000359985
2021,4,41,7,0.00027641
2022,4,41,7,0.000582316
2023,4,41,7,0.000698502
2024,4,41,7,0.000549197
1972,4,42,8,0
1973,4,42,8,0
1974,4,42,8,0
1975,4,42,8,0
1976,4,42,8,0
1977,4,42,8,0
1978,4,42,8,0
1979,4,42,8,0
1980,4,42,8,0
1981,4,42,8,0
1982,4,42,8,0
1983,4,42,8,0
1984,4,42,8,0
1985,4,42,8,0
1986,4,42,8,0
1987,4,42,8,0
1988,4,42,8,0
1989,4,42,8,0
1990,4,42,8,0
1991,4,42,8,0
1992,4,42,8,0
1993,4,42,8,0
1994,4,42,8,0
1995,4,42,8,0
1996,4,42,8,0
1997,4,42,8,0
1998,4,42,8,0
1999,4,42,8,0
2000,4,42,8,0
2001,4,42,8,0
2002,4,42,8,0
2003,4,42,8,0
2004,4,42,8,0
2005,4,42,8,0
2006,4,42,8,0
2007,4,42,8,0
2008,4,42,8,0
2009,4,42,8,0
2010,4,42,8,0.000616538
2011,4,42,8,0.000491008
2012,4,42,8,0.000584136
2013,4,42,8,0.000553399
2014,4,42,8,0.000574614
2015,4,42,8,0.000768013
2016,4,42,8,0.000641013
2017,4,42,8,0.000465379
2018,4,42,8,0.00061875
2019,4,42,8,0.000855272
2020,4,42,8,0.000484569
2021,4,42,8,0.000783245
2022,4,42,8,0.000659629
2023,4,42,8,0.000601157
2024,4,42,8,0.000581343
