age,year,season,area,f
1,1972,1,1,0.005355707
2,1972,1,1,0.03327365
3,1972,1,1,0.03041033
4,1972,1,1,0.02166876
5,1972,1,1,0.01278958
6,1972,1,1,0.009570282
7,1972,1,1,0.008261973
8,1972,1,1,0.007675856
9,1972,1,1,0.007442403
10,1972,1,1,0.007318264
11,1972,1,1,0.00729681
12,1972,1,1,0.007311787
13,1972,1,1,0.007322886
14,1972,1,1,0.007337462
15,1972,1,1,0.007341866
16,1972,1,1,0.007369802
1,1973,1,1,0.01420648
2,1973,1,1,0.09451641
3,1973,1,1,0.0837716
4,1973,1,1,0.05933107
5,1973,1,1,0.03470239
6,1973,1,1,0.02583379
7,1973,1,1,0.02223535
8,1973,1,1,0.02062114
9,1973,1,1,0.01997205
10,1973,1,1,0.01962348
11,1973,1,1,0.0195549
12,1973,1,1,0.0195858
13,1973,1,1,0.01960967
14,1973,1,1,0.01964427
15,1973,1,1,0.01965203
16,1973,1,1,0.01972169
1,1974,1,1,0.009635522
2,1974,1,1,0.06400894
3,1974,1,1,0.05676997
4,1974,1,1,0.04021257
5,1974,1,1,0.02352484
6,1974,1,1,0.01751481
7,1974,1,1,0.01507615
8,1974,1,1,0.01398224
9,1974,1,1,0.01354245
10,1974,1,1,0.01330633
11,1974,1,1,0.01326
12,1974,1,1,0.01328109
13,1974,1,1,0.01329737
14,1974,1,1,0.0133209
15,1974,1,1,0.01332622
16,1974,1,1,0.01337354
1,1975,1,1,0.005156956
2,1975,1,1,0.03860595
3,1975,1,1,0.03254223
4,1975,1,1,0.02280983
5,1975,1,1,0.01313062
6,1975,1,1,0.00968524
7,1975,1,1,0.008291066
8,1975,1,1,0.007664249
9,1975,1,1,0.007408134
10,1975,1,1,0.007268358
11,1975,1,1,0.007235452
12,1975,1,1,0.0072406
13,1975,1,1,0.007245443
14,1975,1,1,0.007255206
15,1975,1,1,0.007255334
16,1975,1,1,0.007277569
1,1976,1,1,0.00498431
2,1976,1,1,0.03420769
3,1976,1,1,0.02991081
4,1976,1,1,0.02112625
5,1976,1,1,0.01230528
6,1976,1,1,0.009138663
7,1976,1,1,0.007854734
8,1976,1,1,0.007278437
9,1976,1,1,0.007045711
10,1976,1,1,0.006920189
11,1976,1,1,0.006894177
12,1976,1,1,0.006903538
13,1976,1,1,0.006910983
14,1976,1,1,0.006922439
15,1976,1,1,0.006924508
16,1976,1,1,0.006948205
1,1977,1,1,0.01406106
2,1977,1,1,0.1095997
3,1977,1,1,0.09088305
4,1977,1,1,0.06347809
5,1977,1,1,0.03634075
6,1977,1,1,0.02671836
7,1977,1,1,0.02282823
8,1977,1,1,0.02107791
9,1977,1,1,0.02035889
10,1977,1,1,0.01996441
11,1977,1,1,0.0198666
12,1977,1,1,0.01987452
13,1977,1,1,0.01988386
14,1977,1,1,0.01990766
15,1977,1,1,0.0199053
16,1977,1,1,0.01996284
1,1978,1,1,0.04479736
2,1978,1,1,0.3436315
3,1978,1,1,0.2867932
4,1978,1,1,0.2005937
5,1978,1,1,0.11509
6,1978,1,1,0.08472559
7,1978,1,1,0.07244543
8,1978,1,1,0.06692177
9,1978,1,1,0.0646575
10,1978,1,1,0.06341781
11,1978,1,1,0.06311654
12,1978,1,1,0.06314957
13,1978,1,1,0.06318429
14,1978,1,1,0.06326372
15,1978,1,1,0.06325965
16,1978,1,1,0.06344693
1,1979,1,1,0.02498421
2,1979,1,1,0.200189
3,1979,1,1,0.1641893
4,1979,1,1,0.114404
5,1979,1,1,0.06524827
6,1979,1,1,0.04786419
7,1979,1,1,0.04084054
8,1979,1,1,0.03767869
9,1979,1,1,0.03637513
10,1979,1,1,0.03565741
11,1979,1,1,0.03547346
12,1979,1,1,0.03547982
13,1979,1,1,0.03549158
14,1979,1,1,0.03553033
15,1979,1,1,0.03552271
16,1979,1,1,0.03562109
1,1980,1,1,0.01847134
2,1980,1,1,0.1393884
3,1980,1,1,0.1171111
4,1980,1,1,0.08202926
5,1980,1,1,0.04716931
6,1980,1,1,0.03477023
7,1980,1,1,0.02975385
8,1980,1,1,0.02749816
9,1980,1,1,0.02657551
10,1980,1,1,0.02607144
11,1980,1,1,0.02595151
12,1980,1,1,0.02596838
13,1980,1,1,0.02598474
14,1980,1,1,0.02601899
15,1980,1,1,0.02601875
16,1980,1,1,0.02609761
1,1981,1,1,0.02521377
2,1981,1,1,0.1905548
3,1981,1,1,0.1600014
4,1981,1,1,0.1120566
5,1981,1,1,0.06442272
6,1981,1,1,0.04748262
7,1981,1,1,0.04062929
8,1981,1,1,0.03754749
9,1981,1,1,0.03628669
10,1981,1,1,0.03559774
11,1981,1,1,0.0354335
12,1981,1,1,0.03545612
13,1981,1,1,0.0354782
14,1981,1,1,0.03552477
15,1981,1,1,0.03552427
16,1981,1,1,0.0356317
1,1982,1,1,0.01680994
2,1982,1,1,0.1259826
3,1982,1,1,0.1061463
4,1982,1,1,0.0743939
5,1982,1,1,0.04281881
6,1982,1,1,0.03158066
7,1982,1,1,0.02703325
8,1982,1,1,0.02498871
9,1982,1,1,0.02415319
10,1982,1,1,0.02369713
11,1982,1,1,0.02358961
12,1982,1,1,0.02360619
13,1982,1,1,0.02362185
14,1982,1,1,0.02365359
15,1982,1,1,0.02365392
16,1982,1,1,0.0237263
1,1983,1,1,0.01028031
2,1983,1,1,0.07465209
3,1983,1,1,0.06372641
4,1983,1,1,0.04478731
5,1983,1,1,0.02588898
6,1983,1,1,0.01914213
7,1983,1,1,0.01641011
8,1983,1,1,0.01518251
9,1983,1,1,0.01468296
10,1983,1,1,0.01441144
11,1983,1,1,0.01435014
12,1983,1,1,0.01436367
13,1983,1,1,0.01437537
14,1983,1,1,0.01439634
15,1983,1,1,0.01439804
16,1983,1,1,0.014444
1,1984,1,1,0.01902022
2,1984,1,1,0.1118343
3,1984,1,1,0.1048545
4,1984,1,1,0.07507825
5,1984,1,1,0.04463419
6,1984,1,1,0.03353445
7,1984,1,1,0.02901776
8,1984,1,1,0.02699646
9,1984,1,1,0.02619758
10,1984,1,1,0.02577624
11,1984,1,1,0.02571186
12,1984,1,1,0.025774
13,1984,1,1,0.02581905
14,1984,1,1,0.02587494
15,1984,1,1,0.02589454
16,1984,1,1,0.02599825
1,1985,1,1,0.04952657
2,1985,1,1,0.3652406
3,1985,1,1,0.3097875
4,1985,1,1,0.2174255
5,1985,1,1,0.1254181
6,1985,1,1,0.09261998
7,1985,1,1,0.07934364
8,1985,1,1,0.07337633
9,1985,1,1,0.070943
10,1985,1,1,0.06961765
11,1985,1,1,0.06931193
12,1985,1,1,0.06936916
13,1985,1,1,0.06942059
14,1985,1,1,0.06951795
15,1985,1,1,0.06952264
16,1985,1,1,0.06974011
1,1986,1,1,0.02902638
2,1986,1,1,0.1758345
3,1986,1,1,0.1625815
4,1986,1,1,0.1161057
5,1986,1,1,0.06875703
6,1986,1,1,0.05154609
7,1986,1,1,0.04454752
8,1986,1,1,0.04141372
9,1986,1,1,0.04016993
10,1986,1,1,0.03951101
11,1986,1,1,0.03940312
12,1986,1,1,0.03949065
13,1986,1,1,0.0395548
14,1986,1,1,0.03963673
15,1986,1,1,0.03966342
16,1986,1,1,0.03981802
1,1987,1,1,0.02454374
2,1987,1,1,0.1659513
3,1987,1,1,0.1460485
4,1987,1,1,0.1032911
5,1987,1,1,0.06028386
6,1987,1,1,0.04482206
7,1987,1,1,0.03855079
8,1987,1,1,0.03573671
9,1987,1,1,0.03460261
10,1987,1,1,0.03399221
11,1987,1,1,0.03386877
12,1987,1,1,0.03391839
13,1987,1,1,0.03395727
14,1987,1,1,0.0340153
15,1987,1,1,0.03402705
16,1987,1,1,0.03414551
1,1988,1,1,0.02916151
2,1988,1,1,0.1628678
3,1988,1,1,0.1564942
4,1988,1,1,0.112563
5,1988,1,1,0.06736495
6,1988,1,1,0.05079923
7,1988,1,1,0.04405024
8,1988,1,1,0.04103294
9,1988,1,1,0.03984912
10,1988,1,1,0.03922962
11,1988,1,1,0.03914694
12,1988,1,1,0.03925435
13,1988,1,1,0.03933107
14,1988,1,1,0.03942234
15,1988,1,1,0.03945778
16,1988,1,1,0.0396229
1,1989,1,1,0.03604378
2,1989,1,1,0.2473385
3,1989,1,1,0.2162822
4,1989,1,1,0.1527637
5,1989,1,1,0.08898091
6,1989,1,1,0.06608343
7,1989,1,1,0.05679943
8,1989,1,1,0.05263228
9,1989,1,1,0.05094949
10,1989,1,1,0.05004189
11,1989,1,1,0.04985384
12,1989,1,1,0.04992158
13,1989,1,1,0.04997545
14,1989,1,1,0.05005832
15,1989,1,1,0.0500733
16,1989,1,1,0.05024468
1,1990,1,1,0.02791622
2,1990,1,1,0.1856417
3,1990,1,1,0.1645713
4,1990,1,1,0.116562
5,1990,1,1,0.06818069
6,1990,1,1,0.05075811
7,1990,1,1,0.04368883
8,1990,1,1,0.04051767
9,1990,1,1,0.03924259
10,1990,1,1,0.0385579
11,1990,1,1,0.03842331
12,1990,1,1,0.03848414
13,1990,1,1,0.03853113
14,1990,1,1,0.03859917
15,1990,1,1,0.03861448
16,1990,1,1,0.03875143
1,1991,1,1,0.05432202
2,1991,1,1,0.3660489
3,1991,1,1,0.3226262
4,1991,1,1,0.2282421
5,1991,1,1,0.1332698
6,1991,1,1,0.09911423
7,1991,1,1,0.0852597
8,1991,1,1,0.07904322
9,1991,1,1,0.07653911
10,1991,1,1,0.07519196
11,1991,1,1,0.07492109
12,1991,1,1,0.07503267
13,1991,1,1,0.07511983
14,1991,1,1,0.07524909
15,1991,1,1,0.07527588
16,1991,1,1,0.07553894
1,1992,1,1,0.02568435
2,1992,1,1,0.1863896
3,1992,1,1,0.159154
4,1992,1,1,0.1118608
5,1992,1,1,0.06466602
6,1992,1,1,0.04781606
7,1992,1,1,0.04099286
8,1992,1,1,0.03792698
9,1992,1,1,0.03667948
10,1992,1,1,0.03600148
11,1992,1,1,0.03584857
12,1992,1,1,0.03588252
13,1992,1,1,0.03591188
14,1992,1,1,0.03596434
15,1992,1,1,0.03596867
16,1992,1,1,0.03608359
1,1993,1,1,0.03486147
2,1993,1,1,0.201188
3,1993,1,1,0.1903029
4,1993,1,1,0.1364859
5,1993,1,1,0.08133776
6,1993,1,1,0.06119282
7,1993,1,1,0.0529919
8,1993,1,1,0.04932316
9,1993,1,1,0.04787701
10,1993,1,1,0.04711643
11,1993,1,1,0.0470055
12,1993,1,1,0.04712473
13,1993,1,1,0.04721068
14,1993,1,1,0.04731557
15,1993,1,1,0.04735388
16,1993,1,1,0.04754666
1,1994,1,1,0.02379631
2,1994,1,1,0.1327542
3,1994,1,1,0.1276282
4,1994,1,1,0.09180931
5,1994,1,1,0.0549525
6,1994,1,1,0.04144242
7,1994,1,1,0.03593816
8,1994,1,1,0.03347741
9,1994,1,1,0.0325121
10,1994,1,1,0.03200704
11,1994,1,1,0.03193985
12,1994,1,1,0.0320277
13,1994,1,1,0.03209044
14,1994,1,1,0.03216502
15,1994,1,1,0.03219404
16,1994,1,1,0.03232888
1,1995,1,1,0.07399338
2,1995,1,1,0.5139919
3,1995,1,1,0.4470969
4,1995,1,1,0.3154522
5,1995,1,1,0.1834413
6,1995,1,1,0.1361075
7,1995,1,1,0.116921
8,1995,1,1,0.108307
9,1995,1,1,0.1048227
10,1995,1,1,0.1029403
11,1995,1,1,0.1025426
12,1995,1,1,0.1026729
13,1995,1,1,0.1027779
14,1995,1,1,0.102944
15,1995,1,1,0.1029708
16,1995,1,1,0.1033182
1,1996,1,1,0.02405692
2,1996,1,1,0.194495
3,1996,1,1,0.1589573
4,1996,1,1,0.1106721
5,1996,1,1,0.0630422
6,1996,1,1,0.04621198
7,1996,1,1,0.03941348
8,1996,1,1,0.03635247
9,1996,1,1,0.03508902
10,1996,1,1,0.03439258
11,1996,1,1,0.03421222
12,1996,1,1,0.0342159
13,1996,1,1,0.03422568
14,1996,1,1,0.03426186
15,1996,1,1,0.03425344
16,1996,1,1,0.03434693
1,1997,1,1,0.0399799
2,1997,1,1,0.2933452
3,1997,1,1,0.2493324
4,1997,1,1,0.1750729
5,1997,1,1,0.1010574
6,1997,1,1,0.07465987
7,1997,1,1,0.0639732
8,1997,1,1,0.05917033
9,1997,1,1,0.05721316
10,1997,1,1,0.05614788
11,1997,1,1,0.05590388
12,1997,1,1,0.05595219
13,1997,1,1,0.05599503
14,1997,1,1,0.05607459
15,1997,1,1,0.05607931
16,1997,1,1,0.05625592
1,1998,1,1,0.08294735
2,1998,1,1,0.6177339
3,1998,1,1,0.5218259
4,1998,1,1,0.3659306
5,1998,1,1,0.2107995
6,1998,1,1,0.1555519
7,1998,1,1,0.1331932
8,1998,1,1,0.1231418
9,1998,1,1,0.1190377
10,1998,1,1,0.1167994
11,1998,1,1,0.1162762
12,1998,1,1,0.1163635
13,1998,1,1,0.1164443
14,1998,1,1,0.1166034
15,1998,1,1,0.1166075
16,1998,1,1,0.1169674
1,1999,1,1,0.04872386
2,1999,1,1,0.3930572
3,1999,1,1,0.3215159
4,1999,1,1,0.2238944
5,1999,1,1,0.1275756
6,1999,1,1,0.09353387
7,1999,1,1,0.07978219
8,1999,1,1,0.07359077
9,1999,1,1,0.07103595
10,1999,1,1,0.06962809
11,1999,1,1,0.0692644
12,1999,1,1,0.06927307
13,1999,1,1,0.06929364
14,1999,1,1,0.06936748
15,1999,1,1,0.06935097
16,1999,1,1,0.06954094
1,2000,1,1,0.1134617
2,2000,1,1,0.9171813
3,2000,1,1,0.7496381
4,2000,1,1,0.521933
5,2000,1,1,0.2973149
6,2000,1,1,0.217944
7,2000,1,1,0.1858824
8,2000,1,1,0.1714468
9,2000,1,1,0.1654885
10,2000,1,1,0.1622042
11,2000,1,1,0.1613538
12,2000,1,1,0.1613713
13,2000,1,1,0.1614176
14,2000,1,1,0.1615883
15,2000,1,1,0.1615487
16,2000,1,1,0.1619897
1,2001,1,1,0.06627611
2,2001,1,1,0.4739832
3,2001,1,1,0.4072178
4,2001,1,1,0.2865796
5,2001,1,1,0.165998
6,2001,1,1,0.1228854
7,2001,1,1,0.1054216
8,2001,1,1,0.09757676
9,2001,1,1,0.09439098
10,2001,1,1,0.09266297
11,2001,1,1,0.09228142
12,2001,1,1,0.09237888
13,2001,1,1,0.09246086
14,2001,1,1,0.09260076
15,2001,1,1,0.09261629
16,2001,1,1,0.09291779
1,2002,1,1,0.05694098
2,2002,1,1,0.4233676
3,2002,1,1,0.3578765
4,2002,1,1,0.2509968
5,2002,1,1,0.1446223
6,2002,1,1,0.1067326
7,2002,1,1,0.09139811
8,2002,1,1,0.08450467
9,2002,1,1,0.0816906
10,2002,1,1,0.08015621
11,2002,1,1,0.07979829
12,2002,1,1,0.07985922
13,2002,1,1,0.07991528
14,2002,1,1,0.08002498
15,2002,1,1,0.08002821
16,2002,1,1,0.08027578
1,2003,1,1,0.08158559
2,2003,1,1,0.6102753
3,2003,1,1,0.514591
4,2003,1,1,0.3607177
5,2003,1,1,0.207672
6,2003,1,1,0.1531902
7,2003,1,1,0.1311437
8,2003,1,1,0.1212318
9,2003,1,1,0.1171823
10,2003,1,1,0.1149725
11,2003,1,1,0.1144528
12,2003,1,1,0.1145349
13,2003,1,1,0.114612
14,2003,1,1,0.1147668
15,2003,1,1,0.1147691
16,2003,1,1,0.1151212
1,2004,1,1,0.05885146
2,2004,1,1,0.459737
3,2004,1,1,0.3808882
4,2004,1,1,0.2659835
5,2004,1,1,0.1522275
6,2004,1,1,0.1119003
7,2004,1,1,0.0955977
8,2004,1,1,0.08826219
9,2004,1,1,0.08524798
10,2004,1,1,0.08359378
11,2004,1,1,0.08318251
12,2004,1,1,0.08321419
13,2004,1,1,0.08325241
14,2004,1,1,0.08335137
15,2004,1,1,0.08334083
16,2004,1,1,0.08358096
1,2005,1,1,0.03820362
2,2005,1,1,0.3010908
3,2005,1,1,0.248571
4,2005,1,1,0.1734493
5,2005,1,1,0.09914828
6,2005,1,1,0.07283025
7,2005,1,1,0.06219308
8,2005,1,1,0.057406
9,2005,1,1,0.05543666
10,2005,1,1,0.05435466
11,2005,1,1,0.05408274
12,2005,1,1,0.05409956
13,2005,1,1,0.05412201
14,2005,1,1,0.05418453
15,2005,1,1,0.05417602
16,2005,1,1,0.05433003
1,2006,1,1,0.03218093
2,2006,1,1,0.2462651
3,2006,1,1,0.2057306
4,2006,1,1,0.1439255
5,2006,1,1,0.08260374
6,2006,1,1,0.06082192
7,2006,1,1,0.05201231
8,2006,1,1,0.04804988
9,2006,1,1,0.04642612
10,2006,1,1,0.04553738
11,2006,1,1,0.04532205
12,2006,1,1,0.04534661
13,2006,1,1,0.04537207
14,2006,1,1,0.04542952
15,2006,1,1,0.04542697
16,2006,1,1,0.04556192
1,2007,1,1,0.03276688
2,2007,1,1,0.2456494
3,2007,1,1,0.2069446
4,2007,1,1,0.1450356
5,2007,1,1,0.08347439
6,2007,1,1,0.06156431
7,2007,1,1,0.05269867
8,2007,1,1,0.04871259
9,2007,1,1,0.04708359
10,2007,1,1,0.04619439
11,2007,1,1,0.04598465
12,2007,1,1,0.04601686
13,2007,1,1,0.04604732
14,2007,1,1,0.04610913
15,2007,1,1,0.04610973
16,2007,1,1,0.04625076
1,2008,1,1,0.03650377
2,2008,1,1,0.2854415
3,2008,1,1,0.2363927
4,2008,1,1,0.1650646
5,2008,1,1,0.09445697
6,2008,1,1,0.06942847
7,2008,1,1,0.0593107
8,2008,1,1,0.05475803
9,2008,1,1,0.05288707
10,2008,1,1,0.05186016
11,2008,1,1,0.05160454
12,2008,1,1,0.05162379
13,2008,1,1,0.05164725
14,2008,1,1,0.05170844
15,2008,1,1,0.05170173
16,2008,1,1,0.05185048
1,2009,1,1,0.03667346
2,2009,1,1,0.2813369
3,2009,1,1,0.234795
4,2009,1,1,0.1642231
5,2009,1,1,0.09422145
6,2009,1,1,0.06936239
7,2009,1,1,0.05930876
8,2009,1,1,0.05478658
9,2009,1,1,0.05293283
10,2009,1,1,0.05191788
11,2009,1,1,0.05167121
12,2009,1,1,0.05169822
13,2009,1,1,0.05172662
14,2009,1,1,0.05179163
15,2009,1,1,0.05178829
16,2009,1,1,0.05194159
1,2010,1,1,0.06876327
2,2010,1,1,0.4762971
3,2010,1,1,0.4148173
4,2010,1,1,0.2927508
5,2010,1,1,0.1703056
6,2010,1,1,0.1263893
7,2010,1,1,0.1085868
8,2010,1,1,0.1005947
9,2010,1,1,0.09736321
10,2010,1,1,0.09561804
11,2010,1,1,0.09525103
12,2010,1,1,0.09537401
13,2010,1,1,0.09547283
14,2010,1,1,0.09562804
15,2010,1,1,0.09565385
16,2010,1,1,0.09597766
1,2011,1,1,0.0287262
2,2011,1,1,0.2294749
3,2011,1,1,0.1884344
4,2011,1,1,0.1313322
5,2011,1,1,0.07493419
6,2011,1,1,0.0549831
7,2011,1,1,0.04692177
8,2011,1,1,0.04329298
9,2011,1,1,0.04179751
10,2011,1,1,0.04097444
11,2011,1,1,0.04076424
12,2011,1,1,0.04077254
13,2011,1,1,0.04078669
14,2011,1,1,0.04083169
15,2011,1,1,0.04082337
16,2011,1,1,0.04093698
1,2012,1,1,0.04240912
2,2012,1,1,0.3395255
3,2012,1,1,0.2785605
4,2012,1,1,0.1941098
5,2012,1,1,0.1107197
6,2012,1,1,0.08122619
7,2012,1,1,0.06930979
8,2012,1,1,0.06394543
9,2012,1,1,0.06173408
10,2012,1,1,0.06051666
11,2012,1,1,0.06020494
12,2012,1,1,0.06021615
13,2012,1,1,0.06023636
14,2012,1,1,0.06030231
15,2012,1,1,0.06028956
16,2012,1,1,0.06045676
1,2013,1,1,0.03382677
2,2013,1,1,0.2714654
3,2013,1,1,0.2225107
4,2013,1,1,0.1550202
5,2013,1,1,0.08839403
6,2013,1,1,0.06483494
7,2013,1,1,0.05531676
8,2013,1,1,0.05103181
9,2013,1,1,0.04926487
10,2013,1,1,0.04829182
11,2013,1,1,0.04804198
12,2013,1,1,0.04804999
13,2013,1,1,0.04806554
14,2013,1,1,0.04811772
15,2013,1,1,0.04810714
16,2013,1,1,0.04824004
1,2014,1,1,0.02430719
2,2014,1,1,0.1940206
3,2014,1,1,0.1593708
4,2014,1,1,0.1110836
5,2014,1,1,0.06338781
6,2014,1,1,0.04651393
7,2014,1,1,0.03969584
8,2014,1,1,0.03662674
9,2014,1,1,0.03536205
10,2014,1,1,0.03466607
11,2014,1,1,0.03448849
12,2014,1,1,0.03449573
13,2014,1,1,0.03450784
14,2014,1,1,0.03454602
15,2014,1,1,0.03453907
16,2014,1,1,0.03463532
1,2015,1,1,0.01770319
2,2015,1,1,0.1426926
3,2015,1,1,0.1167593
4,2015,1,1,0.0813137
5,2015,1,1,0.04633808
6,2015,1,1,0.03397576
7,2015,1,1,0.02898172
8,2015,1,1,0.02673329
9,2015,1,1,0.02580559
10,2015,1,1,0.02529443
11,2015,1,1,0.02516252
12,2015,1,1,0.02516584
13,2015,1,1,0.02517342
14,2015,1,1,0.02520032
15,2015,1,1,0.0251944
16,2015,1,1,0.02526351
1,2016,1,1,0.03160847
2,2016,1,1,0.2531785
3,2016,1,1,0.2076783
4,2016,1,1,0.1447107
5,2016,1,1,0.08253711
6,2016,1,1,0.06054848
7,2016,1,1,0.05166441
8,2016,1,1,0.04766507
9,2016,1,1,0.04601631
10,2016,1,1,0.04510857
11,2016,1,1,0.04487601
12,2016,1,1,0.04488418
13,2016,1,1,0.04489914
14,2016,1,1,0.04494822
15,2016,1,1,0.04493863
16,2016,1,1,0.04506316
1,2017,1,1,0.04815367
2,2017,1,1,0.372381
3,2017,1,1,0.3097718
4,2017,1,1,0.2165123
5,2017,1,1,0.1240859
6,2017,1,1,0.09128845
7,2017,1,1,0.07802675
8,2017,1,1,0.07206068
9,2017,1,1,0.06961244
10,2017,1,1,0.06827061
11,2017,1,1,0.06794116
12,2017,1,1,0.06797243
13,2017,1,1,0.06800707
14,2017,1,1,0.0680905
15,2017,1,1,0.06808425
16,2017,1,1,0.06828342
1,2018,1,1,0.01783414
2,2018,1,1,0.1426528
3,2018,1,1,0.1170792
4,2018,1,1,0.08159075
5,2018,1,1,0.04654481
6,2018,1,1,0.03414868
7,2018,1,1,0.02914011
8,2018,1,1,0.02688546
9,2018,1,1,0.02595613
10,2018,1,1,0.02544457
11,2018,1,1,0.02531372
12,2018,1,1,0.02531861
13,2018,1,1,0.02532722
14,2018,1,1,0.02535504
15,2018,1,1,0.02534975
16,2018,1,1,0.02542015
1,2019,1,1,0.01947
2,2019,1,1,0.1538707
3,2019,1,1,0.1268914
4,2019,1,1,0.08852172
5,2019,1,1,0.05058229
6,2019,1,1,0.03714735
7,2019,1,1,0.03171758
8,2019,1,1,0.02927387
9,2019,1,1,0.02826821
10,2019,1,1,0.02771547
11,2019,1,1,0.0275761
12,2019,1,1,0.02758408
13,2019,1,1,0.02759514
14,2019,1,1,0.02762672
15,2019,1,1,0.02762213
16,2019,1,1,0.02770031
1,2020,1,1,0.0340021
2,2020,1,1,0.2691894
3,2020,1,1,0.2218355
4,2020,1,1,0.1547328
5,2020,1,1,0.08839475
6,2020,1,1,0.06490734
7,2020,1,1,0.05541521
8,2020,1,1,0.05114308
9,2020,1,1,0.04938455
10,2020,1,1,0.0484178
11,2020,1,1,0.04817353
12,2020,1,1,0.04818679
13,2020,1,1,0.04820569
14,2020,1,1,0.04826054
15,2020,1,1,0.04825222
16,2020,1,1,0.04838842
1,2021,1,1,0.1160707
2,2021,1,1,0.9198264
3,2021,1,1,0.757718
4,2021,1,1,0.5284711
5,2021,1,1,0.3018605
6,2021,1,1,0.2216351
7,2021,1,1,0.1892138
8,2021,1,1,0.1746216
9,2021,1,1,0.1686143
10,2021,1,1,0.1653114
11,2021,1,1,0.1644758
12,2021,1,1,0.1645198
13,2021,1,1,0.1645835
14,2021,1,1,0.1647702
15,2021,1,1,0.1647412
16,2021,1,1,0.1652055
1,2022,1,1,0.0361036
2,2022,1,1,0.2767504
3,2022,1,1,0.2310399
4,2022,1,1,0.1616076
5,2022,1,1,0.09273068
6,2022,1,1,0.06826921
7,2022,1,1,0.05837619
8,2022,1,1,0.05392633
9,2022,1,1,0.05210241
10,2022,1,1,0.0511039
11,2022,1,1,0.05086145
12,2022,1,1,0.05088835
13,2022,1,1,0.0509165
14,2022,1,1,0.05098064
15,2022,1,1,0.05097748
16,2022,1,1,0.05112855
1,2023,1,1,0.01164198
2,2023,1,1,0.09344503
3,2023,1,1,0.0765884
4,2023,1,1,0.05335728
5,2023,1,1,0.03042412
6,2023,1,1,0.02231506
7,2023,1,1,0.0190389
8,2023,1,1,0.01756402
9,2023,1,1,0.01695583
10,2023,1,1,0.01662089
11,2023,1,1,0.01653487
12,2023,1,1,0.0165376
13,2023,1,1,0.01654294
14,2023,1,1,0.01656089
15,2023,1,1,0.01655724
16,2023,1,1,0.01660296
1,2024,1,1,0.01260001
2,2024,1,1,0.09042807
3,2024,1,1,0.07757527
4,2024,1,1,0.05457673
5,2024,1,1,0.03159793
6,2024,1,1,0.02338493
7,2024,1,1,0.02005833
8,2024,1,1,0.01856389
9,2024,1,1,0.01795672
10,2024,1,1,0.01762722
11,2024,1,1,0.01755409
12,2024,1,1,0.01757218
13,2024,1,1,0.01758748
14,2024,1,1,0.01761387
15,2024,1,1,0.01761662
16,2024,1,1,0.01767372
1,1972,2,1,0.02593827
2,1972,2,1,0.1996006
3,1972,2,1,0.1663716
4,1972,2,1,0.116334
5,1972,2,1,0.06671731
6,1972,2,1,0.04910259
7,1972,2,1,0.04197925
8,1972,2,1,0.03877495
9,1972,2,1,0.03746089
10,1972,2,1,0.03674114
11,1972,2,1,0.03656552
12,1972,2,1,0.03658375
13,1972,2,1,0.03660328
14,1972,2,1,0.03664887
15,1972,2,1,0.03664611
16,1972,2,1,0.0367541
1,1973,2,1,0.04979738
2,1973,2,1,0.3879469
3,1973,2,1,0.3217631
4,1973,2,1,0.2247485
5,1973,2,1,0.1286761
6,1973,2,1,0.09460891
7,1973,2,1,0.08083609
8,1973,2,1,0.07463922
9,1973,2,1,0.07209379
10,1973,2,1,0.07069736
11,1973,2,1,0.07035134
12,1973,2,1,0.07037965
13,1973,2,1,0.07041293
14,1973,2,1,0.07049735
15,1973,2,1,0.0704891
16,1973,2,1,0.07069304
1,1974,2,1,0.08856176
2,1974,2,1,0.6937594
3,1974,2,1,0.5741327
4,1974,2,1,0.4008333
5,1974,2,1,0.2293172
6,1974,2,1,0.1685298
7,1974,2,1,0.1439575
8,1974,2,1,0.1329004
9,1974,2,1,0.1283553
10,1974,2,1,0.1258601
11,1974,2,1,0.1252376
12,1974,2,1,0.1252825
13,1974,2,1,0.1253383
14,1974,2,1,0.125486
15,1974,2,1,0.1254689
16,1974,2,1,0.1258289
1,1975,2,1,0.05715467
2,1975,2,1,0.4520748
3,1975,2,1,0.3726833
4,1975,2,1,0.2599713
5,1975,2,1,0.1485332
6,1975,2,1,0.1090744
7,1975,2,1,0.09312735
8,1975,2,1,0.08595015
9,1975,2,1,0.08299617
10,1975,2,1,0.08137242
11,1975,2,1,0.08096258
12,1975,2,1,0.08098545
13,1975,2,1,0.08101759
14,1975,2,1,0.08111005
15,1975,2,1,0.08109631
16,1975,2,1,0.08132555
1,1976,2,1,0.09988659
2,1976,2,1,0.7592438
3,1976,2,1,0.6360166
4,1976,2,1,0.4452089
5,1976,2,1,0.2557559
6,1976,2,1,0.1884176
7,1976,2,1,0.1611786
8,1976,2,1,0.1489285
9,1976,2,1,0.143913
10,1976,2,1,0.1411703
11,1976,2,1,0.1405115
12,1976,2,1,0.140595
13,1976,2,1,0.1406786
14,1976,2,1,0.1408602
15,1976,2,1,0.1408555
16,1976,2,1,0.1412781
1,1977,2,1,0.08845205
2,1977,2,1,0.6856083
3,1977,2,1,0.5698013
4,1977,2,1,0.3981769
5,1977,2,1,0.2281275
6,1977,2,1,0.1677991
7,1977,2,1,0.1434064
8,1977,2,1,0.1324324
9,1977,2,1,0.1279277
10,1977,2,1,0.125458
11,1977,2,1,0.1248499
12,1977,2,1,0.1249051
13,1977,2,1,0.1249673
14,1977,2,1,0.1251195
15,1977,2,1,0.125107
16,1977,2,1,0.1254717
1,1978,2,1,0.1079536
2,1978,2,1,0.8529486
3,1978,2,1,0.703462
4,1978,2,1,0.490758
5,1978,2,1,0.2804338
6,1978,2,1,0.205953
7,1978,2,1,0.1758512
8,1978,2,1,0.1623038
9,1978,2,1,0.1567288
10,1978,2,1,0.1536647
11,1978,2,1,0.1528923
12,1978,2,1,0.1529368
13,1978,2,1,0.1529984
14,1978,2,1,0.1531736
15,1978,2,1,0.1531482
16,1978,2,1,0.1535819
1,1979,2,1,0.09881604
2,1979,2,1,0.7929403
3,1979,2,1,0.6499698
4,1979,2,1,0.4528288
5,1979,2,1,0.2582107
6,1979,2,1,0.1893929
7,1979,2,1,0.1615896
8,1979,2,1,0.149073
9,1979,2,1,0.1439117
10,1979,2,1,0.1410694
11,1979,2,1,0.1403397
12,1979,2,1,0.1403632
13,1979,2,1,0.1404087
14,1979,2,1,0.1405611
15,1979,2,1,0.1405303
16,1979,2,1,0.1409186
1,1980,2,1,0.1171706
2,1980,2,1,0.917481
3,1980,2,1,0.7594062
4,1980,2,1,0.5302024
5,1980,2,1,0.303347
6,1980,2,1,0.2229435
7,1980,2,1,0.1904413
8,1980,2,1,0.1758161
9,1980,2,1,0.1698046
10,1980,2,1,0.1665045
11,1980,2,1,0.1656816
12,1980,2,1,0.1657416
13,1980,2,1,0.1658158
14,1980,2,1,0.1660114
15,1980,2,1,0.1659891
16,1980,2,1,0.1664656
1,1981,2,1,0.1099557
2,1981,2,1,0.7672304
3,1981,2,1,0.6660971
4,1981,2,1,0.4697838
5,1981,2,1,0.2730234
6,1981,2,1,0.202504
7,1981,2,1,0.1739222
8,1981,2,1,0.1610891
9,1981,2,1,0.155895
10,1981,2,1,0.1530871
11,1981,2,1,0.1524898
12,1981,2,1,0.1526785
13,1981,2,1,0.1528315
14,1981,2,1,0.153076
15,1981,2,1,0.1531138
16,1981,2,1,0.1536276
1,1982,2,1,0.0820602
2,1982,2,1,0.6392872
3,1982,2,1,0.5302258
4,1982,2,1,0.370358
5,1982,2,1,0.2120426
6,1982,2,1,0.1559041
7,1982,2,1,0.1332082
8,1982,2,1,0.1229965
9,1982,2,1,0.1188019
10,1982,2,1,0.1165008
11,1982,2,1,0.1159306
12,1982,2,1,0.1159772
13,1982,2,1,0.1160321
14,1982,2,1,0.1161712
15,1982,2,1,0.1161576
16,1982,2,1,0.1164937
1,1983,2,1,0.06202217
2,1983,2,1,0.4876354
3,1983,2,1,0.4029628
4,1983,2,1,0.2812406
5,1983,2,1,0.1608177
6,1983,2,1,0.1181531
7,1983,2,1,0.1009081
8,1983,2,1,0.09314765
9,1983,2,1,0.08995612
10,1983,2,1,0.08820315
11,1983,2,1,0.08776389
12,1983,2,1,0.08779286
13,1983,2,1,0.08783035
14,1983,2,1,0.0879326
15,1983,2,1,0.08791953
16,1983,2,1,0.08817038
1,1984,2,1,0.1372046
2,1984,2,1,1.003227
3,1984,2,1,0.8539377
4,1984,2,1,0.5997892
5,1984,2,1,0.3463797
6,1984,2,1,0.2559711
7,1984,2,1,0.2193675
8,1984,2,1,0.202918
9,1984,2,1,0.1962179
10,1984,2,1,0.1925728
11,1984,2,1,0.1917419
12,1984,2,1,0.1919127
13,1984,2,1,0.1920628
14,1984,2,1,0.1923381
15,1984,2,1,0.1923565
16,1984,2,1,0.1929651
1,1985,2,1,0.1832027
2,1985,2,1,1.252258
3,1985,2,1,1.096878
4,1985,2,1,0.7750104
5,1985,2,1,0.4516609
6,1985,2,1,0.3355363
7,1985,2,1,0.2884482
8,1985,2,1,0.2673142
9,1985,2,1,0.2587843
10,1985,2,1,0.2541863
11,1985,2,1,0.2532397
12,1985,2,1,0.2535909
13,1985,2,1,0.2538691
14,1985,2,1,0.2542935
15,1985,2,1,0.2543727
16,1985,2,1,0.2552473
1,1986,2,1,0.1067577
2,1986,2,1,0.7714842
3,1986,2,1,0.6599147
4,1986,2,1,0.46399
5,1986,2,1,0.2683825
6,1986,2,1,0.1985162
7,1986,2,1,0.1702219
8,1986,2,1,0.1575094
9,1986,2,1,0.1523396
10,1986,2,1,0.1495315
11,1986,2,1,0.148902
12,1986,2,1,0.1490477
13,1986,2,1,0.1491726
14,1986,2,1,0.1493928
15,1986,2,1,0.1494128
16,1986,2,1,0.1498928
1,1987,2,1,0.05991943
2,1987,2,1,0.4281246
3,1987,2,1,0.3679631
4,1987,2,1,0.2589753
5,1987,2,1,0.1500274
6,1987,2,1,0.1110707
7,1987,2,1,0.09529007
8,1987,2,1,0.08820141
9,1987,2,1,0.08532308
10,1987,2,1,0.08376203
11,1987,2,1,0.08341782
12,1987,2,1,0.0835065
13,1987,2,1,0.08358097
14,1987,2,1,0.08370771
15,1987,2,1,0.083722
16,1987,2,1,0.08399487
1,1988,2,1,0.06577113
2,1988,2,1,0.4736028
3,1988,2,1,0.4057192
4,1988,2,1,0.2853531
5,1988,2,1,0.1651346
6,1988,2,1,0.1221804
7,1988,2,1,0.1047835
8,1988,2,1,0.09696773
9,1988,2,1,0.09379081
10,1988,2,1,0.092066
11,1988,2,1,0.09168134
12,1988,2,1,0.0917735
13,1988,2,1,0.09185197
14,1988,2,1,0.0919887
15,1988,2,1,0.09200209
16,1988,2,1,0.09229901
1,1989,2,1,0.05194479
2,1989,2,1,0.3597556
3,1989,2,1,0.3133362
4,1989,2,1,0.2211346
5,1989,2,1,0.1286457
6,1989,2,1,0.09547304
7,1989,2,1,0.08202575
8,1989,2,1,0.07598882
9,1989,2,1,0.07354791
10,1989,2,1,0.07222973
11,1989,2,1,0.07195257
12,1989,2,1,0.07204553
13,1989,2,1,0.07212022
14,1989,2,1,0.0722375
15,1989,2,1,0.07225702
16,1989,2,1,0.07250167
1,1990,2,1,0.05631084
2,1990,2,1,0.3890125
3,1990,2,1,0.3391855
4,1990,2,1,0.2394307
5,1990,2,1,0.1393367
6,1990,2,1,0.1034275
7,1990,2,1,0.08886999
8,1990,2,1,0.08233498
9,1990,2,1,0.07969358
10,1990,2,1,0.07826763
11,1990,2,1,0.07796901
12,1990,2,1,0.07807117
13,1990,2,1,0.07815301
14,1990,2,1,0.07828079
15,1990,2,1,0.07830257
16,1990,2,1,0.07856847
1,1991,2,1,0.08292506
2,1991,2,1,0.6106423
3,1991,2,1,0.5182472
4,1991,2,1,0.3637808
5,1991,2,1,0.2098827
6,1991,2,1,0.1550143
7,1991,2,1,0.1328034
8,1991,2,1,0.1228206
9,1991,2,1,0.1187506
10,1991,2,1,0.1165343
11,1991,2,1,0.1160241
12,1991,2,1,0.1161212
13,1991,2,1,0.1162081
14,1991,2,1,0.1163717
15,1991,2,1,0.1163801
16,1991,2,1,0.1167448
1,1992,2,1,0.08990327
2,1992,2,1,0.6491693
3,1992,2,1,0.5554739
4,1992,2,1,0.3905844
5,1992,2,1,0.2259473
6,1992,2,1,0.1671383
7,1992,2,1,0.1433216
8,1992,2,1,0.132621
9,1992,2,1,0.1282699
10,1992,2,1,0.1259067
11,1992,2,1,0.1253775
12,1992,2,1,0.1255009
13,1992,2,1,0.1256066
14,1992,2,1,0.1257923
15,1992,2,1,0.1258095
16,1992,2,1,0.1262141
1,1993,2,1,0.1352946
2,1993,2,1,0.8861672
3,1993,2,1,0.7908661
4,1993,2,1,0.5609028
5,1993,2,1,0.3287532
6,1993,2,1,0.2450277
7,1993,2,1,0.2110438
8,1993,2,1,0.1958037
9,1993,2,1,0.1896887
10,1993,2,1,0.1864121
11,1993,2,1,0.1857851
12,1993,2,1,0.186099
13,1993,2,1,0.1863388
14,1993,2,1,0.1866773
15,1993,2,1,0.18676
16,1993,2,1,0.1874333
1,1994,2,1,0.05439589
2,1994,2,1,0.3877956
3,1994,2,1,0.3336147
4,1994,2,1,0.2348465
5,1994,2,1,0.1360902
6,1994,2,1,0.1007701
7,1994,2,1,0.08646185
8,1994,2,1,0.08003485
9,1994,2,1,0.07742597
10,1994,2,1,0.07601149
11,1994,2,1,0.07570061
12,1994,2,1,0.07578234
13,1994,2,1,0.07585071
14,1994,2,1,0.07596633
15,1994,2,1,0.07597984
16,1994,2,1,0.07622817
1,1995,2,1,0.03455541
2,1995,2,1,0.2488754
3,1995,2,1,0.213185
4,1995,2,1,0.1499361
5,1995,2,1,0.08676602
6,1995,2,1,0.06419579
7,1995,2,1,0.05505464
8,1995,2,1,0.05094783
9,1995,2,1,0.04927847
10,1995,2,1,0.04837213
11,1995,2,1,0.04816993
12,1995,2,1,0.04821828
13,1995,2,1,0.04825947
14,1995,2,1,0.04833127
15,1995,2,1,0.04833828
16,1995,2,1,0.04849424
1,1996,2,1,0.1488968
2,1996,2,1,1.118729
3,1996,2,1,0.9416073
4,1996,2,1,0.6597907
5,1996,2,1,0.3796246
6,1996,2,1,0.2799326
7,1996,2,1,0.2395955
8,1996,2,1,0.2214588
9,1996,2,1,0.2140446
10,1996,2,1,0.2099964
11,1996,2,1,0.2090387
12,1996,2,1,0.2091816
13,1996,2,1,0.2093178
14,1996,2,1,0.2095971
15,1996,2,1,0.2095982
16,1996,2,1,0.2102373
1,1997,2,1,0.1441304
2,1997,2,1,1.012098
3,1997,2,1,0.8763046
4,1997,2,1,0.6176927
5,1997,2,1,0.3586761
6,1997,2,1,0.2659018
7,1997,2,1,0.2283055
8,1997,2,1,0.2114229
9,1997,2,1,0.2045838
10,1997,2,1,0.2008835
11,1997,2,1,0.2000885
12,1997,2,1,0.2003269
13,1997,2,1,0.2005218
14,1997,2,1,0.2008381
15,1997,2,1,0.2008836
16,1997,2,1,0.2015526
1,1998,2,1,0.0716581
2,1998,2,1,0.5124844
3,1998,2,1,0.4402917
4,1998,2,1,0.3098548
5,1998,2,1,0.1794794
6,1998,2,1,0.1328652
7,1998,2,1,0.113983
8,1998,2,1,0.105501
9,1998,2,1,0.1020565
10,1998,2,1,0.1001881
11,1998,2,1,0.09977554
12,1998,2,1,0.09988091
13,1998,2,1,0.09996953
14,1998,2,1,0.1001208
15,1998,2,1,0.1001376
16,1998,2,1,0.1004635
1,1999,2,1,0.1473478
2,1999,2,1,0.9841567
3,1999,2,1,0.8707774
4,1999,2,1,0.6165132
5,1999,2,1,0.3604064
6,1999,2,1,0.2682201
7,1999,2,1,0.2308188
8,1999,2,1,0.2140399
9,1999,2,1,0.2072892
10,1999,2,1,0.2036621
11,1999,2,1,0.2029436
12,1999,2,1,0.2032587
13,1999,2,1,0.2035029
14,1999,2,1,0.2038592
15,1999,2,1,0.2039373
16,1999,2,1,0.2046571
1,2000,2,1,0.1240349
2,2000,2,1,0.9253195
3,2000,2,1,0.7811013
4,2000,2,1,0.5476647
5,2000,2,1,0.3154161
6,2000,2,1,0.2327179
7,2000,2,1,0.1992513
8,2000,2,1,0.1842059
9,2000,2,1,0.1780612
10,2000,2,1,0.1747093
11,2000,2,1,0.1739239
12,2000,2,1,0.1740522
13,2000,2,1,0.1741716
14,2000,2,1,0.1744085
15,2000,2,1,0.1744136
16,2000,2,1,0.1749507
1,2001,2,1,0.1260982
2,2001,2,1,0.9223735
3,2001,2,1,0.7849901
4,2001,2,1,0.5513431
5,2001,2,1,0.3183853
6,2001,2,1,0.2352763
7,2001,2,1,0.2016284
8,2001,2,1,0.1865071
9,2001,2,1,0.1803477
10,2001,2,1,0.1769965
11,2001,2,1,0.1762322
12,2001,2,1,0.1763886
13,2001,2,1,0.1765263
14,2001,2,1,0.1767791
15,2001,2,1,0.1767958
16,2001,2,1,0.1773548
1,2002,2,1,0.05948752
2,2002,2,1,0.4479004
3,2002,2,1,0.3766613
4,2002,2,1,0.2638804
5,2002,2,1,0.1517855
6,2002,2,1,0.1119067
7,2002,2,1,0.09577186
8,2002,2,1,0.08851689
9,2002,2,1,0.08555026
10,2002,2,1,0.08392998
11,2002,2,1,0.08354562
12,2002,2,1,0.08360137
13,2002,2,1,0.08365495
14,2002,2,1,0.08376591
15,2002,2,1,0.08376578
16,2002,2,1,0.08402045
1,2003,2,1,0.1378417
2,2003,2,1,1.020194
3,2003,2,1,0.8640139
4,2003,2,1,0.6062202
5,2003,2,1,0.3495169
6,2003,2,1,0.2580408
7,2003,2,1,0.2210154
8,2003,2,1,0.2043724
9,2003,2,1,0.1975825
10,2003,2,1,0.1938825
11,2003,2,1,0.1930248
12,2003,2,1,0.193179
13,2003,2,1,0.1933188
14,2003,2,1,0.1935874
15,2003,2,1,0.1935982
16,2003,2,1,0.1942008
1,2004,2,1,0.2134513
2,2004,2,1,1.473167
3,2004,2,1,1.285008
4,2004,2,1,0.9071629
5,2004,2,1,0.5279917
6,2004,2,1,0.3919494
7,2004,2,1,0.3367971
8,2004,2,1,0.312039
9,2004,2,1,0.3020333
10,2004,2,1,0.2966325
11,2004,2,1,0.2955032
12,2004,2,1,0.2958925
13,2004,2,1,0.296204
14,2004,2,1,0.2966892
15,2004,2,1,0.2967727
16,2004,2,1,0.2977816
1,2005,2,1,0.09181375
2,2005,2,1,0.7048036
3,2005,2,1,0.5880504
4,2005,2,1,0.4112775
5,2005,2,1,0.2359454
6,2005,2,1,0.1736852
7,2005,2,1,0.148506
8,2005,2,1,0.1371801
9,2005,2,1,0.1325369
10,2005,2,1,0.1299945
11,2005,2,1,0.1293761
12,2005,2,1,0.1294431
13,2005,2,1,0.1295138
14,2005,2,1,0.1296762
15,2005,2,1,0.1296676
16,2005,2,1,0.130051
1,2006,2,1,0.08484224
2,2006,2,1,0.6285024
3,2006,2,1,0.5320869
4,2006,2,1,0.3732998
5,2006,2,1,0.2151999
6,2006,2,1,0.158866
7,2006,2,1,0.1360651
8,2006,2,1,0.1258158
9,2006,2,1,0.1216339
10,2006,2,1,0.1193548
11,2006,2,1,0.1188258
12,2006,2,1,0.1189199
13,2006,2,1,0.1190055
14,2006,2,1,0.1191704
15,2006,2,1,0.1191767
16,2006,2,1,0.1195472
1,2007,2,1,0.259586
2,2007,2,1,1.556977
3,2007,2,1,1.446273
4,2007,2,1,1.033746
5,2007,2,1,0.6129726
6,2007,2,1,0.4598705
7,2007,2,1,0.3975994
8,2007,2,1,0.3697212
9,2007,2,1,0.3586719
10,2007,2,1,0.3528269
11,2007,2,1,0.3518911
12,2007,2,1,0.3526958
13,2007,2,1,0.3532833
14,2007,2,1,0.3540261
15,2007,2,1,0.3542745
16,2007,2,1,0.3556681
1,2008,2,1,0.07256739
2,2008,2,1,0.5171093
3,2008,2,1,0.4449462
4,2008,2,1,0.3132303
5,2008,2,1,0.1815236
6,2008,2,1,0.1344167
7,2008,2,1,0.1153334
8,2008,2,1,0.1067616
9,2008,2,1,0.1032823
10,2008,2,1,0.101396
11,2008,2,1,0.1009817
12,2008,2,1,0.1010911
13,2008,2,1,0.1011825
14,2008,2,1,0.1013369
15,2008,2,1,0.1013551
16,2008,2,1,0.1016865
1,2009,2,1,0.2561479
2,2009,2,1,1.562045
3,2009,2,1,1.439872
4,2009,2,1,1.027664
5,2009,2,1,0.6080447
6,2009,2,1,0.4556186
7,2009,2,1,0.3936465
8,2009,2,1,0.3658932
9,2009,2,1,0.3548677
10,2009,2,1,0.349021
11,2009,2,1,0.3480496
12,2009,2,1,0.3488074
13,2009,2,1,0.3493643
14,2009,2,1,0.3500805
15,2009,2,1,0.3503095
16,2009,2,1,0.3516664
1,2010,2,1,0.08336829
2,2010,2,1,0.6169582
3,2010,2,1,0.5225325
4,2010,2,1,0.3666292
5,2010,2,1,0.2113836
6,2010,2,1,0.1560613
7,2010,2,1,0.1336692
8,2010,2,1,0.123604
9,2010,2,1,0.1194977
10,2010,2,1,0.1172602
11,2010,2,1,0.1167415
12,2010,2,1,0.1168348
13,2010,2,1,0.1169195
14,2010,2,1,0.117082
15,2010,2,1,0.1170885
16,2010,2,1,0.1174531
1,2011,2,1,0.1315179
2,2011,2,1,0.9519665
3,2011,2,1,0.813739
4,2011,2,1,0.5720628
5,2011,2,1,0.3308211
6,2011,2,1,0.244669
7,2011,2,1,0.2097807
8,2011,2,1,0.194105
9,2011,2,1,0.1877288
10,2011,2,1,0.1842646
11,2011,2,1,0.1834862
12,2011,2,1,0.1836635
13,2011,2,1,0.183816
14,2011,2,1,0.1840862
15,2011,2,1,0.1841099
16,2011,2,1,0.1847001
1,2012,2,1,0.2416789
2,2012,2,1,1.514355
3,2012,2,1,1.378668
4,2012,2,1,0.9816239
5,2012,2,1,0.578734
6,2012,2,1,0.4327846
7,2012,2,1,0.3734832
8,2012,2,1,0.346912
9,2012,2,1,0.336316
10,2012,2,1,0.3306745
11,2012,2,1,0.3296824
12,2012,2,1,0.3303401
13,2012,2,1,0.3308295
14,2012,2,1,0.3314788
15,2012,2,1,0.3316695
16,2012,2,1,0.332921
1,2013,2,1,0.1807866
2,2013,2,1,1.257142
3,2013,2,1,1.093036
4,2013,2,1,0.7711278
5,2013,2,1,0.4483621
6,2013,2,1,0.332643
7,2013,2,1,0.285738
8,2013,2,1,0.2646792
9,2013,2,1,0.2561597
10,2013,2,1,0.2515564
11,2013,2,1,0.2505823
12,2013,2,1,0.2508987
13,2013,2,1,0.2511542
14,2013,2,1,0.2515591
15,2013,2,1,0.2516238
16,2013,2,1,0.2524717
1,2014,2,1,0.1142651
2,2014,2,1,0.7728371
3,2014,2,1,0.6800577
4,2014,2,1,0.4809497
5,2014,2,1,0.2806855
6,2014,2,1,0.2086894
7,2014,2,1,0.1794881
8,2014,2,1,0.1663847
9,2014,2,1,0.1611037
10,2014,2,1,0.1582612
11,2014,2,1,0.1576861
12,2014,2,1,0.1579167
13,2014,2,1,0.1580975
14,2014,2,1,0.1583676
15,2014,2,1,0.1584221
16,2014,2,1,0.1589734
1,2015,2,1,0.100999
2,2015,2,1,0.7495467
3,2015,2,1,0.6340873
4,2015,2,1,0.4447901
5,2015,2,1,0.2563495
6,2015,2,1,0.1892165
7,2015,2,1,0.1620456
8,2015,2,1,0.1498317
9,2015,2,1,0.144847
10,2015,2,1,0.1421297
11,2015,2,1,0.1414974
12,2015,2,1,0.1416075
13,2015,2,1,0.1417082
14,2015,2,1,0.1419036
15,2015,2,1,0.1419102
16,2015,2,1,0.1423504
1,2016,2,1,0.05086038
2,2016,2,1,0.380102
3,2016,2,1,0.3206253
4,2016,2,1,0.2247695
5,2016,2,1,0.1294199
6,2016,2,1,0.09547408
7,2016,2,1,0.08173734
8,2016,2,1,0.07556153
9,2016,2,1,0.0730387
10,2016,2,1,0.07166216
11,2016,2,1,0.07133884
12,2016,2,1,0.07139052
13,2016,2,1,0.07143886
14,2016,2,1,0.07153557
15,2016,2,1,0.07153724
16,2016,2,1,0.07175699
1,2017,2,1,0.1450567
2,2017,2,1,0.9080078
3,2017,2,1,0.8270285
4,2017,2,1,0.588904
5,2017,2,1,0.347245
6,2017,2,1,0.2596937
7,2017,2,1,0.2241194
8,2017,2,1,0.20818
9,2017,2,1,0.2018246
10,2017,2,1,0.1984414
11,2017,2,1,0.1978476
12,2017,2,1,0.1982436
13,2017,2,1,0.1985382
14,2017,2,1,0.1989285
15,2017,2,1,0.1990436
16,2017,2,1,0.1997954
1,2018,2,1,0.0927112
2,2018,2,1,0.6882999
3,2018,2,1,0.5821842
4,2018,2,1,0.4083684
5,2018,2,1,0.2353462
6,2018,2,1,0.1737083
7,2018,2,1,0.1487618
8,2018,2,1,0.1375476
9,2018,2,1,0.1329707
10,2018,2,1,0.1304755
11,2018,2,1,0.1298947
12,2018,2,1,0.1299954
13,2018,2,1,0.1300875
14,2018,2,1,0.1302668
15,2018,2,1,0.1302727
16,2018,2,1,0.1306765
1,2019,2,1,0.1037838
2,2019,2,1,0.7592891
3,2019,2,1,0.646147
4,2019,2,1,0.4538184
5,2019,2,1,0.2620609
6,2019,2,1,0.1936517
7,2019,2,1,0.1659553
8,2019,2,1,0.1535085
9,2019,2,1,0.1484384
10,2019,2,1,0.1456798
11,2019,2,1,0.1450505
12,2019,2,1,0.1451791
13,2019,2,1,0.1452922
14,2019,2,1,0.1455002
15,2019,2,1,0.1455138
16,2019,2,1,0.1459739
1,2020,2,1,0.06135224
2,2020,2,1,0.4632046
3,2020,2,1,0.3890959
4,2020,2,1,0.2725265
5,2020,2,1,0.1567005
6,2020,2,1,0.1155051
7,2020,2,1,0.09883858
8,2020,2,1,0.09134417
9,2020,2,1,0.08827852
10,2020,2,1,0.08660356
11,2020,2,1,0.08620478
12,2020,2,1,0.0862605
13,2020,2,1,0.08631464
14,2020,2,1,0.08642825
15,2020,2,1,0.08642732
16,2020,2,1,0.08668907
1,2021,2,1,0.1245904
2,2021,2,1,0.8406295
3,2021,2,1,0.740495
4,2021,2,1,0.5238043
5,2021,2,1,0.3057951
6,2021,2,1,0.2274008
7,2021,2,1,0.1956027
8,2021,2,1,0.1813346
9,2021,2,1,0.1755862
10,2021,2,1,0.1724931
11,2021,2,1,0.1718698
12,2021,2,1,0.1721242
13,2021,2,1,0.1723232
14,2021,2,1,0.1726189
15,2021,2,1,0.1726797
16,2021,2,1,0.1732823
1,2022,2,1,0.213078
2,2022,2,1,1.494443
3,2022,2,1,1.294603
4,2022,2,1,0.9126418
5,2022,2,1,0.530031
6,2022,2,1,0.3929715
7,2022,2,1,0.3374274
8,2022,2,1,0.3124859
9,2022,2,1,0.3023839
10,2022,2,1,0.296919
11,2022,2,1,0.2957472
12,2022,2,1,0.2961021
13,2022,2,1,0.2963918
14,2022,2,1,0.2968607
15,2022,2,1,0.2969291
16,2022,2,1,0.2979193
1,2023,2,1,0.04904905
2,2023,2,1,0.3554806
3,2023,2,1,0.3037033
4,2023,2,1,0.2134813
5,2023,2,1,0.1234341
6,2023,2,1,0.09128038
7,2023,2,1,0.07825974
8,2023,2,1,0.07240929
9,2023,2,1,0.07002917
10,2023,2,1,0.06873583
11,2023,2,1,0.06844469
12,2023,2,1,0.06851019
13,2023,2,1,0.06856667
14,2023,2,1,0.06866715
15,2023,2,1,0.0686757
16,2023,2,1,0.0688955
1,2024,2,1,0.03831848
2,2024,2,1,0.2943645
3,2024,2,1,0.2455294
4,2024,2,1,0.1717103
5,2024,2,1,0.0984985
6,2024,2,1,0.0725029
7,2024,2,1,0.06198995
8,2024,2,1,0.05726106
9,2024,2,1,0.05532221
10,2024,2,1,0.05426048
11,2024,2,1,0.05400197
12,2024,2,1,0.05402962
13,2024,2,1,0.05405893
14,2024,2,1,0.0541266
15,2024,2,1,0.05412285
16,2024,2,1,0.05428273
1,1972,3,1,0.005503871
2,1972,3,1,0.04145202
3,1972,3,1,0.03485502
4,1972,3,1,0.02441803
5,1972,3,1,0.01404486
6,1972,3,1,0.0103546
7,1972,3,1,0.008861545
8,1972,3,1,0.008190193
9,1972,3,1,0.007915661
10,1972,3,1,0.007765715
11,1972,3,1,0.007730131
12,1972,3,1,0.007735273
13,1972,3,1,0.007740221
14,1972,3,1,0.007750479
15,1972,3,1,0.00775046
16,1972,3,1,0.007774014
1,1973,3,1,0.0084748
2,1973,3,1,0.06352765
3,1973,3,1,0.05352057
4,1973,3,1,0.03750984
5,1973,3,1,0.02158889
6,1973,3,1,0.01592245
7,1973,3,1,0.01362959
8,1973,3,1,0.0125987
9,1973,3,1,0.01217741
10,1973,3,1,0.01194745
11,1973,3,1,0.01189321
12,1973,3,1,0.01190155
13,1973,3,1,0.01190944
14,1973,3,1,0.01192543
15,1973,3,1,0.01192559
16,1973,3,1,0.01196207
1,1974,3,1,0.006184349
2,1974,3,1,0.04645415
3,1974,3,1,0.03910337
4,1974,3,1,0.0274006
5,1974,3,1,0.01576605
6,1974,3,1,0.01162601
7,1974,3,1,0.009950874
8,1974,3,1,0.009197687
9,1974,3,1,0.008889799
10,1974,3,1,0.008721693
11,1974,3,1,0.008681938
12,1974,3,1,0.00868789
13,1974,3,1,0.008693558
14,1974,3,1,0.008705165
15,1974,3,1,0.00870522
16,1974,3,1,0.008731773
1,1975,3,1,0.005987798
2,1975,3,1,0.04604739
3,1975,3,1,0.03839165
4,1975,3,1,0.02684659
5,1975,3,1,0.01539783
6,1975,3,1,0.01133309
7,1975,3,1,0.009689293
8,1975,3,1,0.008949872
9,1975,3,1,0.008646667
10,1975,3,1,0.008480606
11,1975,3,1,0.008440121
12,1975,3,1,0.008444372
13,1975,3,1,0.008448908
14,1975,3,1,0.00845945
15,1975,3,1,0.008458834
16,1975,3,1,0.008483783
1,1976,3,1,0.01135062
2,1976,3,1,0.08529669
3,1976,3,1,0.07178723
4,1976,3,1,0.05030106
5,1976,3,1,0.02894111
6,1976,3,1,0.02134069
7,1976,3,1,0.01826545
8,1976,3,1,0.01688272
9,1976,3,1,0.01631746
10,1976,3,1,0.01600881
11,1976,3,1,0.01593578
12,1976,3,1,0.01594665
13,1976,3,1,0.01595703
14,1976,3,1,0.0159783
15,1976,3,1,0.01597838
16,1976,3,1,0.01602709
1,1977,3,1,0.0040544
2,1977,3,1,0.03151774
3,1977,3,1,0.02616348
4,1977,3,1,0.01827839
5,1977,3,1,0.01046808
6,1977,3,1,0.007697987
7,1977,3,1,0.006578027
8,1977,3,1,0.006074138
9,1977,3,1,0.005867219
10,1977,3,1,0.005753734
11,1977,3,1,0.00572569
12,1977,3,1,0.00572809
13,1977,3,1,0.005730861
14,1977,3,1,0.005737778
15,1977,3,1,0.005737149
16,1977,3,1,0.005753802
1,1978,3,1,0.008047078
2,1978,3,1,0.06300231
3,1978,3,1,0.05215041
4,1978,3,1,0.03641082
5,1978,3,1,0.02083228
6,1978,3,1,0.01531076
7,1978,3,1,0.01307875
8,1978,3,1,0.01207439
9,1978,3,1,0.01166157
10,1978,3,1,0.01143495
11,1978,3,1,0.01137846
12,1978,3,1,0.01138259
13,1978,3,1,0.01138769
14,1978,3,1,0.01140113
15,1978,3,1,0.0113996
16,1978,3,1,0.01143234
1,1979,3,1,0.00608658
2,1979,3,1,0.04690183
3,1979,3,1,0.03907206
4,1979,3,1,0.02731756
5,1979,3,1,0.01566363
6,1979,3,1,0.01152684
7,1979,3,1,0.009853984
8,1979,3,1,0.009101464
9,1979,3,1,0.008792804
10,1979,3,1,0.008623712
11,1979,3,1,0.008582382
12,1979,3,1,0.00858657
13,1979,3,1,0.008591096
14,1979,3,1,0.00860175
15,1979,3,1,0.008601065
16,1979,3,1,0.008626358
1,1980,3,1,0.006003651
2,1980,3,1,0.04436563
3,1980,3,1,0.0375978
4,1980,3,1,0.02638341
5,1980,3,1,0.01521458
6,1980,3,1,0.01123397
7,1980,3,1,0.009622746
8,1980,3,1,0.00889852
9,1980,3,1,0.008603115
10,1980,3,1,0.008442175
11,1980,3,1,0.008404946
12,1980,3,1,0.008411756
13,1980,3,1,0.00841791
14,1980,3,1,0.008429652
15,1980,3,1,0.008430164
16,1980,3,1,0.008456461
1,1981,3,1,0.005580913
2,1981,3,1,0.04241497
3,1981,3,1,0.03553292
4,1981,3,1,0.02487319
5,1981,3,1,0.01428899
6,1981,3,1,0.01052694
7,1981,3,1,0.00900515
8,1981,3,1,0.008320761
9,1981,3,1,0.008040561
10,1981,3,1,0.007887336
11,1981,3,1,0.007850541
12,1981,3,1,0.007855214
13,1981,3,1,0.00785989
14,1981,3,1,0.007870043
15,1981,3,1,0.007869784
16,1981,3,1,0.007893395
1,1982,3,1,0.008310294
2,1982,3,1,0.06588271
3,1982,3,1,0.05426315
4,1982,3,1,0.03784458
5,1982,3,1,0.0216155
6,1982,3,1,0.01587024
7,1982,3,1,0.01354844
8,1982,3,1,0.01250344
9,1982,3,1,0.01207321
10,1982,3,1,0.01183665
11,1982,3,1,0.01177678
12,1982,3,1,0.01177989
13,1982,3,1,0.01178443
14,1982,3,1,0.01179778
15,1982,3,1,0.01179569
16,1982,3,1,0.01182891
1,1983,3,1,0.005763994
2,1983,3,1,0.04289081
3,1983,3,1,0.036244
4,1983,3,1,0.02541796
5,1983,3,1,0.01464402
6,1983,3,1,0.01080673
7,1983,3,1,0.00925376
8,1983,3,1,0.008555627
9,1983,3,1,0.008270602
10,1983,3,1,0.008115173
11,1983,3,1,0.008078878
12,1983,3,1,0.008084998
13,1983,3,1,0.008090642
14,1983,3,1,0.008101724
15,1983,3,1,0.008102029
16,1983,3,1,0.008127066
1,1984,3,1,0.007798686
2,1984,3,1,0.05441186
3,1984,3,1,0.04724117
4,1984,3,1,0.03331841
5,1984,3,1,0.01936382
6,1984,3,1,0.01436241
7,1984,3,1,0.01233532
8,1984,3,1,0.01142517
9,1984,3,1,0.0110568
10,1984,3,1,0.01085766
11,1984,3,1,0.0108153
12,1984,3,1,0.01082869
13,1984,3,1,0.01083955
14,1984,3,1,0.0108569
15,1984,3,1,0.01085958
16,1984,3,1,0.01089602
1,1985,3,1,0.01058789
2,1985,3,1,0.07390375
3,1985,3,1,0.06415262
4,1985,3,1,0.04524408
5,1985,3,1,0.0262932
6,1985,3,1,0.01950139
7,1985,3,1,0.01674867
8,1985,3,1,0.0155127
9,1985,3,1,0.01501242
10,1985,3,1,0.01474197
11,1985,3,1,0.0146844
12,1985,3,1,0.01470254
13,1985,3,1,0.01471725
14,1985,3,1,0.01474078
15,1985,3,1,0.0147444
16,1985,3,1,0.01479386
1,1986,3,1,0.009088449
2,1986,3,1,0.06405988
3,1986,3,1,0.05537637
4,1986,3,1,0.039021
5,1986,3,1,0.02264689
6,1986,3,1,0.01678418
7,1986,3,1,0.01440856
8,1986,3,1,0.0133417
9,1986,3,1,0.01290931
10,1986,3,1,0.01267524
11,1986,3,1,0.01262466
12,1986,3,1,0.01263935
13,1986,3,1,0.01265143
14,1986,3,1,0.01267122
15,1986,3,1,0.01267394
16,1986,3,1,0.01271595
1,1987,3,1,0.008766929
2,1987,3,1,0.06343506
3,1987,3,1,0.05423226
4,1987,3,1,0.03812676
5,1987,3,1,0.02204958
6,1987,3,1,0.01630791
7,1987,3,1,0.01398273
8,1987,3,1,0.01293801
9,1987,3,1,0.01251309
10,1987,3,1,0.01228223
11,1987,3,1,0.01223039
12,1987,3,1,0.01224224
13,1987,3,1,0.01225243
14,1987,3,1,0.01227045
15,1987,3,1,0.01227205
16,1987,3,1,0.01231141
1,1988,3,1,0.009410268
2,1988,3,1,0.06367262
3,1988,3,1,0.05601877
4,1988,3,1,0.03961612
5,1988,3,1,0.02311897
6,1988,3,1,0.0171884
7,1988,3,1,0.01478301
8,1988,3,1,0.01370363
9,1988,3,1,0.0132686
10,1988,3,1,0.01303442
11,1988,3,1,0.01298701
12,1988,3,1,0.01300597
13,1988,3,1,0.01302084
14,1988,3,1,0.01304306
15,1988,3,1,0.01304753
16,1988,3,1,0.01309292
1,1989,3,1,0.009969577
2,1989,3,1,0.07252371
3,1989,3,1,0.0618638
4,1989,3,1,0.04347151
5,1989,3,1,0.02512237
6,1989,3,1,0.01857271
7,1989,3,1,0.01592065
8,1989,3,1,0.01472894
9,1989,3,1,0.01424387
10,1989,3,1,0.01398016
11,1989,3,1,0.01392048
12,1989,3,1,0.01393341
13,1989,3,1,0.01394466
14,1989,3,1,0.0139649
15,1989,3,1,0.01396647
16,1989,3,1,0.01401096
1,1990,3,1,0.01674972
2,1990,3,1,0.1246928
3,1990,3,1,0.1053498
4,1990,3,1,0.07387904
5,1990,3,1,0.04256127
6,1990,3,1,0.0314075
7,1990,3,1,0.02689354
8,1990,3,1,0.0248643
9,1990,3,1,0.02403577
10,1990,3,1,0.02358394
11,1990,3,1,0.02347836
12,1990,3,1,0.02349607
13,1990,3,1,0.02351242
14,1990,3,1,0.02354459
15,1990,3,1,0.02354544
16,1990,3,1,0.02361815
1,1991,3,1,0.01053587
2,1991,3,1,0.07110686
3,1991,3,1,0.06262911
4,1991,3,1,0.04430089
5,1991,3,1,0.02586174
6,1991,3,1,0.01923136
7,1991,3,1,0.01654197
8,1991,3,1,0.01533522
9,1991,3,1,0.01484901
10,1991,3,1,0.01458738
11,1991,3,1,0.01453464
12,1991,3,1,0.01455613
13,1991,3,1,0.01457293
14,1991,3,1,0.01459793
15,1991,3,1,0.01460306
16,1991,3,1,0.014654
1,1992,3,1,0.01170618
2,1992,3,1,0.08605553
3,1992,3,1,0.07308617
4,1992,3,1,0.05131009
5,1992,3,1,0.02961009
6,1992,3,1,0.02187225
7,1992,3,1,0.01873982
8,1992,3,1,0.01733198
9,1992,3,1,0.01675814
10,1992,3,1,0.01644572
11,1992,3,1,0.01637397
12,1992,3,1,0.01638788
13,1992,3,1,0.01640028
14,1992,3,1,0.01642347
15,1992,3,1,0.01642475
16,1992,3,1,0.01647634
1,1993,3,1,0.01538188
2,1993,3,1,0.1138372
3,1993,3,1,0.09641254
4,1993,3,1,0.06764653
5,1993,3,1,0.039002
6,1993,3,1,0.02879449
7,1993,3,1,0.02466293
8,1993,3,1,0.02280579
9,1993,3,1,0.02204814
10,1993,3,1,0.02163528
11,1993,3,1,0.02153958
12,1993,3,1,0.02155679
13,1993,3,1,0.0215724
14,1993,3,1,0.02160238
15,1993,3,1,0.02160359
16,1993,3,1,0.02167084
1,1994,3,1,0.01085581
2,1994,3,1,0.07837635
3,1994,3,1,0.06706808
4,1994,3,1,0.04715984
5,1994,3,1,0.02728179
6,1994,3,1,0.02018117
7,1994,3,1,0.01730552
8,1994,3,1,0.01601353
9,1994,3,1,0.01548818
10,1994,3,1,0.01520286
11,1994,3,1,0.01513898
12,1994,3,1,0.0151539
13,1994,3,1,0.01516667
14,1994,3,1,0.01518911
15,1994,3,1,0.01519119
16,1994,3,1,0.01524005
1,1995,3,1,0.01169612
2,1995,3,1,0.08278335
3,1995,3,1,0.07143548
4,1995,3,1,0.05031865
5,1995,3,1,0.0291874
6,1995,3,1,0.02162449
7,1995,3,1,0.01856022
8,1995,3,1,0.017184
9,1995,3,1,0.01662591
10,1995,3,1,0.01632362
11,1995,3,1,0.01625789
12,1995,3,1,0.01627631
13,1995,3,1,0.01629155
14,1995,3,1,0.0163168
15,1995,3,1,0.01632008
16,1995,3,1,0.0163739
1,1996,3,1,0.01914103
2,1996,3,1,0.1398145
3,1996,3,1,0.1190595
4,1996,3,1,0.0836326
5,1996,3,1,0.04830471
6,1996,3,1,0.03569958
7,1996,3,1,0.03059604
8,1996,3,1,0.02830257
9,1996,3,1,0.02736855
10,1996,3,1,0.02686047
11,1996,3,1,0.02674482
12,1996,3,1,0.02676884
13,1996,3,1,0.02678991
14,1996,3,1,0.02682841
15,1996,3,1,0.02683107
16,1996,3,1,0.02691607
1,1997,3,1,0.01406252
2,1997,3,1,0.1029182
3,1997,3,1,0.08756956
4,1997,3,1,0.06150219
5,1997,3,1,0.03551323
6,1997,3,1,0.02624201
7,1997,3,1,0.02248847
8,1997,3,1,0.02080161
9,1997,3,1,0.02011445
10,1997,3,1,0.01974056
11,1997,3,1,0.01965522
12,1997,3,1,0.01967259
13,1997,3,1,0.01968789
14,1997,3,1,0.01971605
15,1997,3,1,0.01971787
16,1997,3,1,0.01978018
1,1998,3,1,0.01355798
2,1998,3,1,0.09786609
3,1998,3,1,0.08375272
4,1998,3,1,0.0588929
5,1998,3,1,0.03407022
6,1998,3,1,0.02520318
7,1998,3,1,0.02161213
8,1998,3,1,0.01999872
9,1998,3,1,0.0193427
10,1998,3,1,0.01898642
11,1998,3,1,0.01890668
12,1998,3,1,0.01892534
13,1998,3,1,0.0189413
14,1998,3,1,0.01896933
15,1998,3,1,0.01897195
16,1998,3,1,0.01903298
1,1999,3,1,0.007673225
2,1999,3,1,0.05899998
3,1999,3,1,0.0491937
4,1999,3,1,0.03440071
5,1999,3,1,0.01973089
6,1999,3,1,0.01452247
7,1999,3,1,0.01241616
8,1999,3,1,0.01146869
9,1999,3,1,0.01108018
10,1999,3,1,0.01086741
11,1999,3,1,0.01081554
12,1999,3,1,0.010821
13,1999,3,1,0.01082682
14,1999,3,1,0.01084034
15,1999,3,1,0.01083955
16,1999,3,1,0.01087153
1,2000,3,1,0.01798796
2,2000,3,1,0.1369721
3,2000,3,1,0.1146577
4,2000,3,1,0.08028175
5,2000,3,1,0.04612488
6,2000,3,1,0.03398878
7,2000,3,1,0.02908192
8,2000,3,1,0.02687677
9,2000,3,1,0.0259754
10,2000,3,1,0.0254831
11,2000,3,1,0.02536604
12,2000,3,1,0.02538238
13,2000,3,1,0.02539842
14,2000,3,1,0.02543189
15,2000,3,1,0.02543158
16,2000,3,1,0.02550814
1,2001,3,1,0.0134942
2,2001,3,1,0.09640326
3,2001,3,1,0.08286102
4,2001,3,1,0.05831891
5,2001,3,1,0.03378543
6,2001,3,1,0.02501285
7,2001,3,1,0.02145921
8,2001,3,1,0.01986293
9,2001,3,1,0.01921477
10,2001,3,1,0.01886326
11,2001,3,1,0.01878576
12,2001,3,1,0.01880575
13,2001,3,1,0.01882253
14,2001,3,1,0.01885108
15,2001,3,1,0.01885431
16,2001,3,1,0.01891577
1,2002,3,1,0.01112003
2,2002,3,1,0.08359661
3,2002,3,1,0.07034511
4,2002,3,1,0.04928888
5,2002,3,1,0.02835724
6,2002,3,1,0.0209095
7,2002,3,1,0.01789605
8,2002,3,1,0.01654111
9,2002,3,1,0.01598717
10,2002,3,1,0.01568469
11,2002,3,1,0.01561309
12,2002,3,1,0.01562369
13,2002,3,1,0.01563382
14,2002,3,1,0.01565465
15,2002,3,1,0.01565471
16,2002,3,1,0.0157024
1,2003,3,1,0.01403358
2,2003,3,1,0.1075469
3,2003,3,1,0.08979258
4,2003,3,1,0.06280942
5,2003,3,1,0.03604136
6,2003,3,1,0.02653453
7,2003,3,1,0.02268963
8,2003,3,1,0.02096021
9,2003,3,1,0.02025137
10,2003,3,1,0.01986333
11,2003,3,1,0.01976914
12,2003,3,1,0.01977964
13,2003,3,1,0.0197906
14,2003,3,1,0.01981555
15,2003,3,1,0.01981434
16,2003,3,1,0.01987308
1,2004,3,1,0.01652955
2,2004,3,1,0.1312978
3,2004,3,1,0.108058
4,2004,3,1,0.07534984
5,2004,3,1,0.04302576
6,2004,3,1,0.03158482
7,2004,3,1,0.02696146
8,2004,3,1,0.02488048
9,2004,3,1,0.02402353
10,2004,3,1,0.02355222
11,2004,3,1,0.02343265
12,2004,3,1,0.02343849
13,2004,3,1,0.02344729
14,2004,3,1,0.02347367
15,2004,3,1,0.02346935
16,2004,3,1,0.02353525
1,2005,3,1,0.007123568
2,2005,3,1,0.05691508
3,2005,3,1,0.04673299
4,2005,3,1,0.03257079
5,2005,3,1,0.01858348
6,2005,3,1,0.01363548
7,2005,3,1,0.01163622
8,2005,3,1,0.01073626
9,2005,3,1,0.01036536
10,2005,3,1,0.01016123
11,2005,3,1,0.01010908
12,2005,3,1,0.01011113
13,2005,3,1,0.01011463
14,2005,3,1,0.01012578
15,2005,3,1,0.01012371
16,2005,3,1,0.01015188
1,2006,3,1,0.007619054
2,2006,3,1,0.05967625
3,2006,3,1,0.04938896
4,2006,3,1,0.03448154
5,2006,3,1,0.01972732
6,2006,3,1,0.01449817
7,2006,3,1,0.01238437
8,2006,3,1,0.0114332
9,2006,3,1,0.01104222
10,2006,3,1,0.01082757
11,2006,3,1,0.01077404
12,2006,3,1,0.01077792
13,2006,3,1,0.01078272
14,2006,3,1,0.01079543
15,2006,3,1,0.01079397
16,2006,3,1,0.01082495
1,2007,3,1,0.01347924
2,2007,3,1,0.1026052
3,2007,3,1,0.0859014
4,2007,3,1,0.06012298
5,2007,3,1,0.03453157
6,2007,3,1,0.02543675
7,2007,3,1,0.02175793
8,2007,3,1,0.02010341
9,2007,3,1,0.01942589
10,2007,3,1,0.01905531
11,2007,3,1,0.01896614
12,2007,3,1,0.01897719
13,2007,3,1,0.01898834
14,2007,3,1,0.01901276
15,2007,3,1,0.01901203
16,2007,3,1,0.01906894
1,2008,3,1,0.01311266
2,2008,3,1,0.0946025
3,2008,3,1,0.08097741
4,2008,3,1,0.05694396
5,2008,3,1,0.03294505
6,2008,3,1,0.02437184
7,2008,3,1,0.02089975
8,2008,3,1,0.0193398
9,2008,3,1,0.01870556
10,2008,3,1,0.01836113
11,2008,3,1,0.0182841
12,2008,3,1,0.01830222
13,2008,3,1,0.0183177
14,2008,3,1,0.01834484
15,2008,3,1,0.0183474
16,2008,3,1,0.01840647
1,2009,3,1,0.01868763
2,2009,3,1,0.1436602
3,2009,3,1,0.1197929
4,2009,3,1,0.08377166
5,2009,3,1,0.04804949
6,2009,3,1,0.03536633
7,2009,3,1,0.03023718
8,2009,3,1,0.02792997
9,2009,3,1,0.02698393
10,2009,3,1,0.02646582
11,2009,3,1,0.02633956
12,2009,3,1,0.0263529
13,2009,3,1,0.02636711
14,2009,3,1,0.02640004
15,2009,3,1,0.02639815
16,2009,3,1,0.02647605
1,2010,3,1,0.01353322
2,2010,3,1,0.09843711
3,2010,3,1,0.083972
4,2010,3,1,0.05900742
5,2010,3,1,0.03410112
6,2010,3,1,0.02521082
7,2010,3,1,0.02161098
8,2010,3,1,0.01999339
9,2010,3,1,0.01933499
10,2010,3,1,0.01897705
11,2010,3,1,0.01889606
12,2010,3,1,0.01891362
13,2010,3,1,0.01892889
14,2010,3,1,0.01895638
15,2010,3,1,0.01895852
16,2010,3,1,0.01901891
1,2011,3,1,0.01354585
2,2011,3,1,0.1077412
3,2011,3,1,0.08862408
4,2011,3,1,0.0617912
5,2011,3,1,0.03527714
6,2011,3,1,0.02589381
7,2011,3,1,0.02210206
8,2011,3,1,0.02039535
9,2011,3,1,0.0196924
10,2011,3,1,0.01930572
11,2011,3,1,0.01920747
12,2011,3,1,0.01921205
13,2011,3,1,0.01921913
14,2011,3,1,0.01924066
15,2011,3,1,0.01923703
16,2011,3,1,0.01929093
1,2012,3,1,0.01773939
2,2012,3,1,0.1236451
3,2012,3,1,0.1073964
4,2012,3,1,0.07575159
5,2012,3,1,0.04403083
6,2012,3,1,0.03266082
7,2012,3,1,0.0280524
8,2012,3,1,0.02598328
9,2012,3,1,0.02514594
10,2012,3,1,0.02469335
11,2012,3,1,0.02459723
12,2012,3,1,0.02462787
13,2012,3,1,0.02465267
14,2012,3,1,0.02469221
15,2012,3,1,0.02469839
16,2012,3,1,0.02478137
1,2013,3,1,0.01670869
2,2013,3,1,0.1295862
3,2013,3,1,0.1076728
4,2013,3,1,0.07523797
5,2013,3,1,0.04310272
6,2013,3,1,0.03170272
7,2013,3,1,0.02709341
8,2013,3,1,0.0250197
9,2013,3,1,0.0241684
10,2013,3,1,0.02370165
11,2013,3,1,0.02358664
12,2013,3,1,0.02359696
13,2013,3,1,0.02360864
14,2013,3,1,0.02363735
15,2013,3,1,0.02363495
16,2013,3,1,0.02370379
1,2014,3,1,0.01066708
2,2014,3,1,0.08569392
3,2014,3,1,0.07021161
4,2014,3,1,0.04891105
5,2014,3,1,0.02788559
6,2014,3,1,0.02045169
7,2014,3,1,0.01744837
8,2014,3,1,0.01609629
9,2014,3,1,0.01553867
10,2014,3,1,0.01523155
11,2014,3,1,0.01515259
12,2014,3,1,0.015155
13,2014,3,1,0.01515982
14,2014,3,1,0.01517622
15,2014,3,1,0.01517283
16,2014,3,1,0.01521467
1,2015,3,1,0.007468097
2,2015,3,1,0.06035889
3,2015,3,1,0.04933635
4,2015,3,1,0.03435078
5,2015,3,1,0.0195681
6,2015,3,1,0.01434443
7,2015,3,1,0.01223433
8,2015,3,1,0.01128427
9,2015,3,1,0.01089214
10,2015,3,1,0.010676
11,2015,3,1,0.01062005
12,2015,3,1,0.01062121
13,2015,3,1,0.01062427
14,2015,3,1,0.01063551
15,2015,3,1,0.01063291
16,2015,3,1,0.01066195
1,2016,3,1,0.011988
2,2016,3,1,0.09182952
3,2016,3,1,0.07668378
4,2016,3,1,0.05364198
5,2016,3,1,0.03078277
6,2016,3,1,0.02266384
7,2016,3,1,0.01938023
8,2016,3,1,0.01790328
9,2016,3,1,0.01729796
10,2016,3,1,0.01696661
11,2016,3,1,0.01688623
12,2016,3,1,0.01689525
13,2016,3,1,0.01690465
14,2016,3,1,0.01692599
15,2016,3,1,0.01692498
16,2016,3,1,0.01697519
1,2017,3,1,0.01159434
2,2017,3,1,0.09115695
3,2017,3,1,0.07532886
4,2017,3,1,0.05257447
5,2017,3,1,0.03006293
6,2017,3,1,0.02208732
7,2017,3,1,0.01886358
8,2017,3,1,0.01741286
9,2017,3,1,0.01681624
10,2017,3,1,0.01648855
11,2017,3,1,0.01640643
12,2017,3,1,0.01641185
13,2017,3,1,0.01641886
14,2017,3,1,0.01643798
15,2017,3,1,0.01643553
16,2017,3,1,0.01648243
1,2018,3,1,0.008054892
2,2018,3,1,0.0628359
3,2018,3,1,0.05208805
4,2018,3,1,0.03637876
5,2018,3,1,0.02082424
6,2018,3,1,0.01530933
7,2018,3,1,0.01307981
8,2018,3,1,0.01207665
9,2018,3,1,0.01166451
10,2018,3,1,0.01143838
11,2018,3,1,0.01138225
12,2018,3,1,0.01138671
13,2018,3,1,0.01139202
14,2018,3,1,0.01140562
15,2018,3,1,0.01140423
16,2018,3,1,0.01143716
1,2019,3,1,0.009098205
2,2019,3,1,0.07275683
3,2019,3,1,0.05971955
4,2019,3,1,0.0416186
5,2019,3,1,0.02374285
6,2019,3,1,0.01741985
7,2019,3,1,0.01486508
8,2019,3,1,0.01371503
9,2019,3,1,0.01324101
10,2019,3,1,0.01298009
11,2019,3,1,0.01291337
12,2019,3,1,0.01291589
13,2019,3,1,0.0129203
14,2019,3,1,0.01293451
15,2019,3,1,0.01293182
16,2019,3,1,0.01296775
1,2020,3,1,0.01564737
2,2020,3,1,0.1227985
3,2020,3,1,0.1015503
4,2020,3,1,0.07088652
5,2020,3,1,0.04054418
6,2020,3,1,0.02979234
7,2020,3,1,0.02544627
8,2020,3,1,0.02349054
9,2020,3,1,0.02268644
10,2020,3,1,0.02224488
11,2020,3,1,0.02213448
12,2020,3,1,0.02214211
13,2020,3,1,0.02215177
14,2020,3,1,0.02217771
15,2020,3,1,0.02217456
16,2020,3,1,0.022238
1,2021,3,1,0.01513604
2,2021,3,1,0.1195101
3,2021,3,1,0.09859141
4,2021,3,1,0.06878463
5,2021,3,1,0.03930924
6,2021,3,1,0.02887063
7,2021,3,1,0.02465175
8,2021,3,1,0.02275305
9,2021,3,1,0.02197177
10,2021,3,1,0.02154241
11,2021,3,1,0.02143426
12,2021,3,1,0.02144062
13,2021,3,1,0.02144932
14,2021,3,1,0.02147394
15,2021,3,1,0.02147043
16,2021,3,1,0.02153129
1,2022,3,1,0.02305246
2,2022,3,1,0.1723204
3,2022,3,1,0.1453428
4,2022,3,1,0.1018883
5,2022,3,1,0.05866443
6,2022,3,1,0.04327641
7,2022,3,1,0.03704944
8,2022,3,1,0.03424988
9,2022,3,1,0.03310622
10,2022,3,1,0.03248218
11,2022,3,1,0.03233556
12,2022,3,1,0.03235893
13,2022,3,1,0.03238081
14,2022,3,1,0.03242462
15,2022,3,1,0.03242535
16,2022,3,1,0.03252493
1,2023,3,1,0.007311864
2,2023,3,1,0.05749832
3,2023,3,1,0.04751092
4,2023,3,1,0.03315887
5,2023,3,1,0.01896028
6,2023,3,1,0.01392996
7,2023,3,1,0.01189671
8,2023,3,1,0.01098172
9,2023,3,1,0.01060541
10,2023,3,1,0.01039872
11,2023,3,1,0.01034692
12,2023,3,1,0.01035032
13,2023,3,1,0.01035473
14,2023,3,1,0.01036678
15,2023,3,1,0.01036523
16,2023,3,1,0.01039479
1,2024,3,1,0.007033861
2,2024,3,1,0.05507423
3,2024,3,1,0.04558638
4,2024,3,1,0.03182766
5,2024,3,1,0.01820984
6,2024,3,1,0.01338329
7,2024,3,1,0.01143222
8,2024,3,1,0.01055428
9,2024,3,1,0.01019342
10,2024,3,1,0.009995322
11,2024,3,1,0.009945931
12,2024,3,1,0.009949538
13,2024,3,1,0.009953993
14,2024,3,1,0.009965738
15,2024,3,1,0.009964398
16,2024,3,1,0.009993009
1,1972,4,1,0.007261347
2,1972,4,1,0.05142172
3,1972,4,1,0.04436298
4,1972,4,1,0.03124752
5,1972,4,1,0.01812388
6,1972,4,1,0.01342715
7,1972,4,1,0.0115242
8,1972,4,1,0.01066954
9,1972,4,1,0.01032292
10,1972,4,1,0.01013517
11,1972,4,1,0.01009431
12,1972,4,1,0.01010571
13,1972,4,1,0.01011515
14,1972,4,1,0.0101308
15,1972,4,1,0.01013282
16,1972,4,1,0.01016622
1,1973,4,1,0.006780064
2,1973,4,1,0.04761607
3,1973,4,1,0.04122529
4,1973,4,1,0.02905872
5,1973,4,1,0.01687327
6,1973,4,1,0.01250875
7,1973,4,1,0.01074006
8,1973,4,1,0.009945825
9,1973,4,1,0.009624081
10,1973,4,1,0.009449994
11,1973,4,1,0.009412589
12,1973,4,1,0.009423792
13,1973,4,1,0.009432954
14,1973,4,1,0.009447834
15,1973,4,1,0.009449969
16,1973,4,1,0.009481433
1,1974,4,1,0.00711226
2,1974,4,1,0.05339001
3,1974,4,1,0.04495353
4,1974,4,1,0.0315017
5,1974,4,1,0.01812737
6,1974,4,1,0.01336795
7,1974,4,1,0.01144217
8,1974,4,1,0.0105763
9,1974,4,1,0.01022238
10,1974,4,1,0.01002916
11,1974,4,1,0.0099835
12,1974,4,1,0.009990393
13,1974,4,1,0.009996942
14,1974,4,1,0.01001031
15,1974,4,1,0.0100104
16,1974,4,1,0.01004096
1,1975,4,1,0.003887244
2,1975,4,1,0.03036543
3,1975,4,1,0.02515784
4,1975,4,1,0.01756838
5,1975,4,1,0.01005477
6,1975,4,1,0.007391145
7,1975,4,1,0.006314347
8,1975,4,1,0.005829833
9,1975,4,1,0.005630744
10,1975,4,1,0.005521484
11,1975,4,1,0.005494321
12,1975,4,1,0.005496415
13,1975,4,1,0.00549894
14,1975,4,1,0.005505477
15,1975,4,1,0.005504782
16,1975,4,1,0.005520644
1,1976,4,1,0.007747786
2,1976,4,1,0.05912447
3,1976,4,1,0.04944888
4,1976,4,1,0.03460204
5,1976,4,1,0.01986687
6,1976,4,1,0.01463145
7,1976,4,1,0.01251387
8,1976,4,1,0.01156146
9,1976,4,1,0.01117132
10,1976,4,1,0.01095786
11,1976,4,1,0.01090632
12,1976,4,1,0.01091247
13,1976,4,1,0.01091875
14,1976,4,1,0.01093269
15,1976,4,1,0.01093218
16,1976,4,1,0.01096478
1,1977,4,1,0.01011001
2,1977,4,1,0.08028539
3,1977,4,1,0.06608156
4,1977,4,1,0.04608031
5,1977,4,1,0.02631339
6,1977,4,1,0.01931682
7,1977,4,1,0.01648945
8,1977,4,1,0.01521685
9,1977,4,1,0.01469281
10,1977,4,1,0.0144046
11,1977,4,1,0.01433151
12,1977,4,1,0.01433511
13,1977,4,1,0.01434051
14,1977,4,1,0.01435666
15,1977,4,1,0.01435403
16,1977,4,1,0.01439435
1,1978,4,1,0.01179749
2,1978,4,1,0.08910619
3,1978,4,1,0.07483757
4,1978,4,1,0.0524151
5,1978,4,1,0.03013658
6,1978,4,1,0.02221318
7,1978,4,1,0.01900762
8,1978,4,1,0.01756617
9,1978,4,1,0.0169765
10,1978,4,1,0.01665431
11,1978,4,1,0.01657756
12,1978,4,1,0.01658822
13,1978,4,1,0.0165986
14,1978,4,1,0.01662042
15,1978,4,1,0.01662022
16,1978,4,1,0.01667053
1,1979,4,1,0.01033867
2,1979,4,1,0.08276626
3,1979,4,1,0.06790633
4,1979,4,1,0.04731951
5,1979,4,1,0.02699113
6,1979,4,1,0.01980133
7,1979,4,1,0.01689639
8,1979,4,1,0.01558869
9,1979,4,1,0.01504962
10,1979,4,1,0.01475285
11,1979,4,1,0.01467687
12,1979,4,1,0.0146796
13,1979,4,1,0.01468453
14,1979,4,1,0.01470062
15,1979,4,1,0.01469751
16,1979,4,1,0.01473827
1,1980,4,1,0.01233832
2,1980,4,1,0.09565442
3,1980,4,1,0.07949136
4,1980,4,1,0.05554762
5,1980,4,1,0.03182409
6,1980,4,1,0.02340784
7,1980,4,1,0.02000491
8,1980,4,1,0.01847395
9,1980,4,1,0.0178455
10,1980,4,1,0.01750095
11,1980,4,1,0.01741608
12,1980,4,1,0.01742376
13,1980,4,1,0.01743242
14,1980,4,1,0.01745364
15,1980,4,1,0.01745189
16,1980,4,1,0.01750275
1,1981,4,1,0.009016792
2,1981,4,1,0.06888084
3,1981,4,1,0.05758404
4,1981,4,1,0.04029094
5,1981,4,1,0.02312985
6,1981,4,1,0.01703312
7,1981,4,1,0.01456721
8,1981,4,1,0.01345812
9,1981,4,1,0.01300373
10,1981,4,1,0.01275508
11,1981,4,1,0.01269498
12,1981,4,1,0.01270203
13,1981,4,1,0.01270927
14,1981,4,1,0.01272544
15,1981,4,1,0.0127248
16,1981,4,1,0.0127627
1,1982,4,1,0.01128087
2,1982,4,1,0.08721449
3,1982,4,1,0.07255847
4,1982,4,1,0.05071527
5,1982,4,1,0.02906657
6,1982,4,1,0.02138436
7,1982,4,1,0.01827803
8,1982,4,1,0.01688058
9,1982,4,1,0.01630714
10,1982,4,1,0.01599287
11,1982,4,1,0.01591573
12,1982,4,1,0.01592309
13,1982,4,1,0.01593122
14,1982,4,1,0.01595078
15,1982,4,1,0.01594933
16,1982,4,1,0.01599601
1,1983,4,1,0.008483608
2,1983,4,1,0.06593926
3,1983,4,1,0.05474073
4,1983,4,1,0.0382436
5,1983,4,1,0.02190266
6,1983,4,1,0.01610691
7,1983,4,1,0.01376365
8,1983,4,1,0.01270939
9,1983,4,1,0.01227647
10,1983,4,1,0.01203904
11,1983,4,1,0.01198038
12,1983,4,1,0.01198541
13,1983,4,1,0.01199122
14,1983,4,1,0.0120057
15,1983,4,1,0.01200439
16,1983,4,1,0.01203924
1,1984,4,1,0.01297643
2,1984,4,1,0.08907914
3,1984,4,1,0.07788185
4,1984,4,1,0.05500744
5,1984,4,1,0.03203884
6,1984,4,1,0.0237936
7,1984,4,1,0.02045052
8,1984,4,1,0.01894996
9,1984,4,1,0.01834397
10,1984,4,1,0.01801711
11,1984,4,1,0.01794935
12,1984,4,1,0.01797369
13,1984,4,1,0.01799305
14,1984,4,1,0.01802287
15,1984,4,1,0.01802824
16,1984,4,1,0.01808992
1,1985,4,1,0.01618112
2,1985,4,1,0.1104241
3,1985,4,1,0.0967909
4,1985,4,1,0.06839841
5,1985,4,1,0.03986996
6,1985,4,1,0.02962289
7,1985,4,1,0.02546759
8,1985,4,1,0.02360266
9,1985,4,1,0.02285014
10,1985,4,1,0.02244458
11,1985,4,1,0.0223613
12,1985,4,1,0.02239258
13,1985,4,1,0.02241731
14,1985,4,1,0.02245491
15,1985,4,1,0.02246202
16,1985,4,1,0.02253939
1,1986,4,1,0.01537258
2,1986,4,1,0.1065143
3,1986,4,1,0.09275276
4,1986,4,1,0.06545696
5,1986,4,1,0.03807745
6,1986,4,1,0.0282578
7,1986,4,1,0.02427722
8,1986,4,1,0.02249019
9,1986,4,1,0.02176759
10,1986,4,1,0.02137734
11,1986,4,1,0.02129523
12,1986,4,1,0.02132267
13,1986,4,1,0.02134474
14,1986,4,1,0.02137941
15,1986,4,1,0.02138516
16,1986,4,1,0.02145753
1,1987,4,1,0.009513163
2,1987,4,1,0.06680268
3,1987,4,1,0.05783966
4,1987,4,1,0.04077021
5,1987,4,1,0.02367405
6,1987,4,1,0.01755057
7,1987,4,1,0.01506906
8,1987,4,1,0.01395474
9,1987,4,1,0.01350334
10,1987,4,1,0.0132591
11,1987,4,1,0.01320663
12,1987,4,1,0.01322236
13,1987,4,1,0.01323522
14,1987,4,1,0.01325611
15,1987,4,1,0.01325911
16,1987,4,1,0.01330326
1,1988,4,1,0.01872213
2,1988,4,1,0.1174681
3,1988,4,1,0.1068785
4,1988,4,1,0.07608954
5,1988,4,1,0.0448521
6,1988,4,1,0.03353765
7,1988,4,1,0.02894057
8,1988,4,1,0.0268807
9,1988,4,1,0.02605911
10,1988,4,1,0.02562161
11,1988,4,1,0.02554446
12,1988,4,1,0.02559519
13,1988,4,1,0.02563296
14,1988,4,1,0.02568317
15,1988,4,1,0.02569784
16,1988,4,1,0.02579468
1,1989,4,1,0.01714679
2,1989,4,1,0.1199818
3,1989,4,1,0.1040407
4,1989,4,1,0.07335942
5,1989,4,1,0.04261796
6,1989,4,1,0.0316032
7,1989,4,1,0.02713917
8,1989,4,1,0.02513472
9,1989,4,1,0.02432313
10,1989,4,1,0.02388422
11,1989,4,1,0.02379044
12,1989,4,1,0.02381939
13,1989,4,1,0.02384295
14,1989,4,1,0.02388087
15,1989,4,1,0.02388655
16,1989,4,1,0.02396643
1,1990,4,1,0.01586084
2,1990,4,1,0.1134491
3,1990,4,1,0.09746208
4,1990,4,1,0.068588
5,1990,4,1,0.03972798
6,1990,4,1,0.02940956
7,1990,4,1,0.02522985
8,1990,4,1,0.02335229
9,1990,4,1,0.0225898
10,1990,4,1,0.0221762
11,1990,4,1,0.02208486
12,1990,4,1,0.02210816
13,1990,4,1,0.02212776
14,1990,4,1,0.02216123
15,1990,4,1,0.02216493
16,1990,4,1,0.02223708
1,1991,4,1,0.01594379
2,1991,4,1,0.1061961
3,1991,4,1,0.09407624
4,1991,4,1,0.06662259
5,1991,4,1,0.03896121
6,1991,4,1,0.02900169
7,1991,4,1,0.02496072
8,1991,4,1,0.02314795
9,1991,4,1,0.0224189
10,1991,4,1,0.02202733
11,1991,4,1,0.02195014
12,1991,4,1,0.02198465
13,1991,4,1,0.02201133
14,1991,4,1,0.02205008
15,1991,4,1,0.02205872
16,1991,4,1,0.02213681
1,1992,4,1,0.01227034
2,1992,4,1,0.09172836
3,1992,4,1,0.07736582
4,1992,4,1,0.05423476
5,1992,4,1,0.03122657
6,1992,4,1,0.02303555
7,1992,4,1,0.01972094
8,1992,4,1,0.01823074
9,1992,4,1,0.01762196
10,1992,4,1,0.01728978
11,1992,4,1,0.01721173
12,1992,4,1,0.01722416
13,1992,4,1,0.0172358
14,1992,4,1,0.01725912
15,1992,4,1,0.0172595
16,1992,4,1,0.0173125
1,1993,4,1,0.01677929
2,1993,4,1,0.110688
3,1993,4,1,0.09847332
4,1993,4,1,0.06979594
5,1993,4,1,0.0408696
6,1993,4,1,0.03044463
7,1993,4,1,0.02621387
8,1993,4,1,0.02431631
9,1993,4,1,0.02355418
10,1993,4,1,0.0231454
11,1993,4,1,0.02306617
12,1993,4,1,0.02310399
13,1993,4,1,0.02313303
14,1993,4,1,0.02317451
15,1993,4,1,0.02318427
16,1993,4,1,0.02326722
1,1994,4,1,0.0155108
2,1994,4,1,0.1019665
3,1994,4,1,0.09085332
4,1994,4,1,0.06441472
5,1994,4,1,0.037736
6,1994,4,1,0.02811775
7,1994,4,1,0.02421406
8,1994,4,1,0.02246332
9,1994,4,1,0.02176049
10,1994,4,1,0.0213837
11,1994,4,1,0.02131112
12,1994,4,1,0.02134658
13,1994,4,1,0.02137374
14,1994,4,1,0.02141231
15,1994,4,1,0.02142156
16,1994,4,1,0.02149849
1,1995,4,1,0.02189562
2,1995,4,1,0.150959
3,1995,4,1,0.1317369
4,1995,4,1,0.09300938
5,1995,4,1,0.05414138
6,1995,4,1,0.04019455
7,1995,4,1,0.03454029
8,1995,4,1,0.03200213
9,1995,4,1,0.0309765
10,1995,4,1,0.03042298
11,1995,4,1,0.03030743
12,1995,4,1,0.03034758
13,1995,4,1,0.03037967
14,1995,4,1,0.03042955
15,1995,4,1,0.03043821
16,1995,4,1,0.03054182
1,1996,4,1,0.01494414
2,1996,4,1,0.1208651
3,1996,4,1,0.09876646
4,1996,4,1,0.06876274
5,1996,4,1,0.03916735
6,1996,4,1,0.02871006
7,1996,4,1,0.02448592
8,1996,4,1,0.022584
9,1996,4,1,0.02179893
10,1996,4,1,0.02136617
11,1996,4,1,0.02125404
12,1996,4,1,0.02125626
13,1996,4,1,0.0212623
14,1996,4,1,0.02128474
15,1996,4,1,0.02127948
16,1996,4,1,0.02133753
1,1997,4,1,0.02158314
2,1997,4,1,0.1583089
3,1997,4,1,0.1345755
4,1997,4,1,0.09449721
5,1997,4,1,0.05454916
6,1997,4,1,0.04030128
7,1997,4,1,0.03453318
8,1997,4,1,0.03194086
9,1997,4,1,0.03088454
10,1997,4,1,0.03030961
11,1997,4,1,0.03017798
12,1997,4,1,0.03020414
13,1997,4,1,0.03022732
14,1997,4,1,0.03027031
15,1997,4,1,0.03027289
16,1997,4,1,0.03036827
1,1998,4,1,0.0223745
2,1998,4,1,0.1639818
3,1998,4,1,0.1394445
4,1998,4,1,0.09792305
5,1998,4,1,0.05653291
6,1998,4,1,0.04176954
7,1998,4,1,0.03579264
8,1998,4,1,0.03310653
9,1998,4,1,0.0320121
10,1998,4,1,0.0314165
11,1998,4,1,0.03128029
12,1998,4,1,0.03130759
13,1998,4,1,0.03133174
14,1998,4,1,0.03137638
15,1998,4,1,0.03137914
16,1998,4,1,0.03147811
1,1999,4,1,0.01639229
2,1999,4,1,0.1290218
3,1999,4,1,0.106572
4,1999,4,1,0.07437291
5,1999,4,1,0.04252119
6,1999,4,1,0.03123765
7,1999,4,1,0.02667695
8,1999,4,1,0.02462454
9,1999,4,1,0.02378035
10,1999,4,1,0.02331661
11,1999,4,1,0.02320025
12,1999,4,1,0.02320771
13,1999,4,1,0.02321749
14,1999,4,1,0.02324442
15,1999,4,1,0.02324088
16,1999,4,1,0.02330708
1,2000,4,1,0.03194565
2,2000,4,1,0.241454
3,2000,4,1,0.2027318
4,2000,4,1,0.1419815
5,2000,4,1,0.08162589
6,2000,4,1,0.06016174
7,2000,4,1,0.05147815
8,2000,4,1,0.04757333
9,2000,4,1,0.04597579
10,2000,4,1,0.04510283
11,2000,4,1,0.04489469
12,2000,4,1,0.04492333
13,2000,4,1,0.04495128
14,2000,4,1,0.04501026
15,2000,4,1,0.04500962
16,2000,4,1,0.04514572
1,2001,4,1,0.02021053
2,2001,4,1,0.1528235
3,2001,4,1,0.1282921
4,2001,4,1,0.08984491
5,2001,4,1,0.05164921
6,2001,4,1,0.03806632
7,2001,4,1,0.03257125
8,2001,4,1,0.03010021
9,2001,4,1,0.02908921
10,2001,4,1,0.02853672
11,2001,4,1,0.02840492
12,2001,4,1,0.02842294
13,2001,4,1,0.02844057
14,2001,4,1,0.02847784
15,2001,4,1,0.02847739
16,2001,4,1,0.02856344
1,2002,4,1,0.02441798
2,2002,4,1,0.184538
3,2002,4,1,0.1549502
4,2002,4,1,0.1085192
5,2002,4,1,0.06238912
6,2002,4,1,0.04598381
7,2002,4,1,0.03934683
8,2002,4,1,0.03636233
9,2002,4,1,0.03514133
10,2002,4,1,0.03447414
11,2002,4,1,0.03431508
12,2002,4,1,0.034337
13,2002,4,1,0.03435838
14,2002,4,1,0.03440348
15,2002,4,1,0.03440299
16,2002,4,1,0.03450704
1,2003,4,1,0.02931736
2,2003,4,1,0.2201129
3,2003,4,1,0.1853196
4,2003,4,1,0.1298631
5,2003,4,1,0.07472693
6,2003,4,1,0.05510636
7,2003,4,1,0.04716741
8,2003,4,1,0.04359788
9,2003,4,1,0.04213882
10,2003,4,1,0.04134223
11,2003,4,1,0.04115397
12,2003,4,1,0.04118234
13,2003,4,1,0.0412093
14,2003,4,1,0.04126439
15,2003,4,1,0.04126472
16,2003,4,1,0.04139067
1,2004,4,1,0.02733978
2,2004,4,1,0.2132167
3,2004,4,1,0.1767667
4,2004,4,1,0.1234585
5,2004,4,1,0.07067387
6,2004,4,1,0.0519584
7,2004,4,1,0.04439222
8,2004,4,1,0.04098786
9,2004,4,1,0.0395893
10,2004,4,1,0.03882193
11,2004,4,1,0.03863154
12,2004,4,1,0.03864676
13,2004,4,1,0.03866483
14,2004,4,1,0.03871103
15,2004,4,1,0.03870636
16,2004,4,1,0.03881817
1,2005,4,1,0.01814248
2,2005,4,1,0.1434069
3,2005,4,1,0.1182533
4,2005,4,1,0.08249422
5,2005,4,1,0.04713687
6,2005,4,1,0.03461651
7,2005,4,1,0.02955639
8,2005,4,1,0.02727904
9,2005,4,1,0.02634181
10,2005,4,1,0.02582668
11,2005,4,1,0.02569676
12,2005,4,1,0.02570416
13,2005,4,1,0.02571444
14,2005,4,1,0.02574385
15,2005,4,1,0.02573955
16,2005,4,1,0.02581238
1,2006,4,1,0.02174567
2,2006,4,1,0.1604653
3,2006,4,1,0.1360677
4,2006,4,1,0.09549446
5,2006,4,1,0.05507972
6,2006,4,1,0.04067381
7,2006,4,1,0.03484253
8,2006,4,1,0.03222152
9,2006,4,1,0.03115264
10,2006,4,1,0.03057041
11,2006,4,1,0.030436
12,2006,4,1,0.03046099
13,2006,4,1,0.03048348
14,2006,4,1,0.03052616
15,2006,4,1,0.03052816
16,2006,4,1,0.03062357
1,2007,4,1,0.0277036
2,2007,4,1,0.1969474
3,2007,4,1,0.1696329
4,2007,4,1,0.1194419
5,2007,4,1,0.06924122
6,2007,4,1,0.05128206
7,2007,4,1,0.04400627
8,2007,4,1,0.04073831
9,2007,4,1,0.03941227
10,2007,4,1,0.03869359
11,2007,4,1,0.0385363
12,2007,4,1,0.0385787
13,2007,4,1,0.03861402
14,2007,4,1,0.03867326
15,2007,4,1,0.03868049
16,2007,4,1,0.03880736
1,2008,4,1,0.02380037
2,2008,4,1,0.1832329
3,2008,4,1,0.1527004
4,2008,4,1,0.1067703
5,2008,4,1,0.06122871
6,2008,4,1,0.04506143
7,2008,4,1,0.0385235
8,2008,4,1,0.03558251
9,2008,4,1,0.03437635
10,2008,4,1,0.03371567
11,2008,4,1,0.03355437
12,2008,4,1,0.03357098
13,2008,4,1,0.03358883
14,2008,4,1,0.0336306
15,2008,4,1,0.03362802
16,2008,4,1,0.03372705
1,2009,4,1,0.02822676
2,2009,4,1,0.2206819
3,2009,4,1,0.1827735
4,2009,4,1,0.1276261
5,2009,4,1,0.07303476
6,2009,4,1,0.05368329
7,2009,4,1,0.04586043
8,2009,4,1,0.04234042
9,2009,4,1,0.04089386
10,2009,4,1,0.04009991
11,2009,4,1,0.03990232
12,2009,4,1,0.03991726
13,2009,4,1,0.03993543
14,2009,4,1,0.03998277
15,2009,4,1,0.03997761
16,2009,4,1,0.04009265
1,2010,4,1,0.0300985
2,2010,4,1,0.2156087
3,2010,4,1,0.1851093
4,2010,4,1,0.1302518
5,2010,4,1,0.07543009
6,2010,4,1,0.05583235
7,2010,4,1,0.04789411
8,2010,4,1,0.04432808
9,2010,4,1,0.04287961
10,2010,4,1,0.04209375
11,2010,4,1,0.04191982
12,2010,4,1,0.04196358
13,2010,4,1,0.04200049
14,2010,4,1,0.04206379
15,2010,4,1,0.04207062
16,2010,4,1,0.0422073
1,2011,4,1,0.0226734
2,2011,4,1,0.1762109
3,2011,4,1,0.1462913
4,2011,4,1,0.1022047
5,2011,4,1,0.05853495
6,2011,4,1,0.04304615
7,2011,4,1,0.03678394
8,2011,4,1,0.03396648
9,2011,4,1,0.03280954
10,2011,4,1,0.03217504
11,2011,4,1,0.03201829
12,2011,4,1,0.03203178
13,2011,4,1,0.03204732
14,2011,4,1,0.03208603
15,2011,4,1,0.03208254
16,2011,4,1,0.0321757
1,2012,4,1,0.0301505
2,2012,4,1,0.2341991
3,2012,4,1,0.1944739
4,2012,4,1,0.1358731
5,2012,4,1,0.07782314
6,2012,4,1,0.05723295
7,2012,4,1,0.04890811
8,2012,4,1,0.04516267
9,2012,4,1,0.0436248
10,2012,4,1,0.04278143
11,2012,4,1,0.04257321
12,2012,4,1,0.04259132
13,2012,4,1,0.04261209
14,2012,4,1,0.04266365
15,2012,4,1,0.04265908
16,2012,4,1,0.04278305
1,2013,4,1,0.02246035
2,2013,4,1,0.1792959
3,2013,4,1,0.1472703
4,2013,4,1,0.1026485
5,2013,4,1,0.05857374
6,2013,4,1,0.04298104
7,2013,4,1,0.03668064
8,2013,4,1,0.03384456
9,2013,4,1,0.03267589
10,2013,4,1,0.03203274
11,2013,4,1,0.03186862
12,2013,4,1,0.03187529
13,2013,4,1,0.03188645
14,2013,4,1,0.03192172
15,2013,4,1,0.0319153
16,2013,4,1,0.03200421
1,2014,4,1,0.02508698
2,2014,4,1,0.2014948
3,2014,4,1,0.1651041
4,2014,4,1,0.1150175
5,2014,4,1,0.06557658
6,2014,4,1,0.04809561
7,2014,4,1,0.0410332
8,2014,4,1,0.03785375
9,2014,4,1,0.03654253
10,2014,4,1,0.03582037
11,2014,4,1,0.03563477
12,2014,4,1,0.03564047
13,2014,4,1,0.03565185
14,2014,4,1,0.03569045
15,2014,4,1,0.0356825
16,2014,4,1,0.03578094
1,2015,4,1,0.02151802
2,2015,4,1,0.1719112
3,2015,4,1,0.1411599
4,2015,4,1,0.09838268
5,2015,4,1,0.05613337
6,2015,4,1,0.04118762
7,2015,4,1,0.03514873
8,2015,4,1,0.03243034
9,2015,4,1,0.03131004
10,2015,4,1,0.03069344
11,2015,4,1,0.03053595
12,2015,4,1,0.03054215
13,2015,4,1,0.03055272
14,2015,4,1,0.03058642
15,2015,4,1,0.03058018
16,2015,4,1,0.03066527
1,2016,4,1,0.02390601
2,2016,4,1,0.1924898
3,2016,4,1,0.1575703
4,2016,4,1,0.1097453
5,2016,4,1,0.06254921
6,2016,4,1,0.04586588
7,2016,4,1,0.03912611
8,2016,4,1,0.03609177
9,2016,4,1,0.03483998
10,2016,4,1,0.03415034
11,2016,4,1,0.03397257
12,2016,4,1,0.03397733
13,2016,4,1,0.03398775
14,2016,4,1,0.03402421
15,2016,4,1,0.03401634
16,2016,4,1,0.0341098
1,2017,4,1,0.02850252
2,2017,4,1,0.2212874
3,2017,4,1,0.1837893
4,2017,4,1,0.1284137
5,2017,4,1,0.07355571
6,2017,4,1,0.05409677
7,2017,4,1,0.04622922
8,2017,4,1,0.04268955
9,2017,4,1,0.04123626
10,2017,4,1,0.04043933
11,2017,4,1,0.04024271
12,2017,4,1,0.04025998
13,2017,4,1,0.04027971
14,2017,4,1,0.04032853
15,2017,4,1,0.04032428
16,2017,4,1,0.04044155
1,2018,4,1,0.03107451
2,2018,4,1,0.2379698
3,2018,4,1,0.1987425
4,2018,4,1,0.139028
5,2018,4,1,0.07978504
6,2018,4,1,0.05874308
7,2018,4,1,0.05023284
8,2018,4,1,0.04640501
9,2018,4,1,0.04483625
10,2018,4,1,0.04397754
11,2018,4,1,0.0437693
12,2018,4,1,0.04379277
13,2018,4,1,0.04381721
14,2018,4,1,0.04387256
15,2018,4,1,0.04386999
16,2018,4,1,0.04400018
1,2019,4,1,0.01881658
2,2019,4,1,0.1509846
3,2019,4,1,0.1237638
4,2019,4,1,0.08622561
5,2019,4,1,0.04916765
6,2019,4,1,0.03606373
7,2019,4,1,0.03076956
8,2019,4,1,0.02838621
9,2019,4,1,0.02740343
10,2019,4,1,0.02686222
11,2019,4,1,0.02672328
12,2019,4,1,0.02672777
13,2019,4,1,0.02673644
14,2019,4,1,0.02676548
15,2019,4,1,0.02675961
16,2019,4,1,0.02683355
1,2020,4,1,0.03970053
2,2020,4,1,0.3180203
3,2020,4,1,0.2608586
4,2020,4,1,0.1817656
5,2020,4,1,0.1036706
6,2020,4,1,0.07605129
7,2020,4,1,0.06489229
8,2020,4,1,0.05986884
9,2020,4,1,0.05779786
10,2020,4,1,0.05665765
11,2020,4,1,0.0563655
12,2020,4,1,0.05637573
13,2020,4,1,0.0563945
14,2020,4,1,0.05645612
15,2020,4,1,0.05644407
16,2020,4,1,0.05660046
1,2021,4,1,0.05107537
2,2021,4,1,0.4066339
3,2021,4,1,0.3343554
4,2021,4,1,0.2331025
5,2021,4,1,0.1330628
6,2021,4,1,0.09766193
7,2021,4,1,0.08335696
8,2021,4,1,0.07691802
9,2021,4,1,0.07426562
10,2021,4,1,0.07280643
11,2021,4,1,0.07243526
12,2021,4,1,0.07245196
13,2021,4,1,0.07247832
14,2021,4,1,0.07255923
15,2021,4,1,0.0725453
16,2021,4,1,0.07274828
1,2022,4,1,0.06613611
2,2022,4,1,0.526072
3,2022,4,1,0.4327158
4,2022,4,1,0.3016998
5,2022,4,1,0.1722414
6,2022,4,1,0.1264264
7,2022,4,1,0.1079128
8,2022,4,1,0.09957962
9,2022,4,1,0.09614733
10,2022,4,1,0.09425931
11,2022,4,1,0.09377956
12,2022,4,1,0.09380184
13,2022,4,1,0.0938364
14,2022,4,1,0.09394147
15,2022,4,1,0.09392372
16,2022,4,1,0.09418688
1,2023,4,1,0.003281127
2,2023,4,1,0.02585017
3,2023,4,1,0.02134407
4,2023,4,1,0.01489404
5,2023,4,1,0.008514245
6,2023,4,1,0.006254393
7,2023,4,1,0.005341003
8,2023,4,1,0.00492995
9,2023,4,1,0.004760857
10,2023,4,1,0.004667957
11,2023,4,1,0.00464462
12,2023,4,1,0.004646077
13,2023,4,1,0.004648014
14,2023,4,1,0.004653388
15,2023,4,1,0.004652664
16,2023,4,1,0.004665897
1,2024,4,1,0.005114284
2,2024,4,1,0.0349118
3,2024,4,1,0.03059748
4,2024,4,1,0.02162149
5,2024,4,1,0.01260282
6,2024,4,1,0.009363517
7,2024,4,1,0.008049953
8,2024,4,1,0.007460415
9,2024,4,1,0.007222517
10,2024,4,1,0.007094301
11,2024,4,1,0.007067961
12,2024,4,1,0.007077832
13,2024,4,1,0.007085638
14,2024,4,1,0.007097516
15,2024,4,1,0.007099756
16,2024,4,1,0.007124204
1,1972,1,2,0.0001429688
2,1972,1,2,0.0007795035
3,1972,1,2,0.0007350111
4,1972,1,2,0.0005131719
5,1972,1,2,0.0002996922
6,1972,1,2,0.0002262139
7,1972,1,2,0.000197025
8,1972,1,2,0.000184013
9,1972,1,2,0.0001788384
10,1972,1,2,0.0001760506
11,1972,1,2,0.0001756259
12,1972,1,2,0.0001760571
13,1972,1,2,0.0001763301
14,1972,1,2,0.000176678
15,1972,1,2,0.0001767726
16,1972,1,2,0.0001775049
1,1973,1,2,5.702935e-05
2,1973,1,2,0.0003109391
3,1973,1,2,0.0002931914
4,1973,1,2,0.0002047011
5,1973,1,2,0.0001195454
6,1973,1,2,9.023531e-05
7,1973,1,2,7.859206e-05
8,1973,1,2,7.340164e-05
9,1973,1,2,7.133753e-05
10,1973,1,2,7.022549e-05
11,1973,1,2,7.005608e-05
12,1973,1,2,7.022808e-05
13,1973,1,2,7.033698e-05
14,1973,1,2,7.047577e-05
15,1973,1,2,7.051349e-05
16,1973,1,2,7.080561e-05
1,1974,1,2,0.0003894812
2,1974,1,2,0.002123554
3,1974,1,2,0.002002346
4,1974,1,2,0.001398003
5,1974,1,2,0.0008164334
6,1974,1,2,0.0006162608
7,1974,1,2,0.0005367433
8,1974,1,2,0.0005012954
9,1974,1,2,0.0004871986
10,1974,1,2,0.000479604
11,1974,1,2,0.000478447
12,1974,1,2,0.0004796217
13,1974,1,2,0.0004803654
14,1974,1,2,0.0004813133
15,1974,1,2,0.0004815709
16,1974,1,2,0.0004835659
1,1975,1,2,1.031067e-11
2,1975,1,2,6.618927e-11
3,1975,1,2,6.29018e-11
4,1975,1,2,4.298187e-11
5,1975,1,2,2.408375e-11
6,1975,1,2,1.767658e-11
7,1975,1,2,1.515124e-11
8,1975,1,2,1.402708e-11
9,1975,1,2,1.356997e-11
10,1975,1,2,1.332162e-11
11,1975,1,2,1.326914e-11
12,1975,1,2,1.328823e-11
13,1975,1,2,1.330111e-11
14,1975,1,2,1.33223e-11
15,1975,1,2,1.332477e-11
16,1975,1,2,1.337472e-11
1,1976,1,2,1.031067e-11
2,1976,1,2,6.618927e-11
3,1976,1,2,6.29018e-11
4,1976,1,2,4.298187e-11
5,1976,1,2,2.408375e-11
6,1976,1,2,1.767658e-11
7,1976,1,2,1.515124e-11
8,1976,1,2,1.402708e-11
9,1976,1,2,1.356997e-11
10,1976,1,2,1.332162e-11
11,1976,1,2,1.326914e-11
12,1976,1,2,1.328823e-11
13,1976,1,2,1.330111e-11
14,1976,1,2,1.33223e-11
15,1976,1,2,1.332477e-11
16,1976,1,2,1.337472e-11
1,1977,1,2,0.0001373178
2,1977,1,2,0.0007486928
3,1977,1,2,0.000705959
4,1977,1,2,0.0004928882
5,1977,1,2,0.0002878465
6,1977,1,2,0.0002172725
7,1977,1,2,0.0001892374
8,1977,1,2,0.0001767397
9,1977,1,2,0.0001717696
10,1977,1,2,0.000169092
11,1977,1,2,0.0001686841
12,1977,1,2,0.0001690982
13,1977,1,2,0.0001693605
14,1977,1,2,0.0001696946
15,1977,1,2,0.0001697855
16,1977,1,2,0.0001704888
1,1978,1,2,0.0001140457
2,1978,1,2,0.0006218074
3,1978,1,2,0.0005863159
4,1978,1,2,0.0004093555
5,1978,1,2,0.0002390635
6,1978,1,2,0.0001804501
7,1978,1,2,0.0001571662
8,1978,1,2,0.0001467866
9,1978,1,2,0.0001426588
10,1978,1,2,0.000140435
11,1978,1,2,0.0001400962
12,1978,1,2,0.0001404402
13,1978,1,2,0.0001406579
14,1978,1,2,0.0001409355
15,1978,1,2,0.0001410109
16,1978,1,2,0.0001415951
1,1979,1,2,1.031067e-11
2,1979,1,2,6.618927e-11
3,1979,1,2,6.29018e-11
4,1979,1,2,4.298187e-11
5,1979,1,2,2.408375e-11
6,1979,1,2,1.767658e-11
7,1979,1,2,1.515124e-11
8,1979,1,2,1.402708e-11
9,1979,1,2,1.356997e-11
10,1979,1,2,1.332162e-11
11,1979,1,2,1.326914e-11
12,1979,1,2,1.328823e-11
13,1979,1,2,1.330111e-11
14,1979,1,2,1.33223e-11
15,1979,1,2,1.332477e-11
16,1979,1,2,1.337472e-11
1,1980,1,2,1.031067e-11
2,1980,1,2,6.618927e-11
3,1980,1,2,6.29018e-11
4,1980,1,2,4.298187e-11
5,1980,1,2,2.408375e-11
6,1980,1,2,1.767658e-11
7,1980,1,2,1.515124e-11
8,1980,1,2,1.402708e-11
9,1980,1,2,1.356997e-11
10,1980,1,2,1.332162e-11
11,1980,1,2,1.326914e-11
12,1980,1,2,1.328823e-11
13,1980,1,2,1.330111e-11
14,1980,1,2,1.33223e-11
15,1980,1,2,1.332477e-11
16,1980,1,2,1.337472e-11
1,1981,1,2,1.031067e-11
2,1981,1,2,6.618927e-11
3,1981,1,2,6.29018e-11
4,1981,1,2,4.298187e-11
5,1981,1,2,2.408375e-11
6,1981,1,2,1.767658e-11
7,1981,1,2,1.515124e-11
8,1981,1,2,1.402708e-11
9,1981,1,2,1.356997e-11
10,1981,1,2,1.332162e-11
11,1981,1,2,1.326914e-11
12,1981,1,2,1.328823e-11
13,1981,1,2,1.330111e-11
14,1981,1,2,1.33223e-11
15,1981,1,2,1.332477e-11
16,1981,1,2,1.337472e-11
1,1982,1,2,1.031067e-11
2,1982,1,2,6.618927e-11
3,1982,1,2,6.29018e-11
4,1982,1,2,4.298187e-11
5,1982,1,2,2.408375e-11
6,1982,1,2,1.767658e-11
7,1982,1,2,1.515124e-11
8,1982,1,2,1.402708e-11
9,1982,1,2,1.356997e-11
10,1982,1,2,1.332162e-11
11,1982,1,2,1.326914e-11
12,1982,1,2,1.328823e-11
13,1982,1,2,1.330111e-11
14,1982,1,2,1.33223e-11
15,1982,1,2,1.332477e-11
16,1982,1,2,1.337472e-11
1,1983,1,2,1.031067e-11
2,1983,1,2,6.618927e-11
3,1983,1,2,6.29018e-11
4,1983,1,2,4.298187e-11
5,1983,1,2,2.408375e-11
6,1983,1,2,1.767658e-11
7,1983,1,2,1.515124e-11
8,1983,1,2,1.402708e-11
9,1983,1,2,1.356997e-11
10,1983,1,2,1.332162e-11
11,1983,1,2,1.326914e-11
12,1983,1,2,1.328823e-11
13,1983,1,2,1.330111e-11
14,1983,1,2,1.33223e-11
15,1983,1,2,1.332477e-11
16,1983,1,2,1.337472e-11
1,1984,1,2,1.031067e-11
2,1984,1,2,6.618927e-11
3,1984,1,2,6.29018e-11
4,1984,1,2,4.298187e-11
5,1984,1,2,2.408375e-11
6,1984,1,2,1.767658e-11
7,1984,1,2,1.515124e-11
8,1984,1,2,1.402708e-11
9,1984,1,2,1.356997e-11
10,1984,1,2,1.332162e-11
11,1984,1,2,1.326914e-11
12,1984,1,2,1.328823e-11
13,1984,1,2,1.330111e-11
14,1984,1,2,1.33223e-11
15,1984,1,2,1.332477e-11
16,1984,1,2,1.337472e-11
1,1985,1,2,1.031067e-11
2,1985,1,2,6.618927e-11
3,1985,1,2,6.29018e-11
4,1985,1,2,4.298187e-11
5,1985,1,2,2.408375e-11
6,1985,1,2,1.767658e-11
7,1985,1,2,1.515124e-11
8,1985,1,2,1.402708e-11
9,1985,1,2,1.356997e-11
10,1985,1,2,1.332162e-11
11,1985,1,2,1.326914e-11
12,1985,1,2,1.328823e-11
13,1985,1,2,1.330111e-11
14,1985,1,2,1.33223e-11
15,1985,1,2,1.332477e-11
16,1985,1,2,1.337472e-11
1,1986,1,2,1.031067e-11
2,1986,1,2,6.618927e-11
3,1986,1,2,6.29018e-11
4,1986,1,2,4.298187e-11
5,1986,1,2,2.408375e-11
6,1986,1,2,1.767658e-11
7,1986,1,2,1.515124e-11
8,1986,1,2,1.402708e-11
9,1986,1,2,1.356997e-11
10,1986,1,2,1.332162e-11
11,1986,1,2,1.326914e-11
12,1986,1,2,1.328823e-11
13,1986,1,2,1.330111e-11
14,1986,1,2,1.33223e-11
15,1986,1,2,1.332477e-11
16,1986,1,2,1.337472e-11
1,1987,1,2,1.031067e-11
2,1987,1,2,6.618927e-11
3,1987,1,2,6.29018e-11
4,1987,1,2,4.298187e-11
5,1987,1,2,2.408375e-11
6,1987,1,2,1.767658e-11
7,1987,1,2,1.515124e-11
8,1987,1,2,1.402708e-11
9,1987,1,2,1.356997e-11
10,1987,1,2,1.332162e-11
11,1987,1,2,1.326914e-11
12,1987,1,2,1.328823e-11
13,1987,1,2,1.330111e-11
14,1987,1,2,1.33223e-11
15,1987,1,2,1.332477e-11
16,1987,1,2,1.337472e-11
1,1988,1,2,1.031067e-11
2,1988,1,2,6.618927e-11
3,1988,1,2,6.29018e-11
4,1988,1,2,4.298187e-11
5,1988,1,2,2.408375e-11
6,1988,1,2,1.767658e-11
7,1988,1,2,1.515124e-11
8,1988,1,2,1.402708e-11
9,1988,1,2,1.356997e-11
10,1988,1,2,1.332162e-11
11,1988,1,2,1.326914e-11
12,1988,1,2,1.328823e-11
13,1988,1,2,1.330111e-11
14,1988,1,2,1.33223e-11
15,1988,1,2,1.332477e-11
16,1988,1,2,1.337472e-11
1,1989,1,2,1.031067e-11
2,1989,1,2,6.618927e-11
3,1989,1,2,6.29018e-11
4,1989,1,2,4.298187e-11
5,1989,1,2,2.408375e-11
6,1989,1,2,1.767658e-11
7,1989,1,2,1.515124e-11
8,1989,1,2,1.402708e-11
9,1989,1,2,1.356997e-11
10,1989,1,2,1.332162e-11
11,1989,1,2,1.326914e-11
12,1989,1,2,1.328823e-11
13,1989,1,2,1.330111e-11
14,1989,1,2,1.33223e-11
15,1989,1,2,1.332477e-11
16,1989,1,2,1.337472e-11
1,1990,1,2,1.031067e-11
2,1990,1,2,6.618927e-11
3,1990,1,2,6.29018e-11
4,1990,1,2,4.298187e-11
5,1990,1,2,2.408375e-11
6,1990,1,2,1.767658e-11
7,1990,1,2,1.515124e-11
8,1990,1,2,1.402708e-11
9,1990,1,2,1.356997e-11
10,1990,1,2,1.332162e-11
11,1990,1,2,1.326914e-11
12,1990,1,2,1.328823e-11
13,1990,1,2,1.330111e-11
14,1990,1,2,1.33223e-11
15,1990,1,2,1.332477e-11
16,1990,1,2,1.337472e-11
1,1991,1,2,1.031067e-11
2,1991,1,2,6.618927e-11
3,1991,1,2,6.29018e-11
4,1991,1,2,4.298187e-11
5,1991,1,2,2.408375e-11
6,1991,1,2,1.767658e-11
7,1991,1,2,1.515124e-11
8,1991,1,2,1.402708e-11
9,1991,1,2,1.356997e-11
10,1991,1,2,1.332162e-11
11,1991,1,2,1.326914e-11
12,1991,1,2,1.328823e-11
13,1991,1,2,1.330111e-11
14,1991,1,2,1.33223e-11
15,1991,1,2,1.332477e-11
16,1991,1,2,1.337472e-11
1,1992,1,2,1.031067e-11
2,1992,1,2,6.618927e-11
3,1992,1,2,6.29018e-11
4,1992,1,2,4.298187e-11
5,1992,1,2,2.408375e-11
6,1992,1,2,1.767658e-11
7,1992,1,2,1.515124e-11
8,1992,1,2,1.402708e-11
9,1992,1,2,1.356997e-11
10,1992,1,2,1.332162e-11
11,1992,1,2,1.326914e-11
12,1992,1,2,1.328823e-11
13,1992,1,2,1.330111e-11
14,1992,1,2,1.33223e-11
15,1992,1,2,1.332477e-11
16,1992,1,2,1.337472e-11
1,1993,1,2,0.0001766299
2,1993,1,2,0.0009630328
3,1993,1,2,0.0009080648
4,1993,1,2,0.000633995
5,1993,1,2,0.0003702529
6,1993,1,2,0.0002794745
7,1993,1,2,0.0002434133
8,1993,1,2,0.0002273377
9,1993,1,2,0.0002209448
10,1993,1,2,0.0002175006
11,1993,1,2,0.0002169759
12,1993,1,2,0.0002175086
13,1993,1,2,0.0002178459
14,1993,1,2,0.0002182758
15,1993,1,2,0.0002183926
16,1993,1,2,0.0002192973
1,1994,1,2,1.031067e-11
2,1994,1,2,6.618927e-11
3,1994,1,2,6.29018e-11
4,1994,1,2,4.298187e-11
5,1994,1,2,2.408375e-11
6,1994,1,2,1.767658e-11
7,1994,1,2,1.515124e-11
8,1994,1,2,1.402708e-11
9,1994,1,2,1.356997e-11
10,1994,1,2,1.332162e-11
11,1994,1,2,1.326914e-11
12,1994,1,2,1.328823e-11
13,1994,1,2,1.330111e-11
14,1994,1,2,1.33223e-11
15,1994,1,2,1.332477e-11
16,1994,1,2,1.337472e-11
1,1995,1,2,1.031067e-11
2,1995,1,2,6.618927e-11
3,1995,1,2,6.29018e-11
4,1995,1,2,4.298187e-11
5,1995,1,2,2.408375e-11
6,1995,1,2,1.767658e-11
7,1995,1,2,1.515124e-11
8,1995,1,2,1.402708e-11
9,1995,1,2,1.356997e-11
10,1995,1,2,1.332162e-11
11,1995,1,2,1.326914e-11
12,1995,1,2,1.328823e-11
13,1995,1,2,1.330111e-11
14,1995,1,2,1.33223e-11
15,1995,1,2,1.332477e-11
16,1995,1,2,1.337472e-11
1,1996,1,2,1.031067e-11
2,1996,1,2,6.618927e-11
3,1996,1,2,6.29018e-11
4,1996,1,2,4.298187e-11
5,1996,1,2,2.408375e-11
6,1996,1,2,1.767658e-11
7,1996,1,2,1.515124e-11
8,1996,1,2,1.402708e-11
9,1996,1,2,1.356997e-11
10,1996,1,2,1.332162e-11
11,1996,1,2,1.326914e-11
12,1996,1,2,1.328823e-11
13,1996,1,2,1.330111e-11
14,1996,1,2,1.33223e-11
15,1996,1,2,1.332477e-11
16,1996,1,2,1.337472e-11
1,1997,1,2,1.031067e-11
2,1997,1,2,6.618927e-11
3,1997,1,2,6.29018e-11
4,1997,1,2,4.298187e-11
5,1997,1,2,2.408375e-11
6,1997,1,2,1.767658e-11
7,1997,1,2,1.515124e-11
8,1997,1,2,1.402708e-11
9,1997,1,2,1.356997e-11
10,1997,1,2,1.332162e-11
11,1997,1,2,1.326914e-11
12,1997,1,2,1.328823e-11
13,1997,1,2,1.330111e-11
14,1997,1,2,1.33223e-11
15,1997,1,2,1.332477e-11
16,1997,1,2,1.337472e-11
1,1998,1,2,1.031067e-11
2,1998,1,2,6.618927e-11
3,1998,1,2,6.29018e-11
4,1998,1,2,4.298187e-11
5,1998,1,2,2.408375e-11
6,1998,1,2,1.767658e-11
7,1998,1,2,1.515124e-11
8,1998,1,2,1.402708e-11
9,1998,1,2,1.356997e-11
10,1998,1,2,1.332162e-11
11,1998,1,2,1.326914e-11
12,1998,1,2,1.328823e-11
13,1998,1,2,1.330111e-11
14,1998,1,2,1.33223e-11
15,1998,1,2,1.332477e-11
16,1998,1,2,1.337472e-11
1,1999,1,2,1.031067e-11
2,1999,1,2,6.618927e-11
3,1999,1,2,6.29018e-11
4,1999,1,2,4.298187e-11
5,1999,1,2,2.408375e-11
6,1999,1,2,1.767658e-11
7,1999,1,2,1.515124e-11
8,1999,1,2,1.402708e-11
9,1999,1,2,1.356997e-11
10,1999,1,2,1.332162e-11
11,1999,1,2,1.326914e-11
12,1999,1,2,1.328823e-11
13,1999,1,2,1.330111e-11
14,1999,1,2,1.33223e-11
15,1999,1,2,1.332477e-11
16,1999,1,2,1.337472e-11
1,2000,1,2,1.031067e-11
2,2000,1,2,6.618927e-11
3,2000,1,2,6.29018e-11
4,2000,1,2,4.298187e-11
5,2000,1,2,2.408375e-11
6,2000,1,2,1.767658e-11
7,2000,1,2,1.515124e-11
8,2000,1,2,1.402708e-11
9,2000,1,2,1.356997e-11
10,2000,1,2,1.332162e-11
11,2000,1,2,1.326914e-11
12,2000,1,2,1.328823e-11
13,2000,1,2,1.330111e-11
14,2000,1,2,1.33223e-11
15,2000,1,2,1.332477e-11
16,2000,1,2,1.337472e-11
1,2001,1,2,0.004316593
2,2001,1,2,0.02353521
3,2001,1,2,0.02219187
4,2001,1,2,0.01549397
5,2001,1,2,0.009048475
6,2001,1,2,0.006829976
7,2001,1,2,0.00594869
8,2001,1,2,0.005555823
9,2001,1,2,0.005399589
10,2001,1,2,0.005315418
11,2001,1,2,0.005302595
12,2001,1,2,0.005315614
13,2001,1,2,0.005323857
14,2001,1,2,0.005334362
15,2001,1,2,0.005337218
16,2001,1,2,0.005359328
1,2002,1,2,1.031067e-11
2,2002,1,2,6.618927e-11
3,2002,1,2,6.29018e-11
4,2002,1,2,4.298187e-11
5,2002,1,2,2.408375e-11
6,2002,1,2,1.767658e-11
7,2002,1,2,1.515124e-11
8,2002,1,2,1.402708e-11
9,2002,1,2,1.356997e-11
10,2002,1,2,1.332162e-11
11,2002,1,2,1.326914e-11
12,2002,1,2,1.328823e-11
13,2002,1,2,1.330111e-11
14,2002,1,2,1.33223e-11
15,2002,1,2,1.332477e-11
16,2002,1,2,1.337472e-11
1,2003,1,2,1.031067e-11
2,2003,1,2,6.618927e-11
3,2003,1,2,6.29018e-11
4,2003,1,2,4.298187e-11
5,2003,1,2,2.408375e-11
6,2003,1,2,1.767658e-11
7,2003,1,2,1.515124e-11
8,2003,1,2,1.402708e-11
9,2003,1,2,1.356997e-11
10,2003,1,2,1.332162e-11
11,2003,1,2,1.326914e-11
12,2003,1,2,1.328823e-11
13,2003,1,2,1.330111e-11
14,2003,1,2,1.33223e-11
15,2003,1,2,1.332477e-11
16,2003,1,2,1.337472e-11
1,2004,1,2,1.031067e-11
2,2004,1,2,6.618927e-11
3,2004,1,2,6.29018e-11
4,2004,1,2,4.298187e-11
5,2004,1,2,2.408375e-11
6,2004,1,2,1.767658e-11
7,2004,1,2,1.515124e-11
8,2004,1,2,1.402708e-11
9,2004,1,2,1.356997e-11
10,2004,1,2,1.332162e-11
11,2004,1,2,1.326914e-11
12,2004,1,2,1.328823e-11
13,2004,1,2,1.330111e-11
14,2004,1,2,1.33223e-11
15,2004,1,2,1.332477e-11
16,2004,1,2,1.337472e-11
1,2005,1,2,1.031067e-11
2,2005,1,2,6.618927e-11
3,2005,1,2,6.29018e-11
4,2005,1,2,4.298187e-11
5,2005,1,2,2.408375e-11
6,2005,1,2,1.767658e-11
7,2005,1,2,1.515124e-11
8,2005,1,2,1.402708e-11
9,2005,1,2,1.356997e-11
10,2005,1,2,1.332162e-11
11,2005,1,2,1.326914e-11
12,2005,1,2,1.328823e-11
13,2005,1,2,1.330111e-11
14,2005,1,2,1.33223e-11
15,2005,1,2,1.332477e-11
16,2005,1,2,1.337472e-11
1,2006,1,2,4.913768e-05
2,2006,1,2,0.0002679116
3,2006,1,2,0.0002526198
4,2006,1,2,0.0001763747
5,2006,1,2,0.0001030028
6,2006,1,2,7.774862e-05
7,2006,1,2,6.771655e-05
8,2006,1,2,6.324438e-05
9,2006,1,2,6.14659e-05
10,2006,1,2,6.050775e-05
11,2006,1,2,6.036177e-05
12,2006,1,2,6.050997e-05
13,2006,1,2,6.060381e-05
14,2006,1,2,6.072339e-05
15,2006,1,2,6.075589e-05
16,2006,1,2,6.100759e-05
1,2007,1,2,1.031067e-11
2,2007,1,2,6.618927e-11
3,2007,1,2,6.29018e-11
4,2007,1,2,4.298187e-11
5,2007,1,2,2.408375e-11
6,2007,1,2,1.767658e-11
7,2007,1,2,1.515124e-11
8,2007,1,2,1.402708e-11
9,2007,1,2,1.356997e-11
10,2007,1,2,1.332162e-11
11,2007,1,2,1.326914e-11
12,2007,1,2,1.328823e-11
13,2007,1,2,1.330111e-11
14,2007,1,2,1.33223e-11
15,2007,1,2,1.332477e-11
16,2007,1,2,1.337472e-11
1,2008,1,2,1.031067e-11
2,2008,1,2,6.618927e-11
3,2008,1,2,6.29018e-11
4,2008,1,2,4.298187e-11
5,2008,1,2,2.408375e-11
6,2008,1,2,1.767658e-11
7,2008,1,2,1.515124e-11
8,2008,1,2,1.402708e-11
9,2008,1,2,1.356997e-11
10,2008,1,2,1.332162e-11
11,2008,1,2,1.326914e-11
12,2008,1,2,1.328823e-11
13,2008,1,2,1.330111e-11
14,2008,1,2,1.33223e-11
15,2008,1,2,1.332477e-11
16,2008,1,2,1.337472e-11
1,2009,1,2,0.000241469
2,2009,1,2,0.001316553
3,2009,1,2,0.001241407
4,2009,1,2,0.0008667285
5,2009,1,2,0.0005061691
6,2009,1,2,0.0003820669
7,2009,1,2,0.000332768
8,2009,1,2,0.0003107912
9,2009,1,2,0.0003020515
10,2009,1,2,0.000297343
11,2009,1,2,0.0002966257
12,2009,1,2,0.0002973539
13,2009,1,2,0.0002978151
14,2009,1,2,0.0002984027
15,2009,1,2,0.0002985624
16,2009,1,2,0.0002997993
1,2010,1,2,1.031067e-11
2,2010,1,2,6.618927e-11
3,2010,1,2,6.29018e-11
4,2010,1,2,4.298187e-11
5,2010,1,2,2.408375e-11
6,2010,1,2,1.767658e-11
7,2010,1,2,1.515124e-11
8,2010,1,2,1.402708e-11
9,2010,1,2,1.356997e-11
10,2010,1,2,1.332162e-11
11,2010,1,2,1.326914e-11
12,2010,1,2,1.328823e-11
13,2010,1,2,1.330111e-11
14,2010,1,2,1.33223e-11
15,2010,1,2,1.332477e-11
16,2010,1,2,1.337472e-11
1,2011,1,2,1.031067e-11
2,2011,1,2,6.618927e-11
3,2011,1,2,6.29018e-11
4,2011,1,2,4.298187e-11
5,2011,1,2,2.408375e-11
6,2011,1,2,1.767658e-11
7,2011,1,2,1.515124e-11
8,2011,1,2,1.402708e-11
9,2011,1,2,1.356997e-11
10,2011,1,2,1.332162e-11
11,2011,1,2,1.326914e-11
12,2011,1,2,1.328823e-11
13,2011,1,2,1.330111e-11
14,2011,1,2,1.33223e-11
15,2011,1,2,1.332477e-11
16,2011,1,2,1.337472e-11
1,2012,1,2,1.031067e-11
2,2012,1,2,6.618927e-11
3,2012,1,2,6.29018e-11
4,2012,1,2,4.298187e-11
5,2012,1,2,2.408375e-11
6,2012,1,2,1.767658e-11
7,2012,1,2,1.515124e-11
8,2012,1,2,1.402708e-11
9,2012,1,2,1.356997e-11
10,2012,1,2,1.332162e-11
11,2012,1,2,1.326914e-11
12,2012,1,2,1.328823e-11
13,2012,1,2,1.330111e-11
14,2012,1,2,1.33223e-11
15,2012,1,2,1.332477e-11
16,2012,1,2,1.337472e-11
1,2013,1,2,1.031067e-11
2,2013,1,2,6.618927e-11
3,2013,1,2,6.29018e-11
4,2013,1,2,4.298187e-11
5,2013,1,2,2.408375e-11
6,2013,1,2,1.767658e-11
7,2013,1,2,1.515124e-11
8,2013,1,2,1.402708e-11
9,2013,1,2,1.356997e-11
10,2013,1,2,1.332162e-11
11,2013,1,2,1.326914e-11
12,2013,1,2,1.328823e-11
13,2013,1,2,1.330111e-11
14,2013,1,2,1.33223e-11
15,2013,1,2,1.332477e-11
16,2013,1,2,1.337472e-11
1,2014,1,2,1.031067e-11
2,2014,1,2,6.618927e-11
3,2014,1,2,6.29018e-11
4,2014,1,2,4.298187e-11
5,2014,1,2,2.408375e-11
6,2014,1,2,1.767658e-11
7,2014,1,2,1.515124e-11
8,2014,1,2,1.402708e-11
9,2014,1,2,1.356997e-11
10,2014,1,2,1.332162e-11
11,2014,1,2,1.326914e-11
12,2014,1,2,1.328823e-11
13,2014,1,2,1.330111e-11
14,2014,1,2,1.33223e-11
15,2014,1,2,1.332477e-11
16,2014,1,2,1.337472e-11
1,2015,1,2,1.031067e-11
2,2015,1,2,6.618927e-11
3,2015,1,2,6.29018e-11
4,2015,1,2,4.298187e-11
5,2015,1,2,2.408375e-11
6,2015,1,2,1.767658e-11
7,2015,1,2,1.515124e-11
8,2015,1,2,1.402708e-11
9,2015,1,2,1.356997e-11
10,2015,1,2,1.332162e-11
11,2015,1,2,1.326914e-11
12,2015,1,2,1.328823e-11
13,2015,1,2,1.330111e-11
14,2015,1,2,1.33223e-11
15,2015,1,2,1.332477e-11
16,2015,1,2,1.337472e-11
1,2016,1,2,1.031067e-11
2,2016,1,2,6.618927e-11
3,2016,1,2,6.29018e-11
4,2016,1,2,4.298187e-11
5,2016,1,2,2.408375e-11
6,2016,1,2,1.767658e-11
7,2016,1,2,1.515124e-11
8,2016,1,2,1.402708e-11
9,2016,1,2,1.356997e-11
10,2016,1,2,1.332162e-11
11,2016,1,2,1.326914e-11
12,2016,1,2,1.328823e-11
13,2016,1,2,1.330111e-11
14,2016,1,2,1.33223e-11
15,2016,1,2,1.332477e-11
16,2016,1,2,1.337472e-11
1,2017,1,2,1.031067e-11
2,2017,1,2,6.618927e-11
3,2017,1,2,6.29018e-11
4,2017,1,2,4.298187e-11
5,2017,1,2,2.408375e-11
6,2017,1,2,1.767658e-11
7,2017,1,2,1.515124e-11
8,2017,1,2,1.402708e-11
9,2017,1,2,1.356997e-11
10,2017,1,2,1.332162e-11
11,2017,1,2,1.326914e-11
12,2017,1,2,1.328823e-11
13,2017,1,2,1.330111e-11
14,2017,1,2,1.33223e-11
15,2017,1,2,1.332477e-11
16,2017,1,2,1.337472e-11
1,2018,1,2,1.031067e-11
2,2018,1,2,6.618927e-11
3,2018,1,2,6.29018e-11
4,2018,1,2,4.298187e-11
5,2018,1,2,2.408375e-11
6,2018,1,2,1.767658e-11
7,2018,1,2,1.515124e-11
8,2018,1,2,1.402708e-11
9,2018,1,2,1.356997e-11
10,2018,1,2,1.332162e-11
11,2018,1,2,1.326914e-11
12,2018,1,2,1.328823e-11
13,2018,1,2,1.330111e-11
14,2018,1,2,1.33223e-11
15,2018,1,2,1.332477e-11
16,2018,1,2,1.337472e-11
1,2019,1,2,1.031067e-11
2,2019,1,2,6.618927e-11
3,2019,1,2,6.29018e-11
4,2019,1,2,4.298187e-11
5,2019,1,2,2.408375e-11
6,2019,1,2,1.767658e-11
7,2019,1,2,1.515124e-11
8,2019,1,2,1.402708e-11
9,2019,1,2,1.356997e-11
10,2019,1,2,1.332162e-11
11,2019,1,2,1.326914e-11
12,2019,1,2,1.328823e-11
13,2019,1,2,1.330111e-11
14,2019,1,2,1.33223e-11
15,2019,1,2,1.332477e-11
16,2019,1,2,1.337472e-11
1,2020,1,2,1.031067e-11
2,2020,1,2,6.618927e-11
3,2020,1,2,6.29018e-11
4,2020,1,2,4.298187e-11
5,2020,1,2,2.408375e-11
6,2020,1,2,1.767658e-11
7,2020,1,2,1.515124e-11
8,2020,1,2,1.402708e-11
9,2020,1,2,1.356997e-11
10,2020,1,2,1.332162e-11
11,2020,1,2,1.326914e-11
12,2020,1,2,1.328823e-11
13,2020,1,2,1.330111e-11
14,2020,1,2,1.33223e-11
15,2020,1,2,1.332477e-11
16,2020,1,2,1.337472e-11
1,2021,1,2,1.031067e-11
2,2021,1,2,6.618927e-11
3,2021,1,2,6.29018e-11
4,2021,1,2,4.298187e-11
5,2021,1,2,2.408375e-11
6,2021,1,2,1.767658e-11
7,2021,1,2,1.515124e-11
8,2021,1,2,1.402708e-11
9,2021,1,2,1.356997e-11
10,2021,1,2,1.332162e-11
11,2021,1,2,1.326914e-11
12,2021,1,2,1.328823e-11
13,2021,1,2,1.330111e-11
14,2021,1,2,1.33223e-11
15,2021,1,2,1.332477e-11
16,2021,1,2,1.337472e-11
1,2022,1,2,1.031067e-11
2,2022,1,2,6.618927e-11
3,2022,1,2,6.29018e-11
4,2022,1,2,4.298187e-11
5,2022,1,2,2.408375e-11
6,2022,1,2,1.767658e-11
7,2022,1,2,1.515124e-11
8,2022,1,2,1.402708e-11
9,2022,1,2,1.356997e-11
10,2022,1,2,1.332162e-11
11,2022,1,2,1.326914e-11
12,2022,1,2,1.328823e-11
13,2022,1,2,1.330111e-11
14,2022,1,2,1.33223e-11
15,2022,1,2,1.332477e-11
16,2022,1,2,1.337472e-11
1,2023,1,2,1.031067e-11
2,2023,1,2,6.618927e-11
3,2023,1,2,6.29018e-11
4,2023,1,2,4.298187e-11
5,2023,1,2,2.408375e-11
6,2023,1,2,1.767658e-11
7,2023,1,2,1.515124e-11
8,2023,1,2,1.402708e-11
9,2023,1,2,1.356997e-11
10,2023,1,2,1.332162e-11
11,2023,1,2,1.326914e-11
12,2023,1,2,1.328823e-11
13,2023,1,2,1.330111e-11
14,2023,1,2,1.33223e-11
15,2023,1,2,1.332477e-11
16,2023,1,2,1.337472e-11
1,2024,1,2,0
2,2024,1,2,0
3,2024,1,2,0
4,2024,1,2,0
5,2024,1,2,0
6,2024,1,2,0
7,2024,1,2,0
8,2024,1,2,0
9,2024,1,2,0
10,2024,1,2,0
11,2024,1,2,0
12,2024,1,2,0
13,2024,1,2,0
14,2024,1,2,0
15,2024,1,2,0
16,2024,1,2,0
1,1972,2,2,0.04023178
2,1972,2,2,0.1954788
3,1972,2,2,0.2262978
4,1972,2,2,0.1646751
5,1972,2,2,0.09836951
6,1972,2,2,0.0731189
7,1972,2,2,0.06274088
8,1972,2,2,0.05806211
9,1972,2,2,0.05615615
10,1972,2,2,0.05515094
11,1972,2,2,0.05495425
12,1972,2,2,0.0550643
13,1972,2,2,0.05513816
14,1972,2,2,0.05524444
15,1972,2,2,0.05528346
16,1972,2,2,0.0555262
1,1973,2,2,0.04821074
2,1973,2,2,0.2488528
3,1973,2,2,0.2592714
4,1973,2,2,0.1849359
5,1973,2,2,0.1092926
6,1973,2,2,0.08183203
7,1973,2,2,0.07071974
8,1973,2,2,0.06573528
9,1973,2,2,0.0637265
10,1973,2,2,0.06265695
11,1973,2,2,0.06246846
12,1973,2,2,0.06260725
13,1973,2,2,0.06269757
14,1973,2,2,0.0628198
15,1973,2,2,0.06285898
16,1973,2,2,0.06312742
1,1974,2,2,0.02378377
2,1974,2,2,0.1290121
3,1974,2,2,0.1228145
4,1974,2,2,0.08593248
5,1974,2,2,0.05024563
6,1974,2,2,0.03789498
7,1974,2,2,0.03297911
8,1974,2,2,0.03078621
9,1974,2,2,0.02991289
10,1974,2,2,0.02944299
11,1974,2,2,0.0293702
12,1974,2,2,0.02944161
13,1974,2,2,0.02948695
14,1974,2,2,0.02954506
15,1974,2,2,0.02956114
16,1974,2,2,0.02968398
1,1975,2,2,0.02996769
2,1975,2,2,0.1625778
3,1975,2,2,0.1547293
4,1975,2,2,0.108257
5,1975,2,2,0.063297
6,1975,2,2,0.04773928
7,1975,2,2,0.04154722
8,1975,2,2,0.03878509
9,1975,2,2,0.0376851
10,1975,2,2,0.03709323
11,1975,2,2,0.03700157
12,1975,2,2,0.03709157
13,1975,2,2,0.0371487
14,1975,2,2,0.03722191
15,1975,2,2,0.03724216
16,1975,2,2,0.03739691
1,1976,2,2,0.01376234
2,1976,2,2,0.07358776
3,1976,2,2,0.07193359
4,1976,2,2,0.05062782
5,1976,2,2,0.02970003
6,1976,2,2,0.02234951
7,1976,2,2,0.01940849
8,1976,2,2,0.01809424
9,1976,2,2,0.01756884
10,1976,2,2,0.0172871
11,1976,2,2,0.01724153
12,1976,2,2,0.01728236
13,1976,2,2,0.01730846
14,1976,2,2,0.01734246
15,1976,2,2,0.01735231
16,1976,2,2,0.01742503
1,1977,2,2,0.02000621
2,1977,2,2,0.1080504
3,1977,2,2,0.1036918
4,1977,2,2,0.07268354
5,1977,2,2,0.04254192
6,1977,2,2,0.03206273
7,1977,2,2,0.02788496
8,1977,2,2,0.0260203
9,1977,2,2,0.02527682
10,1977,2,2,0.0248772
11,1977,2,2,0.02481445
12,1977,2,2,0.0248743
13,1977,2,2,0.02491238
14,1977,2,2,0.02496142
15,1977,2,2,0.02497519
16,1977,2,2,0.02507925
1,1978,2,2,0.03119684
2,1978,2,2,0.1664618
3,1978,2,2,0.1633454
4,1978,2,2,0.1150607
5,1978,2,2,0.06752992
6,1978,2,2,0.05080073
7,1978,2,2,0.04410232
8,1978,2,2,0.04110828
9,1978,2,2,0.03991072
10,1978,2,2,0.03926883
11,1978,2,2,0.03916442
12,1978,2,2,0.03925679
13,1978,2,2,0.03931592
14,1978,2,2,0.03939311
15,1978,2,2,0.03941563
16,1978,2,2,0.03958101
1,1979,2,2,0.01984847
2,1979,2,2,0.1080596
3,1979,2,2,0.1021722
4,1979,2,2,0.07137947
5,1979,2,2,0.04170028
6,1979,2,2,0.03146867
7,1979,2,2,0.0274019
8,1979,2,2,0.02558863
9,1979,2,2,0.02486723
10,1979,2,2,0.02447873
11,1979,2,2,0.02441925
12,1979,2,2,0.02447904
13,1979,2,2,0.02451692
14,1979,2,2,0.02456528
15,1979,2,2,0.02457849
16,1979,2,2,0.0246804
1,1980,2,2,0.06744146
2,1980,2,2,0.361369
3,1980,2,2,0.3518889
4,1980,2,2,0.2474559
5,1980,2,2,0.1450981
6,1980,2,2,0.1092224
7,1980,2,2,0.0948787
8,1980,2,2,0.08847055
9,1980,2,2,0.08591015
10,1980,2,2,0.08453648
11,1980,2,2,0.08431564
12,1980,2,2,0.08451604
13,1980,2,2,0.08464405
14,1980,2,2,0.08481039
15,1980,2,2,0.0848583
16,1980,2,2,0.08521348
1,1981,2,2,0.03183535
2,1981,2,2,0.1722924
3,1981,2,2,0.1647128
4,1981,2,2,0.1153583
5,1981,2,2,0.06748731
6,1981,2,2,0.05088
7,1981,2,2,0.04426418
8,1981,2,2,0.04131211
9,1981,2,2,0.04013571
10,1981,2,2,0.03950309
11,1981,2,2,0.03940437
12,1981,2,2,0.03949978
13,1981,2,2,0.03956042
14,1981,2,2,0.03963834
15,1981,2,2,0.03966007
16,1981,2,2,0.0398251
1,1982,2,2,0.02958529
2,1982,2,2,0.1574618
3,1982,2,2,0.1552343
4,1982,2,2,0.1094573
5,1982,2,2,0.0642772
6,1982,2,2,0.04833539
7,1982,2,2,0.04194666
8,1982,2,2,0.0390902
9,1982,2,2,0.03794696
10,1982,2,2,0.03733452
11,1982,2,2,0.0372342
12,1982,2,2,0.03732161
13,1982,2,2,0.03737763
14,1982,2,2,0.03745098
15,1982,2,2,0.03747255
16,1982,2,2,0.03762999
1,1983,2,2,0.02595026
2,1983,2,2,0.1386774
3,1983,2,2,0.1357029
4,1983,2,2,0.09553141
5,1983,2,2,0.05604918
6,1983,2,2,0.04217379
7,1983,2,2,0.03662098
8,1983,2,2,0.03413944
9,1983,2,2,0.03314725
10,1983,2,2,0.03261526
11,1983,2,2,0.03252909
12,1983,2,2,0.03260602
13,1983,2,2,0.03265523
14,1983,2,2,0.03271937
15,1983,2,2,0.03273799
16,1983,2,2,0.03287523
1,1984,2,2,0.02553435
2,1984,2,2,0.1303835
3,1984,2,2,0.1384773
4,1984,2,2,0.09915397
5,1984,2,2,0.05871986
6,1984,2,2,0.04390384
7,1984,2,2,0.0378897
8,1984,2,2,0.03518929
9,1984,2,2,0.03409862
10,1984,2,2,0.03351903
11,1984,2,2,0.03341461
12,1984,2,2,0.03348745
13,1984,2,2,0.03353511
14,1984,2,2,0.03360035
15,1984,2,2,0.03362183
16,1984,2,2,0.03376619
1,1985,2,2,0.01873855
2,1985,2,2,0.08956123
3,1985,2,2,0.1066129
4,1985,2,2,0.07796123
5,1985,2,2,0.04669056
6,1985,2,2,0.03464507
7,1985,2,2,0.02967667
8,1985,2,2,0.02743416
9,1985,2,2,0.02651843
10,1985,2,2,0.0260365
11,1985,2,2,0.02594009
12,1985,2,2,0.02599065
13,1985,2,2,0.02602486
14,1985,2,2,0.02607488
15,1985,2,2,0.02609383
16,1985,2,2,0.02620917
1,1986,2,2,0.03207712
2,1986,2,2,0.1550957
3,1986,2,2,0.1810495
4,1986,2,2,0.1319428
5,1986,2,2,0.07887818
6,1986,2,2,0.05859988
7,1986,2,2,0.05025642
8,1986,2,2,0.04649358
9,1986,2,2,0.0449596
10,1986,2,2,0.0441511
11,1986,2,2,0.04399182
12,1986,2,2,0.04407921
13,1986,2,2,0.044138
14,1986,2,2,0.044223
15,1986,2,2,0.04425451
16,1986,2,2,0.04444921
1,1987,2,2,0.04135375
2,1987,2,2,0.2024185
3,1987,2,2,0.2313954
4,1987,2,2,0.1680041
5,1987,2,2,0.1002379
6,1987,2,2,0.0745682
7,1987,2,2,0.06403567
8,1987,2,2,0.05928983
9,1987,2,2,0.05735875
10,1987,2,2,0.05633927
11,1987,2,2,0.0561419
12,1987,2,2,0.05625573
13,1987,2,2,0.05633184
14,1987,2,2,0.05644055
15,1987,2,2,0.05647989
16,1987,2,2,0.05672711
1,1988,2,2,0.03148025
2,1988,2,2,0.1489228
3,1988,2,2,0.1803603
4,1988,2,2,0.1322779
5,1988,2,2,0.07934275
6,1988,2,2,0.05881211
7,1988,2,2,0.05032596
8,1988,2,2,0.04649309
9,1988,2,2,0.04492573
10,1988,2,2,0.04410189
11,1988,2,2,0.04393494
12,1988,2,2,0.04401916
13,1988,2,2,0.04407645
14,1988,2,2,0.04416102
15,1988,2,2,0.04419365
16,1988,2,2,0.04438978
1,1989,2,2,0.03363919
2,1989,2,2,0.1684473
3,1989,2,2,0.1851388
4,1989,2,2,0.1334456
5,1989,2,2,0.07931047
6,1989,2,2,0.0591555
7,1989,2,2,0.05093137
8,1989,2,2,0.04723233
9,1989,2,2,0.0457329
10,1989,2,2,0.04493864
11,1989,2,2,0.04479034
12,1989,2,2,0.04488473
13,1989,2,2,0.04494711
14,1989,2,2,0.04503421
15,1989,2,2,0.04506424
16,1989,2,2,0.04525952
1,1990,2,2,0.01236239
2,1990,2,2,0.0589488
3,1990,2,2,0.07044783
4,1990,2,2,0.05155006
5,1990,2,2,0.03088398
6,1990,2,2,0.02291088
7,1990,2,2,0.01962061
8,1990,2,2,0.0181353
9,1990,2,2,0.01752858
10,1990,2,2,0.01720937
11,1990,2,2,0.01714531
12,1990,2,2,0.0171786
13,1990,2,2,0.01720116
14,1990,2,2,0.01723421
15,1990,2,2,0.01724678
16,1990,2,2,0.01732308
1,1991,2,2,0.04982801
2,1991,2,2,0.2390773
3,1991,2,2,0.2827435
4,1991,2,2,0.2065242
5,1991,2,2,0.1236128
6,1991,2,2,0.09175937
7,1991,2,2,0.0786315
8,1991,2,2,0.07270774
9,1991,2,2,0.07029012
10,1991,2,2,0.06901715
11,1991,2,2,0.06876376
12,1991,2,2,0.06889863
13,1991,2,2,0.06898974
14,1991,2,2,0.06912242
15,1991,2,2,0.06917233
16,1991,2,2,0.06947761
1,1992,2,2,0.02241267
2,1992,2,2,0.1110145
3,1992,2,2,0.1243434
4,1992,2,2,0.08994286
5,1992,2,2,0.05355693
6,1992,2,2,0.03989535
7,1992,2,2,0.03430564
8,1992,2,2,0.03178927
9,1992,2,2,0.03076734
10,1992,2,2,0.0302269
11,1992,2,2,0.03012417
12,1992,2,2,0.03018648
13,1992,2,2,0.03022789
14,1992,2,2,0.03028635
15,1992,2,2,0.03030699
16,1992,2,2,0.03043897
1,1993,2,2,0.06677516
2,1993,2,2,0.3108861
3,1993,2,2,0.3866564
4,1993,2,2,0.2848338
5,1993,2,2,0.1712424
6,1993,2,2,0.1267345
7,1993,2,2,0.1082801
8,1993,2,2,0.09993671
9,1993,2,2,0.09651776
10,1993,2,2,0.09472397
11,1993,2,2,0.09435367
12,1993,2,2,0.09452993
13,1993,2,2,0.09465084
14,1993,2,2,0.09483198
15,1993,2,2,0.0949038
16,1993,2,2,0.0953275
1,1994,2,2,0.05166732
2,1994,2,2,0.2412093
3,1994,2,2,0.2986367
4,1994,2,2,0.2198291
5,1994,2,2,0.1321103
6,1994,2,2,0.09779889
7,1994,2,2,0.08357975
8,1994,2,2,0.07715219
9,1994,2,2,0.07451923
10,1994,2,2,0.0731374
11,1994,2,2,0.07285301
12,1994,2,2,0.0729897
13,1994,2,2,0.07308334
14,1994,2,2,0.07322326
15,1994,2,2,0.07327849
16,1994,2,2,0.07360532
1,1995,2,2,0.03623761
2,1995,2,2,0.1834795
3,1995,2,2,0.1977924
4,1995,2,2,0.1420382
5,1995,2,2,0.08424888
6,1995,2,2,0.06292413
7,1995,2,2,0.0542479
8,1995,2,2,0.05034921
9,1995,2,2,0.04877204
10,1995,2,2,0.0479351
11,1995,2,2,0.04778188
12,1995,2,2,0.04788451
13,1995,2,2,0.04795196
14,1995,2,2,0.04804509
15,1995,2,2,0.04807639
16,1995,2,2,0.04828365
1,1996,2,2,0.01743683
2,1996,2,2,0.08171774
3,1996,2,2,0.1005289
4,1996,2,2,0.07392219
5,1996,2,2,0.0444005
6,1996,2,2,0.03288109
7,1996,2,2,0.02811082
8,1996,2,2,0.025955
9,1996,2,2,0.02507233
10,1996,2,2,0.02460888
11,1996,2,2,0.02451392
12,1996,2,2,0.0245602
13,1996,2,2,0.02459184
14,1996,2,2,0.02463896
15,1996,2,2,0.02465743
16,1996,2,2,0.02476725
1,1997,2,2,0.08284752
2,1997,2,2,0.3450705
3,1997,2,2,0.5128559
4,1997,2,2,0.3878928
5,1997,2,2,0.2363521
6,1997,2,2,0.1733456
7,1997,2,2,0.1467652
8,1997,2,2,0.1346821
9,1997,2,2,0.1296745
10,1997,2,2,0.1270732
11,1997,2,2,0.1264824
12,1997,2,2,0.1266819
13,1997,2,2,0.1268268
14,1997,2,2,0.1270658
15,1997,2,2,0.127176
16,1997,2,2,0.1277641
1,1998,2,2,0.08798544
2,1998,2,2,0.3646368
3,1998,2,2,0.5461563
4,1998,2,2,0.4135052
5,1998,2,2,0.2520878
6,1998,2,2,0.1848226
7,1998,2,2,0.1564276
8,1998,2,2,0.143517
9,1998,2,2,0.1381642
10,1998,2,2,0.1353847
11,1998,2,2,0.1347513
12,1998,2,2,0.1349623
13,1998,2,2,0.135116
14,1998,2,2,0.1353705
15,1998,2,2,0.1354885
16,1998,2,2,0.1361159
1,1999,2,2,0.02567901
2,1999,2,2,0.1254876
3,1999,2,2,0.1438552
4,1999,2,2,0.1044987
5,1999,2,2,0.06236482
6,1999,2,2,0.0463855
7,1999,2,2,0.03982655
8,1999,2,2,0.03687079
9,1999,2,2,0.03566779
10,1999,2,2,0.03503283
11,1999,2,2,0.03490961
12,1999,2,2,0.03498019
13,1999,2,2,0.03502743
14,1999,2,2,0.03509501
15,1999,2,2,0.03511954
16,1999,2,2,0.03527337
1,2000,2,2,0.05003914
2,2000,2,2,0.2285832
3,2000,2,2,0.2933223
4,2000,2,2,0.2171672
5,2000,2,2,0.1309011
6,2000,2,2,0.09670833
7,2000,2,2,0.08248179
8,2000,2,2,0.0760427
9,2000,2,2,0.07339804
10,2000,2,2,0.0720133
11,2000,2,2,0.07172163
12,2000,2,2,0.07185165
13,2000,2,2,0.0719417
14,2000,2,2,0.07207898
15,2000,2,2,0.07213508
16,2000,2,2,0.07245932
1,2001,2,2,0.09286134
2,2001,2,2,0.4406557
3,2001,2,2,0.5309239
4,2001,2,2,0.3890436
5,2001,2,2,0.2332486
6,2001,2,2,0.1729471
7,2001,2,2,0.1480375
8,2001,2,2,0.1367892
9,2001,2,2,0.1321913
10,2001,2,2,0.1297737
11,2001,2,2,0.1292856
12,2001,2,2,0.1295347
13,2001,2,2,0.1297038
14,2001,2,2,0.1299528
15,2001,2,2,0.1300484
16,2001,2,2,0.1306248
1,2002,2,2,0.04921769
2,2002,2,2,0.2211013
3,2002,2,2,0.2915474
4,2002,2,2,0.216768
5,2002,2,2,0.1309446
6,2002,2,2,0.09659872
7,2002,2,2,0.08226767
8,2002,2,2,0.0757754
9,2002,2,2,0.07310389
10,2002,2,2,0.07170741
11,2002,2,2,0.07140848
12,2002,2,2,0.07153459
13,2002,2,2,0.07162271
14,2002,2,2,0.07175904
15,2002,2,2,0.07181616
16,2002,2,2,0.0721408
1,2003,2,2,0.0890646
2,2003,2,2,0.4234553
3,2003,2,2,0.5085511
4,2003,2,2,0.3724442
5,2003,2,2,0.2232321
6,2003,2,2,0.1655525
7,2003,2,2,0.1417354
8,2003,2,2,0.1309817
9,2003,2,2,0.1265872
10,2003,2,2,0.124276
11,2003,2,2,0.1238105
12,2003,2,2,0.1240497
13,2003,2,2,0.1242121
14,2003,2,2,0.1244506
15,2003,2,2,0.1245418
16,2003,2,2,0.1250935
1,2004,2,2,0.08143288
2,2004,2,2,0.363755
3,2004,2,2,0.4840634
4,2004,2,2,0.3604071
5,2004,2,2,0.2178688
6,2004,2,2,0.1606461
7,2004,2,2,0.1367473
8,2004,2,2,0.1259175
9,2004,2,2,0.1214585
10,2004,2,2,0.1191288
11,2004,2,2,0.1186275
12,2004,2,2,0.1188352
13,2004,2,2,0.1189807
14,2004,2,2,0.119207
15,2004,2,2,0.1193026
16,2004,2,2,0.1198429
1,2005,2,2,0.1229007
2,2005,2,2,0.590196
3,2005,2,2,0.6969689
4,2005,2,2,0.5089569
5,2005,2,2,0.3045899
6,2005,2,2,0.2261214
7,2005,2,2,0.193788
8,2005,2,2,0.1791988
9,2005,2,2,0.1732454
10,2005,2,2,0.1701104
11,2005,2,2,0.169487
12,2005,2,2,0.16982
13,2005,2,2,0.1700447
14,2005,2,2,0.1703718
15,2005,2,2,0.1704946
16,2005,2,2,0.1712468
1,2006,2,2,0.05445799
2,2006,2,2,0.2374003
3,2006,2,2,0.3284929
4,2006,2,2,0.2459953
5,2006,2,2,0.1491438
6,2006,2,2,0.1097538
7,2006,2,2,0.09324039
8,2006,2,2,0.08574835
9,2006,2,2,0.08265596
10,2006,2,2,0.08104384
11,2006,2,2,0.08068967
12,2006,2,2,0.08082579
13,2006,2,2,0.08092239
14,2006,2,2,0.08107577
15,2006,2,2,0.08114274
16,2006,2,2,0.08151307
1,2007,2,2,0.07819904
2,2007,2,2,0.3084068
3,2007,2,2,0.4981851
4,2007,2,2,0.3808158
5,2007,2,2,0.2332618
6,2007,2,2,0.1704761
7,2007,2,2,0.1438188
8,2007,2,2,0.1316765
9,2007,2,2,0.1266239
10,2007,2,2,0.1240086
11,2007,2,2,0.123395
12,2007,2,2,0.1235751
13,2007,2,2,0.1237098
14,2007,2,2,0.1239414
15,2007,2,2,0.1240545
16,2007,2,2,0.1246361
1,2008,2,2,0.1424672
2,2008,2,2,0.5639524
3,2008,2,2,0.9059242
4,2008,2,2,0.6920245
5,2008,2,2,0.4237457
6,2008,2,2,0.3097579
7,2008,2,2,0.2613808
8,2008,2,2,0.239348
9,2008,2,2,0.2301821
10,2008,2,2,0.2254367
11,2008,2,2,0.2243255
12,2008,2,2,0.2246546
13,2008,2,2,0.2249002
14,2008,2,2,0.2253215
15,2008,2,2,0.2255264
16,2008,2,2,0.2265829
1,2009,2,2,0.07767631
2,2009,2,2,0.2973448
3,2009,2,2,0.5021923
4,2009,2,2,0.3859104
5,2009,2,2,0.2369935
6,2009,2,2,0.1729033
7,2009,2,2,0.1456084
8,2009,2,2,0.1331638
9,2009,2,2,0.1279754
10,2009,2,2,0.1252944
11,2009,2,2,0.1246558
12,2009,2,2,0.1248305
13,2009,2,2,0.1249631
14,2009,2,2,0.1251964
15,2009,2,2,0.1253133
16,2009,2,2,0.1259049
1,2010,2,2,0.06231449
2,2010,2,2,0.2660427
3,2010,2,2,0.3804542
4,2010,2,2,0.2862436
5,2010,2,2,0.1739562
6,2010,2,2,0.1278095
7,2010,2,2,0.1084056
8,2010,2,2,0.09959383
9,2010,2,2,0.09594968
10,2010,2,2,0.09405315
11,2010,2,2,0.09362976
12,2010,2,2,0.09378287
13,2010,2,2,0.09389271
14,2010,2,2,0.09407019
15,2010,2,2,0.09414972
16,2010,2,2,0.09458209
1,2011,2,2,0.02173251
2,2011,2,2,0.09138065
3,2011,2,2,0.1338293
4,2011,2,2,0.10102
5,2011,2,2,0.06149299
6,2011,2,2,0.04513029
7,2011,2,2,0.03823588
8,2011,2,2,0.03510296
9,2011,2,2,0.03380561
10,2011,2,2,0.03313122
11,2011,2,2,0.03297902
12,2011,2,2,0.03303176
13,2011,2,2,0.03306989
14,2011,2,2,0.03313227
15,2011,2,2,0.03316074
16,2011,2,2,0.03331369
1,2012,2,2,0.008776351
2,2012,2,2,0.03582099
3,2012,2,2,0.05492682
4,2012,2,2,0.0417137
5,2012,2,2,0.02546894
6,2012,2,2,0.01865388
7,2012,2,2,0.01577163
8,2012,2,2,0.01446036
9,2012,2,2,0.01391606
10,2012,2,2,0.01363372
11,2012,2,2,0.01356876
12,2012,2,2,0.01358954
13,2012,2,2,0.01360481
14,2012,2,2,0.01363038
15,2012,2,2,0.01364244
16,2012,2,2,0.01370587
1,2013,2,2,0.03750791
2,2013,2,2,0.1661946
3,2013,2,2,0.2240602
4,2013,2,2,0.1671497
5,2013,2,2,0.1011441
6,2013,2,2,0.07452868
7,2013,2,2,0.06339852
8,2013,2,2,0.05835278
9,2013,2,2,0.05627349
10,2013,2,2,0.05518796
11,2013,2,2,0.05495271
12,2013,2,2,0.05504773
13,2013,2,2,0.0551146
14,2013,2,2,0.0552193
15,2013,2,2,0.05526402
16,2013,2,2,0.05551497
1,2014,2,2,0.05962193
2,2014,2,2,0.2366469
3,2014,2,2,0.3786078
4,2014,2,2,0.2890703
5,2014,2,2,0.1769625
6,2014,2,2,0.1293807
7,2014,2,2,0.1091927
8,2014,2,2,0.09999907
9,2014,2,2,0.09617514
10,2014,2,2,0.09419508
11,2014,2,2,0.09373212
12,2014,2,2,0.09387016
13,2014,2,2,0.09397302
14,2014,2,2,0.0941491
15,2014,2,2,0.0942345
16,2014,2,2,0.09467568
1,2015,2,2,0.1046051
2,2015,2,2,0.4803653
3,2015,2,2,0.611126
4,2015,2,2,0.4518417
5,2015,2,2,0.2721629
6,2015,2,2,0.2011669
7,2015,2,2,0.1716552
8,2015,2,2,0.1583018
9,2015,2,2,0.1528207
10,2015,2,2,0.1499493
11,2015,2,2,0.1493477
12,2015,2,2,0.1496207
13,2015,2,2,0.1498093
14,2015,2,2,0.1500954
15,2015,2,2,0.1502113
16,2015,2,2,0.1508853
1,2016,2,2,0.05796033
2,2016,2,2,0.2403258
3,2016,2,2,0.3596808
4,2016,2,2,0.2722929
5,2016,2,2,0.1659911
6,2016,2,2,0.1217035
7,2016,2,2,0.1030094
8,2016,2,2,0.09450968
9,2016,2,2,0.09098588
10,2016,2,2,0.08915598
11,2016,2,2,0.08873913
12,2016,2,2,0.08887817
13,2016,2,2,0.08897945
14,2016,2,2,0.08914702
15,2016,2,2,0.08922471
16,2016,2,2,0.08963781
1,2017,2,2,0.03879922
2,2017,2,2,0.1672768
3,2017,2,2,0.2355562
4,2017,2,2,0.1768425
5,2017,2,2,0.1073536
6,2017,2,2,0.0789331
7,2017,2,2,0.06699922
8,2017,2,2,0.06158211
9,2017,2,2,0.05934383
10,2017,2,2,0.05817804
11,2017,2,2,0.05791969
12,2017,2,2,0.05801579
13,2017,2,2,0.05808438
14,2017,2,2,0.05819432
15,2017,2,2,0.05824299
16,2017,2,2,0.0585097
1,2018,2,2,0.02387549
2,2018,2,2,0.1101595
3,2018,2,2,0.1390627
4,2018,2,2,0.1026896
5,2018,2,2,0.06181445
6,2018,2,2,0.04570945
7,2018,2,2,0.03902063
8,2018,2,2,0.03599492
9,2018,2,2,0.03475367
10,2018,2,2,0.03410308
11,2018,2,2,0.03396745
12,2018,2,2,0.03403
13,2018,2,2,0.0340731
14,2018,2,2,0.03413822
15,2018,2,2,0.03416442
16,2018,2,2,0.03431745
1,2019,2,2,0.01301503
2,2019,2,2,0.06917855
3,2019,2,2,0.06836442
4,2019,2,2,0.04822949
5,2019,2,2,0.02833023
6,2019,2,2,0.02129968
7,2019,2,2,0.0184809
8,2019,2,2,0.01722041
9,2019,2,2,0.01671576
10,2019,2,2,0.01644549
11,2019,2,2,0.01640107
12,2019,2,2,0.01643948
13,2019,2,2,0.01646411
14,2019,2,2,0.01649641
15,2019,2,2,0.01650594
16,2019,2,2,0.01657535
1,2020,2,2,0.02907719
2,2020,2,2,0.1514596
3,2020,2,2,0.1552569
4,2020,2,2,0.110377
5,2020,2,2,0.06511204
6,2020,2,2,0.04881225
7,2020,2,2,0.04223429
8,2020,2,2,0.03928639
9,2020,2,2,0.03810064
10,2020,2,2,0.03746824
11,2020,2,2,0.03735898
12,2020,2,2,0.03744333
13,2020,2,2,0.03749798
14,2020,2,2,0.03757122
15,2020,2,2,0.03759414
16,2020,2,2,0.03775394
1,2021,2,2,0.05616206
2,2021,2,2,0.2663048
3,2021,2,2,0.3212643
4,2021,2,2,0.2354626
5,2021,2,2,0.141186
6,2021,2,2,0.1046773
7,2021,2,2,0.08959393
8,2021,2,2,0.08278237
9,2021,2,2,0.07999783
10,2021,2,2,0.0785338
11,2021,2,2,0.07823796
12,2021,2,2,0.07838849
13,2021,2,2,0.07849078
14,2021,2,2,0.07864144
15,2021,2,2,0.07869933
16,2021,2,2,0.07904828
1,2022,2,2,0.05618736
2,2022,2,2,0.2901453
3,2022,2,2,0.3020717
4,2022,2,2,0.2154331
5,2022,2,2,0.1273054
6,2022,2,2,0.09532424
7,2022,2,2,0.08238417
8,2022,2,2,0.07658009
9,2022,2,2,0.07424119
10,2022,2,2,0.07299578
11,2022,2,2,0.07277649
12,2022,2,2,0.07293829
13,2022,2,2,0.07304358
14,2022,2,2,0.07318599
15,2022,2,2,0.07323158
16,2022,2,2,0.07354427
1,2023,2,2,0.01898295
2,2023,2,2,0.08101362
3,2023,2,2,0.1159239
4,2023,2,2,0.08722541
5,2023,2,2,0.05301096
6,2023,2,2,0.03894721
7,2023,2,2,0.03303333
8,2023,2,2,0.03034766
9,2023,2,2,0.02923694
10,2023,2,2,0.02865891
11,2023,2,2,0.02852983
12,2023,2,2,0.02857646
13,2023,2,2,0.02860992
14,2023,2,2,0.02866399
15,2023,2,2,0.02868824
16,2023,2,2,0.02882
1,2024,2,2,0.02990854
2,2024,2,2,0.1413896
3,2024,2,2,0.1714353
4,2024,2,2,0.1257569
5,2024,2,2,0.07543903
6,2024,2,2,0.05591465
7,2024,2,2,0.0478433
8,2024,2,2,0.04419762
9,2024,2,2,0.04270667
10,2024,2,2,0.04192305
11,2024,2,2,0.04176412
12,2024,2,2,0.04184408
13,2024,2,2,0.0418985
14,2024,2,2,0.04197888
15,2024,2,2,0.04200994
16,2024,2,2,0.04219642
1,1972,3,2,0.01863594
2,1972,3,2,0.09908583
3,1972,3,2,0.09786463
4,1972,3,2,0.06903283
5,1972,3,2,0.04054749
6,1972,3,2,0.03048645
7,1972,3,2,0.02645306
8,1972,3,2,0.0246495
9,1972,3,2,0.02392747
10,1972,3,2,0.02354077
11,1972,3,2,0.02347725
12,1972,3,2,0.02353227
13,1972,3,2,0.02356754
14,1972,3,2,0.02361378
15,1972,3,2,0.02362742
16,1972,3,2,0.02372675
1,1973,3,2,0.02744007
2,1973,3,2,0.1431372
3,1973,3,2,0.1463483
4,1973,3,2,0.1039884
5,1973,3,2,0.06132548
6,1973,3,2,0.0459827
7,1973,3,2,0.03979369
8,1973,3,2,0.03702051
9,1973,3,2,0.03590539
10,1973,3,2,0.03531048
11,1973,3,2,0.03520804
12,1973,3,2,0.03528774
13,1973,3,2,0.03533934
14,1973,3,2,0.03540838
15,1973,3,2,0.0354299
16,1973,3,2,0.03558039
1,1974,3,2,0.01376623
2,1974,3,2,0.07410376
3,1974,3,2,0.0715502
4,1974,3,2,0.05022175
5,1974,3,2,0.0294173
6,1974,3,2,0.02215957
7,1974,3,2,0.01926261
8,1974,3,2,0.01796909
9,1974,3,2,0.01745287
10,1974,3,2,0.01717563
11,1974,3,2,0.01713165
12,1974,3,2,0.01717272
13,1974,3,2,0.01719889
14,1974,3,2,0.01723272
15,1974,3,2,0.01724233
16,1974,3,2,0.0173143
1,1975,3,2,0.01665968
2,1975,3,2,0.08981269
3,1975,3,2,0.0864802
4,1975,3,2,0.06066434
5,1975,3,2,0.03552194
6,1975,3,2,0.0267643
7,1975,3,2,0.02327053
8,1975,3,2,0.02171082
9,1975,3,2,0.02108862
10,1975,3,2,0.02075433
11,1975,3,2,0.02070154
12,1975,3,2,0.02075131
13,1975,3,2,0.02078299
14,1975,3,2,0.02082389
15,1975,3,2,0.02083544
16,1975,3,2,0.02092234
1,1976,3,2,0.02882099
2,1976,3,2,0.1557887
3,1976,3,2,0.1492718
4,1976,3,2,0.1045969
5,1976,3,2,0.06120898
6,1976,3,2,0.04613773
7,1976,3,2,0.0401311
8,1976,3,2,0.03745045
9,1976,3,2,0.03638186
10,1976,3,2,0.03580738
11,1976,3,2,0.03571739
12,1976,3,2,0.03580368
13,1976,3,2,0.03585855
14,1976,3,2,0.03592916
15,1976,3,2,0.03594893
16,1976,3,2,0.03609863
1,1977,3,2,0.02339063
2,1977,3,2,0.1240938
3,1977,3,2,0.1230554
4,1977,3,2,0.08687678
5,1977,3,2,0.05105271
6,1977,3,2,0.03837257
7,1977,3,2,0.03328543
8,1977,3,2,0.03101011
9,1977,3,2,0.03009874
10,1977,3,2,0.02961085
11,1977,3,2,0.02953025
12,1977,3,2,0.02959918
13,1977,3,2,0.02964342
14,1977,3,2,0.02970154
15,1977,3,2,0.0297188
16,1977,3,2,0.02984389
1,1978,3,2,0.01998218
2,1978,3,2,0.1089163
3,1978,3,2,0.1027555
4,1978,3,2,0.071751
5,1978,3,2,0.04190549
6,1978,3,2,0.03162962
7,1978,3,2,0.02754713
8,1978,3,2,0.02572713
9,1978,3,2,0.0250033
10,1978,3,2,0.02461337
11,1978,3,2,0.0245539
12,1978,3,2,0.02461415
13,1978,3,2,0.02465231
14,1978,3,2,0.02470095
15,1978,3,2,0.02471418
16,1978,3,2,0.02481659
1,1979,3,2,0.04370338
2,1979,3,2,0.2344608
3,1979,3,2,0.2277971
4,1979,3,2,0.1601129
5,1979,3,2,0.09385788
6,1979,3,2,0.07066461
7,1979,3,2,0.06139561
8,1979,3,2,0.05725522
9,1979,3,2,0.05560143
10,1979,3,2,0.05471392
11,1979,3,2,0.05457173
12,1979,3,2,0.05470174
13,1979,3,2,0.05478472
14,1979,3,2,0.05489242
15,1979,3,2,0.05492331
16,1979,3,2,0.05515304
1,1980,3,2,0.05922789
2,1980,3,2,0.2992439
3,1980,3,2,0.3238003
4,1980,3,2,0.2326956
5,1980,3,2,0.1380756
6,1980,3,2,0.1030991
7,1980,3,2,0.08886029
8,1980,3,2,0.08246086
9,1980,3,2,0.079871
10,1980,3,2,0.07849717
11,1980,3,2,0.07824467
12,1980,3,2,0.07841211
13,1980,3,2,0.07852227
14,1980,3,2,0.0786747
15,1980,3,2,0.07872619
16,1980,3,2,0.07906593
1,1981,3,2,0.02381406
2,1981,3,2,0.1284324
3,1981,3,2,0.1235775
4,1981,3,2,0.08667354
5,1981,3,2,0.05074703
6,1981,3,2,0.03823812
7,1981,3,2,0.03324854
8,1981,3,2,0.03102115
9,1981,3,2,0.0301327
10,1981,3,2,0.02965532
11,1981,3,2,0.02958003
12,1981,3,2,0.02965118
13,1981,3,2,0.02969649
14,1981,3,2,0.02975493
15,1981,3,2,0.02977142
16,1981,3,2,0.02989556
1,1982,3,2,0.04885757
2,1982,3,2,0.2608555
3,1982,3,2,0.255687
4,1982,3,2,0.1800627
5,1982,3,2,0.1056658
6,1982,3,2,0.07949651
7,1982,3,2,0.06902046
8,1982,3,2,0.06433823
9,1982,3,2,0.06246572
10,1982,3,2,0.06146192
11,1982,3,2,0.06129891
12,1982,3,2,0.06144365
13,1982,3,2,0.06153626
14,1982,3,2,0.0616571
15,1982,3,2,0.06169229
16,1982,3,2,0.06195104
1,1983,3,2,0.04426869
2,1983,3,2,0.2339369
3,1983,3,2,0.2336432
4,1983,3,2,0.1652031
5,1983,3,2,0.09716279
6,1983,3,2,0.07298818
7,1983,3,2,0.06327689
8,1983,3,2,0.05893142
9,1983,3,2,0.05718922
10,1983,3,2,0.05625735
11,1983,3,2,0.05610183
12,1983,3,2,0.05623183
13,1983,3,2,0.05631545
14,1983,3,2,0.05642578
15,1983,3,2,0.05645893
16,1983,3,2,0.05669709
1,1984,3,2,0.07115802
2,1984,3,2,0.3783852
3,1984,3,2,0.3736433
4,1984,3,2,0.2635527
5,1984,3,2,0.1547978
6,1984,3,2,0.1163899
7,1984,3,2,0.1009931
8,1984,3,2,0.0941083
9,1984,3,2,0.0913522
10,1984,3,2,0.08987604
11,1984,3,2,0.08963366
12,1984,3,2,0.08984374
13,1984,3,2,0.08997844
14,1984,3,2,0.09015496
15,1984,3,2,0.09020702
16,1984,3,2,0.09058623
1,1985,3,2,0.02070428
2,1985,3,2,0.1091879
3,1985,3,2,0.1094561
4,1985,3,2,0.07745444
5,1985,3,2,0.04557395
6,1985,3,2,0.03422479
7,1985,3,2,0.02966261
8,1985,3,2,0.02762074
9,1985,3,2,0.02680171
10,1985,3,2,0.02636381
11,1985,3,2,0.02629035
12,1985,3,2,0.02635105
13,1985,3,2,0.02639013
14,1985,3,2,0.02644181
15,1985,3,2,0.02645743
16,1985,3,2,0.02656916
1,1986,3,2,0.04075158
2,1986,3,2,0.2141376
3,1986,3,2,0.2160695
4,1986,3,2,0.1531077
5,1986,3,2,0.09015646
6,1986,3,2,0.0676701
7,1986,3,2,0.0586204
8,1986,3,2,0.05456849
9,1986,3,2,0.05294185
10,1986,3,2,0.0520728
11,1986,3,2,0.05192572
12,1986,3,2,0.05204482
13,1986,3,2,0.05212164
14,1986,3,2,0.05222363
15,1986,3,2,0.05225477
16,1986,3,2,0.05247587
1,1987,3,2,0.0337609
2,1987,3,2,0.1636332
3,1987,3,2,0.19023
4,1987,3,2,0.1385323
5,1987,3,2,0.08278568
6,1987,3,2,0.06151885
7,1987,3,2,0.05277335
8,1987,3,2,0.04882987
9,1987,3,2,0.04722283
10,1987,3,2,0.04637556
11,1987,3,2,0.0462092
12,1987,3,2,0.04630136
13,1987,3,2,0.04636329
14,1987,3,2,0.04645261
15,1987,3,2,0.04648557
16,1987,3,2,0.04668989
1,1988,3,2,0.06320905
2,1988,3,2,0.3029292
3,1988,3,2,0.3589588
4,1988,3,2,0.2622831
5,1988,3,2,0.1570147
6,1988,3,2,0.1165399
7,1988,3,2,0.09985484
8,1988,3,2,0.09232533
9,1988,3,2,0.08925185
10,1988,3,2,0.08763379
11,1988,3,2,0.08731121
12,1988,3,2,0.08748215
13,1988,3,2,0.08759767
14,1988,3,2,0.08776611
15,1988,3,2,0.0878296
16,1988,3,2,0.0882174
1,1989,3,2,0.05310951
2,1989,3,2,0.2722575
3,1989,3,2,0.2871503
4,1989,3,2,0.2053248
5,1989,3,2,0.1215041
6,1989,3,2,0.09089277
7,1989,3,2,0.07848078
8,1989,3,2,0.07290969
9,1989,3,2,0.07066134
10,1989,3,2,0.06946572
11,1989,3,2,0.06925199
12,1989,3,2,0.06940399
13,1989,3,2,0.06950326
14,1989,3,2,0.06963857
15,1989,3,2,0.0696827
16,1989,3,2,0.06998132
1,1990,3,2,0.03887497
2,1990,3,2,0.2016481
3,1990,3,2,0.2082623
4,1990,3,2,0.1482884
5,1990,3,2,0.08754993
6,1990,3,2,0.06559555
7,1990,3,2,0.05672433
8,1990,3,2,0.05274703
9,1990,3,2,0.05114578
10,1990,3,2,0.05029245
11,1990,3,2,0.05014364
12,1990,3,2,0.05025601
13,1990,3,2,0.05032897
14,1990,3,2,0.05042719
15,1990,3,2,0.05045826
16,1990,3,2,0.05067322
1,1991,3,2,0.05641827
2,1991,3,2,0.2864027
3,1991,3,2,0.3073361
4,1991,3,2,0.2205075
5,1991,3,2,0.1307296
6,1991,3,2,0.09767164
7,1991,3,2,0.08423107
8,1991,3,2,0.0781929
9,1991,3,2,0.07575141
10,1991,3,2,0.07445527
11,1991,3,2,0.07421912
12,1991,3,2,0.07437926
13,1991,3,2,0.07448437
14,1991,3,2,0.07462909
15,1991,3,2,0.07467744
16,1991,3,2,0.07499898
1,1992,3,2,0.04568635
2,1992,3,2,0.2364915
3,1992,3,2,0.2451501
4,1992,3,2,0.1746844
5,1992,3,2,0.1031765
6,1992,3,2,0.07728204
7,1992,3,2,0.06681224
8,1992,3,2,0.06211729
9,1992,3,2,0.06022629
10,1992,3,2,0.05921893
11,1992,3,2,0.05904247
12,1992,3,2,0.05917431
13,1992,3,2,0.05925999
14,1992,3,2,0.05937559
15,1992,3,2,0.05941236
16,1992,3,2,0.05966572
1,1993,3,2,0.08770396
2,1993,3,2,0.4465664
3,1993,3,2,0.4766676
4,1993,3,2,0.3416447
5,1993,3,2,0.2024329
6,1993,3,2,0.1513009
7,1993,3,2,0.1305289
8,1993,3,2,0.1211997
9,1993,3,2,0.1174296
10,1993,3,2,0.1154272
11,1993,3,2,0.1150644
12,1993,3,2,0.115314
13,1993,3,2,0.1154775
14,1993,3,2,0.1157021
15,1993,3,2,0.1157765
16,1993,3,2,0.1162743
1,1994,3,2,0.06049004
2,1994,3,2,0.2860768
3,1994,3,2,0.3466332
4,1994,3,2,0.2542447
5,1994,3,2,0.1525071
6,1994,3,2,0.1130413
7,1994,3,2,0.09672753
8,1994,3,2,0.08935911
9,1994,3,2,0.08634585
10,1994,3,2,0.08476206
11,1994,3,2,0.084441
12,1994,3,2,0.08460278
13,1994,3,2,0.08471285
14,1994,3,2,0.08487539
15,1994,3,2,0.08493813
16,1994,3,2,0.08531512
1,1995,3,2,0.07191384
2,1995,3,2,0.3535907
3,1995,3,2,0.4011014
4,1995,3,2,0.2908111
5,1995,3,2,0.1733803
6,1995,3,2,0.1290448
7,1995,3,2,0.1108726
8,1995,3,2,0.1026872
9,1995,3,2,0.09935898
10,1995,3,2,0.09760077
11,1995,3,2,0.09726268
12,1995,3,2,0.09746138
13,1995,3,2,0.09759393
14,1995,3,2,0.09778242
15,1995,3,2,0.09785001
16,1995,3,2,0.09827749
1,1996,3,2,0.02918255
2,1996,3,2,0.140613
3,1996,3,2,0.1651091
4,1996,3,2,0.1204501
5,1996,3,2,0.07204679
6,1996,3,2,0.05350503
7,1996,3,2,0.0458703
8,1996,3,2,0.04242625
9,1996,3,2,0.04102152
10,1996,3,2,0.04028148
11,1996,3,2,0.04013499
12,1996,3,2,0.04021426
13,1996,3,2,0.04026769
14,1996,3,2,0.04034519
15,1996,3,2,0.04037411
16,1996,3,2,0.04055199
1,1997,3,2,0.07309079
2,1997,3,2,0.3320272
3,1997,3,2,0.4299625
4,1997,3,2,0.3187874
5,1997,3,2,0.1922959
6,1997,3,2,0.1419955
7,1997,3,2,0.1210468
8,1997,3,2,0.1115622
9,1997,3,2,0.1076642
10,1997,3,2,0.1056244
11,1997,3,2,0.1051924
12,1997,3,2,0.1053814
13,1997,3,2,0.1055127
14,1997,3,2,0.1057139
15,1997,3,2,0.1057968
16,1997,3,2,0.1062733
1,1998,3,2,0.126637
2,1998,3,2,0.5580557
3,1998,3,2,0.7589853
4,1998,3,2,0.5669428
5,1998,3,2,0.3432907
6,1998,3,2,0.2528429
7,1998,3,2,0.2149869
8,1998,3,2,0.1978206
9,1998,3,2,0.1907426
10,1998,3,2,0.1870493
11,1998,3,2,0.1862451
12,1998,3,2,0.1865645
13,1998,3,2,0.1867898
14,1998,3,2,0.1871444
15,1998,3,2,0.187297
16,1998,3,2,0.188149
1,1999,3,2,0.0787944
2,1999,3,2,0.3990266
3,1999,3,2,0.4300173
4,1999,3,2,0.3087841
5,1999,3,2,0.1831468
6,1999,3,2,0.1367925
7,1999,3,2,0.1179336
8,1999,3,2,0.1094594
9,1999,3,2,0.1060314
10,1999,3,2,0.1042123
11,1999,3,2,0.1038793
12,1999,3,2,0.1041025
13,1999,3,2,0.1042492
14,1999,3,2,0.1044517
15,1999,3,2,0.1045197
16,1999,3,2,0.1049702
1,2000,3,2,0.07284395
2,2000,3,2,0.3648542
3,2000,3,2,0.4008351
4,2000,3,2,0.2889065
5,2000,3,2,0.171708
6,2000,3,2,0.1280847
7,2000,3,2,0.1102867
8,2000,3,2,0.1022823
9,2000,3,2,0.09903833
10,2000,3,2,0.09731999
11,2000,3,2,0.09699972
12,2000,3,2,0.09720455
13,2000,3,2,0.09733988
14,2000,3,2,0.09752864
15,2000,3,2,0.09759373
16,2000,3,2,0.09801659
1,2001,3,2,0.07170013
2,2001,3,2,0.3252777
3,2001,3,2,0.4221341
4,2001,3,2,0.3130889
5,2001,3,2,0.1888912
6,2001,3,2,0.1394651
7,2001,3,2,0.1188758
8,2001,3,2,0.1095533
9,2001,3,2,0.1057213
10,2001,3,2,0.1037163
11,2001,3,2,0.1032911
12,2001,3,2,0.1034763
13,2001,3,2,0.1036051
14,2001,3,2,0.1038026
15,2001,3,2,0.1038841
16,2001,3,2,0.1043522
1,2002,3,2,0.07673822
2,2002,3,2,0.346065
3,2002,3,2,0.4534823
4,2002,3,2,0.3368445
5,2002,3,2,0.20338
6,2002,3,2,0.1500846
7,2002,3,2,0.127861
8,2002,3,2,0.1177953
9,2002,3,2,0.1136551
10,2002,3,2,0.1114901
11,2002,3,2,0.1110283
12,2002,3,2,0.1112256
13,2002,3,2,0.1113632
14,2002,3,2,0.1115752
15,2002,3,2,0.1116636
16,2002,3,2,0.1121677
1,2003,3,2,0.09049734
2,2003,3,2,0.4107892
3,2003,3,2,0.5326107
4,2003,3,2,0.3949698
5,2003,3,2,0.2382734
6,2003,3,2,0.1759346
7,2003,3,2,0.1499688
8,2003,3,2,0.1382123
9,2003,3,2,0.1333802
10,2003,3,2,0.1308517
11,2003,3,2,0.1303158
12,2003,3,2,0.1305497
13,2003,3,2,0.1307122
14,2003,3,2,0.1309614
15,2003,3,2,0.1310642
16,2003,3,2,0.1316546
1,2004,3,2,0.08042378
2,2004,3,2,0.3745358
3,2004,3,2,0.4656016
4,2004,3,2,0.3429632
5,2004,3,2,0.2061817
6,2004,3,2,0.1525967
7,2004,3,2,0.1303799
8,2004,3,2,0.1203356
9,2004,3,2,0.1162199
10,2004,3,2,0.1140604
11,2004,3,2,0.1136148
12,2004,3,2,0.1138271
13,2004,3,2,0.1139727
14,2004,3,2,0.1141909
15,2004,3,2,0.1142773
16,2004,3,2,0.1147874
1,2005,3,2,0.1232556
2,2005,3,2,0.5770614
3,2005,3,2,0.7110785
4,2005,3,2,0.5230228
5,2005,3,2,0.3141925
6,2005,3,2,0.2326549
7,2005,3,2,0.198883
8,2005,3,2,0.1836196
9,2005,3,2,0.1773694
10,2005,3,2,0.1740882
11,2005,3,2,0.1734151
12,2005,3,2,0.1737419
13,2005,3,2,0.1739655
14,2005,3,2,0.1742987
15,2005,3,2,0.1744296
16,2005,3,2,0.1752068
1,2006,3,2,0.1525047
2,2006,3,2,0.7041705
3,2006,3,2,0.8878343
4,2006,3,2,0.655483
5,2006,3,2,0.3945305
6,2006,3,2,0.2917606
7,2006,3,2,0.2490834
8,2006,3,2,0.2297791
9,2006,3,2,0.2218606
10,2006,3,2,0.2177098
11,2006,3,2,0.2168452
12,2006,3,2,0.2172449
13,2006,3,2,0.2175204
14,2006,3,2,0.2179361
15,2006,3,2,0.2181032
16,2006,3,2,0.2190798
1,2007,3,2,0.1159008
2,2007,3,2,0.5214476
3,2007,3,2,0.6859133
4,2007,3,2,0.509792
5,2007,3,2,0.3078947
6,2007,3,2,0.2271654
7,2007,3,2,0.1934889
8,2007,3,2,0.178234
9,2007,3,2,0.1719577
10,2007,3,2,0.1686765
11,2007,3,2,0.1679751
12,2007,3,2,0.1682724
13,2007,3,2,0.16848
14,2007,3,2,0.1688008
15,2007,3,2,0.1689349
16,2007,3,2,0.1696982
1,2008,3,2,0.1114353
2,2008,3,2,0.5279262
3,2008,3,2,0.6378263
4,2008,3,2,0.4675966
5,2008,3,2,0.2804131
6,2008,3,2,0.2078838
7,2008,3,2,0.1779132
8,2008,3,2,0.1643779
9,2008,3,2,0.1588441
10,2008,3,2,0.1559348
11,2008,3,2,0.1553463
12,2008,3,2,0.1556448
13,2008,3,2,0.1558477
14,2008,3,2,0.1561468
15,2008,3,2,0.1562619
16,2008,3,2,0.156955
1,2009,3,2,0.07305336
2,2009,3,2,0.3573506
3,2009,3,2,0.4089595
4,2009,3,2,0.2969835
5,2009,3,2,0.1772109
6,2009,3,2,0.1318199
7,2009,3,2,0.1131927
8,2009,3,2,0.1047991
9,2009,3,2,0.1013834
10,2009,3,2,0.09958032
11,2009,3,2,0.09923091
12,2009,3,2,0.09943189
13,2009,3,2,0.09956631
14,2009,3,2,0.09975844
15,2009,3,2,0.09982805
16,2009,3,2,0.1002651
1,2010,3,2,0.1128284
2,2010,3,2,0.5297252
3,2010,3,2,0.6497138
4,2010,3,2,0.4775176
5,2010,3,2,0.2867409
6,2010,3,2,0.2123852
7,2010,3,2,0.1816048
8,2010,3,2,0.1676957
9,2010,3,2,0.1620022
10,2010,3,2,0.1590123
11,2010,3,2,0.1584009
12,2010,3,2,0.1587008
13,2010,3,2,0.1589057
14,2010,3,2,0.1592102
15,2010,3,2,0.1593292
16,2010,3,2,0.1600383
1,2011,3,2,0.06598946
2,2011,3,2,0.3257501
3,2011,3,2,0.3670073
4,2011,3,2,0.2657595
5,2011,3,2,0.1583392
6,2011,3,2,0.1179031
7,2011,3,2,0.1013448
8,2011,3,2,0.09388864
9,2011,3,2,0.09085887
10,2011,3,2,0.08925742
11,2011,3,2,0.08895135
12,2011,3,2,0.08913429
13,2011,3,2,0.08925607
14,2011,3,2,0.08942859
15,2011,3,2,0.08948994
16,2011,3,2,0.08988022
1,2012,3,2,0.08391797
2,2012,3,2,0.4052212
3,2012,3,2,0.4740811
4,2012,3,2,0.3456294
5,2012,3,2,0.2066671
6,2012,3,2,0.1535149
7,2012,3,2,0.1316393
8,2012,3,2,0.1217727
9,2012,3,2,0.1177496
10,2012,3,2,0.1156296
11,2012,3,2,0.1152111
12,2012,3,2,0.1154395
13,2012,3,2,0.1155933
14,2012,3,2,0.1158158
15,2012,3,2,0.1158985
16,2012,3,2,0.1164087
1,2013,3,2,0.07029879
2,2013,3,2,0.344999
3,2013,3,2,0.3926239
4,2013,3,2,0.2848323
5,2013,3,2,0.1698689
6,2013,3,2,0.1264045
7,2013,3,2,0.1085815
8,2013,3,2,0.1005522
9,2013,3,2,0.09728646
10,2013,3,2,0.09556172
11,2013,3,2,0.09522912
12,2013,3,2,0.09542305
13,2013,3,2,0.09555253
14,2013,3,2,0.09573703
15,2013,3,2,0.09580343
16,2013,3,2,0.09622231
1,2014,3,2,0.07400349
2,2014,3,2,0.3349459
3,2014,3,2,0.436332
4,2014,3,2,0.32381
5,2014,3,2,0.1954186
6,2014,3,2,0.144255
7,2014,3,2,0.1229335
8,2014,3,2,0.1132782
9,2014,3,2,0.1093084
10,2014,3,2,0.1072318
11,2014,3,2,0.1067904
12,2014,3,2,0.1069812
13,2014,3,2,0.107114
14,2014,3,2,0.1073181
15,2014,3,2,0.1074027
16,2014,3,2,0.107887
1,2015,3,2,0.1115184
2,2015,3,2,0.5157445
3,2015,3,2,0.6485537
4,2015,3,2,0.4786202
5,2015,3,2,0.2880147
6,2015,3,2,0.2130224
7,2015,3,2,0.1818895
8,2015,3,2,0.1678084
9,2015,3,2,0.1620335
10,2015,3,2,0.1590059
11,2015,3,2,0.1583763
12,2015,3,2,0.158669
13,2015,3,2,0.1588705
14,2015,3,2,0.1591742
15,2015,3,2,0.159296
16,2015,3,2,0.1600089
1,2016,3,2,0.09540652
2,2016,3,2,0.5019458
3,2016,3,2,0.5053569
4,2016,3,2,0.3579319
5,2016,3,2,0.2107119
6,2016,3,2,0.1581847
7,2016,3,2,0.1370533
8,2016,3,2,0.1275932
9,2016,3,2,0.1237965
10,2016,3,2,0.1217676
11,2016,3,2,0.1214252
12,2016,3,2,0.1217043
13,2016,3,2,0.1218842
14,2016,3,2,0.1221228
15,2016,3,2,0.1221954
16,2016,3,2,0.1227121
1,2017,3,2,0.09315887
2,2017,3,2,0.4576599
3,2017,3,2,0.5199139
4,2017,3,2,0.3770543
5,2017,3,2,0.2248299
6,2017,3,2,0.1673221
7,2017,3,2,0.1437461
8,2017,3,2,0.1331259
9,2017,3,2,0.1288071
10,2017,3,2,0.1265259
11,2017,3,2,0.1260867
12,2017,3,2,0.1263439
13,2017,3,2,0.1265155
14,2017,3,2,0.1267599
15,2017,3,2,0.1268476
16,2017,3,2,0.127402
1,2018,3,2,0.07022517
2,2018,3,2,0.3720541
3,2018,3,2,0.3698624
4,2018,3,2,0.2612612
5,2018,3,2,0.1535742
6,2018,3,2,0.1154072
7,2018,3,2,0.100088
8,2018,3,2,0.09323513
9,2018,3,2,0.09048933
10,2018,3,2,0.08901985
11,2018,3,2,0.08877622
12,2018,3,2,0.0889829
13,2018,3,2,0.08911566
14,2018,3,2,0.08929035
15,2018,3,2,0.08934244
16,2018,3,2,0.08971878
1,2019,3,2,0.06334948
2,2019,3,2,0.3278093
3,2019,3,2,0.3400222
4,2019,3,2,0.2423171
5,2019,3,2,0.1431333
6,2019,3,2,0.1072057
7,2019,3,2,0.09267781
8,2019,3,2,0.08616285
9,2019,3,2,0.08353862
10,2019,3,2,0.08214075
11,2019,3,2,0.0818957
12,2019,3,2,0.08207845
13,2019,3,2,0.08219724
14,2019,3,2,0.08235757
15,2019,3,2,0.08240862
16,2019,3,2,0.08276011
1,2020,3,2,0.07886403
2,2020,3,2,0.3855968
3,2020,3,2,0.4416329
4,2020,3,2,0.3207564
5,2020,3,2,0.1914107
6,2020,3,2,0.1423752
7,2020,3,2,0.1222504
8,2020,3,2,0.1131816
9,2020,3,2,0.1094908
10,2020,3,2,0.1075427
11,2020,3,2,0.1071649
12,2020,3,2,0.1073818
13,2020,3,2,0.1075269
14,2020,3,2,0.1077343
15,2020,3,2,0.1078096
16,2020,3,2,0.1082817
1,2021,3,2,0.09114986
2,2021,3,2,0.4608332
3,2021,3,2,0.4980689
4,2021,3,2,0.3578512
5,2021,3,2,0.212314
6,2021,3,2,0.1585449
7,2021,3,2,0.1366596
8,2021,3,2,0.1268241
9,2021,3,2,0.1228442
10,2021,3,2,0.1207327
11,2021,3,2,0.1203451
12,2021,3,2,0.120603
13,2021,3,2,0.1207725
14,2021,3,2,0.121007
15,2021,3,2,0.1210861
16,2021,3,2,0.1216085
1,2022,3,2,0.02551241
2,2022,3,2,0.1349138
3,2022,3,2,0.1345738
4,2022,3,2,0.09512803
5,2022,3,2,0.05594038
6,2022,3,2,0.04202638
7,2022,3,2,0.03643822
8,2022,3,2,0.0339379
9,2022,3,2,0.03293563
10,2022,3,2,0.03239945
11,2022,3,2,0.03231013
12,2022,3,2,0.0323851
13,2022,3,2,0.0324333
14,2022,3,2,0.03249685
15,2022,3,2,0.0325159
16,2022,3,2,0.03265301
1,2023,3,2,0.05739412
2,2023,3,2,0.2824691
3,2023,3,2,0.3198972
4,2023,3,2,0.2318659
5,2023,3,2,0.1382153
6,2023,3,2,0.1028831
7,2023,3,2,0.08840443
8,2023,3,2,0.0818832
9,2023,3,2,0.07923204
10,2023,3,2,0.07783131
11,2023,3,2,0.07756236
12,2023,3,2,0.07772106
13,2023,3,2,0.07782688
14,2023,3,2,0.07797723
15,2023,3,2,0.07803103
16,2023,3,2,0.07837178
1,2024,3,2,0.09333366
2,2024,3,2,0.4750283
3,2024,3,2,0.5074303
4,2024,3,2,0.3637471
5,2024,3,2,0.2155464
6,2024,3,2,0.1610933
7,2024,3,2,0.1389696
8,2024,3,2,0.1290329
9,2024,3,2,0.125017
10,2024,3,2,0.1228841
11,2024,3,2,0.1224974
12,2024,3,2,0.1227629
13,2024,3,2,0.122937
14,2024,3,2,0.123176
15,2024,3,2,0.1232553
16,2024,3,2,0.1237853
1,1972,4,2,0.003072594
2,1972,4,2,0.0167526
3,1972,4,2,0.01579639
4,1972,4,2,0.01102877
5,1972,4,2,0.006440796
6,1972,4,2,0.004861646
7,1972,4,2,0.004234337
8,1972,4,2,0.003954691
9,1972,4,2,0.003843482
10,1972,4,2,0.003783568
11,1972,4,2,0.003774441
12,1972,4,2,0.003783708
13,1972,4,2,0.003789575
14,1972,4,2,0.003797053
15,1972,4,2,0.003799085
16,1972,4,2,0.003814824
1,1973,4,2,0.006688438
2,1973,4,2,0.03644407
3,1973,4,2,0.03440446
4,1973,4,2,0.02402705
5,1973,4,2,0.01403391
6,1973,4,2,0.01059199
7,1973,4,2,0.009224374
8,1973,4,2,0.008614656
9,1973,4,2,0.008372141
10,1973,4,2,0.008241508
11,1973,4,2,0.008221564
12,1973,4,2,0.008241726
13,1973,4,2,0.008254495
14,1973,4,2,0.00827078
15,1973,4,2,0.008275217
16,1973,4,2,0.008309512
1,1974,4,2,0.006694884
2,1974,4,2,0.03650228
3,1974,4,2,0.0344188
4,1974,4,2,0.02403061
5,1974,4,2,0.01403387
6,1974,4,2,0.01059305
7,1974,4,2,0.009226209
8,1974,4,2,0.008616886
9,1974,4,2,0.008374573
10,1974,4,2,0.008244027
11,1974,4,2,0.008224139
12,1974,4,2,0.00824433
13,1974,4,2,0.008257116
14,1974,4,2,0.008273408
15,1974,4,2,0.008277837
16,1974,4,2,0.008312129
1,1975,4,2,0.004583422
2,1975,4,2,0.02499003
3,1975,4,2,0.02356365
4,1975,4,2,0.01645173
5,1975,4,2,0.009607803
6,1975,4,2,0.007252169
7,1975,4,2,0.006316406
8,1975,4,2,0.005899254
9,1975,4,2,0.005733363
10,1975,4,2,0.005643989
11,1975,4,2,0.005630373
12,1975,4,2,0.005644197
13,1975,4,2,0.00565295
14,1975,4,2,0.005664104
15,1975,4,2,0.005667136
16,1975,4,2,0.005690613
1,1976,4,2,0.004309343
2,1976,4,2,0.02349568
3,1976,4,2,0.02215459
4,1976,4,2,0.01546795
5,1976,4,2,0.009033278
6,1976,4,2,0.006818505
7,1976,4,2,0.005938699
8,1976,4,2,0.005546492
9,1976,4,2,0.00539052
10,1976,4,2,0.005306491
11,1976,4,2,0.005293689
12,1976,4,2,0.005306686
13,1976,4,2,0.005314916
14,1976,4,2,0.005325403
15,1976,4,2,0.005328254
16,1976,4,2,0.005350327
1,1977,4,2,0.004740065
2,1977,4,2,0.02584409
3,1977,4,2,0.02436896
4,1977,4,2,0.01701399
5,1977,4,2,0.009936161
6,1977,4,2,0.00750002
7,1977,4,2,0.006532276
8,1977,4,2,0.006100868
9,1977,4,2,0.005929307
10,1977,4,2,0.005836879
11,1977,4,2,0.005822798
12,1977,4,2,0.005837094
13,1977,4,2,0.005846146
14,1977,4,2,0.005857681
15,1977,4,2,0.005860817
16,1977,4,2,0.005885096
1,1978,4,2,0.005781575
2,1978,4,2,0.03152268
3,1978,4,2,0.02972343
4,1978,4,2,0.02075238
5,1978,4,2,0.01211938
6,1978,4,2,0.00914796
7,1978,4,2,0.007967579
8,1978,4,2,0.00744138
9,1978,4,2,0.007232123
10,1978,4,2,0.007119386
11,1978,4,2,0.007102211
12,1978,4,2,0.007119648
13,1978,4,2,0.007130689
14,1978,4,2,0.007144759
15,1978,4,2,0.007148583
16,1978,4,2,0.007178198
1,1979,4,2,0.01238453
2,1979,4,2,0.06752375
3,1979,4,2,0.06366963
4,1979,4,2,0.04445302
5,1979,4,2,0.02596055
6,1979,4,2,0.01959556
7,1979,4,2,0.0170671
8,1979,4,2,0.01593995
9,1979,4,2,0.0154917
10,1979,4,2,0.01525021
11,1979,4,2,0.01521342
12,1979,4,2,0.01525078
13,1979,4,2,0.01527443
14,1979,4,2,0.01530456
15,1979,4,2,0.01531276
16,1979,4,2,0.01537619
1,1980,4,2,0.02134304
2,1980,4,2,0.1163679
3,1980,4,2,0.1097258
4,1980,4,2,0.07660867
5,1980,4,2,0.04473944
6,1980,4,2,0.03377025
7,1980,4,2,0.02941281
8,1980,4,2,0.02747031
9,1980,4,2,0.02669782
10,1980,4,2,0.02628165
11,1980,4,2,0.02621824
12,1980,4,2,0.02628262
13,1980,4,2,0.02632337
14,1980,4,2,0.02637531
15,1980,4,2,0.02638943
16,1980,4,2,0.02649875
1,1981,4,2,0.007608564
2,1981,4,2,0.0414839
3,1981,4,2,0.03911609
4,1981,4,2,0.02731017
5,1981,4,2,0.01594913
6,1981,4,2,0.01203873
7,1981,4,2,0.01048535
8,1981,4,2,0.00979287
9,1981,4,2,0.009517487
10,1981,4,2,0.009369125
11,1981,4,2,0.009346523
12,1981,4,2,0.00936947
13,1981,4,2,0.009384
14,1981,4,2,0.009402516
15,1981,4,2,0.009407549
16,1981,4,2,0.009446521
1,1982,4,2,0.01728713
2,1982,4,2,0.09425398
3,1982,4,2,0.08887416
4,1982,4,2,0.06205039
5,1982,4,2,0.0362374
6,1982,4,2,0.02735274
7,1982,4,2,0.02382336
8,1982,4,2,0.02225
9,1982,4,2,0.02162432
10,1982,4,2,0.02128723
11,1982,4,2,0.02123587
12,1982,4,2,0.02128801
13,1982,4,2,0.02132102
14,1982,4,2,0.02136309
15,1982,4,2,0.02137453
16,1982,4,2,0.02146308
1,1983,4,2,0.01475972
2,1983,4,2,0.08047392
3,1983,4,2,0.07588063
4,1983,4,2,0.05297853
5,1983,4,2,0.03093944
6,1983,4,2,0.02335373
7,1983,4,2,0.02034035
8,1983,4,2,0.01899702
9,1983,4,2,0.01846281
10,1983,4,2,0.01817501
11,1983,4,2,0.01813116
12,1983,4,2,0.01817568
13,1983,4,2,0.01820386
14,1983,4,2,0.01823978
15,1983,4,2,0.01824954
16,1983,4,2,0.01832515
1,1984,4,2,0.04906089
2,1984,4,2,0.2674929
3,1984,4,2,0.252225
4,1984,4,2,0.1760991
5,1984,4,2,0.1028418
6,1984,4,2,0.07762712
7,1984,4,2,0.06761073
8,1984,4,2,0.06314554
9,1984,4,2,0.06136984
10,1984,4,2,0.06041319
11,1984,4,2,0.06026744
12,1984,4,2,0.06041541
13,1984,4,2,0.0605091
14,1984,4,2,0.06062849
15,1984,4,2,0.06066095
16,1984,4,2,0.06091225
1,1985,4,2,0.01100293
2,1985,4,2,0.05999091
3,1985,4,2,0.05656675
4,1985,4,2,0.03949392
5,1985,4,2,0.02306443
6,1985,4,2,0.01740951
7,1985,4,2,0.01516312
8,1985,4,2,0.01416171
9,1985,4,2,0.01376348
10,1985,4,2,0.01354893
11,1985,4,2,0.01351624
12,1985,4,2,0.01354942
13,1985,4,2,0.01357044
14,1985,4,2,0.01359721
15,1985,4,2,0.01360449
16,1985,4,2,0.01366085
1,1986,4,2,0.02428422
2,1986,4,2,0.132404
3,1986,4,2,0.1248466
4,1986,4,2,0.08716575
5,1986,4,2,0.05090477
6,1986,4,2,0.03842397
7,1986,4,2,0.03346604
8,1986,4,2,0.03125586
9,1986,4,2,0.03037692
10,1986,4,2,0.0299034
11,1986,4,2,0.02983126
12,1986,4,2,0.0299045
13,1986,4,2,0.02995087
14,1986,4,2,0.03000997
15,1986,4,2,0.03002603
16,1986,4,2,0.03015042
1,1987,4,2,0.01759341
2,1987,4,2,0.09226592
3,1987,4,2,0.09343088
4,1987,4,2,0.06625494
5,1987,4,2,0.03902982
6,1987,4,2,0.02928701
7,1987,4,2,0.02536352
8,1987,4,2,0.02360645
9,1987,4,2,0.02290076
10,1987,4,2,0.02252388
11,1987,4,2,0.02245979
12,1987,4,2,0.02251113
13,1987,4,2,0.02254427
14,1987,4,2,0.02258836
15,1987,4,2,0.0226019
16,1987,4,2,0.02269764
1,1988,4,2,0.009652491
2,1988,4,2,0.05262794
3,1988,4,2,0.04962404
4,1988,4,2,0.03464664
5,1988,4,2,0.02023363
6,1988,4,2,0.01527276
7,1988,4,2,0.01330208
8,1988,4,2,0.01242358
9,1988,4,2,0.01207422
10,1988,4,2,0.011886
11,1988,4,2,0.01185733
12,1988,4,2,0.01188644
13,1988,4,2,0.01190487
14,1988,4,2,0.01192836
15,1988,4,2,0.01193475
16,1988,4,2,0.01198419
1,1989,4,2,0.02599345
2,1989,4,2,0.1417232
3,1989,4,2,0.1336339
4,1989,4,2,0.09330085
5,1989,4,2,0.05448766
6,1989,4,2,0.04112842
7,1989,4,2,0.03582153
8,1989,4,2,0.03345578
9,1989,4,2,0.03251498
10,1989,4,2,0.03200813
11,1989,4,2,0.03193091
12,1989,4,2,0.0320093
13,1989,4,2,0.03205894
14,1989,4,2,0.0321222
15,1989,4,2,0.03213939
16,1989,4,2,0.03227254
1,1990,4,2,0.01208886
2,1990,4,2,0.06583316
3,1990,4,2,0.06221357
4,1990,4,2,0.04345839
5,1990,4,2,0.02538692
6,1990,4,2,0.01915885
7,1990,4,2,0.01668364
8,1990,4,2,0.01558005
9,1990,4,2,0.01514103
10,1990,4,2,0.01490458
11,1990,4,2,0.01486841
12,1990,4,2,0.01490483
13,1990,4,2,0.01492791
14,1990,4,2,0.01495735
15,1990,4,2,0.01496539
16,1990,4,2,0.01502743
1,1991,4,2,0.03504684
2,1991,4,2,0.1909647
3,1991,4,2,0.1802757
4,1991,4,2,0.1258989
5,1991,4,2,0.07353598
6,1991,4,2,0.05550079
7,1991,4,2,0.04833466
8,1991,4,2,0.04513983
9,1991,4,2,0.04386909
10,1991,4,2,0.04318459
11,1991,4,2,0.04308009
12,1991,4,2,0.04318573
13,1991,4,2,0.04325265
14,1991,4,2,0.04333798
15,1991,4,2,0.04336122
16,1991,4,2,0.04354093
1,1992,4,2,0.03193155
2,1992,4,2,0.1654724
3,1992,4,2,0.1711948
4,1992,4,2,0.1219381
5,1992,4,2,0.07200647
6,1992,4,2,0.05394279
7,1992,4,2,0.04664159
8,1992,4,2,0.04336788
9,1992,4,2,0.04204963
10,1992,4,2,0.04134723
11,1992,4,2,0.04122449
12,1992,4,2,0.04131672
13,1992,4,2,0.04137662
14,1992,4,2,0.04145735
15,1992,4,2,0.04148296
16,1992,4,2,0.04165977
1,1993,4,2,0.0703725
2,1993,4,2,0.3770055
3,1993,4,2,0.3672382
4,1993,4,2,0.2582688
5,1993,4,2,0.1514446
6,1993,4,2,0.1139965
7,1993,4,2,0.09902319
8,1993,4,2,0.09233362
9,1993,4,2,0.08966064
10,1993,4,2,0.08822663
11,1993,4,2,0.08799597
12,1993,4,2,0.08820506
13,1993,4,2,0.08833861
14,1993,4,2,0.08851221
15,1993,4,2,0.08856224
16,1993,4,2,0.08893296
1,1994,4,2,0.05836267
2,1994,4,2,0.3142413
3,1994,4,2,0.3032803
4,1994,4,2,0.2128547
5,1994,4,2,0.1246725
6,1994,4,2,0.09391721
7,1994,4,2,0.08164212
8,1994,4,2,0.07616133
9,1994,4,2,0.07397422
10,1994,4,2,0.07279951
11,1994,4,2,0.07261331
12,1994,4,2,0.07278745
13,1994,4,2,0.07289841
14,1994,4,2,0.07304183
15,1994,4,2,0.0730825
16,1994,4,2,0.07338754
1,1995,4,2,0.04705109
2,1995,4,2,0.2540837
3,1995,4,2,0.2438909
4,1995,4,2,0.170966
5,1995,4,2,0.1000699
6,1995,4,2,0.07541854
7,1995,4,2,0.06559027
8,1995,4,2,0.06120357
9,1995,4,2,0.05945443
10,1995,4,2,0.05851431
11,1995,4,2,0.05836661
12,1995,4,2,0.05850736
13,1995,4,2,0.0585969
14,1995,4,2,0.05871226
15,1995,4,2,0.05874466
16,1995,4,2,0.05898943
1,1996,4,2,0.009619523
2,1996,4,2,0.05244819
3,1996,4,2,0.04945455
4,1996,4,2,0.0345283
5,1996,4,2,0.02016452
6,1996,4,2,0.0152206
7,1996,4,2,0.01325665
8,1996,4,2,0.01238115
9,1996,4,2,0.01203298
10,1996,4,2,0.0118454
11,1996,4,2,0.01181683
12,1996,4,2,0.01184584
13,1996,4,2,0.01186421
14,1996,4,2,0.01188762
15,1996,4,2,0.01189398
16,1996,4,2,0.01194326
1,1997,4,2,0.0905222
2,1997,4,2,0.4935188
3,1997,4,2,0.4654063
4,1997,4,2,0.3249476
5,1997,4,2,0.1897722
6,1997,4,2,0.1432425
7,1997,4,2,0.1247583
8,1997,4,2,0.1165183
9,1997,4,2,0.1132413
10,1997,4,2,0.1114759
11,1997,4,2,0.1112069
12,1997,4,2,0.1114799
13,1997,4,2,0.1116527
14,1997,4,2,0.111873
15,1997,4,2,0.1119329
16,1997,4,2,0.1123967
1,1998,4,2,0.1178234
2,1998,4,2,0.6225544
3,1998,4,2,0.6219193
4,1998,4,2,0.4397651
5,1998,4,2,0.2586512
6,1998,4,2,0.1942938
7,1998,4,2,0.1684393
8,1998,4,2,0.1568702
9,1998,4,2,0.1522318
10,1998,4,2,0.1497508
11,1998,4,2,0.1493366
12,1998,4,2,0.1496826
13,1998,4,2,0.1499051
14,1998,4,2,0.1501988
15,1998,4,2,0.1502871
16,1998,4,2,0.150921
1,1999,4,2,0.06076569
2,1999,4,2,0.319122
3,1999,4,2,0.3223365
4,1999,4,2,0.2284588
5,1999,4,2,0.1345426
6,1999,4,2,0.1009774
7,1999,4,2,0.08746654
8,1999,4,2,0.0814168
9,1999,4,2,0.07898782
10,1999,4,2,0.07769025
11,1999,4,2,0.07747034
12,1999,4,2,0.07764785
13,1999,4,2,0.07776237
14,1999,4,2,0.07791452
15,1999,4,2,0.07796105
16,1999,4,2,0.07829102
1,2000,4,2,0.1663762
2,2000,4,2,0.8868949
3,2000,4,2,0.8718439
4,2000,4,2,0.6143651
5,2000,4,2,0.3606527
6,2000,4,2,0.2712685
7,2000,4,2,0.2354667
8,2000,4,2,0.2194624
9,2000,4,2,0.2130594
10,2000,4,2,0.2096281
11,2000,4,2,0.2090685
12,2000,4,2,0.2095607
13,2000,4,2,0.2098759
14,2000,4,2,0.2102879
15,2000,4,2,0.2104085
16,2000,4,2,0.2112918
1,2001,4,2,0.05178676
2,2001,4,2,0.2820875
3,2001,4,2,0.266457
4,2001,4,2,0.1861105
5,2001,4,2,0.1087131
6,2001,4,2,0.08204621
7,2001,4,2,0.07144904
8,2001,4,2,0.06672437
9,2001,4,2,0.06484497
10,2001,4,2,0.06383268
11,2001,4,2,0.06367798
12,2001,4,2,0.06383404
13,2001,4,2,0.0639329
14,2001,4,2,0.06405902
15,2001,4,2,0.06409342
16,2001,4,2,0.06435909
1,2002,4,2,0.0373756
2,2002,4,2,0.20345
3,2002,4,2,0.1924206
4,2002,4,2,0.1344375
5,2002,4,2,0.07854201
6,2002,4,2,0.0592694
7,2002,4,2,0.05160864
8,2002,4,2,0.04819284
9,2002,4,2,0.04683382
10,2002,4,2,0.04610196
11,2002,4,2,0.04598985
12,2002,4,2,0.04610242
13,2002,4,2,0.04617376
14,2002,4,2,0.04626483
15,2002,4,2,0.04628972
16,2002,4,2,0.04648168
1,2003,4,2,0.06861944
2,2003,4,2,0.3457556
3,2003,4,2,0.3759091
4,2003,4,2,0.2703898
5,2003,4,2,0.1605214
6,2003,4,2,0.119819
7,2003,4,2,0.1032374
8,2003,4,2,0.09578321
9,2003,4,2,0.09276501
10,2003,4,2,0.09116466
11,2003,4,2,0.09086908
12,2003,4,2,0.09106263
13,2003,4,2,0.09119015
14,2003,4,2,0.09136708
15,2003,4,2,0.09142722
16,2003,4,2,0.09182227
1,2004,4,2,0.01556998
2,2004,4,2,0.08489164
3,2004,4,2,0.0800462
4,2004,4,2,0.05588686
5,2004,4,2,0.03263791
6,2004,4,2,0.02463577
7,2004,4,2,0.02145696
8,2004,4,2,0.02003989
9,2004,4,2,0.01947635
10,2004,4,2,0.01917275
11,2004,4,2,0.01912649
12,2004,4,2,0.01917345
13,2004,4,2,0.01920319
14,2004,4,2,0.01924108
15,2004,4,2,0.01925138
16,2004,4,2,0.01933113
1,2005,4,2,0.1214868
2,2005,4,2,0.6438539
3,2005,4,2,0.6396725
4,2005,4,2,0.4517894
5,2005,4,2,0.2655512
6,2005,4,2,0.1995649
7,2005,4,2,0.1730827
8,2005,4,2,0.1612367
9,2005,4,2,0.1564906
10,2005,4,2,0.1539504
11,2005,4,2,0.1535297
12,2005,4,2,0.1538873
13,2005,4,2,0.154117
14,2005,4,2,0.1544191
15,2005,4,2,0.1545091
16,2005,4,2,0.1551599
1,2006,4,2,0.05568547
2,2006,4,2,0.3034268
3,2006,4,2,0.2864332
4,2006,4,2,0.2000344
5,2006,4,2,0.1168371
6,2006,4,2,0.08818227
7,2006,4,2,0.07679661
8,2006,4,2,0.07172062
9,2006,4,2,0.06970166
10,2006,4,2,0.06861412
11,2006,4,2,0.0684481
12,2006,4,2,0.06861596
13,2006,4,2,0.06872228
14,2006,4,2,0.06885786
15,2006,4,2,0.06889479
16,2006,4,2,0.06918031
1,2007,4,2,0.03834242
2,2007,4,2,0.209053
3,2007,4,2,0.1971207
4,2007,4,2,0.1376262
5,2007,4,2,0.08037366
6,2007,4,2,0.06066771
7,2007,4,2,0.05283962
8,2007,4,2,0.04934996
9,2007,4,2,0.0479622
10,2007,4,2,0.04721455
11,2007,4,2,0.04710065
12,2007,4,2,0.04721629
13,2007,4,2,0.04728951
14,2007,4,2,0.04738282
15,2007,4,2,0.04740818
16,2007,4,2,0.04760458
1,2008,4,2,0.07570105
2,2008,4,2,0.4127422
3,2008,4,2,0.3891837
4,2008,4,2,0.2717213
5,2008,4,2,0.1586851
6,2008,4,2,0.1197788
7,2008,4,2,0.1043235
8,2008,4,2,0.0974337
9,2008,4,2,0.09469379
10,2008,4,2,0.09321767
11,2008,4,2,0.09299279
12,2008,4,2,0.0932211
13,2008,4,2,0.09336567
14,2008,4,2,0.09354989
15,2008,4,2,0.09359997
16,2008,4,2,0.09398772
1,2009,4,2,0.02543925
2,2009,4,2,0.1387015
3,2009,4,2,0.1307847
4,2009,4,2,0.0913116
5,2009,4,2,0.05332594
6,2009,4,2,0.04025152
7,2009,4,2,0.03505778
8,2009,4,2,0.03274248
9,2009,4,2,0.03182173
10,2009,4,2,0.03132569
11,2009,4,2,0.03125012
12,2009,4,2,0.03132684
13,2009,4,2,0.03137542
14,2009,4,2,0.03143733
15,2009,4,2,0.03145416
16,2009,4,2,0.03158446
1,2010,4,2,0.102172
2,2010,4,2,0.5570688
3,2010,4,2,0.5252724
4,2010,4,2,0.366736
5,2010,4,2,0.2141737
6,2010,4,2,0.1616628
7,2010,4,2,0.1408031
8,2010,4,2,0.1315041
9,2010,4,2,0.1278061
10,2010,4,2,0.1258138
11,2010,4,2,0.1255103
12,2010,4,2,0.1258184
13,2010,4,2,0.1260135
14,2010,4,2,0.1262622
15,2010,4,2,0.1263298
16,2010,4,2,0.1268531
1,2011,4,2,0.05497323
2,2011,4,2,0.2971171
3,2011,4,2,0.2847496
4,2011,4,2,0.1995376
5,2011,4,2,0.1167704
6,2011,4,2,0.08801688
7,2011,4,2,0.07655669
8,2011,4,2,0.07144216
9,2011,4,2,0.06940326
10,2011,4,2,0.06830718
11,2011,4,2,0.06813543
12,2011,4,2,0.0683
13,2011,4,2,0.06840465
14,2011,4,2,0.06853935
15,2011,4,2,0.06857707
16,2011,4,2,0.06886267
1,2012,4,2,0.03994102
2,2012,4,2,0.2176395
3,2012,4,2,0.2054448
4,2012,4,2,0.1434742
5,2012,4,2,0.08380082
6,2012,4,2,0.06324845
7,2012,4,2,0.05508225
8,2012,4,2,0.05144157
9,2012,4,2,0.04999351
10,2012,4,2,0.04921349
11,2012,4,2,0.04909442
12,2012,4,2,0.04921482
13,2012,4,2,0.04929108
14,2012,4,2,0.04938832
15,2012,4,2,0.04941481
16,2012,4,2,0.0496196
1,2013,4,2,0.03307951
2,2013,4,2,0.1803582
3,2013,4,2,0.1700638
4,2013,4,2,0.1187355
5,2013,4,2,0.06934152
6,2013,4,2,0.05234041
7,2013,4,2,0.04558682
8,2013,4,2,0.04257615
9,2013,4,2,0.04137887
10,2013,4,2,0.04073385
11,2013,4,2,0.04063558
12,2013,4,2,0.04073534
13,2013,4,2,0.04079852
14,2013,4,2,0.04087902
15,2013,4,2,0.0409009
16,2013,4,2,0.04107034
1,2014,4,2,0.008825032
2,2014,4,2,0.04811641
3,2014,4,2,0.04537002
4,2014,4,2,0.03167656
5,2014,4,2,0.0184991
6,2014,4,2,0.0139635
7,2014,4,2,0.01216176
8,2014,4,2,0.01135857
9,2014,4,2,0.01103916
10,2014,4,2,0.01086707
11,2014,4,2,0.01084086
12,2014,4,2,0.01086747
13,2014,4,2,0.01088433
14,2014,4,2,0.0109058
15,2014,4,2,0.01091164
16,2014,4,2,0.01095685
1,2015,4,2,0.01713491
2,2015,4,2,0.09342407
3,2015,4,2,0.08809162
4,2015,4,2,0.06150403
5,2015,4,2,0.03591833
6,2015,4,2,0.0271119
7,2015,4,2,0.02361359
8,2015,4,2,0.02205409
9,2015,4,2,0.02143391
10,2015,4,2,0.02109979
11,2015,4,2,0.02104889
12,2015,4,2,0.02110057
13,2015,4,2,0.02113329
14,2015,4,2,0.02117499
15,2015,4,2,0.02118633
16,2015,4,2,0.02127409
1,2016,4,2,0.02769875
2,2016,4,2,0.1510209
3,2016,4,2,0.1424009
4,2016,4,2,0.09942186
5,2016,4,2,0.05806233
6,2016,4,2,0.04382665
7,2016,4,2,0.0381716
8,2016,4,2,0.03565065
9,2016,4,2,0.03464813
10,2016,4,2,0.03410802
11,2016,4,2,0.03402574
12,2016,4,2,0.03410928
13,2016,4,2,0.03416217
14,2016,4,2,0.03422958
15,2016,4,2,0.0342479
16,2016,4,2,0.03438978
1,2017,4,2,0.006353158
2,2017,4,2,0.0346391
3,2017,4,2,0.03266197
4,2017,4,2,0.02280402
5,2017,4,2,0.01331754
6,2017,4,2,0.01005235
7,2017,4,2,0.008755276
8,2017,4,2,0.008177055
9,2017,4,2,0.00794711
10,2017,4,2,0.007823228
11,2017,4,2,0.007804355
12,2017,4,2,0.007823516
13,2017,4,2,0.007835648
14,2017,4,2,0.007851109
15,2017,4,2,0.007855312
16,2017,4,2,0.007887854
1,2018,4,2,0.01396876
2,2018,4,2,0.07597178
3,2018,4,2,0.0719688
4,2018,4,2,0.05030039
5,2018,4,2,0.02939287
6,2018,4,2,0.02217736
7,2018,4,2,0.01930827
8,2018,4,2,0.01802886
9,2018,4,2,0.0175197
10,2018,4,2,0.01724557
11,2018,4,2,0.01720346
12,2018,4,2,0.0172455
13,2018,4,2,0.01727215
14,2018,4,2,0.01730621
15,2018,4,2,0.01731555
16,2018,4,2,0.01738739
1,2019,4,2,0.04027956
2,2019,4,2,0.2180724
3,2019,4,2,0.2083371
4,2019,4,2,0.1458887
5,2019,4,2,0.08534104
6,2019,4,2,0.06434402
7,2019,4,2,0.05598063
8,2019,4,2,0.05224895
9,2019,4,2,0.05076202
10,2019,4,2,0.04996234
11,2019,4,2,0.0498377
12,2019,4,2,0.04995845
13,2019,4,2,0.05003518
14,2019,4,2,0.05013374
15,2019,4,2,0.05016119
16,2019,4,2,0.05036988
1,2020,4,2,0.03123778
2,2020,4,2,0.1644675
3,2020,4,2,0.1653636
4,2020,4,2,0.1170899
5,2020,4,2,0.06891928
6,2020,4,2,0.05174427
7,2020,4,2,0.0448365
8,2020,4,2,0.04174426
9,2020,4,2,0.04050345
10,2020,4,2,0.03984026
11,2020,4,2,0.03972856
12,2020,4,2,0.03982001
13,2020,4,2,0.03987894
14,2020,4,2,0.039957
15,2020,4,2,0.03998071
16,2020,4,2,0.0401497
1,2021,4,2,0.06805339
2,2021,4,2,0.3486785
3,2021,4,2,0.3681002
4,2021,4,2,0.263257
5,2021,4,2,0.1558023
6,2021,4,2,0.1165419
7,2021,4,2,0.1006206
8,2021,4,2,0.09347396
9,2021,4,2,0.09058946
10,2021,4,2,0.0890557
11,2021,4,2,0.08878123
12,2021,4,2,0.08897591
13,2021,4,2,0.08910309
14,2021,4,2,0.08927654
15,2021,4,2,0.08933318
16,2021,4,2,0.08971611
1,2022,4,2,0.004756788
2,2022,4,2,0.02593527
3,2022,4,2,0.02445493
4,2022,4,2,0.01707401
5,2022,4,2,0.009971215
6,2022,4,2,0.007526479
7,2022,4,2,0.006555322
8,2022,4,2,0.006122391
9,2022,4,2,0.005950225
10,2022,4,2,0.005857471
11,2022,4,2,0.00584334
12,2022,4,2,0.005857687
13,2022,4,2,0.00586677
14,2022,4,2,0.005878346
15,2022,4,2,0.005881493
16,2022,4,2,0.005905858
1,2023,4,2,0.03715492
2,2023,4,2,0.2013847
3,2023,4,2,0.1919889
4,2023,4,2,0.1343772
5,2023,4,2,0.07858617
6,2023,4,2,0.05926185
7,2023,4,2,0.051568
8,2023,4,2,0.04813556
9,2023,4,2,0.04676829
10,2023,4,2,0.04603276
11,2023,4,2,0.04591853
12,2023,4,2,0.04603002
13,2023,4,2,0.04610083
14,2023,4,2,0.04619166
15,2023,4,2,0.04621686
16,2023,4,2,0.04640901
1,2024,4,2,0.1073001
2,2024,4,2,0.585003
3,2024,4,2,0.5516572
4,2024,4,2,0.3851646
5,2024,4,2,0.2249384
6,2024,4,2,0.1697869
7,2024,4,2,0.1478779
8,2024,4,2,0.1381111
9,2024,4,2,0.134227
10,2024,4,2,0.1321345
11,2024,4,2,0.1318157
12,2024,4,2,0.1321393
13,2024,4,2,0.1323442
14,2024,4,2,0.1326053
15,2024,4,2,0.1326763
16,2024,4,2,0.133226
1,1972,1,3,0.006288307
2,1972,1,3,0.03123852
3,1972,1,3,0.03948053
4,1972,1,3,0.03506703
5,1972,1,3,0.02739382
6,1972,1,3,0.02266586
7,1972,1,3,0.02001996
8,1972,1,3,0.01849798
9,1972,1,3,0.01765598
10,1972,1,3,0.01707712
11,1972,1,3,0.0167501
12,1972,1,3,0.01654197
13,1972,1,3,0.01638741
14,1972,1,3,0.01627954
15,1972,1,3,0.01618395
16,1972,1,3,0.01613959
1,1973,1,3,0.003373322
2,1973,1,3,0.0167577
3,1973,1,3,0.02117908
4,1973,1,3,0.01881149
5,1973,1,3,0.01469524
6,1973,1,3,0.01215896
7,1973,1,3,0.01073958
8,1973,1,3,0.00992312
9,1973,1,3,0.009471436
10,1973,1,3,0.00916091
11,1973,1,3,0.008985485
12,1973,1,3,0.008873833
13,1973,1,3,0.008790921
14,1973,1,3,0.008733057
15,1973,1,3,0.008681775
16,1973,1,3,0.00865798
1,1974,1,3,0.006536975
2,1974,1,3,0.03247383
3,1974,1,3,0.04104177
4,1974,1,3,0.03645374
5,1974,1,3,0.02847709
6,1974,1,3,0.02356217
7,1974,1,3,0.02081163
8,1974,1,3,0.01922947
9,1974,1,3,0.01835417
10,1974,1,3,0.01775242
11,1974,1,3,0.01741248
12,1974,1,3,0.01719611
13,1974,1,3,0.01703544
14,1974,1,3,0.01692331
15,1974,1,3,0.01682393
16,1974,1,3,0.01677782
1,1975,1,3,0.005813805
2,1975,1,3,0.02887939
3,1975,1,3,0.03649973
4,1975,1,3,0.03241938
5,1975,1,3,0.0253254
6,1975,1,3,0.02095439
7,1975,1,3,0.01850829
8,1975,1,3,0.01710126
9,1975,1,3,0.01632288
10,1975,1,3,0.01578776
11,1975,1,3,0.01548547
12,1975,1,3,0.01529308
13,1975,1,3,0.01515022
14,1975,1,3,0.01505051
15,1975,1,3,0.01496215
16,1975,1,3,0.01492115
1,1976,1,3,0.007987236
2,1976,1,3,0.03967832
3,1976,1,3,0.0501471
4,1976,1,3,0.04454119
5,1976,1,3,0.03479488
6,1976,1,3,0.02878956
7,1976,1,3,0.0254288
8,1976,1,3,0.02349562
9,1976,1,3,0.02242614
10,1976,1,3,0.02169089
11,1976,1,3,0.02127552
12,1976,1,3,0.02101115
13,1976,1,3,0.02081484
14,1976,1,3,0.02067783
15,1976,1,3,0.02055641
16,1976,1,3,0.02050007
1,1977,1,3,0.009063603
2,1977,1,3,0.0450254
3,1977,1,3,0.05690496
4,1977,1,3,0.0505436
5,1977,1,3,0.03948387
6,1977,1,3,0.03266926
7,1977,1,3,0.02885561
8,1977,1,3,0.02666191
9,1977,1,3,0.02544831
10,1977,1,3,0.02461397
11,1977,1,3,0.02414263
12,1977,1,3,0.02384264
13,1977,1,3,0.02361987
14,1977,1,3,0.0234644
15,1977,1,3,0.02332661
16,1977,1,3,0.02326267
1,1978,1,3,0.008483418
2,1978,1,3,0.04214321
3,1978,1,3,0.05326233
4,1978,1,3,0.04730817
5,1978,1,3,0.0369564
6,1978,1,3,0.03057802
7,1978,1,3,0.02700848
8,1978,1,3,0.02495521
9,1978,1,3,0.02381929
10,1978,1,3,0.02303836
11,1978,1,3,0.0225972
12,1978,1,3,0.02231641
13,1978,1,3,0.0221079
14,1978,1,3,0.02196238
15,1978,1,3,0.02183341
16,1978,1,3,0.02177357
1,1979,1,3,0.01187777
2,1979,1,3,0.05900536
3,1979,1,3,0.07457342
4,1979,1,3,0.06623691
5,1979,1,3,0.05174324
6,1979,1,3,0.04281276
7,1979,1,3,0.037815
8,1979,1,3,0.03494019
9,1979,1,3,0.03334977
10,1979,1,3,0.03225638
11,1979,1,3,0.03163869
12,1979,1,3,0.03124555
13,1979,1,3,0.03095361
14,1979,1,3,0.03074987
15,1979,1,3,0.0305693
16,1979,1,3,0.03048551
1,1980,1,3,0.01268399
2,1980,1,3,0.06301044
3,1980,1,3,0.0796352
4,1980,1,3,0.07073284
5,1980,1,3,0.05525539
6,1980,1,3,0.04571874
7,1980,1,3,0.04038175
8,1980,1,3,0.0373118
9,1980,1,3,0.03561343
10,1980,1,3,0.03444582
11,1980,1,3,0.03378621
12,1980,1,3,0.03336639
13,1980,1,3,0.03305464
14,1980,1,3,0.03283706
15,1980,1,3,0.03264423
16,1980,1,3,0.03255476
1,1981,1,3,0.01472818
2,1981,1,3,0.07316542
3,1981,1,3,0.09246948
4,1981,1,3,0.08213239
5,1981,1,3,0.06416054
6,1981,1,3,0.05308693
7,1981,1,3,0.04688981
8,1981,1,3,0.0433251
9,1981,1,3,0.04135301
10,1981,1,3,0.03999723
11,1981,1,3,0.03923131
12,1981,1,3,0.03874383
13,1981,1,3,0.03838183
14,1981,1,3,0.03812919
15,1981,1,3,0.03790529
16,1981,1,3,0.0378014
1,1982,1,3,0.01203401
2,1982,1,3,0.05978155
3,1982,1,3,0.0755544
4,1982,1,3,0.06710823
5,1982,1,3,0.0524239
6,1982,1,3,0.04337594
7,1982,1,3,0.03831244
8,1982,1,3,0.03539981
9,1982,1,3,0.03378847
10,1982,1,3,0.03268069
11,1982,1,3,0.03205488
12,1982,1,3,0.03165657
13,1982,1,3,0.03136079
14,1982,1,3,0.03115437
15,1982,1,3,0.03097142
16,1982,1,3,0.03088654
1,1983,1,3,0.01062571
2,1983,1,3,0.05274822
3,1983,1,3,0.06668015
4,1983,1,3,0.05922461
5,1983,1,3,0.04626309
6,1983,1,3,0.03827771
7,1983,1,3,0.03380961
8,1983,1,3,0.03123993
9,1983,1,3,0.0298187
10,1983,1,3,0.0288418
11,1983,1,3,0.02829016
12,1983,1,3,0.0279392
13,1983,1,3,0.02767859
14,1983,1,3,0.02749674
15,1983,1,3,0.02733555
16,1983,1,3,0.0272609
1,1984,1,3,0.00947733
2,1984,1,3,0.04708068
3,1984,1,3,0.05950251
4,1984,1,3,0.05285077
5,1984,1,3,0.04128619
6,1984,1,3,0.03416052
7,1984,1,3,0.03017278
8,1984,1,3,0.02787895
9,1984,1,3,0.02660995
10,1984,1,3,0.02573753
11,1984,1,3,0.02524467
12,1984,1,3,0.02493098
13,1984,1,3,0.02469805
14,1984,1,3,0.02453548
15,1984,1,3,0.0243914
16,1984,1,3,0.02432455
1,1985,1,3,0.00913662
2,1985,1,3,0.04533355
3,1985,1,3,0.05731602
4,1985,1,3,0.05090663
5,1985,1,3,0.03976417
6,1985,1,3,0.03290011
7,1985,1,3,0.02905988
8,1985,1,3,0.02685159
9,1985,1,3,0.02563047
10,1985,1,3,0.02479122
11,1985,1,3,0.02431744
12,1985,1,3,0.02401612
13,1985,1,3,0.02379235
14,1985,1,3,0.02363624
15,1985,1,3,0.02349785
16,1985,1,3,0.02343384
1,1986,1,3,0.01414714
2,1986,1,3,0.07027899
3,1986,1,3,0.08882149
4,1986,1,3,0.07889221
5,1986,1,3,0.06162936
6,1986,1,3,0.05099261
7,1986,1,3,0.04503998
8,1986,1,3,0.0416159
9,1986,1,3,0.03972161
10,1986,1,3,0.03841931
11,1986,1,3,0.03768361
12,1986,1,3,0.03721536
13,1986,1,3,0.03686764
14,1986,1,3,0.03662497
15,1986,1,3,0.0364099
16,1986,1,3,0.03631011
1,1987,1,3,0.0124682
2,1987,1,3,0.06150111
3,1987,1,3,0.07790076
4,1987,1,3,0.06917566
5,1987,1,3,0.05401259
6,1987,1,3,0.04468184
7,1987,1,3,0.03946888
8,1987,1,3,0.03647578
9,1987,1,3,0.03482443
10,1987,1,3,0.03369116
11,1987,1,3,0.03305369
12,1987,1,3,0.03264971
13,1987,1,3,0.03234968
14,1987,1,3,0.03214071
15,1987,1,3,0.0319552
16,1987,1,3,0.03187081
1,1988,1,3,0.01244149
2,1988,1,3,0.05987577
3,1988,1,3,0.07643744
4,1988,1,3,0.06781915
5,1988,1,3,0.05286295
6,1988,1,3,0.04370129
7,1988,1,3,0.03861297
8,1988,1,3,0.03571038
9,1988,1,3,0.03412449
10,1988,1,3,0.03304306
11,1988,1,3,0.03244426
12,1988,1,3,0.03207086
13,1988,1,3,0.03179339
14,1988,1,3,0.0316016
15,1988,1,3,0.03143028
16,1988,1,3,0.03135821
1,1989,1,3,0.007237984
2,1989,1,3,0.03498086
3,1989,1,3,0.04459634
4,1989,1,3,0.03957386
5,1989,1,3,0.0308557
6,1989,1,3,0.02551107
7,1989,1,3,0.02253969
8,1989,1,3,0.02084277
9,1989,1,3,0.01991405
10,1989,1,3,0.01928004
11,1989,1,3,0.018928
12,1989,1,3,0.01870783
13,1989,1,3,0.01854425
14,1989,1,3,0.01843102
15,1989,1,3,0.01832999
16,1989,1,3,0.01828687
1,1990,1,3,0.01055072
2,1990,1,3,0.05199652
3,1990,1,3,0.06588019
4,1990,1,3,0.05849966
5,1990,1,3,0.04567392
6,1990,1,3,0.03778277
7,1990,1,3,0.03337503
8,1990,1,3,0.03084486
9,1990,1,3,0.02944939
10,1990,1,3,0.02849194
11,1990,1,3,0.02795366
12,1990,1,3,0.02761273
13,1990,1,3,0.02735952
14,1990,1,3,0.0271832
15,1990,1,3,0.02702666
16,1990,1,3,0.02695562
1,1991,1,3,0.006214798
2,1991,1,3,0.03067618
3,1991,1,3,0.03884787
4,1991,1,3,0.0344976
5,1991,1,3,0.0269371
6,1991,1,3,0.02228409
7,1991,1,3,0.0196841
8,1991,1,3,0.01819101
9,1991,1,3,0.01736703
10,1991,1,3,0.01680146
11,1991,1,3,0.01648319
12,1991,1,3,0.01628141
13,1991,1,3,0.01613156
14,1991,1,3,0.01602716
15,1991,1,3,0.0159345
16,1991,1,3,0.01589227
1,1992,1,3,0.008601679
2,1992,1,3,0.04264184
3,1992,1,3,0.05392769
4,1992,1,3,0.04789578
5,1992,1,3,0.03741008
6,1992,1,3,0.03095164
7,1992,1,3,0.0273391
8,1992,1,3,0.02526221
9,1992,1,3,0.02411414
10,1992,1,3,0.02332526
11,1992,1,3,0.02288016
12,1992,1,3,0.02259723
13,1992,1,3,0.02238712
14,1992,1,3,0.02224056
15,1992,1,3,0.02211062
16,1992,1,3,0.02205066
1,1993,1,3,0.01281588
2,1993,1,3,0.06366565
3,1993,1,3,0.08046328
4,1993,1,3,0.07146835
5,1993,1,3,0.05582996
6,1993,1,3,0.04619415
7,1993,1,3,0.04080166
8,1993,1,3,0.03769979
9,1993,1,3,0.03598376
10,1993,1,3,0.03480401
11,1993,1,3,0.03413754
12,1993,1,3,0.03371335
13,1993,1,3,0.03339835
14,1993,1,3,0.03317852
15,1993,1,3,0.03298369
16,1993,1,3,0.03289328
1,1994,1,3,0.009006302
2,1994,1,3,0.0447294
3,1994,1,3,0.05653536
4,1994,1,3,0.05021488
5,1994,1,3,0.0392264
6,1994,1,3,0.032456
7,1994,1,3,0.02866732
8,1994,1,3,0.02648813
9,1994,1,3,0.02528267
10,1994,1,3,0.02445398
11,1994,1,3,0.02398591
12,1994,1,3,0.02368804
13,1994,1,3,0.02346684
14,1994,1,3,0.02331248
15,1994,1,3,0.02317567
16,1994,1,3,0.02311223
1,1995,1,3,0.01142496
2,1995,1,3,0.05675597
3,1995,1,3,0.07173054
4,1995,1,3,0.06371183
5,1995,1,3,0.04977069
6,1995,1,3,0.04118066
7,1995,1,3,0.03637342
8,1995,1,3,0.0336082
9,1995,1,3,0.03207841
10,1995,1,3,0.0310267
11,1995,1,3,0.03043256
12,1995,1,3,0.03005441
13,1995,1,3,0.0297736
14,1995,1,3,0.02957762
15,1995,1,3,0.02940394
16,1995,1,3,0.02932335
1,1996,1,3,0.007715683
2,1996,1,3,0.03832932
3,1996,1,3,0.04844218
4,1996,1,3,0.04302686
5,1996,1,3,0.03361191
6,1996,1,3,0.02781076
7,1996,1,3,0.02456426
8,1996,1,3,0.02269681
9,1996,1,3,0.02166369
10,1996,1,3,0.02095343
11,1996,1,3,0.02055219
12,1996,1,3,0.02029681
13,1996,1,3,0.02010717
14,1996,1,3,0.01997482
15,1996,1,3,0.01985752
16,1996,1,3,0.0198031
1,1997,1,3,0.009865309
2,1997,1,3,0.04900805
3,1997,1,3,0.0619384
4,1997,1,3,0.05501435
5,1997,1,3,0.04297635
6,1997,1,3,0.03555897
7,1997,1,3,0.03140798
8,1997,1,3,0.02902025
9,1997,1,3,0.02769929
10,1997,1,3,0.02679116
11,1997,1,3,0.02627813
12,1997,1,3,0.0259516
13,1997,1,3,0.02570912
14,1997,1,3,0.0255399
15,1997,1,3,0.02538992
16,1997,1,3,0.02532033
1,1998,1,3,0.009176476
2,1998,1,3,0.04557713
3,1998,1,3,0.05760582
4,1998,1,3,0.05116577
5,1998,1,3,0.03996936
6,1998,1,3,0.03307078
7,1998,1,3,0.02921032
8,1998,1,3,0.02698981
9,1998,1,3,0.02576146
10,1998,1,3,0.02491703
11,1998,1,3,0.02444005
12,1998,1,3,0.0241365
13,1998,1,3,0.02391109
14,1998,1,3,0.02375378
15,1998,1,3,0.02361436
16,1998,1,3,0.0235497
1,1999,1,3,0.005986633
2,1999,1,3,0.02973989
3,1999,1,3,0.0375865
4,1999,1,3,0.03338473
5,1999,1,3,0.02607963
6,1999,1,3,0.02157849
7,1999,1,3,0.01905952
8,1999,1,3,0.01761056
9,1999,1,3,0.01680895
10,1999,1,3,0.01625786
11,1999,1,3,0.01594653
12,1999,1,3,0.01574839
13,1999,1,3,0.01560124
14,1999,1,3,0.01549855
15,1999,1,3,0.01540754
16,1999,1,3,0.01536531
1,2000,1,3,0.006909185
2,2000,1,3,0.03432287
3,2000,1,3,0.04337866
4,2000,1,3,0.03852939
5,2000,1,3,0.03009856
6,2000,1,3,0.02490378
7,2000,1,3,0.02199663
8,2000,1,3,0.02032438
9,2000,1,3,0.01939925
10,2000,1,3,0.01876323
11,2000,1,3,0.01840393
12,2000,1,3,0.01817524
13,2000,1,3,0.01800543
14,2000,1,3,0.01788691
15,2000,1,3,0.01778187
16,2000,1,3,0.01773314
1,2001,1,3,0.005313508
2,2001,1,3,0.02638776
3,2001,1,3,0.0333532
4,2001,1,3,0.02962436
5,2001,1,3,0.02314159
6,2001,1,3,0.01914737
7,2001,1,3,0.01691225
8,2001,1,3,0.01562667
9,2001,1,3,0.01491554
10,2001,1,3,0.01442668
11,2001,1,3,0.01415057
12,2001,1,3,0.01397486
13,2001,1,3,0.01384439
14,2001,1,3,0.01375333
15,2001,1,3,0.01367263
16,2001,1,3,0.01363522
1,2002,1,3,0.01597689
2,2002,1,3,0.07933562
3,2002,1,3,0.1002807
4,2002,1,3,0.08906914
5,2002,1,3,0.06957743
6,2002,1,3,0.05756826
7,2002,1,3,0.05084824
8,2002,1,3,0.04698316
9,2002,1,3,0.04484524
10,2002,1,3,0.0433756
11,2002,1,3,0.04254557
12,2002,1,3,0.04201742
13,2002,1,3,0.04162521
14,2002,1,3,0.04135152
15,2002,1,3,0.04110894
16,2002,1,3,0.04099651
1,2003,1,3,0.02246087
2,2003,1,3,0.1115792
3,2003,1,3,0.1410184
4,2003,1,3,0.1252541
5,2003,1,3,0.09784653
6,2003,1,3,0.08095898
7,2003,1,3,0.07150822
8,2003,1,3,0.06607194
9,2003,1,3,0.06306445
10,2003,1,3,0.06099685
11,2003,1,3,0.0598288
12,2003,1,3,0.05908538
13,2003,1,3,0.05853332
14,2003,1,3,0.05814804
15,2003,1,3,0.05780658
16,2003,1,3,0.05764814
1,2004,1,3,0.01287052
2,2004,1,3,0.06373518
3,2004,1,3,0.08063107
4,2004,1,3,0.07160971
5,2004,1,3,0.05592821
6,2004,1,3,0.04627147
7,2004,1,3,0.04087134
8,2004,1,3,0.03776761
9,2004,1,3,0.03605263
10,2004,1,3,0.03487453
11,2004,1,3,0.03421026
12,2004,1,3,0.03378828
13,2004,1,3,0.03347491
14,2004,1,3,0.0332564
15,2004,1,3,0.0330626
16,2004,1,3,0.03297345
1,2005,1,3,0.01275075
2,2005,1,3,0.06323768
3,2005,1,3,0.07996373
4,2005,1,3,0.07102067
5,2005,1,3,0.05547394
6,2005,1,3,0.04589752
7,2005,1,3,0.04054038
8,2005,1,3,0.03746015
9,2005,1,3,0.03575716
10,2005,1,3,0.03458687
11,2005,1,3,0.03392639
12,2005,1,3,0.03350644
13,2005,1,3,0.03319457
14,2005,1,3,0.03297702
15,2005,1,3,0.03278415
16,2005,1,3,0.03269505
1,2006,1,3,0.01160548
2,2006,1,3,0.05753001
3,2006,1,3,0.07275738
4,2006,1,3,0.06461922
5,2006,1,3,0.05047213
6,2006,1,3,0.04175862
7,2006,1,3,0.03688476
8,2006,1,3,0.03408275
9,2006,1,3,0.03253388
10,2006,1,3,0.03146961
11,2006,1,3,0.03086915
12,2006,1,3,0.03048747
13,2006,1,3,0.03020402
14,2006,1,3,0.03000632
15,2006,1,3,0.02983103
16,2006,1,3,0.02975016
1,2007,1,3,0.008311515
2,2007,1,3,0.04115119
3,2007,1,3,0.05206322
4,2007,1,3,0.04623786
5,2007,1,3,0.03611197
6,2007,1,3,0.02987661
7,2007,1,3,0.0263899
8,2007,1,3,0.02438601
9,2007,1,3,0.02327883
10,2007,1,3,0.02251829
11,2007,1,3,0.02208951
12,2007,1,3,0.02181716
13,2007,1,3,0.0216149
14,2007,1,3,0.02147388
15,2007,1,3,0.0213488
16,2007,1,3,0.02129129
1,2008,1,3,0.007309986
2,2008,1,3,0.03611476
3,2008,1,3,0.04572216
4,2008,1,3,0.04060334
5,2008,1,3,0.03170669
6,2008,1,3,0.02623045
7,2008,1,3,0.02316979
8,2008,1,3,0.02141174
9,2008,1,3,0.0204412
10,2008,1,3,0.01977488
11,2008,1,3,0.01939971
12,2008,1,3,0.01916172
13,2008,1,3,0.01898498
14,2008,1,3,0.01886182
15,2008,1,3,0.01875253
16,2008,1,3,0.01870258
1,2009,1,3,0.01683212
2,2009,1,3,0.08345542
3,2009,1,3,0.1055384
4,2009,1,3,0.09373423
5,2009,1,3,0.07321396
6,2009,1,3,0.06057463
7,2009,1,3,0.05350453
8,2009,1,3,0.04943971
9,2009,1,3,0.04719261
10,2009,1,3,0.04564851
11,2009,1,3,0.04477722
12,2009,1,3,0.04422331
13,2009,1,3,0.04381198
14,2009,1,3,0.04352506
15,2009,1,3,0.04327067
16,2009,1,3,0.04315325
1,2010,1,3,0.01409582
2,2010,1,3,0.07001723
3,2010,1,3,0.08849336
4,2010,1,3,0.0786005
5,2010,1,3,0.06140107
6,2010,1,3,0.05080359
7,2010,1,3,0.04487307
8,2010,1,3,0.04146179
9,2010,1,3,0.03957466
10,2010,1,3,0.03827731
11,2010,1,3,0.03754445
12,2010,1,3,0.03707803
13,2010,1,3,0.03673168
14,2010,1,3,0.03648996
15,2010,1,3,0.03627573
16,2010,1,3,0.03617636
1,2011,1,3,0.01354621
2,2011,1,3,0.06715526
3,2011,1,3,0.08492839
4,2011,1,3,0.07542905
5,2011,1,3,0.05891565
6,2011,1,3,0.04874455
7,2011,1,3,0.04305529
8,2011,1,3,0.03978445
9,2011,1,3,0.03797636
10,2011,1,3,0.03673397
11,2011,1,3,0.03603297
12,2011,1,3,0.03558737
13,2011,1,3,0.03525645
14,2011,1,3,0.03502564
15,2011,1,3,0.03482098
16,2011,1,3,0.03472655
1,2012,1,3,0.01158066
2,2012,1,3,0.05750238
3,2012,1,3,0.07268458
4,2012,1,3,0.0645582
5,2012,1,3,0.05043022
6,2012,1,3,0.04172583
7,2012,1,3,0.03685514
8,2012,1,3,0.03405376
9,2012,1,3,0.03250424
10,2012,1,3,0.03143909
11,2012,1,3,0.03083753
12,2012,1,3,0.03045477
13,2012,1,3,0.03017053
14,2012,1,3,0.02997218
15,2012,1,3,0.02979638
16,2012,1,3,0.02971491
1,2013,1,3,0.01455179
2,2013,1,3,0.07228524
3,2013,1,3,0.09135863
4,2013,1,3,0.08114557
5,2013,1,3,0.06338941
6,2013,1,3,0.05244882
7,2013,1,3,0.04632622
8,2013,1,3,0.04280442
9,2013,1,3,0.04085611
10,2013,1,3,0.0395167
11,2013,1,3,0.03876005
12,2013,1,3,0.03827848
13,2013,1,3,0.03792088
14,2013,1,3,0.03767131
15,2013,1,3,0.03745013
16,2013,1,3,0.03734751
1,2014,1,3,0.01354828
2,2014,1,3,0.06730401
3,2014,1,3,0.08506159
4,2014,1,3,0.07555262
5,2014,1,3,0.05902053
6,2014,1,3,0.04883404
7,2014,1,3,0.04313339
8,2014,1,3,0.03985425
9,2014,1,3,0.03804015
10,2014,1,3,0.03679298
11,2014,1,3,0.03608843
12,2014,1,3,0.03564
13,2014,1,3,0.035307
14,2014,1,3,0.0350746
15,2014,1,3,0.03486863
16,2014,1,3,0.03477307
1,2015,1,3,0.01972472
2,2015,1,3,0.09797678
3,2015,1,3,0.1238311
4,2015,1,3,0.1099877
5,2015,1,3,0.08592007
6,2015,1,3,0.07109074
7,2015,1,3,0.06279201
8,2015,1,3,0.05801854
9,2015,1,3,0.05537783
10,2015,1,3,0.05356243
11,2015,1,3,0.05253693
12,2015,1,3,0.05188427
13,2015,1,3,0.05139961
14,2015,1,3,0.05106137
15,2015,1,3,0.05076161
16,2015,1,3,0.05062255
1,2016,1,3,0.02379274
2,2016,1,3,0.1181917
3,2016,1,3,0.1493771
4,2016,1,3,0.1326782
5,2016,1,3,0.1036459
6,2016,1,3,0.08575735
7,2016,1,3,0.07574647
8,2016,1,3,0.06998805
9,2016,1,3,0.06680238
10,2016,1,3,0.06461231
11,2016,1,3,0.06337509
12,2016,1,3,0.06258766
13,2016,1,3,0.06200293
14,2016,1,3,0.06159484
15,2016,1,3,0.06123318
16,2016,1,3,0.06106538
1,2017,1,3,0.01475467
2,2017,1,3,0.07268962
3,2017,1,3,0.09210858
4,2017,1,3,0.08178873
5,2017,1,3,0.06385547
6,2017,1,3,0.05282258
7,2017,1,3,0.04666047
8,2017,1,3,0.04312354
9,2017,1,3,0.04117309
10,2017,1,3,0.03983496
11,2017,1,3,0.03908283
12,2017,1,3,0.03860656
13,2017,1,3,0.03825282
14,2017,1,3,0.03800653
15,2017,1,3,0.03778784
16,2017,1,3,0.0376887
1,2018,1,3,0.01255155
2,2018,1,3,0.06235062
3,2018,1,3,0.07880205
4,2018,1,3,0.06999276
5,2018,1,3,0.05467713
6,2018,1,3,0.04524025
7,2018,1,3,0.03995913
8,2018,1,3,0.03692134
9,2018,1,3,0.03524078
10,2018,1,3,0.03408543
11,2018,1,3,0.03343275
12,2018,1,3,0.03301735
13,2018,1,3,0.03270888
14,2018,1,3,0.0324936
15,2018,1,3,0.03230281
16,2018,1,3,0.03221429
1,2019,1,3,0.008480036
2,2019,1,3,0.04155219
3,2019,1,3,0.05274267
4,2019,1,3,0.04682477
5,2019,1,3,0.03654417
6,2019,1,3,0.03022565
7,2019,1,3,0.02670117
8,2019,1,3,0.02468104
9,2019,1,3,0.02356938
10,2019,1,3,0.02280776
11,2019,1,3,0.02238111
12,2019,1,3,0.02211186
13,2019,1,3,0.02191186
14,2019,1,3,0.02177283
15,2019,1,3,0.02164921
16,2019,1,3,0.02159407
1,2020,1,3,0.004304443
2,2020,1,3,0.02098592
3,2020,1,3,0.02668015
4,2020,1,3,0.02368248
5,2020,1,3,0.01847644
6,2020,1,3,0.01527974
7,2020,1,3,0.01349877
8,2020,1,3,0.01247932
9,2020,1,3,0.01191943
10,2020,1,3,0.01153634
11,2020,1,3,0.01132242
12,2020,1,3,0.01118785
13,2020,1,3,0.01108788
14,2020,1,3,0.0110185
15,2020,1,3,0.01095673
16,2020,1,3,0.0109296
1,2021,1,3,0.006316485
2,2021,1,3,0.03135898
3,2021,1,3,0.0396405
4,2021,1,3,0.03520837
5,2021,1,3,0.02750306
6,2021,1,3,0.02275586
7,2021,1,3,0.02009958
8,2021,1,3,0.01857188
9,2021,1,3,0.01772692
10,2021,1,3,0.01714611
11,2021,1,3,0.01681812
12,2021,1,3,0.01660944
13,2021,1,3,0.01645448
14,2021,1,3,0.01634634
15,2021,1,3,0.0162505
16,2021,1,3,0.0162061
1,2022,1,3,0.006553354
2,2022,1,3,0.0325552
3,2022,1,3,0.04114461
4,2022,1,3,0.03654508
5,2022,1,3,0.02854845
6,2022,1,3,0.02362121
7,2022,1,3,0.02086378
8,2022,1,3,0.01927765
9,2022,1,3,0.01840016
10,2022,1,3,0.0177969
11,2022,1,3,0.0174561
12,2022,1,3,0.0172392
13,2022,1,3,0.01707813
14,2022,1,3,0.01696571
15,2022,1,3,0.01686609
16,2022,1,3,0.01681986
1,2023,1,3,0.005893859
2,2023,1,3,0.02927711
3,2023,1,3,0.03700238
4,2023,1,3,0.03286584
5,2023,1,3,0.02567416
6,2023,1,3,0.02124297
7,2023,1,3,0.01876318
8,2023,1,3,0.01733677
9,2023,1,3,0.01654767
10,2023,1,3,0.01600518
11,2023,1,3,0.01569873
12,2023,1,3,0.01550369
13,2023,1,3,0.01535885
14,2023,1,3,0.01525777
15,2023,1,3,0.01516819
16,2023,1,3,0.01512663
1,2024,1,3,0.00902736
2,2024,1,3,0.0428114
3,2024,1,3,0.05491193
4,2024,1,3,0.04869601
5,2024,1,3,0.03791799
6,2024,1,3,0.03133366
7,2024,1,3,0.0276898
8,2024,1,3,0.02561939
9,2024,1,3,0.02449496
10,2024,1,3,0.02373125
11,2024,1,3,0.02331259
12,2024,1,3,0.02305426
13,2024,1,3,0.02286223
14,2024,1,3,0.02273017
15,2024,1,3,0.02261172
16,2024,1,3,0.02256458
1,1972,2,3,0.005476283
2,1972,2,3,0.02720462
3,1972,2,3,0.03438232
4,1972,2,3,0.03053874
5,1972,2,3,0.02385639
6,1972,2,3,0.01973896
7,1972,2,3,0.01743473
8,1972,2,3,0.01610929
9,1972,2,3,0.01537602
10,1972,2,3,0.01487191
11,1972,2,3,0.01458712
12,1972,2,3,0.01440586
13,1972,2,3,0.01427126
14,1972,2,3,0.01417733
15,1972,2,3,0.01409408
16,1972,2,3,0.01405545
1,1973,2,3,0.003608792
2,1973,2,3,0.01792745
3,1973,2,3,0.02265745
4,1973,2,3,0.02012459
5,1973,2,3,0.01572102
6,1973,2,3,0.01300769
7,1973,2,3,0.01148924
8,1973,2,3,0.01061579
9,1973,2,3,0.01013258
10,1973,2,3,0.009800373
11,1973,2,3,0.009612703
12,1973,2,3,0.009493257
13,1973,2,3,0.009404559
14,1973,2,3,0.009342655
15,1973,2,3,0.009287793
16,1973,2,3,0.009262337
1,1974,2,3,0.002649656
2,1974,2,3,0.01315937
3,1974,2,3,0.01663269
4,1974,2,3,0.01477321
5,1974,2,3,0.01154039
6,1974,2,3,0.009548546
7,1974,2,3,0.008433917
8,1974,2,3,0.007792801
9,1974,2,3,0.007438155
10,1974,2,3,0.007194356
11,1974,2,3,0.007056648
12,1974,2,3,0.006969016
13,1974,2,3,0.00690394
14,1974,2,3,0.006858527
15,1974,2,3,0.006818277
16,1974,2,3,0.006799614
1,1975,2,3,0.005311167
2,1975,2,3,0.0263705
3,1975,2,3,0.03333362
4,1975,2,3,0.02960675
5,1975,2,3,0.0231275
6,1975,2,3,0.0191356
7,1975,2,3,0.0169019
8,1975,2,3,0.0156172
9,1975,2,3,0.01490661
10,1975,2,3,0.01441816
11,1975,2,3,0.0141423
12,1975,2,3,0.01396679
13,1975,2,3,0.01383645
14,1975,2,3,0.0137455
15,1975,2,3,0.01366489
16,1975,2,3,0.01362754
1,1976,2,3,0.003667814
2,1976,2,3,0.01822066
3,1976,2,3,0.02302802
4,1976,2,3,0.02045373
5,1976,2,3,0.01597814
6,1976,2,3,0.01322044
7,1976,2,3,0.01167714
8,1976,2,3,0.01078941
9,1976,2,3,0.01029829
10,1976,2,3,0.00996066
11,1976,2,3,0.00976992
12,1976,2,3,0.009648521
13,1976,2,3,0.009558371
14,1976,2,3,0.009495455
15,1976,2,3,0.009439696
16,1976,2,3,0.009413824
1,1977,2,3,0.006582911
2,1977,2,3,0.03270203
3,1977,2,3,0.04133018
4,1977,2,3,0.03670991
5,1977,2,3,0.0286772
6,1977,2,3,0.02372774
7,1977,2,3,0.02095788
8,1977,2,3,0.0193646
9,1977,2,3,0.01848315
10,1977,2,3,0.01787717
11,1977,2,3,0.01753483
12,1977,2,3,0.01731695
13,1977,2,3,0.01715515
14,1977,2,3,0.01704223
15,1977,2,3,0.01694216
16,1977,2,3,0.01689572
1,1978,2,3,0.004819263
2,1978,2,3,0.02394073
3,1978,2,3,0.03025728
4,1978,2,3,0.02687485
5,1978,2,3,0.02099421
6,1978,2,3,0.01737077
7,1978,2,3,0.01534299
8,1978,2,3,0.01417657
9,1978,2,3,0.01353127
10,1978,2,3,0.01308764
11,1978,2,3,0.01283702
12,1978,2,3,0.01267751
13,1978,2,3,0.01255906
14,1978,2,3,0.0124764
15,1978,2,3,0.01240313
16,1978,2,3,0.01236914
1,1979,2,3,0.004694877
2,1979,2,3,0.02332282
3,1979,2,3,0.02947634
4,1979,2,3,0.0261812
5,1979,2,3,0.02045234
6,1979,2,3,0.01692243
7,1979,2,3,0.01494699
8,1979,2,3,0.01381067
9,1979,2,3,0.01318203
10,1979,2,3,0.01274985
11,1979,2,3,0.0125057
12,1979,2,3,0.0123503
13,1979,2,3,0.01223491
14,1979,2,3,0.01215438
15,1979,2,3,0.01208301
16,1979,2,3,0.01204989
1,1980,2,3,0.003782139
2,1980,2,3,0.0187506
3,1980,2,3,0.02371282
4,1980,2,3,0.02106054
5,1980,2,3,0.01644987
6,1980,2,3,0.01361001
7,1980,2,3,0.0120215
8,1980,2,3,0.01110823
9,1980,2,3,0.01060338
10,1980,2,3,0.01025648
11,1980,2,3,0.01006075
12,1980,2,3,0.009936318
13,1980,2,3,0.009843916
14,1980,2,3,0.009779465
15,1980,2,3,0.009722319
16,1980,2,3,0.009695949
1,1981,2,3,0.00940556
2,1981,2,3,0.0464487
3,1981,2,3,0.05881282
4,1981,2,3,0.0522277
5,1981,2,3,0.04078286
6,1981,2,3,0.03373865
7,1981,2,3,0.02980204
8,1981,2,3,0.02754109
9,1981,2,3,0.02629311
10,1981,2,3,0.02543641
11,1981,2,3,0.02495416
12,1981,2,3,0.02464833
13,1981,2,3,0.0244212
14,1981,2,3,0.02426295
15,1981,2,3,0.02412251
16,1981,2,3,0.0240584
1,1982,2,3,0.004810483
2,1982,2,3,0.02372879
3,1982,2,3,0.03005605
4,1982,2,3,0.0266897
5,1982,2,3,0.02083944
6,1982,2,3,0.0172394
7,1982,2,3,0.01522811
8,1982,2,3,0.01407329
9,1982,2,3,0.01343614
10,1982,2,3,0.01299889
11,1982,2,3,0.01275293
12,1982,2,3,0.01259706
13,1982,2,3,0.0124813
14,1982,2,3,0.01240067
15,1982,2,3,0.01232909
16,1982,2,3,0.01229653
1,1983,2,3,0.009027324
2,1983,2,3,0.044475
3,1983,2,3,0.05635587
4,1983,2,3,0.05004181
5,1983,2,3,0.03906957
6,1983,2,3,0.03231919
7,1983,2,3,0.02854893
8,1983,2,3,0.02638486
9,1983,2,3,0.02519145
10,1983,2,3,0.0243727
11,1983,2,3,0.0239125
12,1983,2,3,0.02362107
13,1983,2,3,0.02340462
14,1983,2,3,0.02325392
15,1983,2,3,0.0231201
16,1983,2,3,0.02305943
1,1984,2,3,0.005625788
2,1984,2,3,0.02709506
3,1984,2,3,0.03458121
4,1984,2,3,0.03068299
5,1984,2,3,0.02391771
6,1984,2,3,0.01977295
7,1984,2,3,0.01747056
8,1984,2,3,0.01615692
9,1984,2,3,0.01543897
10,1984,2,3,0.01494929
11,1984,2,3,0.01467801
12,1984,2,3,0.01450876
13,1984,2,3,0.01438299
14,1984,2,3,0.01429604
15,1984,2,3,0.01421839
16,1984,2,3,0.01418563
1,1985,2,3,0.005590939
2,1985,2,3,0.02744765
3,1985,2,3,0.03481873
4,1985,2,3,0.03091395
5,1985,2,3,0.02412982
6,1985,2,3,0.01995878
7,1985,2,3,0.01763111
8,1985,2,3,0.01629631
9,1985,2,3,0.01556122
10,1985,2,3,0.01505736
11,1985,2,3,0.01477477
12,1985,2,3,0.01459621
13,1985,2,3,0.01446359
14,1985,2,3,0.01437134
15,1985,2,3,0.01428936
16,1985,2,3,0.01425258
1,1986,2,3,0.0130801
2,1986,2,3,0.05711181
3,1986,2,3,0.07529403
4,1986,2,3,0.0665778
5,1986,2,3,0.05153547
6,1986,2,3,0.04248625
7,1986,2,3,0.03758027
8,1986,2,3,0.03485736
9,1986,2,3,0.03343207
10,1986,2,3,0.03248825
11,1986,2,3,0.0320045
12,1986,2,3,0.03172805
13,1986,2,3,0.03152199
14,1986,2,3,0.03138576
15,1986,2,3,0.03125957
16,1986,2,3,0.03123127
1,1987,2,3,0.005911575
2,1987,2,3,0.02812294
3,1987,2,3,0.03603538
4,1987,2,3,0.0319597
5,1987,2,3,0.02489145
6,1987,2,3,0.02057093
7,1987,2,3,0.01817806
8,1987,2,3,0.01681731
9,1987,2,3,0.01607733
10,1987,2,3,0.01557431
11,1987,2,3,0.01529796
12,1987,2,3,0.01512704
13,1987,2,3,0.015
14,1987,2,3,0.01491253
15,1987,2,3,0.01483415
16,1987,2,3,0.01480257
1,1988,2,3,0.009268942
2,1988,2,3,0.04331598
3,1988,2,3,0.05582495
4,1988,2,3,0.04948051
5,1988,2,3,0.03848891
6,1988,2,3,0.03179238
7,1988,2,3,0.02809971
8,1988,2,3,0.02601
9,1988,2,3,0.02488206
10,1988,2,3,0.02411912
11,1988,2,3,0.02370527
12,1988,2,3,0.02345278
13,1988,2,3,0.02326501
14,1988,2,3,0.0231366
15,1988,2,3,0.0230209
16,1988,2,3,0.02297771
1,1989,2,3,0.008820395
2,1989,2,3,0.0412765
3,1989,2,3,0.05317265
4,1989,2,3,0.04713189
5,1989,2,3,0.03666558
6,1989,2,3,0.03028745
7,1989,2,3,0.02676917
8,1989,2,3,0.0247774
9,1989,2,3,0.02370169
10,1989,2,3,0.02297379
11,1989,2,3,0.02257855
12,1989,2,3,0.02233715
13,1989,2,3,0.02215764
14,1989,2,3,0.02203481
15,1989,2,3,0.02192419
16,1989,2,3,0.02188263
1,1990,2,3,0.01762439
2,1990,2,3,0.08252108
3,1990,2,3,0.1062853
4,1990,2,3,0.0942124
5,1990,2,3,0.07329401
6,1990,2,3,0.06054515
7,1990,2,3,0.05351172
8,1990,2,3,0.04952935
9,1990,2,3,0.04737807
10,1990,2,3,0.04592215
11,1990,2,3,0.04513129
12,1990,2,3,0.04464804
13,1990,2,3,0.04428869
14,1990,2,3,0.04404276
15,1990,2,3,0.0438213
16,1990,2,3,0.0437379
1,1991,2,3,0.01161303
2,1991,2,3,0.04636756
3,1991,2,3,0.06308311
4,1991,2,3,0.05560048
5,1991,2,3,0.04275187
6,1991,2,3,0.03515071
7,1991,2,3,0.03112462
8,1991,2,3,0.02895139
9,1991,2,3,0.02786583
10,1991,2,3,0.02717139
11,1991,2,3,0.02685026
12,1991,2,3,0.02669113
13,1991,2,3,0.02657183
14,1991,2,3,0.0264995
15,1991,2,3,0.02642754
16,1991,2,3,0.02643769
1,1992,2,3,0.01256937
2,1992,2,3,0.06056143
3,1992,2,3,0.07728404
4,1992,2,3,0.06857304
5,1992,2,3,0.05345491
6,1992,2,3,0.04419207
7,1992,2,3,0.03904612
8,1992,2,3,0.03610974
9,1992,2,3,0.03450464
10,1992,2,3,0.03340977
11,1992,2,3,0.03280306
12,1992,2,3,0.03242442
13,1992,2,3,0.03214307
14,1992,2,3,0.03194852
15,1992,2,3,0.0317748
16,1992,2,3,0.03170142
1,1993,2,3,0.01445016
2,1993,2,3,0.06887888
3,1993,2,3,0.08820204
4,1993,2,3,0.0782315
5,1993,2,3,0.06093813
6,1993,2,3,0.05036359
7,1993,2,3,0.0445042
8,1993,2,3,0.04117037
9,1993,2,3,0.03935596
10,1993,2,3,0.03812189
11,1993,2,3,0.03744299
12,1993,2,3,0.03702251
13,1993,2,3,0.03670997
14,1993,2,3,0.03649466
15,1993,2,3,0.03630182
16,1993,2,3,0.03622351
1,1994,2,3,0.008076357
2,1994,2,3,0.03920884
3,1994,2,3,0.04991484
4,1994,2,3,0.0443002
5,1994,2,3,0.03455165
6,1994,2,3,0.02857038
7,1994,2,3,0.02524143
8,1994,2,3,0.02333804
9,1994,2,3,0.02229445
10,1994,2,3,0.02158117
11,1994,2,3,0.02118395
12,1994,2,3,0.02093478
13,1994,2,3,0.02074966
14,1994,2,3,0.02062134
15,1994,2,3,0.02050699
16,1994,2,3,0.02045744
1,1995,2,3,0.0142779
2,1995,2,3,0.06350258
3,1995,2,3,0.08319662
4,1995,2,3,0.07361372
5,1995,2,3,0.05705836
6,1995,2,3,0.04706459
7,1995,2,3,0.04162115
8,1995,2,3,0.03858354
9,1995,2,3,0.0369796
10,1995,2,3,0.03591094
11,1995,2,3,0.03535391
12,1995,2,3,0.03502905
13,1995,2,3,0.03478708
14,1995,2,3,0.03462538
15,1995,2,3,0.03447691
16,1995,2,3,0.03443658
1,1996,2,3,0.01529232
2,1996,2,3,0.06722436
3,1996,2,3,0.0884219
4,1996,2,3,0.07820475
5,1996,2,3,0.06056541
6,1996,2,3,0.04994045
7,1996,2,3,0.04417028
8,1996,2,3,0.04096133
9,1996,2,3,0.03927619
10,1996,2,3,0.03815774
11,1996,2,3,0.03758086
12,1996,2,3,0.03724864
13,1996,2,3,0.03700107
14,1996,2,3,0.03683673
15,1996,2,3,0.03668501
16,1996,2,3,0.03664823
1,1997,2,3,0.005085872
2,1997,2,3,0.02381976
3,1997,2,3,0.03067653
4,1997,2,3,0.02719225
5,1997,2,3,0.02115506
6,1997,2,3,0.01747545
7,1997,2,3,0.01544531
8,1997,2,3,0.01429574
9,1997,2,3,0.01367467
10,1997,2,3,0.01325432
11,1997,2,3,0.01302593
12,1997,2,3,0.01288635
13,1997,2,3,0.01278256
14,1997,2,3,0.01271151
15,1997,2,3,0.01264755
16,1997,2,3,0.01262342
1,1998,2,3,0.003450982
2,1998,2,3,0.01710127
3,1998,2,3,0.02163001
4,1998,2,3,0.0192104
5,1998,2,3,0.01500432
6,1998,2,3,0.01241386
7,1998,2,3,0.01096501
8,1998,2,3,0.01013214
9,1998,2,3,0.009671806
10,1998,2,3,0.009355528
11,1998,2,3,0.009177119
12,1998,2,3,0.009063736
13,1998,2,3,0.008979536
14,1998,2,3,0.008920812
15,1998,2,3,0.00886874
16,1998,2,3,0.00884474
1,1999,2,3,0.002929641
2,1999,2,3,0.01446532
3,1999,2,3,0.01831682
4,1999,2,3,0.01626584
5,1999,2,3,0.0127013
6,1999,2,3,0.01050742
7,1999,2,3,0.009281434
8,1999,2,3,0.008577335
9,1999,2,3,0.00818872
10,1999,2,3,0.007921957
11,1999,2,3,0.007771811
12,1999,2,3,0.007676601
13,1999,2,3,0.00760589
14,1999,2,3,0.007556626
15,1999,2,3,0.007512905
16,1999,2,3,0.007492957
1,2000,2,3,0.004739909
2,2000,2,3,0.02349742
3,2000,2,3,0.02971644
4,2000,2,3,0.0263926
5,2000,2,3,0.02061452
6,2000,2,3,0.01705565
7,2000,2,3,0.01506499
8,2000,2,3,0.01392054
9,2000,2,3,0.01328791
10,2000,2,3,0.01285321
11,2000,2,3,0.01260794
12,2000,2,3,0.01245203
13,2000,2,3,0.01233625
14,2000,2,3,0.0122555
15,2000,2,3,0.01218389
16,2000,2,3,0.01215086
1,2001,2,3,0.004867201
2,2001,2,3,0.0240786
3,2001,2,3,0.03047122
4,2001,2,3,0.02706105
5,2001,2,3,0.02113363
6,2001,2,3,0.01748416
7,2001,2,3,0.01544382
8,2001,2,3,0.01427144
9,2001,2,3,0.01362389
10,2001,2,3,0.01317916
11,2001,2,3,0.01292855
12,2001,2,3,0.01276945
13,2001,2,3,0.01265129
14,2001,2,3,0.01256893
15,2001,2,3,0.01249586
16,2001,2,3,0.01246234
1,2002,2,3,0.006433062
2,2002,2,3,0.03195762
3,2002,2,3,0.04038936
4,2002,2,3,0.03587427
5,2002,2,3,0.02802442
6,2002,2,3,0.02318762
7,2002,2,3,0.02048081
8,2002,2,3,0.01892379
9,2002,2,3,0.01806241
10,2002,2,3,0.01747023
11,2002,2,3,0.01713568
12,2002,2,3,0.01692276
13,2002,2,3,0.01676464
14,2002,2,3,0.01665429
15,2002,2,3,0.0165565
16,2002,2,3,0.01651112
1,2003,2,3,0.005868882
2,2003,2,3,0.02730219
3,2003,2,3,0.03523901
4,2003,2,3,0.03122921
5,2003,2,3,0.02428411
6,2003,2,3,0.02005645
7,2003,2,3,0.0177278
8,2003,2,3,0.01641165
9,2003,2,3,0.01570262
10,2003,2,3,0.01522366
11,2003,2,3,0.01496473
12,2003,2,3,0.01480734
13,2003,2,3,0.01469028
14,2003,2,3,0.01461036
15,2003,2,3,0.01453826
16,2003,2,3,0.01451192
1,2004,2,3,0.004107543
2,2004,2,3,0.01806494
3,2004,2,3,0.02375753
4,2004,2,3,0.02101269
5,2004,2,3,0.01627376
6,2004,2,3,0.01341904
7,2004,2,3,0.01186853
8,2004,2,3,0.01100613
9,2004,2,3,0.01055315
10,2004,2,3,0.01025246
11,2004,2,3,0.0100973
12,2004,2,3,0.01000789
13,2004,2,3,0.009941275
14,2004,2,3,0.009897038
15,2004,2,3,0.009856209
16,2004,2,3,0.009846262
1,2005,2,3,0.006261051
2,2005,2,3,0.02962735
3,2005,2,3,0.03802843
4,2005,2,3,0.03372113
5,2005,2,3,0.02625349
6,2005,2,3,0.02169334
7,2005,2,3,0.01917103
8,2005,2,3,0.01773874
9,2005,2,3,0.01696157
10,2005,2,3,0.01643404
11,2005,2,3,0.0161453
12,2005,2,3,0.01596742
13,2005,2,3,0.01583519
14,2005,2,3,0.01574433
15,2005,2,3,0.01566278
16,2005,2,3,0.01563061
1,2006,2,3,0.008709101
2,2006,2,3,0.0424455
3,2006,2,3,0.0539685
4,2006,2,3,0.04790426
5,2006,2,3,0.03737271
6,2006,2,3,0.03090638
7,2006,2,3,0.0273041
8,2006,2,3,0.02524232
9,2006,2,3,0.02411012
10,2006,2,3,0.02333551
11,2006,2,3,0.02290305
12,2006,2,3,0.02263108
13,2006,2,3,0.02242904
14,2006,2,3,0.02228883
15,2006,2,3,0.02216399
16,2006,2,3,0.02210922
1,2007,2,3,0.004447555
2,2007,2,3,0.02067869
3,2007,2,3,0.02669488
4,2007,2,3,0.02365685
5,2007,2,3,0.01839506
6,2007,2,3,0.01519239
7,2007,2,3,0.01342856
8,2007,2,3,0.0124318
9,2007,2,3,0.01189496
10,2007,2,3,0.01153238
11,2007,2,3,0.01133644
12,2007,2,3,0.01121739
13,2007,2,3,0.01112885
14,2007,2,3,0.01106842
15,2007,2,3,0.01101388
16,2007,2,3,0.01099402
1,2008,2,3,0.00895846
2,2008,2,3,0.04428403
3,2008,2,3,0.05605469
4,2008,2,3,0.04978005
5,2008,2,3,0.0388742
6,2008,2,3,0.03216051
7,2008,2,3,0.02840774
8,2008,2,3,0.02625183
9,2008,2,3,0.02506138
10,2008,2,3,0.02424397
11,2008,2,3,0.02378357
12,2008,2,3,0.02349141
13,2008,2,3,0.02327444
14,2008,2,3,0.02312322
15,2008,2,3,0.02298906
16,2008,2,3,0.02292765
1,2009,2,3,0.00666742
2,2009,2,3,0.03311418
3,2009,2,3,0.04185411
4,2009,2,3,0.03717498
5,2009,2,3,0.02904005
6,2009,2,3,0.02402781
7,2009,2,3,0.02122297
8,2009,2,3,0.01960967
9,2009,2,3,0.01871722
10,2009,2,3,0.01810372
11,2009,2,3,0.01775718
12,2009,2,3,0.01753665
13,2009,2,3,0.01737289
14,2009,2,3,0.0172586
15,2009,2,3,0.01715731
16,2009,2,3,0.01711034
1,2010,2,3,0.00611694
2,2010,2,3,0.03020238
3,2010,2,3,0.03824418
4,2010,2,3,0.03396187
5,2010,2,3,0.02651934
6,2010,2,3,0.02193868
7,2010,2,3,0.01937892
8,2010,2,3,0.01790882
9,2010,2,3,0.01709743
10,2010,2,3,0.01654046
11,2010,2,3,0.01622698
12,2010,2,3,0.01602819
13,2010,2,3,0.01588056
14,2010,2,3,0.0157777
15,2010,2,3,0.01568642
16,2010,2,3,0.01564477
1,2011,2,3,0.009502971
2,2011,2,3,0.04682718
3,2011,2,3,0.05933289
4,2011,2,3,0.05268563
5,2011,2,3,0.04113423
6,2011,2,3,0.0340273
7,2011,2,3,0.03005771
8,2011,2,3,0.02777912
9,2011,2,3,0.02652247
10,2011,2,3,0.02566029
11,2011,2,3,0.02517562
12,2011,2,3,0.02486866
13,2011,2,3,0.02464068
14,2011,2,3,0.02448194
15,2011,2,3,0.02434099
16,2011,2,3,0.02427705
1,2012,2,3,0.005682315
2,2012,2,3,0.02789874
3,2012,2,3,0.03538996
4,2012,2,3,0.03142122
5,2012,2,3,0.02452591
6,2012,2,3,0.02028646
7,2012,2,3,0.01792056
8,2012,2,3,0.0165638
9,2012,2,3,0.0158166
10,2012,2,3,0.01530442
11,2012,2,3,0.01501714
12,2012,2,3,0.01483562
13,2012,2,3,0.01470079
14,2012,2,3,0.01460701
15,2012,2,3,0.01452367
16,2012,2,3,0.01448626
1,2013,2,3,0.006140527
2,2013,2,3,0.03032457
3,2013,2,3,0.03839663
4,2013,2,3,0.03409746
5,2013,2,3,0.02662556
6,2013,2,3,0.02202667
7,2013,2,3,0.0194566
8,2013,2,3,0.01798052
9,2013,2,3,0.01716576
10,2013,2,3,0.01660645
11,2013,2,3,0.01629161
12,2013,2,3,0.01609195
13,2013,2,3,0.01594366
14,2013,2,3,0.01584034
15,2013,2,3,0.01574866
16,2013,2,3,0.0157068
1,2014,2,3,0.006954172
2,2014,2,3,0.03252241
3,2014,2,3,0.04190431
4,2014,2,3,0.03714289
5,2014,2,3,0.02889347
6,2014,2,3,0.02386691
7,2014,2,3,0.0210946
8,2014,2,3,0.01952542
9,2014,2,3,0.01867817
10,2014,2,3,0.01810497
11,2014,2,3,0.01779388
12,2014,2,3,0.01760397
13,2014,2,3,0.01746274
14,2014,2,3,0.01736613
15,2014,2,3,0.0172791
16,2014,2,3,0.01724651
1,2015,2,3,0.009371935
2,2015,2,3,0.0424928
3,2015,2,3,0.05531294
4,2015,2,3,0.04897498
5,2015,2,3,0.03801356
6,2015,2,3,0.03137284
7,2015,2,3,0.02773825
8,2015,2,3,0.02569876
9,2015,2,3,0.02461237
10,2015,2,3,0.0238841
11,2015,2,3,0.02349824
12,2015,2,3,0.02326889
13,2015,2,3,0.02309818
14,2015,2,3,0.02298296
15,2015,2,3,0.02287802
16,2015,2,3,0.02284496
1,2016,2,3,0.00693405
2,2016,2,3,0.03351396
3,2016,2,3,0.04272542
4,2016,2,3,0.03791371
5,2016,2,3,0.02956141
6,2016,2,3,0.02444102
7,2016,2,3,0.02159425
8,2016,2,3,0.01996848
9,2016,2,3,0.01907867
10,2016,2,3,0.01847121
11,2016,2,3,0.0181339
12,2016,2,3,0.01792295
13,2016,2,3,0.0177662
14,2016,2,3,0.0176577
15,2016,2,3,0.0175609
16,2016,2,3,0.01751957
1,2017,2,3,0.007824212
2,2017,2,3,0.0380089
3,2017,2,3,0.04837746
4,2017,2,3,0.04293669
5,2017,2,3,0.03348967
6,2017,2,3,0.02769272
7,2017,2,3,0.02446587
8,2017,2,3,0.02262055
9,2017,2,3,0.02160853
10,2017,2,3,0.02091672
11,2017,2,3,0.0205313
12,2017,2,3,0.02028943
13,2017,2,3,0.02010973
14,2017,2,3,0.01998515
15,2017,2,3,0.01987414
16,2017,2,3,0.01982594
1,2018,2,3,0.00846997
2,2018,2,3,0.04202215
3,2018,2,3,0.05313081
4,2018,2,3,0.04718929
5,2018,2,3,0.03686027
6,2018,2,3,0.03049741
7,2018,2,3,0.02693765
8,2018,2,3,0.02489069
9,2018,2,3,0.02375882
10,2018,2,3,0.02298093
11,2018,2,3,0.02254181
12,2018,2,3,0.02226255
13,2018,2,3,0.02205516
14,2018,2,3,0.02191048
15,2018,2,3,0.02178222
16,2018,2,3,0.02172291
1,2019,2,3,0.02747576
2,2019,2,3,0.07897187
3,2019,2,3,0.1225761
4,2019,2,3,0.1066859
5,2019,2,3,0.07987494
6,2019,2,3,0.06495869
7,2019,2,3,0.0577681
8,2019,2,3,0.05435668
9,2019,2,3,0.05306234
10,2019,2,3,0.05243601
11,2019,2,3,0.05244374
12,2019,2,3,0.05267858
13,2019,2,3,0.05284724
14,2019,2,3,0.05302047
15,2019,2,3,0.05313406
16,2019,2,3,0.05340793
1,2020,2,3,0.001633042
2,2020,2,3,0.007622029
3,2020,2,3,0.009827175
4,2020,2,3,0.008709949
5,2020,2,3,0.006774519
6,2020,2,3,0.005595651
7,2020,2,3,0.004945787
8,2020,2,3,0.004578151
9,2020,2,3,0.004379822
10,2020,2,3,0.00424572
11,2020,2,3,0.004173045
12,2020,2,3,0.004128751
13,2020,2,3,0.00409581
14,2020,2,3,0.004073293
15,2020,2,3,0.004052997
16,2020,2,3,0.004045466
1,2021,2,3,0.001298522
2,2021,2,3,0.005889264
3,2021,2,3,0.007665325
4,2021,2,3,0.006787073
5,2021,2,3,0.005268121
6,2021,2,3,0.00434785
7,2021,2,3,0.003844133
8,2021,2,3,0.003561458
9,2021,2,3,0.003410863
10,2021,2,3,0.003309902
11,2021,2,3,0.003256396
12,2021,2,3,0.003224586
13,2021,2,3,0.003200908
14,2021,2,3,0.003184924
15,2021,2,3,0.003170369
16,2021,2,3,0.003165775
1,2022,2,3,0.003841387
2,2022,2,3,0.01823395
3,2022,2,3,0.02338086
4,2022,2,3,0.02073485
5,2022,2,3,0.01614658
6,2022,2,3,0.01334312
7,2022,2,3,0.0117913
8,2022,2,3,0.01090935
9,2022,2,3,0.01043019
10,2022,2,3,0.01010467
11,2022,2,3,0.009926103
12,2022,2,3,0.009815847
13,2022,2,3,0.009733889
14,2022,2,3,0.009677508
15,2022,2,3,0.009626952
16,2022,2,3,0.009606758
1,2023,2,3,0.004104532
2,2023,2,3,0.02038461
3,2023,2,3,0.02576511
4,2023,2,3,0.02288464
5,2023,2,3,0.01787679
6,2023,2,3,0.01479128
7,2023,2,3,0.01306466
8,2023,2,3,0.01207153
9,2023,2,3,0.01152217
10,2023,2,3,0.01114452
11,2023,2,3,0.01093121
12,2023,2,3,0.01079546
13,2023,2,3,0.01069466
14,2023,2,3,0.01062431
15,2023,2,3,0.01056197
16,2023,2,3,0.01053306
1,2024,2,3,0.006121313
2,2024,2,3,0.01916375
3,2024,2,3,0.02867114
4,2024,2,3,0.02503835
5,2024,2,3,0.01888188
6,2024,2,3,0.01540201
7,2024,2,3,0.01368076
8,2024,2,3,0.01283236
9,2024,2,3,0.01247892
10,2024,2,3,0.01228745
11,2024,2,3,0.01224997
12,2024,2,3,0.01227107
13,2024,2,3,0.01228561
14,2024,2,3,0.01230662
15,2024,2,3,0.01231743
16,2024,2,3,0.01236568
1,1972,3,3,0.005952071
2,1972,3,3,0.0295682
3,1972,3,3,0.03736951
4,1972,3,3,0.033192
5,1972,3,3,0.02592907
6,1972,3,3,0.02145392
7,1972,3,3,0.01894949
8,1972,3,3,0.01750889
9,1972,3,3,0.01671191
10,1972,3,3,0.016164
11,1972,3,3,0.01585447
12,1972,3,3,0.01565747
13,1972,3,3,0.01551118
14,1972,3,3,0.01540908
15,1972,3,3,0.01531859
16,1972,3,3,0.01527661
1,1973,3,3,0.005871428
2,1973,3,3,0.02916759
3,1973,3,3,0.0368632
4,1973,3,3,0.03274229
5,1973,3,3,0.02557777
6,1973,3,3,0.02116324
7,1973,3,3,0.01869275
8,1973,3,3,0.01727167
9,1973,3,3,0.01648549
10,1973,3,3,0.015945
11,1973,3,3,0.01563967
12,1973,3,3,0.01544533
13,1973,3,3,0.01530102
14,1973,3,3,0.0152003
15,1973,3,3,0.01511104
16,1973,3,3,0.01506963
1,1974,3,3,0.003057305
2,1974,3,3,0.01518782
3,1974,3,3,0.019195
4,1974,3,3,0.0170492
5,1974,3,3,0.01331857
6,1974,3,3,0.01101989
7,1974,3,3,0.009733479
8,1974,3,3,0.008993509
9,1974,3,3,0.008584139
10,1974,3,3,0.008302703
11,1974,3,3,0.008143713
12,1974,3,3,0.00804252
13,1974,3,3,0.007967376
14,1974,3,3,0.007914933
15,1974,3,3,0.007868455
16,1974,3,3,0.007846889
1,1975,3,3,0.003962959
2,1975,3,3,0.0196519
3,1975,3,3,0.02485072
4,1975,3,3,0.02207135
5,1975,3,3,0.01723968
6,1975,3,3,0.01426356
7,1975,3,3,0.01259874
8,1975,3,3,0.01164154
9,1975,3,3,0.01111235
10,1975,3,3,0.0107487
11,1975,3,3,0.01054349
12,1975,3,3,0.01041302
13,1975,3,3,0.01031613
14,1975,3,3,0.01024854
15,1975,3,3,0.01018862
16,1975,3,3,0.01016095
1,1976,3,3,0.002726604
2,1976,3,3,0.01354499
3,1976,3,3,0.01711872
4,1976,3,3,0.01520503
5,1976,3,3,0.01187793
6,1976,3,3,0.009827895
7,1976,3,3,0.008680633
8,1976,3,3,0.008020704
9,1976,3,3,0.007655614
10,1976,3,3,0.007404621
11,1976,3,3,0.007262828
12,1976,3,3,0.007172581
13,1976,3,3,0.007105565
14,1976,3,3,0.007058794
15,1976,3,3,0.007017344
16,1976,3,3,0.00699811
1,1977,3,3,0.005383251
2,1977,3,3,0.02652895
3,1977,3,3,0.03361289
4,1977,3,3,0.02984721
5,1977,3,3,0.02330331
6,1977,3,3,0.01927714
7,1977,3,3,0.01702828
8,1977,3,3,0.01573737
9,1977,3,3,0.01502541
10,1977,3,3,0.01453693
11,1977,3,3,0.01426231
12,1977,3,3,0.01408838
13,1977,3,3,0.0139592
14,1977,3,3,0.01386925
15,1977,3,3,0.01378939
16,1977,3,3,0.01375315
1,1978,3,3,0.003519317
2,1978,3,3,0.01748296
3,1978,3,3,0.02209569
4,1978,3,3,0.01962563
5,1978,3,3,0.01533124
6,1978,3,3,0.01268519
7,1978,3,3,0.01120438
8,1978,3,3,0.01035258
9,1978,3,3,0.009881352
10,1978,3,3,0.009557386
11,1978,3,3,0.009374369
12,1978,3,3,0.009257885
13,1978,3,3,0.009171385
14,1978,3,3,0.009111016
15,1978,3,3,0.009057515
16,1978,3,3,0.00903269
1,1979,3,3,0.003593162
2,1979,3,3,0.01784981
3,1979,3,3,0.02255932
4,1979,3,3,0.02003743
5,1979,3,3,0.01565293
6,1979,3,3,0.01295136
7,1979,3,3,0.01143948
8,1979,3,3,0.01056981
9,1979,3,3,0.01008869
10,1979,3,3,0.009757928
11,1979,3,3,0.00957107
12,1979,3,3,0.009452142
13,1979,3,3,0.009363827
14,1979,3,3,0.009302192
15,1979,3,3,0.009247568
16,1979,3,3,0.009222222
1,1980,3,3,0.00456419
2,1980,3,3,0.02234426
3,1980,3,3,0.02836996
4,1980,3,3,0.02518598
5,1980,3,3,0.01965504
6,1980,3,3,0.01625626
7,1980,3,3,0.01436083
8,1980,3,3,0.01327469
9,1980,3,3,0.0126772
10,1980,3,3,0.01226795
11,1980,3,3,0.01203882
12,1980,3,3,0.0118943
13,1980,3,3,0.01178695
14,1980,3,3,0.01171235
15,1980,3,3,0.01164601
16,1980,3,3,0.01161649
1,1981,3,3,0.005875341
2,1981,3,3,0.02894871
3,1981,3,3,0.03668091
4,1981,3,3,0.03257131
5,1981,3,3,0.02542984
6,1981,3,3,0.02103616
7,1981,3,3,0.01858213
8,1981,3,3,0.01717352
9,1981,3,3,0.01639669
10,1981,3,3,0.01586373
11,1981,3,3,0.01556415
12,1981,3,3,0.01537442
13,1981,3,3,0.01523351
14,1981,3,3,0.0151354
15,1981,3,3,0.01504828
16,1981,3,3,0.01500877
1,1982,3,3,0.007035462
2,1982,3,3,0.03495017
3,1982,3,3,0.04417148
4,1982,3,3,0.03923358
5,1982,3,3,0.03064866
6,1982,3,3,0.02535894
7,1982,3,3,0.02239866
8,1982,3,3,0.02069584
9,1982,3,3,0.0197538
10,1982,3,3,0.01910616
11,1982,3,3,0.01874029
12,1982,3,3,0.01850743
13,1982,3,3,0.01833451
14,1982,3,3,0.01821382
15,1982,3,3,0.01810687
16,1982,3,3,0.01805724
1,1983,3,3,0.004751752
2,1983,3,3,0.02333911
3,1983,3,3,0.02960232
4,1983,3,3,0.02628297
5,1983,3,3,0.0205158
6,1983,3,3,0.0169697
7,1983,3,3,0.01499056
8,1983,3,3,0.01385547
9,1983,3,3,0.01323025
10,1983,3,3,0.01280164
11,1983,3,3,0.01256118
12,1983,3,3,0.0124092
13,1983,3,3,0.01229632
14,1983,3,3,0.01221779
15,1983,3,3,0.01214801
16,1983,3,3,0.01211666
1,1984,3,3,0.005029836
2,1984,3,3,0.02467373
3,1984,3,3,0.0313076
4,1984,3,3,0.02779584
5,1984,3,3,0.02169481
6,1984,3,3,0.0179443
7,1984,3,3,0.01585171
8,1984,3,3,0.01465195
9,1984,3,3,0.01399143
10,1984,3,3,0.01353878
11,1984,3,3,0.01328503
12,1984,3,3,0.01312477
13,1984,3,3,0.01300574
14,1984,3,3,0.01292297
15,1984,3,3,0.0128494
16,1984,3,3,0.01281646
1,1985,3,3,0.005047381
2,1985,3,3,0.02477666
3,1985,3,3,0.03143145
4,1985,3,3,0.02790644
5,1985,3,3,0.02178216
6,1985,3,3,0.01801689
7,1985,3,3,0.01591571
8,1985,3,3,0.01471081
9,1985,3,3,0.0140473
10,1985,3,3,0.01359251
11,1985,3,3,0.01333745
12,1985,3,3,0.0131763
13,1985,3,3,0.01305661
14,1985,3,3,0.01297336
15,1985,3,3,0.01289937
16,1985,3,3,0.01286619
1,1986,3,3,0.005408635
2,1986,3,3,0.02599821
3,1986,3,3,0.03320212
4,1986,3,3,0.02945738
5,1986,3,3,0.0229592
6,1986,3,3,0.01897951
7,1986,3,3,0.01676987
8,1986,3,3,0.01550981
9,1986,3,3,0.01482168
10,1986,3,3,0.01435259
11,1986,3,3,0.01409306
12,1986,3,3,0.01393135
13,1986,3,3,0.01381119
14,1986,3,3,0.01372816
15,1986,3,3,0.01365398
16,1986,3,3,0.0136229
1,1987,3,3,0.00476541
2,1987,3,3,0.02287088
3,1987,3,3,0.02922275
4,1987,3,3,0.02592545
5,1987,3,3,0.0202042
6,1987,3,3,0.01670135
7,1987,3,3,0.01475718
8,1987,3,3,0.01364897
9,1987,3,3,0.01304415
10,1987,3,3,0.01263202
11,1987,3,3,0.01240424
12,1987,3,3,0.01226247
13,1987,3,3,0.01215712
14,1987,3,3,0.01208436
15,1987,3,3,0.01201933
16,1987,3,3,0.01199224
1,1988,3,3,0.004592533
2,1988,3,3,0.02233741
3,1988,3,3,0.02841975
4,1988,3,3,0.02522459
5,1988,3,3,0.01967631
6,1988,3,3,0.01627096
7,1988,3,3,0.01437482
8,1988,3,3,0.01329013
9,1988,3,3,0.01269497
10,1988,3,3,0.01228799
11,1988,3,3,0.01206107
12,1988,3,3,0.01191855
13,1988,3,3,0.01181268
14,1988,3,3,0.01173924
15,1988,3,3,0.01167383
16,1988,3,3,0.01164531
1,1989,3,3,0.003070963
2,1989,3,3,0.01463847
3,1989,3,3,0.01874501
4,1989,3,3,0.01662605
5,1989,3,3,0.01295081
6,1989,3,3,0.01070347
7,1989,3,3,0.009458212
8,1989,3,3,0.008749688
9,1989,3,3,0.008364076
10,1989,3,3,0.008101802
11,1989,3,3,0.007957515
12,1989,3,3,0.007868149
13,1989,3,3,0.007801725
14,1989,3,3,0.007755963
15,1989,3,3,0.007714979
16,1989,3,3,0.007698335
1,1990,3,3,0.004146807
2,1990,3,3,0.01976448
3,1990,3,3,0.02530995
4,1990,3,3,0.02244879
5,1990,3,3,0.01748628
6,1990,3,3,0.01445186
7,1990,3,3,0.01277052
8,1990,3,3,0.01181391
9,1990,3,3,0.0112933
10,1990,3,3,0.01093922
11,1990,3,3,0.01074444
12,1990,3,3,0.01062381
13,1990,3,3,0.01053415
14,1990,3,3,0.01047238
15,1990,3,3,0.01041706
16,1990,3,3,0.0103946
1,1991,3,3,0.005649911
2,1991,3,3,0.0257293
3,1991,3,3,0.03344315
4,1991,3,3,0.02961565
5,1991,3,3,0.0229944
6,1991,3,3,0.0189798
7,1991,3,3,0.01678013
8,1991,3,3,0.0155443
9,1991,3,3,0.0148847
10,1991,3,3,0.01444195
11,1991,3,3,0.01420652
12,1991,3,3,0.01406603
13,1991,3,3,0.01396146
14,1991,3,3,0.01389074
15,1991,3,3,0.01382644
16,1991,3,3,0.0138056
1,1992,3,3,0.004604392
2,1992,3,3,0.02123492
3,1992,3,3,0.02748609
4,1992,3,3,0.02435113
5,1992,3,3,0.01892399
6,1992,3,3,0.01562566
7,1992,3,3,0.01381277
8,1992,3,3,0.0127906
9,1992,3,3,0.012242
10,1992,3,3,0.01187235
11,1992,3,3,0.01167383
12,1992,3,3,0.01155402
13,1992,3,3,0.01146489
14,1992,3,3,0.01140427
15,1992,3,3,0.0113494
16,1992,3,3,0.01133025
1,1993,3,3,0.004732315
2,1993,3,3,0.02156905
3,1993,3,3,0.02802767
4,1993,3,3,0.02482071
5,1993,3,3,0.01927265
6,1993,3,3,0.01590822
7,1993,3,3,0.0140644
8,1993,3,3,0.01302824
9,1993,3,3,0.01247501
10,1993,3,3,0.01210355
11,1993,3,3,0.0119059
12,1993,3,3,0.01178785
13,1993,3,3,0.0117
14,1993,3,3,0.01164056
15,1993,3,3,0.01158654
16,1993,3,3,0.01156893
1,1994,3,3,0.003479705
2,1994,3,3,0.01698489
3,1994,3,3,0.02158547
4,1994,3,3,0.01916099
5,1994,3,3,0.01495011
6,1994,3,3,0.01236391
7,1994,3,3,0.01092266
8,1994,3,3,0.01009742
9,1994,3,3,0.009643985
10,1994,3,3,0.009333633
11,1994,3,3,0.009160201
12,1994,3,3,0.009051021
13,1994,3,3,0.008969916
14,1994,3,3,0.008913603
15,1994,3,3,0.008863486
16,1994,3,3,0.008841391
1,1995,3,3,0.004666567
2,1995,3,3,0.01855065
3,1995,3,3,0.02527839
4,1995,3,3,0.02227639
5,1995,3,3,0.01712285
6,1995,3,3,0.01407656
7,1995,3,3,0.01246492
8,1995,3,3,0.01159623
9,1995,3,3,0.0111634
10,1995,3,3,0.01088704
11,1995,3,3,0.01076004
12,1995,3,3,0.01069772
13,1995,3,3,0.01065098
14,1995,3,3,0.01062283
15,1995,3,3,0.01059467
16,1995,3,3,0.01059941
1,1996,3,3,0.01400127
2,1996,3,3,0.04635666
3,1996,3,3,0.06776984
4,1996,3,3,0.05931166
5,1996,3,3,0.04493535
6,1996,3,3,0.03672394
7,1996,3,3,0.03259521
8,1996,3,3,0.03051257
9,1996,3,3,0.02959954
10,1996,3,3,0.02907811
11,1996,3,3,0.02892936
12,1996,3,3,0.02892741
13,1996,3,3,0.02892366
14,1996,3,3,0.02894342
15,1996,3,3,0.02894484
16,1996,3,3,0.02903469
1,1997,3,3,0.003049572
2,1997,3,3,0.01507922
3,1997,3,3,0.01908552
4,1997,3,3,0.01694929
5,1997,3,3,0.01323629
6,1997,3,3,0.01095043
7,1997,3,3,0.00967261
8,1997,3,3,0.008938464
9,1997,3,3,0.008533039
10,1997,3,3,0.008254638
11,1997,3,3,0.008097802
12,1997,3,3,0.007998262
13,1997,3,3,0.007924338
14,1997,3,3,0.007872813
15,1997,3,3,0.007827101
16,1997,3,3,0.00780616
1,1998,3,3,0.002220117
2,1998,3,3,0.01078452
3,1998,3,3,0.01372666
4,1998,3,3,0.01218287
5,1998,3,3,0.009502338
6,1998,3,3,0.007857506
7,1998,3,3,0.006941925
8,1998,3,3,0.006418343
9,1998,3,3,0.006131204
10,1998,3,3,0.005934919
11,1998,3,3,0.005825569
12,1998,3,3,0.005756948
13,1998,3,3,0.005705967
14,1998,3,3,0.005670623
15,1998,3,3,0.005639129
16,1998,3,3,0.005625456
1,1999,3,3,0.002513884
2,1999,3,3,0.01248352
3,1999,3,3,0.01577907
4,1999,3,3,0.01401496
5,1999,3,3,0.01094798
6,1999,3,3,0.00905835
7,1999,3,3,0.008000953
8,1999,3,3,0.007392776
9,1999,3,3,0.007056366
10,1999,3,3,0.006825111
11,1999,3,3,0.006694498
12,1999,3,3,0.006611387
13,1999,3,3,0.006549669
14,1999,3,3,0.0065066
15,1999,3,3,0.006468427
16,1999,3,3,0.006450733
1,2000,3,3,0.001947694
2,2000,3,3,0.009675588
3,2000,3,3,0.01222841
4,2000,3,3,0.01087615
5,2000,3,3,0.008506994
6,2000,3,3,0.00704588
7,2000,3,3,0.006226615
8,2000,3,3,0.005754257
9,2000,3,3,0.005492333
10,2000,3,3,0.005311972
11,2000,3,3,0.005209854
12,2000,3,3,0.005144751
13,2000,3,3,0.005096384
14,2000,3,3,0.005062603
15,2000,3,3,0.005032706
16,2000,3,3,0.005018773
1,2001,3,3,0.002518883
2,2001,3,3,0.01245711
3,2001,3,3,0.01576597
4,2001,3,3,0.01400137
5,2001,3,3,0.01093428
6,2001,3,3,0.009046008
7,2001,3,3,0.007990402
8,2001,3,3,0.0073839
9,2001,3,3,0.007048946
10,2001,3,3,0.006818926
11,2001,3,3,0.006689333
12,2001,3,3,0.006607075
13,2001,3,3,0.006545987
14,2001,3,3,0.006503406
15,2001,3,3,0.00646563
16,2001,3,3,0.006448318
1,2002,3,3,0.001403942
2,2002,3,3,0.006969779
3,2002,3,3,0.008810517
4,2002,3,3,0.007825421
5,2002,3,3,0.006112819
6,2002,3,3,0.005057704
7,2002,3,3,0.004467323
8,2002,3,3,0.004127781
9,2002,3,3,0.003939986
10,2002,3,3,0.0038109
11,2002,3,3,0.003738005
12,2002,3,3,0.003691628
13,2002,3,3,0.003657189
14,2002,3,3,0.003633158
15,2002,3,3,0.003611858
16,2002,3,3,0.003601992
1,2003,3,3,0.003141382
2,2003,3,3,0.01413781
3,2003,3,3,0.0184489
4,2003,3,3,0.0163307
5,2003,3,3,0.01266884
6,2003,3,3,0.01045345
7,2003,3,3,0.009243174
8,2003,3,3,0.008565492
9,2003,3,3,0.008205711
10,2003,3,3,0.007965091
11,2003,3,3,0.007838383
12,2003,3,3,0.007763605
13,2003,3,3,0.007707929
14,2003,3,3,0.00767049
15,2003,3,3,0.00763629
16,2003,3,3,0.007626064
1,2004,3,3,0.01014617
2,2004,3,3,0.03308523
3,2004,3,3,0.04866952
4,2004,3,3,0.04257017
5,2004,3,3,0.03221149
6,2004,3,3,0.02631168
7,2004,3,3,0.02335831
8,2004,3,3,0.02187769
9,2004,3,3,0.02123709
10,2004,3,3,0.02087603
11,2004,3,3,0.02078091
12,2004,3,3,0.0207896
13,2004,3,3,0.02079432
14,2004,3,3,0.02081434
15,2004,3,3,0.02082005
16,2004,3,3,0.02088929
1,2005,3,3,0.001647759
2,2005,3,3,0.007980961
3,2005,3,3,0.01016767
4,2005,3,3,0.009023252
5,2005,3,3,0.007036491
6,2005,3,3,0.005818026
7,2005,3,3,0.005140253
8,2005,3,3,0.004752962
9,2005,3,3,0.004540813
10,2005,3,3,0.004395901
11,2005,3,3,0.004315322
12,2005,3,3,0.004264854
13,2005,3,3,0.004227358
14,2005,3,3,0.004201386
15,2005,3,3,0.004178226
16,2005,3,3,0.004168267
1,2006,3,3,0.002027457
2,2006,3,3,0.009902947
3,2006,3,3,0.0125826
4,2006,3,3,0.01116958
5,2006,3,3,0.008715324
6,2006,3,3,0.007207808
7,2006,3,3,0.006367555
8,2006,3,3,0.005886352
9,2006,3,3,0.005621879
10,2006,3,3,0.005440831
11,2006,3,3,0.005339614
12,2006,3,3,0.005275867
13,2006,3,3,0.005228514
14,2006,3,3,0.005195628
15,2006,3,3,0.005166366
16,2006,3,3,0.005153437
1,2007,3,3,0.001911302
2,2007,3,3,0.008818015
3,2007,3,3,0.01141247
4,2007,3,3,0.01011094
5,2007,3,3,0.007857719
6,2007,3,3,0.006488237
7,2007,3,3,0.005735448
8,2007,3,3,0.005310955
9,2007,3,3,0.005083092
10,2007,3,3,0.00492954
11,2007,3,3,0.004847048
12,2007,3,3,0.00479725
13,2007,3,3,0.004760204
14,2007,3,3,0.004735002
15,2007,3,3,0.004712197
16,2007,3,3,0.004704218
1,2008,3,3,0.002730089
2,2008,3,3,0.01299712
3,2008,3,3,0.01665001
4,2008,3,3,0.01476723
5,2008,3,3,0.01150186
6,2008,3,3,0.009505625
7,2008,3,3,0.008399839
8,2008,3,3,0.007770889
9,2008,3,3,0.007428764
10,2008,3,3,0.007196148
11,2008,3,3,0.007068289
12,2008,3,3,0.00698917
13,2008,3,3,0.006930362
14,2008,3,3,0.006889864
15,2008,3,3,0.006853581
16,2008,3,3,0.006838919
1,2009,3,3,0.002919744
2,2009,3,3,0.01448426
3,2009,3,3,0.0183138
4,2009,3,3,0.01626575
5,2009,3,3,0.01270533
6,2009,3,3,0.01051209
7,2009,3,3,0.009285098
8,2009,3,3,0.00857956
9,2009,3,3,0.008189446
10,2009,3,3,0.007921342
11,2009,3,3,0.007770009
12,2009,3,3,0.007673771
13,2009,3,3,0.007602305
14,2009,3,3,0.007552447
15,2009,3,3,0.007508247
16,2009,3,3,0.007487815
1,2010,3,3,0.002283963
2,2010,3,3,0.01129088
3,2010,3,3,0.01429173
4,2010,3,3,0.01269197
5,2010,3,3,0.009911443
6,2010,3,3,0.008199721
7,2010,3,3,0.007242901
8,2010,3,3,0.006693213
9,2010,3,3,0.006389681
10,2010,3,3,0.00618126
11,2010,3,3,0.006063865
12,2010,3,3,0.005989367
13,2010,3,3,0.00593404
14,2010,3,3,0.00589548
15,2010,3,3,0.005861269
16,2010,3,3,0.005845607
1,2011,3,3,0.002982475
2,2011,3,3,0.01433009
3,2011,3,3,0.01830333
4,2011,3,3,0.01623873
5,2011,3,3,0.01265615
6,2011,3,3,0.01046225
7,2011,3,3,0.009244252
8,2011,3,3,0.008549757
9,2011,3,3,0.008170555
10,2011,3,3,0.007912086
11,2011,3,3,0.007769125
12,2011,3,3,0.007680077
13,2011,3,3,0.007613903
14,2011,3,3,0.007568189
15,2011,3,3,0.007527338
16,2011,3,3,0.007510251
1,2012,3,3,0.003211011
2,2012,3,3,0.01594103
3,2012,3,3,0.02015103
4,2012,3,3,0.01789797
5,2012,3,3,0.01398099
6,2012,3,3,0.01156778
7,2012,3,3,0.01021748
8,2012,3,3,0.009440892
9,2012,3,3,0.00901137
10,2012,3,3,0.008716128
11,2012,3,3,0.008549403
12,2012,3,3,0.008443329
13,2012,3,3,0.008364559
14,2012,3,3,0.008309595
15,2012,3,3,0.008260876
16,2012,3,3,0.00823831
1,2013,3,3,0.002866819
2,2013,3,3,0.01283239
3,2013,3,3,0.01677589
4,2013,3,3,0.01484694
5,2013,3,3,0.01151327
6,2013,3,3,0.009498479
7,2013,3,3,0.008399284
8,2013,3,3,0.00778476
9,2013,3,3,0.007459315
10,2013,3,3,0.007242033
11,2013,3,3,0.007128142
12,2013,3,3,0.007061287
13,2013,3,3,0.007011501
14,2013,3,3,0.006978115
15,2013,3,3,0.006947548
16,2013,3,3,0.006938783
1,2014,3,3,0.003440185
2,2014,3,3,0.01708888
3,2014,3,3,0.02159802
4,2014,3,3,0.01918355
5,2014,3,3,0.01498583
6,2014,3,3,0.01239938
7,2014,3,3,0.01095194
8,2014,3,3,0.01011935
9,2014,3,3,0.009658758
10,2014,3,3,0.00934211
11,2014,3,3,0.009163232
12,2014,3,3,0.009049387
13,2014,3,3,0.008964847
14,2014,3,3,0.008905846
15,2014,3,3,0.008853557
16,2014,3,3,0.008829298
1,2015,3,3,0.003159856
2,2015,3,3,0.01569536
3,2015,3,3,0.0198372
4,2015,3,3,0.01761954
5,2015,3,3,0.013764
6,2015,3,3,0.0113884
7,2015,3,3,0.01005899
8,2015,3,3,0.009294303
9,2015,3,3,0.00887128
10,2015,3,3,0.008580468
11,2015,3,3,0.008416191
12,2015,3,3,0.008311642
13,2015,3,3,0.008234006
14,2015,3,3,0.008179824
15,2015,3,3,0.008131805
16,2015,3,3,0.008109531
1,2016,3,3,0.00392255
2,2016,3,3,0.01801673
3,2016,3,3,0.02335192
4,2016,3,3,0.02068554
5,2016,3,3,0.01607067
6,2016,3,3,0.01326812
7,2016,3,3,0.01172929
8,2016,3,3,0.01086263
9,2016,3,3,0.01039832
10,2016,3,3,0.01008585
11,2016,3,3,0.00991856
12,2016,3,3,0.009817959
13,2016,3,3,0.009743109
14,2016,3,3,0.009692288
15,2016,3,3,0.009646229
16,2016,3,3,0.009630507
1,2017,3,3,0.00396169
2,2017,3,3,0.01884045
3,2017,3,3,0.02414388
4,2017,3,3,0.0214129
5,2017,3,3,0.01667679
6,2017,3,3,0.013782
7,2017,3,3,0.01217889
8,2017,3,3,0.01126733
9,2017,3,3,0.01077169
10,2017,3,3,0.01043479
11,2017,3,3,0.01024975
12,2017,3,3,0.01013534
13,2017,3,3,0.01005029
14,2017,3,3,0.009991749
15,2017,3,3,0.009939282
16,2017,3,3,0.009918168
1,2018,3,3,0.003838731
2,2018,3,3,0.01814571
3,2018,3,3,0.02329905
4,2018,3,3,0.02065932
5,2018,3,3,0.01608306
6,2018,3,3,0.01328909
7,2018,3,3,0.01174408
8,2018,3,3,0.01086701
9,2018,3,3,0.01039131
10,2018,3,3,0.01006852
11,2018,3,3,0.009891965
12,2018,3,3,0.00978329
13,2018,3,3,0.009702498
14,2018,3,3,0.009647004
15,2018,3,3,0.009597181
16,2018,3,3,0.009577616
1,2019,3,3,0.003276576
2,2019,3,3,0.01548109
3,2019,3,3,0.01988073
4,2019,3,3,0.017628
5,2019,3,3,0.01372275
6,2019,3,3,0.01133866
7,2019,3,3,0.01002047
8,2019,3,3,0.009272251
9,2019,3,3,0.008866521
10,2019,3,3,0.008591235
11,2019,3,3,0.008440722
12,2019,3,3,0.008348107
13,2019,3,3,0.008279253
14,2019,3,3,0.008231968
15,2019,3,3,0.008189509
16,2019,3,3,0.008172868
1,2020,3,3,0.0008195474
2,2020,3,3,0.003164937
3,2020,3,3,0.004358737
4,2020,3,3,0.003837008
5,2020,3,3,0.002942791
6,2020,3,3,0.002417075
7,2020,3,3,0.0021411
8,2020,3,3,0.001993773
9,2020,3,3,0.001921612
10,2020,3,3,0.001876153
11,2020,3,3,0.00185617
12,2020,3,3,0.001847074
13,2020,3,3,0.001840229
14,2020,3,3,0.001836327
15,2020,3,3,0.00183224
16,2020,3,3,0.001833828
1,2021,3,3,8.886646e-05
2,2021,3,3,0.0004382273
3,2021,3,3,0.0005551307
4,2021,3,3,0.00049295
5,2021,3,3,0.0003848898
6,2021,3,3,0.0003183972
7,2021,3,3,0.0002812511
8,2021,3,3,0.0002599247
9,2021,3,3,0.0002481597
10,2021,3,3,0.0002400863
11,2021,3,3,0.0002355457
12,2021,3,3,0.0002326687
13,2021,3,3,0.000230532
14,2021,3,3,0.0002290439
15,2021,3,3,0.0002277228
16,2021,3,3,0.0002271223
1,2022,3,3,0.002403615
2,2022,3,3,0.01177079
3,2022,3,3,0.01494358
4,2022,3,3,0.0132666
5,2022,3,3,0.01035343
6,2022,3,3,0.008563176
7,2022,3,3,0.007564709
8,2022,3,3,0.006992507
9,2022,3,3,0.0066777
10,2022,3,3,0.006462053
11,2022,3,3,0.006341294
12,2022,3,3,0.006265113
13,2022,3,3,0.006208525
14,2022,3,3,0.006169196
15,2022,3,3,0.006134223
16,2022,3,3,0.006118648
1,2023,3,3,0.001108785
2,2023,3,3,0.005498871
3,2023,3,3,0.006953365
4,2023,3,3,0.006175701
5,2023,3,3,0.004823804
6,2023,3,3,0.003991071
7,2023,3,3,0.003525235
8,2023,3,3,0.003257394
9,2023,3,3,0.003109312
10,2023,3,3,0.003007551
11,2023,3,3,0.002950121
12,2023,3,3,0.002913606
13,2023,3,3,0.00288649
14,2023,3,3,0.002867574
15,2023,3,3,0.002850803
16,2023,3,3,0.002843057
1,2024,3,3,0.0001521939
2,2024,3,3,0.0006482055
3,2024,3,3,0.0008619196
4,2024,3,3,0.0007614646
5,2024,3,3,0.0005883447
6,2024,3,3,0.0004846813
7,2024,3,3,0.0004288376
8,2024,3,3,0.0003980741
9,2024,3,3,0.0003821667
10,2024,3,3,0.0003717247
11,2024,3,3,0.0003665037
12,2024,3,3,0.0003636118
13,2024,3,3,0.0003614535
14,2024,3,3,0.0003600514
15,2024,3,3,0.0003587339
16,2024,3,3,0.0003585372
1,1972,4,3,0.002804986
2,1972,4,3,0.01393437
3,1972,4,3,0.01761084
4,1972,4,3,0.01564214
5,1972,4,3,0.01221939
6,1972,4,3,0.01011042
7,1972,4,3,0.008930178
8,1972,4,3,0.008251278
9,1972,4,3,0.007875693
10,1972,4,3,0.007617484
11,1972,4,3,0.007471615
12,1972,4,3,0.007378774
13,1972,4,3,0.007309831
14,1972,4,3,0.007261716
15,1972,4,3,0.007219074
16,1972,4,3,0.007199287
1,1973,4,3,0.00385686
2,1973,4,3,0.01904528
3,1973,4,3,0.02411553
4,1973,4,3,0.02141532
5,1973,4,3,0.01672241
6,1973,4,3,0.013834
7,1973,4,3,0.01221987
8,1973,4,3,0.01129283
9,1973,4,3,0.01078115
10,1973,4,3,0.0104299
11,1973,4,3,0.01023219
12,1973,4,3,0.01010681
13,1973,4,3,0.01001369
14,1973,4,3,0.009948815
15,1973,4,3,0.00989124
16,1973,4,3,0.009864965
1,1974,4,3,0.004935156
2,1974,4,3,0.02451645
3,1974,4,3,0.0309849
4,1974,4,3,0.02752113
5,1974,4,3,0.02149907
6,1974,4,3,0.0177885
7,1974,4,3,0.01571196
8,1974,4,3,0.01451748
9,1974,4,3,0.01385667
10,1974,4,3,0.01340237
11,1974,4,3,0.01314573
12,1974,4,3,0.01298238
13,1974,4,3,0.01286108
14,1974,4,3,0.01277643
15,1974,4,3,0.0127014
16,1974,4,3,0.01266659
1,1975,4,3,0.003058264
2,1975,4,3,0.01519259
3,1975,4,3,0.01920102
4,1975,4,3,0.01705455
5,1975,4,3,0.01332275
6,1975,4,3,0.01102335
7,1975,4,3,0.009736534
8,1975,4,3,0.008996332
9,1975,4,3,0.008586833
10,1975,4,3,0.00830531
11,1975,4,3,0.008146269
12,1975,4,3,0.008045045
13,1975,4,3,0.007969877
14,1975,4,3,0.007917417
15,1975,4,3,0.007870924
16,1975,4,3,0.007849352
1,1976,4,3,0.005844931
2,1976,4,3,0.02903595
3,1976,4,3,0.03669684
4,1976,4,3,0.03259453
5,1976,4,3,0.02546233
6,1976,4,3,0.02106773
7,1976,4,3,0.01860839
8,1976,4,3,0.01719372
9,1976,4,3,0.01641109
10,1976,4,3,0.01587304
11,1976,4,3,0.01556908
12,1976,4,3,0.01537563
13,1976,4,3,0.01523197
14,1976,4,3,0.0151317
15,1976,4,3,0.01504285
16,1976,4,3,0.01500162
1,1977,4,3,0.004970049
2,1977,4,3,0.0246708
3,1977,4,3,0.03118749
4,1977,4,3,0.02770034
5,1977,4,3,0.02163793
6,1977,4,3,0.01790302
7,1977,4,3,0.01581323
8,1977,4,3,0.01461139
9,1977,4,3,0.01394669
10,1977,4,3,0.01348981
11,1977,4,3,0.01323182
12,1977,4,3,0.0130677
13,1977,4,3,0.01294582
14,1977,4,3,0.01286078
15,1977,4,3,0.0127854
16,1977,4,3,0.01275049
1,1978,4,3,0.002510806
2,1978,4,3,0.01247297
3,1978,4,3,0.01576385
4,1978,4,3,0.01400162
5,1978,4,3,0.01093785
6,1978,4,3,0.009050063
7,1978,4,3,0.007993601
8,1978,4,3,0.007385903
9,1978,4,3,0.007049708
10,1978,4,3,0.00681858
11,1978,4,3,0.006688009
12,1978,4,3,0.006604904
13,1978,4,3,0.006543193
14,1978,4,3,0.006500123
15,1978,4,3,0.006461953
16,1978,4,3,0.006444242
1,1979,4,3,0.005232455
2,1979,4,3,0.02599335
3,1979,4,3,0.03285147
4,1979,4,3,0.02917903
5,1979,4,3,0.0227942
6,1979,4,3,0.0188601
7,1979,4,3,0.01665846
8,1979,4,3,0.01539203
9,1979,4,3,0.01469141
10,1979,4,3,0.01420975
11,1979,4,3,0.01393764
12,1979,4,3,0.01376445
13,1979,4,3,0.01363585
14,1979,4,3,0.01354609
15,1979,4,3,0.01346655
16,1979,4,3,0.01342964
1,1980,4,3,0.005149257
2,1980,4,3,0.02558004
3,1980,4,3,0.03232912
4,1980,4,3,0.02871507
5,1980,4,3,0.02243176
6,1980,4,3,0.01856022
7,1980,4,3,0.01639359
8,1980,4,3,0.01514729
9,1980,4,3,0.01445781
10,1980,4,3,0.01398381
11,1980,4,3,0.01371603
12,1980,4,3,0.01354559
13,1980,4,3,0.01341903
14,1980,4,3,0.0133307
15,1980,4,3,0.01325242
16,1980,4,3,0.0132161
1,1981,4,3,0.007146483
2,1981,4,3,0.0355017
3,1981,4,3,0.04486851
4,1981,4,3,0.03985269
5,1981,4,3,0.0311323
6,1981,4,3,0.02575911
7,1981,4,3,0.02275211
8,1981,4,3,0.02102243
9,1981,4,3,0.02006552
10,1981,4,3,0.01940766
11,1981,4,3,0.01903602
12,1981,4,3,0.01879948
13,1981,4,3,0.01862383
14,1981,4,3,0.01850124
15,1981,4,3,0.0183926
16,1981,4,3,0.01834219
1,1982,4,3,0.01100993
2,1982,4,3,0.05468068
3,1982,4,3,0.06911305
4,1982,4,3,0.06138644
5,1982,4,3,0.04795331
6,1982,4,3,0.03967668
7,1982,4,3,0.03504511
8,1982,4,3,0.0323811
9,1982,4,3,0.03090744
10,1982,4,3,0.02989438
11,1982,4,3,0.02932216
12,1982,4,3,0.02895802
13,1982,4,3,0.02868761
14,1982,4,3,0.0284989
15,1982,4,3,0.02833165
16,1982,4,3,0.0282541
1,1983,4,3,0.004702636
2,1983,4,3,0.02333072
3,1983,4,3,0.02949846
4,1983,4,3,0.02619968
5,1983,4,3,0.02046494
6,1983,4,3,0.01693225
7,1983,4,3,0.01495586
8,1983,4,3,0.01381939
9,1983,4,3,0.01319099
10,1983,4,3,0.01275911
11,1983,4,3,0.01251532
12,1983,4,3,0.01236028
13,1983,4,3,0.01224514
14,1983,4,3,0.01216482
15,1983,4,3,0.01209361
16,1983,4,3,0.01206069
1,1984,4,3,0.003524276
2,1984,4,3,0.0175076
3,1984,4,3,0.02212683
4,1984,4,3,0.01965329
5,1984,4,3,0.01535284
6,1984,4,3,0.01270306
7,1984,4,3,0.01122017
8,1984,4,3,0.01036717
9,1984,4,3,0.009895277
10,1984,4,3,0.009570856
11,1984,4,3,0.00938758
12,1984,4,3,0.009270932
13,1984,4,3,0.009184311
14,1984,4,3,0.009123857
15,1984,4,3,0.00907028
16,1984,4,3,0.00904542
1,1985,4,3,0.005297325
2,1985,4,3,0.02631561
3,1985,4,3,0.03325875
4,1985,4,3,0.02954078
5,1985,4,3,0.0230768
6,1985,4,3,0.01909392
7,1985,4,3,0.01686499
8,1985,4,3,0.01558286
9,1985,4,3,0.01487355
10,1985,4,3,0.01438591
11,1985,4,3,0.01411043
12,1985,4,3,0.0139351
13,1985,4,3,0.0138049
14,1985,4,3,0.01371403
15,1985,4,3,0.0136335
16,1985,4,3,0.01359613
1,1986,4,3,0.005286907
2,1986,4,3,0.0255206
3,1986,4,3,0.03254819
4,1986,4,3,0.02888138
5,1986,4,3,0.02251689
6,1986,4,3,0.01861605
7,1986,4,3,0.01644797
8,1986,4,3,0.01521021
9,1986,4,3,0.01453311
10,1986,4,3,0.01407102
11,1986,4,3,0.01381465
12,1986,4,3,0.01365444
13,1986,4,3,0.0135354
14,1986,4,3,0.01345304
15,1986,4,3,0.01337953
16,1986,4,3,0.01334828
1,1987,4,3,0.005909434
2,1987,4,3,0.02921687
3,1987,4,3,0.03698071
4,1987,4,3,0.03284136
5,1987,4,3,0.02564675
6,1987,4,3,0.02121758
7,1987,4,3,0.01874169
8,1987,4,3,0.01731927
9,1987,4,3,0.01653378
10,1987,4,3,0.01599441
11,1987,4,3,0.01569059
12,1987,4,3,0.01549777
13,1987,4,3,0.01535457
14,1987,4,3,0.01525477
15,1987,4,3,0.01516622
16,1987,4,3,0.01512567
1,1988,4,3,0.006957773
2,1988,4,3,0.03370233
3,1988,4,3,0.04293557
4,1988,4,3,0.03810306
5,1988,4,3,0.02971357
6,1988,4,3,0.0245683
7,1988,4,3,0.02170619
8,1988,4,3,0.02007071
9,1988,4,3,0.0191748
10,1988,4,3,0.01856283
11,1988,4,3,0.01822253
12,1988,4,3,0.01800938
13,1988,4,3,0.01785101
14,1988,4,3,0.01774132
15,1988,4,3,0.01764351
16,1988,4,3,0.01760144
1,1989,4,3,0.002603082
2,1989,4,3,0.01234234
3,1989,4,3,0.01583192
4,1989,4,3,0.01403968
5,1989,4,3,0.01093208
6,1989,4,3,0.009033712
7,1989,4,3,0.007983178
8,1989,4,3,0.00738631
9,1989,4,3,0.007062179
10,1989,4,3,0.006842043
11,1989,4,3,0.006721385
12,1989,4,3,0.006646944
13,1989,4,3,0.006591607
14,1989,4,3,0.006553555
15,1989,4,3,0.006519423
16,1989,4,3,0.00650585
1,1990,4,3,0.003241741
2,1990,4,3,0.01610405
3,1990,4,3,0.02035296
4,1990,4,3,0.01807772
5,1990,4,3,0.01412203
6,1990,4,3,0.01168468
7,1990,4,3,0.01032067
8,1990,4,3,0.009536056
9,1990,4,3,0.00910199
10,1990,4,3,0.008803576
11,1990,4,3,0.008634994
12,1990,4,3,0.008527697
13,1990,4,3,0.00844802
14,1990,4,3,0.008392413
15,1990,4,3,0.008343131
16,1990,4,3,0.008320264
1,1991,4,3,0.002212523
2,1991,4,3,0.01084434
3,1991,4,3,0.01376366
4,1991,4,3,0.01221944
5,1991,4,3,0.009536788
6,1991,4,3,0.007887927
7,1991,4,3,0.006968129
8,1991,4,3,0.006440893
9,1991,4,3,0.006150726
10,1991,4,3,0.005951913
11,1991,4,3,0.005840522
12,1991,4,3,0.005770211
13,1991,4,3,0.005717985
14,1991,4,3,0.005681678
15,1991,4,3,0.005649399
16,1991,4,3,0.005634986
1,1992,4,3,0.002059308
2,1992,4,3,0.01012829
3,1992,4,3,0.01284083
4,1992,4,3,0.0114015
5,1992,4,3,0.008900537
6,1992,4,3,0.007362373
7,1992,4,3,0.006503619
8,1992,4,3,0.006010928
9,1992,4,3,0.005739408
10,1992,4,3,0.005553208
11,1992,4,3,0.005448658
12,1992,4,3,0.005382523
13,1992,4,3,0.005333401
14,1992,4,3,0.005299217
15,1992,4,3,0.005268851
16,1992,4,3,0.005255152
1,1993,4,3,0.003485341
2,1993,4,3,0.01684701
3,1993,4,3,0.02147687
4,1993,4,3,0.01905822
5,1993,4,3,0.01485983
6,1993,4,3,0.01228596
7,1993,4,3,0.01085494
8,1993,4,3,0.01003768
9,1993,4,3,0.009590361
10,1993,4,3,0.009284978
11,1993,4,3,0.009115395
12,1993,4,3,0.009009329
13,1993,4,3,0.008930519
14,1993,4,3,0.008875968
15,1993,4,3,0.008827298
16,1993,4,3,0.008806511
1,1994,4,3,0.001829326
2,1994,4,3,0.009073294
3,1994,4,3,0.01147286
4,1994,4,3,0.01018977
5,1994,4,3,0.007959229
6,1994,4,3,0.006585248
7,1994,4,3,0.005816614
8,1994,4,3,0.00537466
9,1994,4,3,0.005130307
10,1994,4,3,0.004962384
11,1994,4,3,0.004867609
12,1994,4,3,0.004807345
13,1994,4,3,0.004762592
14,1994,4,3,0.004731373
15,1994,4,3,0.004703695
16,1994,4,3,0.004690907
1,1995,4,3,0.002142111
2,1995,4,3,0.01056312
3,1995,4,3,0.01338109
4,1995,4,3,0.01188225
5,1995,4,3,0.009277513
6,1995,4,3,0.007674749
7,1995,4,3,0.006779369
8,1995,4,3,0.006265314
9,1995,4,3,0.005981733
10,1995,4,3,0.005787133
11,1995,4,3,0.005677691
12,1995,4,3,0.005608347
13,1995,4,3,0.005556846
14,1995,4,3,0.005520978
15,1995,4,3,0.005489136
16,1995,4,3,0.005474662
1,1996,4,3,0.04512632
2,1996,4,3,0.1226622
3,1996,4,3,0.1952075
4,1996,4,3,0.1695247
5,1996,4,3,0.1263125
6,1996,4,3,0.1025169
7,1996,4,3,0.09124201
8,1996,4,3,0.08603555
9,1996,4,3,0.08420166
10,1996,4,3,0.08340592
11,1996,4,3,0.08359447
12,1996,4,3,0.08412026
13,1996,4,3,0.08450059
14,1996,4,3,0.08486401
15,1996,4,3,0.08511561
16,1996,4,3,0.08562267
1,1997,4,3,0.002620382
2,1997,4,3,0.01301731
3,1997,4,3,0.01645182
4,1997,4,3,0.01461268
5,1997,4,3,0.0114152
6,1997,4,3,0.009445023
7,1997,4,3,0.008342456
8,1997,4,3,0.007708236
9,1997,4,3,0.00735737
10,1997,4,3,0.007116154
11,1997,4,3,0.006979885
12,1997,4,3,0.006893154
13,1997,4,3,0.006828749
14,1997,4,3,0.0067838
15,1997,4,3,0.006743964
16,1997,4,3,0.00672548
1,1998,4,3,0.002194441
2,1998,4,3,0.01085381
3,1998,4,3,0.01373632
4,1998,4,3,0.01219893
5,1998,4,3,0.009526752
6,1998,4,3,0.007881575
7,1998,4,3,0.006961841
8,1998,4,3,0.00643339
9,1998,4,3,0.006141528
10,1998,4,3,0.005941095
11,1998,4,3,0.005828164
12,1998,4,3,0.005756477
13,1998,4,3,0.005703238
14,1998,4,3,0.005666128
15,1998,4,3,0.005633207
16,1998,4,3,0.005618114
1,1999,4,3,0.002399726
2,1999,4,3,0.01190849
3,1999,4,3,0.01505545
4,1999,4,3,0.01337193
5,1999,4,3,0.01044518
6,1999,4,3,0.008642177
7,1999,4,3,0.007633416
8,1999,4,3,0.007053316
9,1999,4,3,0.00673252
10,1999,4,3,0.006512036
11,1999,4,3,0.006387558
12,1999,4,3,0.006308383
13,1999,4,3,0.006249587
14,1999,4,3,0.006208565
15,1999,4,3,0.006172201
16,1999,4,3,0.006155376
1,2000,4,3,0.002606386
2,2000,4,3,0.01293882
3,2000,4,3,0.01635616
4,2000,4,3,0.01452738
5,2000,4,3,0.01134802
6,2000,4,3,0.009389264
7,2000,4,3,0.008293267
8,2000,4,3,0.00766294
9,2000,4,3,0.007314319
10,2000,4,3,0.007074689
11,2000,4,3,0.006939371
12,2000,4,3,0.006853282
13,2000,4,3,0.006789353
14,2000,4,3,0.006744744
15,2000,4,3,0.006705204
16,2000,4,3,0.006686892
1,2001,4,3,0.002623072
2,2001,4,3,0.01298629
3,2001,4,3,0.01643018
4,2001,4,3,0.01459177
5,2001,4,3,0.01139619
6,2001,4,3,0.009428425
7,2001,4,3,0.008328098
8,2001,4,3,0.007695726
9,2001,4,3,0.00734634
10,2001,4,3,0.007106345
11,2001,4,3,0.006971045
12,2001,4,3,0.006885108
13,2001,4,3,0.006821288
14,2001,4,3,0.00677679
15,2001,4,3,0.006737323
16,2001,4,3,0.006719181
1,2002,4,3,0.001727352
2,2002,4,3,0.008541485
3,2002,4,3,0.01081072
4,2002,4,3,0.009600696
5,2002,4,3,0.007497533
6,2002,4,3,0.006202741
7,2002,4,3,0.005478932
8,2002,4,3,0.005063079
9,2002,4,3,0.004833427
10,2002,4,3,0.004675725
11,2002,4,3,0.004586883
12,2002,4,3,0.004530496
13,2002,4,3,0.00448862
14,2002,4,3,0.004459433
15,2002,4,3,0.004433538
16,2002,4,3,0.004421674
1,2003,4,3,0.003258279
2,2003,4,3,0.01618561
3,2003,4,3,0.02045628
4,2003,4,3,0.01816947
5,2003,4,3,0.01419367
6,2003,4,3,0.01174394
7,2003,4,3,0.01037301
8,2003,4,3,0.009584433
9,2003,4,3,0.009148177
10,2003,4,3,0.008848261
11,2003,4,3,0.008678833
12,2003,4,3,0.008571
13,2003,4,3,0.008490926
14,2003,4,3,0.008435041
15,2003,4,3,0.008385513
16,2003,4,3,0.008362535
1,2004,4,3,0.004150102
2,2004,4,3,0.01870191
3,2004,4,3,0.02439411
4,2004,4,3,0.02159429
5,2004,4,3,0.01675374
6,2004,4,3,0.01382455
7,2004,4,3,0.0122238
8,2004,4,3,0.01132714
9,2004,4,3,0.01085082
10,2004,4,3,0.01053213
11,2004,4,3,0.01036412
12,2004,4,3,0.01026485
13,2004,4,3,0.01019094
14,2004,4,3,0.0101412
15,2004,4,3,0.0100958
16,2004,4,3,0.01008209
1,2005,4,3,0.002111128
2,2005,4,3,0.01048511
3,2005,4,3,0.01325245
4,2005,4,3,0.01177088
5,2005,4,3,0.009195083
6,2005,4,3,0.007608037
7,2005,4,3,0.006719927
8,2005,4,3,0.006209098
9,2005,4,3,0.005926518
10,2005,4,3,0.00573226
11,2005,4,3,0.005622533
12,2005,4,3,0.005552705
13,2005,4,3,0.005500852
14,2005,4,3,0.005464665
15,2005,4,3,0.005432593
16,2005,4,3,0.005417721
1,2006,4,3,0.002323389
2,2006,4,3,0.01104153
3,2006,4,3,0.01415282
4,2006,4,3,0.01255166
5,2006,4,3,0.009775002
6,2006,4,3,0.008078079
7,2006,4,3,0.007138496
8,2006,4,3,0.006604333
9,2006,4,3,0.006313979
10,2006,4,3,0.006116657
11,2006,4,3,0.00600833
12,2006,4,3,0.005941384
13,2006,4,3,0.005891621
14,2006,4,3,0.005857374
15,2006,4,3,0.005826675
16,2006,4,3,0.005814355
1,2007,4,3,0.002400074
2,2007,4,3,0.01190519
3,2007,4,3,0.01505328
4,2007,4,3,0.01336981
5,2007,4,3,0.01044322
6,2007,4,3,0.008640456
7,2007,4,3,0.007631931
8,2007,4,3,0.007052029
9,2007,4,3,0.006731394
10,2007,4,3,0.006511044
11,2007,4,3,0.006386674
12,2007,4,3,0.006307587
13,2007,4,3,0.006248856
14,2007,4,3,0.006207884
15,2007,4,3,0.006171561
16,2007,4,3,0.006154775
1,2008,4,3,0.006673941
2,2008,4,3,0.03309128
3,2008,4,3,0.04184705
4,2008,4,3,0.03716661
5,2008,4,3,0.02903018
6,2008,4,3,0.02401856
7,2008,4,3,0.02121518
8,2008,4,3,0.0196034
9,2008,4,3,0.01871238
10,2008,4,3,0.0181001
11,2008,4,3,0.01775461
12,2008,4,3,0.01753496
13,2008,4,3,0.01737185
14,2008,4,3,0.01725807
15,2008,4,3,0.01715719
16,2008,4,3,0.01711063
1,2009,4,3,0.004949426
2,2009,4,3,0.02458221
3,2009,4,3,0.03107004
4,2009,4,3,0.02759655
5,2009,4,3,0.02155769
6,2009,4,3,0.0178369
7,2009,4,3,0.01575474
8,2009,4,3,0.0145571
9,2009,4,3,0.01389459
10,2009,4,3,0.01343915
11,2009,4,3,0.01318189
12,2009,4,3,0.01301817
13,2009,4,3,0.0128966
14,2009,4,3,0.01281175
15,2009,4,3,0.01273656
16,2009,4,3,0.01270169
1,2010,4,3,0.002512878
2,2010,4,3,0.01248326
3,2010,4,3,0.01577686
4,2010,4,3,0.01401318
5,2010,4,3,0.01094688
6,2010,4,3,0.009057532
7,2010,4,3,0.008000198
8,2010,4,3,0.007391998
9,2010,4,3,0.007055526
10,2010,4,3,0.006824207
11,2010,4,3,0.006693528
12,2010,4,3,0.006610356
13,2010,4,3,0.006548593
14,2010,4,3,0.006505488
15,2010,4,3,0.006467287
16,2010,4,3,0.006449561
1,2011,4,3,0.002304718
2,2011,4,3,0.01144104
3,2011,4,3,0.01446288
4,2011,4,3,0.01284577
5,2011,4,3,0.01003443
6,2011,4,3,0.008302403
7,2011,4,3,0.007333275
8,2011,4,3,0.006775915
9,2011,4,3,0.006467654
10,2011,4,3,0.006255766
11,2011,4,3,0.006136116
12,2011,4,3,0.006059995
13,2011,4,3,0.006003468
14,2011,4,3,0.005964025
15,2011,4,3,0.005929063
16,2011,4,3,0.005912872
1,2012,4,3,0.00295682
2,2012,4,3,0.01452756
3,2012,4,3,0.01842429
4,2012,4,3,0.01635853
5,2012,4,3,0.01276932
6,2012,4,3,0.01056227
7,2012,4,3,0.009330379
8,2012,4,3,0.008623799
9,2012,4,3,0.008234562
10,2012,4,3,0.007967705
11,2012,4,3,0.007817963
12,2012,4,3,0.007723301
13,2012,4,3,0.00765299
14,2012,4,3,0.007604075
15,2012,4,3,0.007560613
16,2012,4,3,0.007541065
1,2013,4,3,0.002646479
2,2013,4,3,0.01314537
3,2013,4,3,0.01661429
4,2013,4,3,0.01475693
5,2013,4,3,0.01152778
6,2013,4,3,0.009538148
7,2013,4,3,0.008424721
8,2013,4,3,0.007784274
9,2013,4,3,0.007429979
10,2013,4,3,0.007186414
11,2013,4,3,0.007048827
12,2013,4,3,0.006961264
13,2013,4,3,0.006896241
14,2013,4,3,0.006850862
15,2013,4,3,0.006810644
16,2013,4,3,0.006791989
1,2014,4,3,0.003324679
2,2014,4,3,0.01651606
3,2014,4,3,0.02087368
4,2014,4,3,0.01854022
5,2014,4,3,0.01448333
6,2014,4,3,0.01198362
7,2014,4,3,0.01058471
8,2014,4,3,0.009780029
9,2014,4,3,0.009334857
10,2014,4,3,0.009028809
11,2014,4,3,0.008855914
12,2014,4,3,0.008745872
13,2014,4,3,0.008664156
14,2014,4,3,0.008607126
15,2014,4,3,0.008556583
16,2014,4,3,0.008533131
1,2015,4,3,0.01456812
2,2015,4,3,0.07210118
3,2015,4,3,0.09123096
4,2015,4,3,0.08102209
5,2015,4,3,0.06327697
6,2015,4,3,0.05235057
7,2015,4,3,0.04624125
8,2015,4,3,0.04273043
9,2015,4,3,0.04079093
10,2015,4,3,0.03945878
11,2015,4,3,0.03870791
12,2015,4,3,0.03823108
13,2015,4,3,0.03787697
14,2015,4,3,0.03763009
15,2015,4,3,0.0374111
16,2015,4,3,0.03731053
1,2016,4,3,0.003975214
2,2016,4,3,0.01973284
3,2016,4,3,0.02494508
4,2016,4,3,0.02215592
5,2016,4,3,0.01730696
6,2016,4,3,0.01431962
7,2016,4,3,0.01264812
8,2016,4,3,0.01168682
9,2016,4,3,0.01115516
10,2016,4,3,0.01078972
11,2016,4,3,0.01058337
12,2016,4,3,0.01045209
13,2016,4,3,0.0103546
14,2016,4,3,0.01028658
15,2016,4,3,0.01022629
16,2016,4,3,0.01019837
1,2017,4,3,0.004220911
2,2017,4,3,0.019043
3,2017,4,3,0.02482942
4,2017,4,3,0.02198053
5,2017,4,3,0.01705482
6,2017,4,3,0.01407346
7,2017,4,3,0.01244372
8,2017,4,3,0.01153052
9,2017,4,3,0.01104516
10,2017,4,3,0.01072031
11,2017,4,3,0.01054889
12,2017,4,3,0.01044748
13,2017,4,3,0.01037199
14,2017,4,3,0.01032116
15,2017,4,3,0.01027477
16,2017,4,3,0.01026065
1,2018,4,3,0.004989474
2,2018,4,3,0.02478629
3,2018,4,3,0.03132594
4,2018,4,3,0.02782403
5,2018,4,3,0.0217357
6,2018,4,3,0.01798429
7,2018,4,3,0.01588489
8,2018,4,3,0.01467727
9,2018,4,3,0.01400918
10,2018,4,3,0.01354988
11,2018,4,3,0.01329041
12,2018,4,3,0.01312527
13,2018,4,3,0.01300263
14,2018,4,3,0.01291705
15,2018,4,3,0.0128412
16,2018,4,3,0.012806
1,2019,4,3,0.002441087
2,2019,4,3,0.01212663
3,2019,4,3,0.01532613
4,2019,4,3,0.01361283
5,2019,4,3,0.01063413
6,2019,4,3,0.008798765
7,2019,4,3,0.007771639
8,2019,4,3,0.007180814
9,2019,4,3,0.006853955
10,2019,4,3,0.006629244
11,2019,4,3,0.006502299
12,2019,4,3,0.006421503
13,2019,4,3,0.006361504
14,2019,4,3,0.006319631
15,2019,4,3,0.006282521
16,2019,4,3,0.006265302
1,2020,4,3,0.0003395128
2,2020,4,3,0.001491547
3,2020,4,3,0.001962288
4,2020,4,3,0.001735507
5,2020,4,3,0.001343996
6,2020,4,3,0.001108199
7,2020,4,3,0.0009801639
8,2020,4,3,0.000908973
9,2020,4,3,0.0008715992
10,2020,4,3,0.0008467988
11,2020,4,3,0.0008340145
12,2020,4,3,0.0008266574
13,2020,4,3,0.0008211747
14,2020,4,3,0.0008175365
15,2020,4,3,0.0008141768
16,2020,4,3,0.0008133678
1,2021,4,3,0.0002139118
2,2021,4,3,0.001061635
3,2021,4,3,0.001342141
4,2021,4,3,0.001192065
5,2021,4,3,0.0009311614
6,2021,4,3,0.0007704302
7,2021,4,3,0.0006805008
8,2021,4,3,0.0006287843
9,2021,4,3,0.0006001839
10,2021,4,3,0.0005805263
11,2021,4,3,0.0005694275
12,2021,4,3,0.0005623676
13,2021,4,3,0.0005571249
14,2021,4,3,0.000553467
15,2021,4,3,0.0005502244
16,2021,4,3,0.0005487238
1,2022,4,3,0.003820803
2,2022,4,3,0.01852041
3,2022,4,3,0.02358904
4,2022,4,3,0.02093454
5,2022,4,3,0.01632599
6,2022,4,3,0.01349921
7,2022,4,3,0.01192652
8,2022,4,3,0.01102767
9,2022,4,3,0.01053515
10,2022,4,3,0.01019866
11,2022,4,3,0.01001146
12,2022,4,3,0.009894148
13,2022,4,3,0.009806992
14,2022,4,3,0.009746609
15,2022,4,3,0.009692775
16,2022,4,3,0.009669566
1,2023,4,3,0.001282744
2,2023,4,3,0.004557203
3,2023,4,3,0.006478058
4,2023,4,3,0.00568485
5,2023,4,3,0.00433153
6,2023,4,3,0.003548269
7,2023,4,3,0.003146443
8,2023,4,3,0.002938174
9,2023,4,3,0.002841666
10,2023,4,3,0.002783634
11,2023,4,3,0.002762259
12,2023,4,3,0.00275591
13,2023,4,3,0.002751015
14,2023,4,3,0.00274935
15,2023,4,3,0.002746615
16,2023,4,3,0.002752324
1,2024,4,3,0.006657207
2,2024,4,3,0.03251635
3,2024,4,3,0.0413151
4,2024,4,3,0.03667542
5,2024,4,3,0.02861683
6,2024,4,3,0.02366689
7,2024,4,3,0.02090791
8,2024,4,3,0.01932788
9,2024,4,3,0.01845949
10,2024,4,3,0.01786502
11,2024,4,3,0.01753268
12,2024,4,3,0.01732337
13,2024,4,3,0.01716788
14,2024,4,3,0.0170599
15,2024,4,3,0.01696382
16,2024,4,3,0.01692138
1,1972,1,4,5.713396e-05
2,1972,1,4,0.000280008
3,1972,1,4,0.0007533759
4,1972,1,4,0.0008056792
5,1972,1,4,0.0007875413
6,1972,1,4,0.00069233
7,1972,1,4,0.0006075068
8,1972,1,4,0.0005456728
9,1972,1,4,0.0005043003
10,1972,1,4,0.0004741259
11,1972,1,4,0.0004540844
12,1972,1,4,0.0004400272
13,1972,1,4,0.0004296606
14,1972,1,4,0.0004221633
15,1972,1,4,0.0004162594
16,1972,1,4,0.0004124537
1,1973,1,4,0.0003196737
2,1973,1,4,0.00156669
3,1973,1,4,0.004215259
4,1973,1,4,0.004507905
5,1973,1,4,0.00440642
6,1973,1,4,0.003873698
7,1973,1,4,0.003399098
8,1973,1,4,0.003053127
9,1973,1,4,0.002821641
10,1973,1,4,0.00265281
11,1973,1,4,0.002540675
12,1973,1,4,0.002462023
13,1973,1,4,0.00240402
14,1973,1,4,0.002362072
15,1973,1,4,0.002329038
16,1973,1,4,0.002307745
1,1974,1,4,6.652439e-06
2,1974,1,4,3.260297e-05
3,1974,1,4,8.771993e-05
4,1974,1,4,9.38099e-05
5,1974,1,4,9.169798e-05
6,1974,1,4,8.061198e-05
7,1974,1,4,7.073553e-05
8,1974,1,4,6.353583e-05
9,1974,1,4,5.87186e-05
10,1974,1,4,5.520521e-05
11,1974,1,4,5.287167e-05
12,1974,1,4,5.123491e-05
13,1974,1,4,5.002786e-05
14,1974,1,4,4.915491e-05
15,1974,1,4,4.846748e-05
16,1974,1,4,4.802436e-05
1,1975,1,4,0.0005194861
2,1975,1,4,0.002545951
3,1975,1,4,0.006850012
4,1975,1,4,0.007325576
5,1975,1,4,0.007160658
6,1975,1,4,0.006294957
7,1975,1,4,0.005523709
8,1975,1,4,0.004961487
9,1975,1,4,0.004585312
10,1975,1,4,0.004310953
11,1975,1,4,0.004128727
12,1975,1,4,0.004000913
13,1975,1,4,0.003906656
14,1975,1,4,0.003838487
15,1975,1,4,0.003784806
16,1975,1,4,0.003750203
1,1976,1,4,0.0001931014
2,1976,1,4,0.0009463713
3,1976,1,4,0.00254626
4,1976,1,4,0.002723035
5,1976,1,4,0.002661733
6,1976,1,4,0.002339938
7,1976,1,4,0.002053252
8,1976,1,4,0.001844265
9,1976,1,4,0.001704435
10,1976,1,4,0.001602451
11,1976,1,4,0.001534715
12,1976,1,4,0.001487204
13,1976,1,4,0.001452167
14,1976,1,4,0.001426828
15,1976,1,4,0.001406874
16,1976,1,4,0.001394011
1,1977,1,4,0.0004272136
2,1977,1,4,0.002093733
3,1977,1,4,0.005633295
4,1977,1,4,0.006024388
5,1977,1,4,0.005888763
6,1977,1,4,0.00517683
7,1977,1,4,0.004542573
8,1977,1,4,0.004080215
9,1977,1,4,0.003770857
10,1977,1,4,0.00354523
11,1977,1,4,0.003395372
12,1977,1,4,0.003290261
13,1977,1,4,0.003212745
14,1977,1,4,0.003156685
15,1977,1,4,0.003112539
16,1977,1,4,0.003084082
1,1978,1,4,0.0002200742
2,1978,1,4,0.001078563
3,1978,1,4,0.002901928
4,1978,1,4,0.003103395
5,1978,1,4,0.00303353
6,1978,1,4,0.002666785
7,1978,1,4,0.002340055
8,1978,1,4,0.002101876
9,1978,1,4,0.001942514
10,1978,1,4,0.001826285
11,1978,1,4,0.001749087
12,1978,1,4,0.00169494
13,1978,1,4,0.001655009
14,1978,1,4,0.00162613
15,1978,1,4,0.001603389
16,1978,1,4,0.00158873
1,1979,1,4,0.0009709302
2,1979,1,4,0.004758435
3,1979,1,4,0.01280281
4,1979,1,4,0.01369165
5,1979,1,4,0.01338342
6,1979,1,4,0.0117654
7,1979,1,4,0.01032393
8,1979,1,4,0.009273122
9,1979,1,4,0.008570042
10,1979,1,4,0.008057259
11,1979,1,4,0.007716676
12,1979,1,4,0.007477789
13,1979,1,4,0.00730162
14,1979,1,4,0.007174211
15,1979,1,4,0.00707388
16,1979,1,4,0.007009207
1,1980,1,4,0.0002069153
2,1980,1,4,0.001014072
3,1980,1,4,0.002728412
4,1980,1,4,0.002917833
5,1980,1,4,0.002852145
6,1980,1,4,0.00250733
7,1980,1,4,0.002200136
8,1980,1,4,0.001976199
9,1980,1,4,0.001826365
10,1980,1,4,0.001717086
11,1980,1,4,0.001644504
12,1980,1,4,0.001593595
13,1980,1,4,0.001556051
14,1980,1,4,0.001528899
15,1980,1,4,0.001507517
16,1980,1,4,0.001493735
1,1981,1,4,0.0003482781
2,1981,1,4,0.001706877
3,1981,1,4,0.004592441
4,1981,1,4,0.004911272
5,1981,1,4,0.004800707
6,1981,1,4,0.004220316
7,1981,1,4,0.00370325
8,1981,1,4,0.003326321
9,1981,1,4,0.003074122
10,1981,1,4,0.002890184
11,1981,1,4,0.002768015
12,1981,1,4,0.002682325
13,1981,1,4,0.002619132
14,1981,1,4,0.00257343
15,1981,1,4,0.00253744
16,1981,1,4,0.002514242
1,1982,1,4,0.001052031
2,1982,1,4,0.005155904
3,1982,1,4,0.01387222
4,1982,1,4,0.01483531
5,1982,1,4,0.01450132
6,1982,1,4,0.01274816
7,1982,1,4,0.01118628
8,1982,1,4,0.0100477
9,1982,1,4,0.009285892
10,1982,1,4,0.008730277
11,1982,1,4,0.008361245
12,1982,1,4,0.008102404
13,1982,1,4,0.007911519
14,1982,1,4,0.007773468
15,1982,1,4,0.007664757
16,1982,1,4,0.007594681
1,1983,1,4,0.00110286
2,1983,1,4,0.005405008
3,1983,1,4,0.01454245
4,1983,1,4,0.01555206
5,1983,1,4,0.01520195
6,1983,1,4,0.01336408
7,1983,1,4,0.01172673
8,1983,1,4,0.01053315
9,1983,1,4,0.009734533
10,1983,1,4,0.009152074
11,1983,1,4,0.008765213
12,1983,1,4,0.008493866
13,1983,1,4,0.008293759
14,1983,1,4,0.008149038
15,1983,1,4,0.008035074
16,1983,1,4,0.007961613
1,1984,1,4,0.001329446
2,1984,1,4,0.006515488
3,1984,1,4,0.01753025
4,1984,1,4,0.0187473
5,1984,1,4,0.01832525
6,1984,1,4,0.01610978
7,1984,1,4,0.01413604
8,1984,1,4,0.01269722
9,1984,1,4,0.01173453
10,1984,1,4,0.0110324
11,1984,1,4,0.01056606
12,1984,1,4,0.01023896
13,1984,1,4,0.009997744
14,1984,1,4,0.009823291
15,1984,1,4,0.009685912
16,1984,1,4,0.009597358
1,1985,1,4,0.000122483
2,1985,1,4,0.0006002775
3,1985,1,4,0.001615078
4,1985,1,4,0.001727205
5,1985,1,4,0.001688321
6,1985,1,4,0.001484208
7,1985,1,4,0.001302365
8,1985,1,4,0.001169806
9,1985,1,4,0.001081113
10,1985,1,4,0.001016425
11,1985,1,4,0.0009734603
12,1985,1,4,0.0009433247
13,1985,1,4,0.0009211008
14,1985,1,4,0.0009050282
15,1985,1,4,0.0008923715
16,1985,1,4,0.0008842128
1,1986,1,4,0.0006287567
2,1986,1,4,0.003081475
3,1986,1,4,0.008290868
4,1986,1,4,0.008866464
5,1986,1,4,0.008666856
6,1986,1,4,0.007619061
7,1986,1,4,0.006685585
8,1986,1,4,0.006005104
9,1986,1,4,0.005549803
10,1986,1,4,0.005217734
11,1986,1,4,0.004997179
12,1986,1,4,0.00484248
13,1986,1,4,0.004728395
14,1986,1,4,0.004645888
15,1986,1,4,0.004580916
16,1986,1,4,0.004539034
1,1987,1,4,0.001359034
2,1987,1,4,0.006660494
3,1987,1,4,0.0179204
4,1987,1,4,0.01916453
5,1987,1,4,0.01873309
6,1987,1,4,0.01646832
7,1987,1,4,0.01445064
8,1987,1,4,0.01297981
9,1987,1,4,0.01199569
10,1987,1,4,0.01127794
11,1987,1,4,0.01080122
12,1987,1,4,0.01046684
13,1987,1,4,0.01022025
14,1987,1,4,0.01004191
15,1987,1,4,0.009901479
16,1987,1,4,0.009810953
1,1988,1,4,0.0004636724
2,1988,1,4,0.002272413
3,1988,1,4,0.006114045
4,1988,1,4,0.006538514
5,1988,1,4,0.006391315
6,1988,1,4,0.005618625
7,1988,1,4,0.00493024
8,1988,1,4,0.004428424
9,1988,1,4,0.004092665
10,1988,1,4,0.003847783
11,1988,1,4,0.003685136
12,1988,1,4,0.003571054
13,1988,1,4,0.003486923
14,1988,1,4,0.003426079
15,1988,1,4,0.003378165
16,1988,1,4,0.00334728
1,1989,1,4,0.0002050526
2,1989,1,4,0.001004943
3,1989,1,4,0.00270385
4,1989,1,4,0.002891566
5,1989,1,4,0.002826469
6,1989,1,4,0.002484758
7,1989,1,4,0.002180329
8,1989,1,4,0.001958408
9,1989,1,4,0.001809923
10,1989,1,4,0.001701628
11,1989,1,4,0.001629699
12,1989,1,4,0.001579248
13,1989,1,4,0.001542043
14,1989,1,4,0.001515135
15,1989,1,4,0.001493946
16,1989,1,4,0.001480287
1,1990,1,4,0.0001185593
2,1990,1,4,0.0005810478
3,1990,1,4,0.001563339
4,1990,1,4,0.001671874
5,1990,1,4,0.001634236
6,1990,1,4,0.001436662
7,1990,1,4,0.001260644
8,1990,1,4,0.001132332
9,1990,1,4,0.001046479
10,1990,1,4,0.000983864
11,1990,1,4,0.0009422758
12,1990,1,4,0.0009131055
13,1990,1,4,0.0008915936
14,1990,1,4,0.0008760359
15,1990,1,4,0.0008637846
16,1990,1,4,0.0008558873
1,1991,1,4,0.0001565143
2,1991,1,4,0.0007670616
3,1991,1,4,0.002063819
4,1991,1,4,0.0022071
5,1991,1,4,0.002157412
6,1991,1,4,0.001896588
7,1991,1,4,0.001664221
8,1991,1,4,0.001494831
9,1991,1,4,0.001381494
10,1991,1,4,0.001298833
11,1991,1,4,0.001243931
12,1991,1,4,0.001205423
13,1991,1,4,0.001177024
14,1991,1,4,0.001156486
15,1991,1,4,0.001140312
16,1991,1,4,0.001129887
1,1992,1,4,9.72124e-06
2,1992,1,4,4.764286e-05
3,1992,1,4,0.0001281855
4,1992,1,4,0.0001370849
5,1992,1,4,0.0001339987
6,1992,1,4,0.0001177987
7,1992,1,4,0.0001033662
8,1992,1,4,9.284521e-05
9,1992,1,4,8.580577e-05
10,1992,1,4,8.067164e-05
11,1992,1,4,7.726163e-05
12,1992,1,4,7.486982e-05
13,1992,1,4,7.310596e-05
14,1992,1,4,7.183031e-05
15,1992,1,4,7.082577e-05
16,1992,1,4,7.017823e-05
1,1993,1,4,0.0002566115
2,1993,1,4,0.001257628
3,1993,1,4,0.003383713
4,1993,1,4,0.003618629
5,1993,1,4,0.003537164
6,1993,1,4,0.003109532
7,1993,1,4,0.002728557
8,1993,1,4,0.002450835
9,1993,1,4,0.002265015
10,1993,1,4,0.002129489
11,1993,1,4,0.002039475
12,1993,1,4,0.001976339
13,1993,1,4,0.001929778
14,1993,1,4,0.001896105
15,1993,1,4,0.001869588
16,1993,1,4,0.001852495
1,1994,1,4,0.0001847882
2,1994,1,4,0.0009056289
3,1994,1,4,0.002436641
4,1994,1,4,0.002605806
5,1994,1,4,0.002547142
6,1994,1,4,0.002239201
7,1994,1,4,0.001964857
8,1994,1,4,0.001764868
9,1994,1,4,0.001631057
10,1994,1,4,0.001533464
11,1994,1,4,0.001468644
12,1994,1,4,0.001423179
13,1994,1,4,0.00138965
14,1994,1,4,0.001365401
15,1994,1,4,0.001346306
16,1994,1,4,0.001333997
1,1995,1,4,0.0005872935
2,1995,1,4,0.002878268
3,1995,1,4,0.007744129
4,1995,1,4,0.008281767
5,1995,1,4,0.008095323
6,1995,1,4,0.007116624
7,1995,1,4,0.006244706
8,1995,1,4,0.005609099
9,1995,1,4,0.005183823
10,1995,1,4,0.004873652
11,1995,1,4,0.004667641
12,1995,1,4,0.004523144
13,1995,1,4,0.004416583
14,1995,1,4,0.004339516
15,1995,1,4,0.004278828
16,1995,1,4,0.004239709
1,1996,1,4,0.000124464
2,1996,1,4,0.0006099858
3,1996,1,4,0.001641198
4,1996,1,4,0.001755139
5,1996,1,4,0.001715626
6,1996,1,4,0.001508212
7,1996,1,4,0.001323428
8,1996,1,4,0.001188725
9,1996,1,4,0.001098597
10,1996,1,4,0.001032863
11,1996,1,4,0.000989204
12,1996,1,4,0.000958581
13,1996,1,4,0.0009359977
14,1996,1,4,0.0009196652
15,1996,1,4,0.0009068037
16,1996,1,4,0.0008985131
1,1997,1,4,0.0002200277
2,1997,1,4,0.001078334
3,1997,1,4,0.002901314
4,1997,1,4,0.003102738
5,1997,1,4,0.003032888
6,1997,1,4,0.002666221
7,1997,1,4,0.00233956
8,1997,1,4,0.002101432
9,1997,1,4,0.001942103
10,1997,1,4,0.001825899
11,1997,1,4,0.001748717
12,1997,1,4,0.001694582
13,1997,1,4,0.001654659
14,1997,1,4,0.001625786
15,1997,1,4,0.00160305
16,1997,1,4,0.001588394
1,1998,1,4,0.001229503
2,1998,1,4,0.006025676
3,1998,1,4,0.01621239
4,1998,1,4,0.01733794
5,1998,1,4,0.01694762
6,1998,1,4,0.0148987
7,1998,1,4,0.01307334
8,1998,1,4,0.01174269
9,1998,1,4,0.01085237
10,1998,1,4,0.01020303
11,1998,1,4,0.00977174
12,1998,1,4,0.009469234
13,1998,1,4,0.009246148
14,1998,1,4,0.009084809
15,1998,1,4,0.008957758
16,1998,1,4,0.008875861
1,1999,1,4,0.001241873
2,1999,1,4,0.0060863
3,1999,1,4,0.0163755
4,1999,1,4,0.01751238
5,1999,1,4,0.01711813
6,1999,1,4,0.0150486
7,1999,1,4,0.01320487
8,1999,1,4,0.01186083
9,1999,1,4,0.01096156
10,1999,1,4,0.01030568
11,1999,1,4,0.009870054
12,1999,1,4,0.009564504
13,1999,1,4,0.009339173
14,1999,1,4,0.009176211
15,1999,1,4,0.009047882
16,1999,1,4,0.008965161
1,2000,1,4,0.000647818
2,2000,1,4,0.003174893
3,2000,1,4,0.008542213
4,2000,1,4,0.009135259
5,2000,1,4,0.0089296
6,2000,1,4,0.007850039
7,2000,1,4,0.006888265
8,2000,1,4,0.006187155
9,2000,1,4,0.00571805
10,2000,1,4,0.005375914
11,2000,1,4,0.005148673
12,2000,1,4,0.004989284
13,2000,1,4,0.004871741
14,2000,1,4,0.004786733
15,2000,1,4,0.00471979
16,2000,1,4,0.004676639
1,2001,1,4,0.001919338
2,2001,1,4,0.009406489
3,2001,1,4,0.02530864
4,2001,1,4,0.0270657
5,2001,1,4,0.02645638
6,2001,1,4,0.02325789
7,2001,1,4,0.02040837
8,2001,1,4,0.01833114
9,2001,1,4,0.01694129
10,2001,1,4,0.01592762
11,2001,1,4,0.01525435
12,2001,1,4,0.01478212
13,2001,1,4,0.01443387
14,2001,1,4,0.014182
15,2001,1,4,0.01398367
16,2001,1,4,0.01385582
1,2002,1,4,0.002056898
2,2002,1,4,0.01008066
3,2002,1,4,0.02712252
4,2002,1,4,0.02900551
5,2002,1,4,0.02835252
6,2002,1,4,0.02492479
7,2002,1,4,0.02187104
8,2002,1,4,0.01964494
9,2002,1,4,0.01815548
10,2002,1,4,0.01706915
11,2002,1,4,0.01634764
12,2002,1,4,0.01584156
13,2002,1,4,0.01546835
14,2002,1,4,0.01519843
15,2002,1,4,0.01498588
16,2002,1,4,0.01484887
1,2003,1,4,0.0007322486
2,2003,1,4,0.003588679
3,2003,1,4,0.009655526
4,2003,1,4,0.01032586
5,2003,1,4,0.0100934
6,2003,1,4,0.00887314
7,2003,1,4,0.007786017
8,2003,1,4,0.006993531
9,2003,1,4,0.006463288
10,2003,1,4,0.006076561
11,2003,1,4,0.005819703
12,2003,1,4,0.005639541
13,2003,1,4,0.005506679
14,2003,1,4,0.005410591
15,2003,1,4,0.005334924
16,2003,1,4,0.005286149
1,2004,1,4,3.592182e-05
2,2004,1,4,0.0001760494
3,2004,1,4,0.0004736699
4,2004,1,4,0.0005065545
5,2004,1,4,0.0004951506
6,2004,1,4,0.0004352885
7,2004,1,4,0.0003819576
8,2004,1,4,0.0003430807
9,2004,1,4,0.0003170686
10,2004,1,4,0.000298097
11,2004,1,4,0.0002854964
12,2004,1,4,0.0002766582
13,2004,1,4,0.0002701404
14,2004,1,4,0.0002654266
15,2004,1,4,0.0002617146
16,2004,1,4,0.0002593219
1,2005,1,4,0.0004771065
2,2005,1,4,0.002338253
3,2005,1,4,0.00629119
4,2005,1,4,0.006727957
5,2005,1,4,0.006576493
6,2005,1,4,0.005781416
7,2005,1,4,0.005073086
8,2005,1,4,0.00455673
9,2005,1,4,0.004211243
10,2005,1,4,0.003959266
11,2005,1,4,0.003791907
12,2005,1,4,0.00367452
13,2005,1,4,0.003587952
14,2005,1,4,0.003525344
15,2005,1,4,0.003476043
16,2005,1,4,0.003444262
1,2006,1,4,0.0002957521
2,2006,1,4,0.001449452
3,2006,1,4,0.003899826
4,2006,1,4,0.004170572
5,2006,1,4,0.004076682
6,2006,1,4,0.003583824
7,2006,1,4,0.003144739
8,2006,1,4,0.002824658
9,2006,1,4,0.002610495
10,2006,1,4,0.002454297
11,2006,1,4,0.002350553
12,2006,1,4,0.002277787
13,2006,1,4,0.002224124
14,2006,1,4,0.002185315
15,2006,1,4,0.002154753
16,2006,1,4,0.002135053
1,2007,1,4,0.002311863
2,2007,1,4,0.01133021
3,2007,1,4,0.03048452
4,2007,1,4,0.03260092
5,2007,1,4,0.03186699
6,2007,1,4,0.02801437
7,2007,1,4,0.02458209
8,2007,1,4,0.02208005
9,2007,1,4,0.02040596
10,2007,1,4,0.01918498
11,2007,1,4,0.01837403
12,2007,1,4,0.01780522
13,2007,1,4,0.01738574
14,2007,1,4,0.01708237
15,2007,1,4,0.01684348
16,2007,1,4,0.01668948
1,2008,1,4,0.0009744735
2,2008,1,4,0.0047758
3,2008,1,4,0.01284954
4,2008,1,4,0.01374162
5,2008,1,4,0.01343226
6,2008,1,4,0.01180834
7,2008,1,4,0.0103616
8,2008,1,4,0.009306963
9,2008,1,4,0.008601317
10,2008,1,4,0.008086663
11,2008,1,4,0.007744837
12,2008,1,4,0.007505079
13,2008,1,4,0.007328266
14,2008,1,4,0.007200393
15,2008,1,4,0.007099695
16,2008,1,4,0.007034786
1,2009,1,4,3.177073e-05
2,2009,1,4,0.0001557053
3,2009,1,4,0.000418933
4,2009,1,4,0.0004480176
5,2009,1,4,0.0004379315
6,2009,1,4,0.000384987
7,2009,1,4,0.000337819
8,2009,1,4,0.0003034346
9,2009,1,4,0.0002804285
10,2009,1,4,0.0002636492
11,2009,1,4,0.0002525047
12,2009,1,4,0.0002446878
13,2009,1,4,0.0002389232
14,2009,1,4,0.0002347542
15,2009,1,4,0.0002314712
16,2009,1,4,0.0002293549
1,2010,1,4,0.0006921493
2,2010,1,4,0.003392157
3,2010,1,4,0.009126772
4,2010,1,4,0.0097604
5,2010,1,4,0.009540668
6,2010,1,4,0.008387231
7,2010,1,4,0.007359641
8,2010,1,4,0.006610552
9,2010,1,4,0.006109346
10,2010,1,4,0.005743797
11,2010,1,4,0.005501005
12,2010,1,4,0.005330709
13,2010,1,4,0.005205123
14,2010,1,4,0.005114297
15,2010,1,4,0.005042774
16,2010,1,4,0.00499667
1,2011,1,4,6.672801e-07
2,2011,1,4,3.270281e-06
3,2011,1,4,8.798837e-06
4,2011,1,4,9.409689e-06
5,2011,1,4,9.197839e-06
6,2011,1,4,8.085844e-06
7,2011,1,4,7.095178e-06
8,2011,1,4,6.373008e-06
9,2011,1,4,5.889812e-06
10,2011,1,4,5.5374e-06
11,2011,1,4,5.303333e-06
12,2011,1,4,5.139157e-06
13,2011,1,4,5.018083e-06
14,2011,1,4,4.930521e-06
15,2011,1,4,4.861568e-06
16,2011,1,4,4.817121e-06
1,2012,1,4,0.001114169
2,2012,1,4,0.005460434
3,2012,1,4,0.01469158
4,2012,1,4,0.01571154
5,2012,1,4,0.01535784
6,2012,1,4,0.01350112
7,2012,1,4,0.01184699
8,2012,1,4,0.01064116
9,2012,1,4,0.009834357
10,2012,1,4,0.009245925
11,2012,1,4,0.008855097
12,2012,1,4,0.008580967
13,2012,1,4,0.008378808
14,2012,1,4,0.008232603
15,2012,1,4,0.008117471
16,2012,1,4,0.008043256
1,2013,1,4,3.578464e-05
2,2013,1,4,0.0001753771
3,2013,1,4,0.0004718609
4,2013,1,4,0.00050462
5,2013,1,4,0.0004932597
6,2013,1,4,0.0004336261
7,2013,1,4,0.0003804989
8,2013,1,4,0.0003417705
9,2013,1,4,0.0003158578
10,2013,1,4,0.0002969586
11,2013,1,4,0.0002844061
12,2013,1,4,0.0002756017
13,2013,1,4,0.0002691087
14,2013,1,4,0.000264413
15,2013,1,4,0.0002607152
16,2013,1,4,0.0002583316
1,2014,1,4,0.0001936328
2,2014,1,4,0.0009489756
3,2014,1,4,0.002553268
4,2014,1,4,0.002730529
5,2014,1,4,0.002669058
6,2014,1,4,0.002346377
7,2014,1,4,0.002058902
8,2014,1,4,0.001849341
9,2014,1,4,0.001709125
10,2014,1,4,0.001606861
11,2014,1,4,0.001538938
12,2014,1,4,0.001491297
13,2014,1,4,0.001456163
14,2014,1,4,0.001430754
15,2014,1,4,0.001410745
16,2014,1,4,0.001397847
1,2015,1,4,0.001413634
2,2015,1,4,0.006928081
3,2015,1,4,0.01864036
4,2015,1,4,0.01993447
5,2015,1,4,0.01948569
6,2015,1,4,0.01712993
7,2015,1,4,0.0150312
8,2015,1,4,0.01350128
9,2015,1,4,0.01247762
10,2015,1,4,0.01173103
11,2015,1,4,0.01123516
12,2015,1,4,0.01088735
13,2015,1,4,0.01063085
14,2015,1,4,0.01044535
15,2015,1,4,0.01029927
16,2015,1,4,0.01020511
1,2016,1,4,0.00150037
2,2016,1,4,0.007353168
3,2016,1,4,0.01978408
4,2016,1,4,0.02115759
5,2016,1,4,0.02068128
6,2016,1,4,0.01818098
7,2016,1,4,0.01595347
8,2016,1,4,0.01432967
9,2016,1,4,0.01324321
10,2016,1,4,0.01245081
11,2016,1,4,0.01192451
12,2016,1,4,0.01155536
13,2016,1,4,0.01128313
14,2016,1,4,0.01108625
15,2016,1,4,0.01093121
16,2016,1,4,0.01083127
1,2017,1,4,0.001423764
2,2017,1,4,0.006977731
3,2017,1,4,0.01877394
4,2017,1,4,0.02007733
5,2017,1,4,0.01962534
6,2017,1,4,0.0172527
7,2017,1,4,0.01513892
8,2017,1,4,0.01359803
9,2017,1,4,0.01256704
10,2017,1,4,0.0118151
11,2017,1,4,0.01131567
12,2017,1,4,0.01096537
13,2017,1,4,0.01070704
14,2017,1,4,0.01052021
15,2017,1,4,0.01037308
16,2017,1,4,0.01027824
1,2018,1,4,0.002467494
2,2018,1,4,0.01209295
3,2018,1,4,0.03253671
4,2018,1,4,0.03479558
5,2018,1,4,0.03401224
6,2018,1,4,0.02990026
7,2018,1,4,0.02623693
8,2018,1,4,0.02356645
9,2018,1,4,0.02177966
10,2018,1,4,0.02047649
11,2018,1,4,0.01961094
12,2018,1,4,0.01900384
13,2018,1,4,0.01855613
14,2018,1,4,0.01823234
15,2018,1,4,0.01797736
16,2018,1,4,0.017813
1,2019,1,4,0.002321697
2,2019,1,4,0.01137841
3,2019,1,4,0.0306142
4,2019,1,4,0.0327396
5,2019,1,4,0.03200255
6,2019,1,4,0.02813354
7,2019,1,4,0.02468666
8,2019,1,4,0.02217397
9,2019,1,4,0.02049276
10,2019,1,4,0.01926659
11,2019,1,4,0.01845218
12,2019,1,4,0.01788096
13,2019,1,4,0.0174597
14,2019,1,4,0.01715504
15,2019,1,4,0.01691513
16,2019,1,4,0.01676048
1,2020,1,4,0.0002568176
2,2020,1,4,0.001258638
3,2020,1,4,0.003386431
4,2020,1,4,0.003621535
5,2020,1,4,0.003540005
6,2020,1,4,0.003112029
7,2020,1,4,0.002730748
8,2020,1,4,0.002452804
9,2020,1,4,0.002266834
10,2020,1,4,0.0021312
11,2020,1,4,0.002041113
12,2020,1,4,0.001977926
13,2020,1,4,0.001931328
14,2020,1,4,0.001897628
15,2020,1,4,0.001871089
16,2020,1,4,0.001853983
1,2021,1,4,0.001164228
2,2021,1,4,0.005705771
3,2021,1,4,0.01535167
4,2021,1,4,0.01641746
5,2021,1,4,0.01604786
6,2021,1,4,0.01410773
7,2021,1,4,0.01237927
8,2021,1,4,0.01111927
9,2021,1,4,0.01027621
10,2021,1,4,0.009661343
11,2021,1,4,0.009252955
12,2021,1,4,0.008966509
13,2021,1,4,0.008755267
14,2021,1,4,0.008602493
15,2021,1,4,0.008482188
16,2021,1,4,0.008404638
1,2022,1,4,0.0005208783
2,2022,1,4,0.002552774
3,2022,1,4,0.00686837
4,2022,1,4,0.007345208
5,2022,1,4,0.007179848
6,2022,1,4,0.006311827
7,2022,1,4,0.005538512
8,2022,1,4,0.004974784
9,2022,1,4,0.0045976
10,2022,1,4,0.004322506
11,2022,1,4,0.004139792
12,2022,1,4,0.004011636
13,2022,1,4,0.003917125
14,2022,1,4,0.003848774
15,2022,1,4,0.003794949
16,2022,1,4,0.003760253
1,2023,1,4,0.001207373
2,2023,1,4,0.00591722
3,2023,1,4,0.01592058
4,2023,1,4,0.01702587
5,2023,1,4,0.01664258
6,2023,1,4,0.01463054
7,2023,1,4,0.01283803
8,2023,1,4,0.01153133
9,2023,1,4,0.01065704
10,2023,1,4,0.01001938
11,2023,1,4,0.009595859
12,2023,1,4,0.009298798
13,2023,1,4,0.009079727
14,2023,1,4,0.008921292
15,2023,1,4,0.008796528
16,2023,1,4,0.008716104
1,2024,1,4,0.0004007915
2,2024,1,4,0.00196424
3,2024,1,4,0.005284889
4,2024,1,4,0.005651794
5,2024,1,4,0.005524557
6,2024,1,4,0.004856656
7,2024,1,4,0.004261626
8,2024,1,4,0.003827864
9,2024,1,4,0.003537638
10,2024,1,4,0.003325966
11,2024,1,4,0.003185376
12,2024,1,4,0.003086766
13,2024,1,4,0.003014045
14,2024,1,4,0.002961452
15,2024,1,4,0.002920036
16,2024,1,4,0.002893339
1,1972,2,4,0.0001117255
2,1972,2,4,0.0005475559
3,1972,2,4,0.001473227
4,1972,2,4,0.001575506
5,1972,2,4,0.001540038
6,1972,2,4,0.001353852
7,1972,2,4,0.00118798
8,1972,2,4,0.001067064
9,1972,2,4,0.0009861598
10,1972,2,4,0.0009271535
11,1972,2,4,0.0008879624
12,1972,2,4,0.0008604736
13,1972,2,4,0.0008402016
14,1972,2,4,0.0008255407
15,1972,2,4,0.0008139955
16,1972,2,4,0.0008065535
1,1973,2,4,1.839588e-05
2,1973,2,4,9.015643e-05
3,1973,2,4,0.0002425705
4,1973,2,4,0.000259411
5,1973,2,4,0.000253571
6,1973,2,4,0.000222915
7,1973,2,4,0.0001956038
8,1973,2,4,0.0001756946
9,1973,2,4,0.0001623736
10,1973,2,4,0.0001526581
11,1973,2,4,0.0001462052
12,1973,2,4,0.0001416791
13,1973,2,4,0.0001383413
14,1973,2,4,0.0001359273
15,1973,2,4,0.0001340264
16,1973,2,4,0.000132801
1,1974,2,4,3.147174e-05
2,1974,2,4,0.00015424
3,1974,2,4,0.0004149905
4,1974,2,4,0.0004438013
5,1974,2,4,0.0004338102
6,1974,2,4,0.0003813639
7,1974,2,4,0.0003346398
8,1974,2,4,0.0003005791
9,1974,2,4,0.0002777894
10,1974,2,4,0.0002611681
11,1974,2,4,0.0002501284
12,1974,2,4,0.0002423851
13,1974,2,4,0.0002366748
14,1974,2,4,0.000232545
15,1974,2,4,0.0002292928
16,1974,2,4,0.0002271965
1,1975,2,4,0.0006978734
2,1975,2,4,0.00342021
3,1975,2,4,0.009202251
4,1975,2,4,0.00984112
5,1975,2,4,0.00961957
6,1975,2,4,0.008456595
7,1975,2,4,0.007420506
8,1975,2,4,0.006665222
9,1975,2,4,0.006159871
10,1975,2,4,0.005791299
11,1975,2,4,0.005546499
12,1975,2,4,0.005374795
13,1975,2,4,0.00524817
14,1975,2,4,0.005156593
15,1975,2,4,0.005084478
16,1975,2,4,0.005037993
1,1976,2,4,6.485471e-05
2,1976,2,4,0.0003178467
3,1976,2,4,0.0008551828
4,1976,2,4,0.0009145541
5,1976,2,4,0.0008939651
6,1976,2,4,0.0007858875
7,1976,2,4,0.0006896018
8,1976,2,4,0.0006194118
9,1976,2,4,0.0005724486
10,1976,2,4,0.0005381965
11,1976,2,4,0.0005154468
12,1976,2,4,0.00049949
13,1976,2,4,0.0004877224
14,1976,2,4,0.000479212
15,1976,2,4,0.0004725103
16,1976,2,4,0.0004681903
1,1977,2,4,0.001221928
2,1977,2,4,0.00598855
3,1977,2,4,0.0161125
4,1977,2,4,0.01723112
5,1977,2,4,0.0168432
6,1977,2,4,0.01480691
7,1977,2,4,0.01299279
8,1977,2,4,0.01167034
9,1977,2,4,0.01078551
10,1977,2,4,0.01014016
11,1977,2,4,0.009711535
12,1977,2,4,0.009410892
13,1977,2,4,0.009189181
14,1977,2,4,0.009028836
15,1977,2,4,0.008902568
16,1977,2,4,0.008821175
1,1978,2,4,0.000736847
2,1978,2,4,0.003611216
3,1978,2,4,0.009716161
4,1978,2,4,0.01039071
5,1978,2,4,0.01015679
6,1978,2,4,0.008928862
7,1978,2,4,0.007834912
8,1978,2,4,0.007037449
9,1978,2,4,0.006503876
10,1978,2,4,0.006114721
11,1978,2,4,0.00585625
12,1978,2,4,0.005674956
13,1978,2,4,0.00554126
14,1978,2,4,0.005444568
15,1978,2,4,0.005368426
16,1978,2,4,0.005319345
1,1979,2,4,0.0005029251
2,1979,2,4,0.002464787
3,1979,2,4,0.006631637
4,1979,2,4,0.00709204
5,1979,2,4,0.00693238
6,1979,2,4,0.006094277
7,1979,2,4,0.005347616
8,1979,2,4,0.004803318
9,1979,2,4,0.004439134
10,1979,2,4,0.004173522
11,1979,2,4,0.003997106
12,1979,2,4,0.003873366
13,1979,2,4,0.003782113
14,1979,2,4,0.003716118
15,1979,2,4,0.003664148
16,1979,2,4,0.003630648
1,1980,2,4,0.000251484
2,1980,2,4,0.001232499
3,1980,2,4,0.003316101
4,1980,2,4,0.003546322
5,1980,2,4,0.003466485
6,1980,2,4,0.003047398
7,1980,2,4,0.002674035
8,1980,2,4,0.002401863
9,1980,2,4,0.002219756
10,1980,2,4,0.002086938
11,1980,2,4,0.001998723
12,1980,2,4,0.001936848
13,1980,2,4,0.001891218
14,1980,2,4,0.001858217
15,1980,2,4,0.00183223
16,1980,2,4,0.001815479
1,1981,2,4,0.001080578
2,1981,2,4,0.005295808
3,1981,2,4,0.01424864
4,1981,2,4,0.01523786
5,1981,2,4,0.01489481
6,1981,2,4,0.01309408
7,1981,2,4,0.01148981
8,1981,2,4,0.01032034
9,1981,2,4,0.009537862
10,1981,2,4,0.00896717
11,1981,2,4,0.008588125
12,1981,2,4,0.008322261
13,1981,2,4,0.008126196
14,1981,2,4,0.0079844
15,1981,2,4,0.007872738
16,1981,2,4,0.007800761
1,1982,2,4,0.0003244343
2,1982,2,4,0.001590021
3,1982,2,4,0.004278033
4,1982,2,4,0.004575037
5,1982,2,4,0.004472041
6,1982,2,4,0.003931385
7,1982,2,4,0.003449718
8,1982,2,4,0.003098594
9,1982,2,4,0.002863661
10,1982,2,4,0.002692316
11,1982,2,4,0.002578511
12,1982,2,4,0.002498688
13,1982,2,4,0.002439821
14,1982,2,4,0.002397248
15,1982,2,4,0.002363722
16,1982,2,4,0.002342112
1,1983,2,4,0.00107014
2,1983,2,4,0.005244655
3,1983,2,4,0.01411101
4,1983,2,4,0.01509067
5,1983,2,4,0.01475094
6,1983,2,4,0.0129676
7,1983,2,4,0.01137883
8,1983,2,4,0.01022066
9,1983,2,4,0.009445735
10,1983,2,4,0.008880555
11,1983,2,4,0.008505171
12,1983,2,4,0.008241875
13,1983,2,4,0.008047704
14,1983,2,4,0.007907277
15,1983,2,4,0.007796694
16,1983,2,4,0.007725412
1,1984,2,4,0.0003226482
2,1984,2,4,0.001581267
3,1984,2,4,0.004254481
4,1984,2,4,0.00454985
5,1984,2,4,0.004447421
6,1984,2,4,0.003909741
7,1984,2,4,0.003430726
8,1984,2,4,0.003081536
9,1984,2,4,0.002847896
10,1984,2,4,0.002677494
11,1984,2,4,0.002564316
12,1984,2,4,0.002484932
13,1984,2,4,0.002426389
14,1984,2,4,0.00238405
15,1984,2,4,0.002350709
16,1984,2,4,0.002329218
1,1985,2,4,0.0007768541
2,1985,2,4,0.003807287
3,1985,2,4,0.0102437
4,1985,2,4,0.01095487
5,1985,2,4,0.01070825
6,1985,2,4,0.009413655
7,1985,2,4,0.008260309
8,1985,2,4,0.007419547
9,1985,2,4,0.006857004
10,1985,2,4,0.00644672
11,1985,2,4,0.006174215
12,1985,2,4,0.005983078
13,1985,2,4,0.005842122
14,1985,2,4,0.005740181
15,1985,2,4,0.005659905
16,1985,2,4,0.005608159
1,1986,2,4,0.0003525684
2,1986,2,4,0.001727904
3,1986,2,4,0.004649013
4,1986,2,4,0.004971772
5,1986,2,4,0.004859845
6,1986,2,4,0.004272305
7,1986,2,4,0.003748869
8,1986,2,4,0.003367296
9,1986,2,4,0.003111991
10,1986,2,4,0.002925787
11,1986,2,4,0.002802113
12,1986,2,4,0.002715367
13,1986,2,4,0.002651396
14,1986,2,4,0.002605131
15,1986,2,4,0.002568698
16,1986,2,4,0.002545214
1,1987,2,4,0.002068639
2,1987,2,4,0.0101382
3,1987,2,4,0.02727735
4,1987,2,4,0.02917109
5,1987,2,4,0.02851437
6,1987,2,4,0.02506707
7,1987,2,4,0.02199589
8,1987,2,4,0.01975708
9,1987,2,4,0.01825911
10,1987,2,4,0.01716659
11,1987,2,4,0.01644095
12,1987,2,4,0.01593199
13,1987,2,4,0.01555665
14,1987,2,4,0.01528519
15,1987,2,4,0.01507143
16,1987,2,4,0.01493364
1,1988,2,4,0.0006902993
2,1988,2,4,0.00338309
3,1988,2,4,0.009102377
4,1988,2,4,0.009734312
5,1988,2,4,0.009515168
6,1988,2,4,0.008364814
7,1988,2,4,0.00733997
8,1988,2,4,0.006592884
9,1988,2,4,0.006093017
10,1988,2,4,0.005728445
11,1988,2,4,0.005486302
12,1988,2,4,0.005316461
13,1988,2,4,0.005191211
14,1988,2,4,0.005100627
15,1988,2,4,0.005029295
16,1988,2,4,0.004983314
1,1989,2,4,0.0002336647
2,1989,2,4,0.001145168
3,1989,2,4,0.003081133
4,1989,2,4,0.003295042
5,1989,2,4,0.003220862
6,1989,2,4,0.00283147
7,1989,2,4,0.002484562
8,1989,2,4,0.002231675
9,1989,2,4,0.002062472
10,1989,2,4,0.001939065
11,1989,2,4,0.0018571
12,1989,2,4,0.00179961
13,1989,2,4,0.001757212
14,1989,2,4,0.00172655
15,1989,2,4,0.001702405
16,1989,2,4,0.00168684
1,1990,2,4,0.001707359
2,1990,2,4,0.008367603
3,1990,2,4,0.02251347
4,1990,2,4,0.02407647
5,1990,2,4,0.02353445
6,1990,2,4,0.02068921
7,1990,2,4,0.0181544
8,1990,2,4,0.01630658
9,1990,2,4,0.01507023
10,1990,2,4,0.01416851
11,1990,2,4,0.01356961
12,1990,2,4,0.01314953
13,1990,2,4,0.01283974
14,1990,2,4,0.01261569
15,1990,2,4,0.01243926
16,1990,2,4,0.01232554
1,1991,2,4,0.0001380553
2,1991,2,4,0.0006765957
3,1991,2,4,0.001820416
4,1991,2,4,0.001946798
5,1991,2,4,0.001902971
6,1991,2,4,0.001672908
7,1991,2,4,0.001467946
8,1991,2,4,0.001318533
9,1991,2,4,0.001218563
10,1991,2,4,0.001145651
11,1991,2,4,0.001097224
12,1991,2,4,0.001063257
13,1991,2,4,0.001038208
14,1991,2,4,0.001020092
15,1991,2,4,0.001005826
16,1991,2,4,0.00099663
1,1992,2,4,0.0006858536
2,1992,2,4,0.003361302
3,1992,2,4,0.009043755
4,1992,2,4,0.009671621
5,1992,2,4,0.009453887
6,1992,2,4,0.008310942
7,1992,2,4,0.007292698
8,1992,2,4,0.006550424
9,1992,2,4,0.006053776
10,1992,2,4,0.005691552
11,1992,2,4,0.005450969
12,1992,2,4,0.005282222
13,1992,2,4,0.005157778
14,1992,2,4,0.005067778
15,1992,2,4,0.004996905
16,1992,2,4,0.00495122
1,1993,2,4,0.0005209948
2,1993,2,4,0.002553345
3,1993,2,4,0.006869906
4,1993,2,4,0.007346852
5,1993,2,4,0.007181455
6,1993,2,4,0.006313239
7,1993,2,4,0.005539751
8,1993,2,4,0.004975897
9,1993,2,4,0.004598629
10,1993,2,4,0.004323473
11,1993,2,4,0.004140718
12,1993,2,4,0.004012533
13,1993,2,4,0.003918002
14,1993,2,4,0.003849635
15,1993,2,4,0.003795798
16,1993,2,4,0.003761095
1,1994,2,4,0.001627542
2,1994,2,4,0.007976424
3,1994,2,4,0.02146098
4,1994,2,4,0.02295091
5,1994,2,4,0.02243423
6,1994,2,4,0.019722
7,1994,2,4,0.01730569
8,1994,2,4,0.01554426
9,1994,2,4,0.01436571
10,1994,2,4,0.01350615
11,1994,2,4,0.01293524
12,1994,2,4,0.0125348
13,1994,2,4,0.01223949
14,1994,2,4,0.01202592
15,1994,2,4,0.01185774
16,1994,2,4,0.01174933
1,1995,2,4,0.000257426
2,1995,2,4,0.00126162
3,1995,2,4,0.003394452
4,1995,2,4,0.003630113
5,1995,2,4,0.00354839
6,1995,2,4,0.003119401
7,1995,2,4,0.002737217
8,1995,2,4,0.002458614
9,1995,2,4,0.002272204
10,1995,2,4,0.002136248
11,1995,2,4,0.002045948
12,1995,2,4,0.001982611
13,1995,2,4,0.001935903
14,1995,2,4,0.001902123
15,1995,2,4,0.001875521
16,1995,2,4,0.001858374
1,1996,2,4,0.0008560571
2,1996,2,4,0.004195453
3,1996,2,4,0.01128808
4,1996,2,4,0.01207176
5,1996,2,4,0.01179999
6,1996,2,4,0.01037341
7,1996,2,4,0.009102477
8,1996,2,4,0.008175997
9,1996,2,4,0.0075561
10,1996,2,4,0.007103985
11,1996,2,4,0.006803698
12,1996,2,4,0.006593074
13,1996,2,4,0.006437747
14,1996,2,4,0.006325413
15,1996,2,4,0.006236952
16,1996,2,4,0.00617993
1,1997,2,4,0.0007217148
2,1997,2,4,0.003537054
3,1997,2,4,0.009516627
4,1997,2,4,0.01017732
5,1997,2,4,0.009948203
6,1997,2,4,0.008745496
7,1997,2,4,0.007674012
8,1997,2,4,0.006892926
9,1997,2,4,0.00637031
10,1997,2,4,0.005989147
11,1997,2,4,0.005735984
12,1997,2,4,0.005558414
13,1997,2,4,0.005427462
14,1997,2,4,0.005332757
15,1997,2,4,0.005258179
16,1997,2,4,0.005210105
1,1998,2,4,0.002109652
2,1998,2,4,0.0103392
3,1998,2,4,0.02781815
4,1998,2,4,0.02974943
5,1998,2,4,0.02907969
6,1998,2,4,0.02556405
7,1998,2,4,0.02243198
8,1998,2,4,0.02014878
9,1998,2,4,0.01862112
10,1998,2,4,0.01750693
11,1998,2,4,0.01676691
12,1998,2,4,0.01624785
13,1998,2,4,0.01586507
14,1998,2,4,0.01558824
15,1998,2,4,0.01537023
16,1998,2,4,0.01522971
1,1999,2,4,0.0001140104
2,1999,2,4,0.0005587541
3,1999,2,4,0.001503357
4,1999,2,4,0.001607728
5,1999,2,4,0.001571533
6,1999,2,4,0.00138154
7,1999,2,4,0.001212276
8,1999,2,4,0.001088886
9,1999,2,4,0.001006328
10,1999,2,4,0.000946115
11,1999,2,4,0.0009061225
12,1999,2,4,0.0008780714
13,1999,2,4,0.0008573849
14,1999,2,4,0.0008424241
15,1999,2,4,0.0008306428
16,1999,2,4,0.0008230486
1,2000,2,4,0.00126283
2,2000,2,4,0.006189008
3,2000,2,4,0.01665184
4,2000,2,4,0.0178079
5,2000,2,4,0.017407
6,2000,2,4,0.01530255
7,2000,2,4,0.0134277
8,2000,2,4,0.01206099
9,2000,2,4,0.01114653
10,2000,2,4,0.01047959
11,2000,2,4,0.01003661
12,2000,2,4,0.009725907
13,2000,2,4,0.009496774
14,2000,2,4,0.009331062
15,2000,2,4,0.009200567
16,2000,2,4,0.00911645
1,2001,2,4,0.001264618
2,2001,2,4,0.006197772
3,2001,2,4,0.01667542
4,2001,2,4,0.01783312
5,2001,2,4,0.01743165
6,2001,2,4,0.01532422
7,2001,2,4,0.01344672
8,2001,2,4,0.01207807
9,2001,2,4,0.01116232
10,2001,2,4,0.01049443
11,2001,2,4,0.01005083
12,2001,2,4,0.00973968
13,2001,2,4,0.009510222
14,2001,2,4,0.009344276
15,2001,2,4,0.009213596
16,2001,2,4,0.00912936
1,2002,2,4,0.001390532
2,2002,2,4,0.006814865
3,2002,2,4,0.01833574
4,2002,2,4,0.01960871
5,2002,2,4,0.01916726
6,2002,2,4,0.01685
7,2002,2,4,0.01478557
8,2002,2,4,0.01328064
9,2002,2,4,0.01227372
10,2002,2,4,0.01153933
11,2002,2,4,0.01105156
12,2002,2,4,0.01070943
13,2002,2,4,0.01045713
14,2002,2,4,0.01027466
15,2002,2,4,0.01013097
16,2002,2,4,0.01003834
1,2003,2,4,0.001343261
2,2003,2,4,0.006583191
3,2003,2,4,0.01771241
4,2003,2,4,0.0189421
5,2003,2,4,0.01851567
6,2003,2,4,0.01627718
7,2003,2,4,0.01428293
8,2003,2,4,0.01282916
9,2003,2,4,0.01185647
10,2003,2,4,0.01114704
11,2003,2,4,0.01067585
12,2003,2,4,0.01034536
13,2003,2,4,0.01010163
14,2003,2,4,0.009925366
15,2003,2,4,0.00978656
16,2003,2,4,0.009697085
1,2004,2,4,7.935077e-05
2,2004,2,4,0.0003888904
3,2004,2,4,0.00104633
4,2004,2,4,0.001118971
5,2004,2,4,0.00109378
6,2004,2,4,0.0009615457
7,2004,2,4,0.0008437387
8,2004,2,4,0.0007578602
9,2004,2,4,0.0007003999
10,2004,2,4,0.0006584919
11,2004,2,4,0.0006306573
12,2004,2,4,0.0006111339
13,2004,2,4,0.0005967361
14,2004,2,4,0.0005863235
15,2004,2,4,0.0005781238
16,2004,2,4,0.0005728382
1,2005,2,4,0.0003382968
2,2005,2,4,0.00165796
3,2005,2,4,0.004460827
4,2005,2,4,0.004770521
5,2005,2,4,0.004663124
6,2005,2,4,0.004099367
7,2005,2,4,0.003597119
8,2005,2,4,0.003230992
9,2005,2,4,0.002986021
10,2005,2,4,0.002807355
11,2005,2,4,0.002688687
12,2005,2,4,0.002605453
13,2005,2,4,0.002544071
14,2005,2,4,0.002499678
15,2005,2,4,0.00246472
16,2005,2,4,0.002442186
1,2006,2,4,0.000440808
2,2006,2,4,0.002160357
3,2006,2,4,0.005812552
4,2006,2,4,0.00621609
5,2006,2,4,0.006076149
6,2006,2,4,0.005341562
7,2006,2,4,0.004687122
8,2006,2,4,0.004210051
9,2006,2,4,0.003890849
10,2006,2,4,0.003658043
11,2006,2,4,0.003503416
12,2006,2,4,0.00339496
13,2006,2,4,0.003314978
14,2006,2,4,0.003257134
15,2006,2,4,0.003211583
16,2006,2,4,0.003182221
1,2007,2,4,0.0007511629
2,2007,2,4,0.003681377
3,2007,2,4,0.009904933
4,2007,2,4,0.01059259
5,2007,2,4,0.01035412
6,2007,2,4,0.009102339
7,2007,2,4,0.007987134
8,2007,2,4,0.007174177
9,2007,2,4,0.006630238
10,2007,2,4,0.006233522
11,2007,2,4,0.005970029
12,2007,2,4,0.005785213
13,2007,2,4,0.005648919
14,2007,2,4,0.005550349
15,2007,2,4,0.005472728
16,2007,2,4,0.005422693
1,2008,2,4,1.093928e-05
2,2008,2,4,5.361235e-05
3,2008,2,4,0.0001442468
4,2008,2,4,0.0001542611
5,2008,2,4,0.0001507883
6,2008,2,4,0.0001325585
7,2008,2,4,0.0001163176
8,2008,2,4,0.0001044784
9,2008,2,4,9.655695e-05
10,2008,2,4,9.077953e-05
11,2008,2,4,8.694225e-05
12,2008,2,4,8.425076e-05
13,2008,2,4,8.226589e-05
14,2008,2,4,8.083041e-05
15,2008,2,4,7.97e-05
16,2008,2,4,7.897133e-05
1,2009,2,4,0.0007780132
2,2009,2,4,0.003812967
3,2009,2,4,0.01025898
4,2009,2,4,0.01097122
5,2009,2,4,0.01072423
6,2009,2,4,0.009427701
7,2009,2,4,0.008272634
8,2009,2,4,0.007430618
9,2009,2,4,0.006867235
10,2009,2,4,0.006456338
11,2009,2,4,0.006183427
12,2009,2,4,0.005992005
13,2009,2,4,0.005850839
14,2009,2,4,0.005748746
15,2009,2,4,0.00566835
16,2009,2,4,0.005616526
1,2010,2,4,0.0005445902
2,2010,2,4,0.002668984
3,2010,2,4,0.007181038
4,2010,2,4,0.007679584
5,2010,2,4,0.007506696
6,2010,2,4,0.00659916
7,2010,2,4,0.005790641
8,2010,2,4,0.005201251
9,2010,2,4,0.004806897
10,2010,2,4,0.004519279
11,2010,2,4,0.004328248
12,2010,2,4,0.004194257
13,2010,2,4,0.004095444
14,2010,2,4,0.004023982
15,2010,2,4,0.003967706
16,2010,2,4,0.003931431
1,2011,2,4,2.908847e-05
2,2011,2,4,0.0001425598
3,2011,2,4,0.0003835644
4,2011,2,4,0.0004101935
5,2011,2,4,0.0004009589
6,2011,2,4,0.0003524842
7,2011,2,4,0.0003092984
8,2011,2,4,0.000277817
9,2011,2,4,0.0002567532
10,2011,2,4,0.0002413905
11,2011,2,4,0.0002311869
12,2011,2,4,0.00022403
13,2011,2,4,0.000218752
14,2011,2,4,0.000214935
15,2011,2,4,0.0002119291
16,2011,2,4,0.0002099915
1,2012,2,4,0.0006018357
2,2012,2,4,0.002949539
3,2012,2,4,0.007935885
4,2012,2,4,0.008486836
5,2012,2,4,0.008295775
6,2012,2,4,0.007292842
7,2012,2,4,0.006399335
8,2012,2,4,0.005747989
9,2012,2,4,0.005312182
10,2012,2,4,0.004994331
11,2012,2,4,0.004783219
12,2012,2,4,0.004635144
13,2012,2,4,0.004525944
14,2012,2,4,0.004446969
15,2012,2,4,0.004384779
16,2012,2,4,0.00434469
1,2013,2,4,1.399239e-06
2,2013,2,4,6.85754e-06
3,2013,2,4,1.845054e-05
4,2013,2,4,1.973146e-05
5,2013,2,4,1.928724e-05
6,2013,2,4,1.695547e-05
7,2013,2,4,1.487811e-05
8,2013,2,4,1.336377e-05
9,2013,2,4,1.235054e-05
10,2013,2,4,1.161156e-05
11,2013,2,4,1.112073e-05
12,2013,2,4,1.077647e-05
13,2013,2,4,1.052258e-05
14,2013,2,4,1.033897e-05
15,2013,2,4,1.019438e-05
16,2013,2,4,1.010118e-05
1,2014,2,4,0.0005696906
2,2014,2,4,0.002791999
3,2014,2,4,0.007512015
4,2014,2,4,0.008033539
5,2014,2,4,0.007852683
6,2014,2,4,0.006903318
7,2014,2,4,0.006057535
8,2014,2,4,0.005440979
9,2014,2,4,0.005028449
10,2014,2,4,0.004727575
11,2014,2,4,0.004527739
12,2014,2,4,0.004387572
13,2014,2,4,0.004284205
14,2014,2,4,0.004209449
15,2014,2,4,0.00415058
16,2014,2,4,0.004112633
1,2015,2,4,0.0007165839
2,2015,2,4,0.003511908
3,2015,2,4,0.00944897
4,2015,2,4,0.01010497
5,2015,2,4,0.009877478
6,2015,2,4,0.008683322
7,2015,2,4,0.007619455
8,2015,2,4,0.006843922
9,2015,2,4,0.006325022
10,2015,2,4,0.005946568
11,2015,2,4,0.005695205
12,2015,2,4,0.005518897
13,2015,2,4,0.005388877
14,2015,2,4,0.005294845
15,2015,2,4,0.005220797
16,2015,2,4,0.005173065
1,2016,2,4,0.001252281
2,2016,2,4,0.00613731
3,2016,2,4,0.01651275
4,2016,2,4,0.01765915
5,2016,2,4,0.0172616
6,2016,2,4,0.01517472
7,2016,2,4,0.01331554
8,2016,2,4,0.01196024
9,2016,2,4,0.01105343
10,2016,2,4,0.01039205
11,2016,2,4,0.009952776
12,2016,2,4,0.009644666
13,2016,2,4,0.009417446
14,2016,2,4,0.009253118
15,2016,2,4,0.009123714
16,2016,2,4,0.009040299
1,2017,2,4,0.0006895497
2,2017,2,4,0.003379416
3,2017,2,4,0.009092493
4,2017,2,4,0.009723742
5,2017,2,4,0.009504835
6,2017,2,4,0.00835573
7,2017,2,4,0.007332
8,2017,2,4,0.006585724
9,2017,2,4,0.006086401
10,2017,2,4,0.005722225
11,2017,2,4,0.005480345
12,2017,2,4,0.005310688
13,2017,2,4,0.005185573
14,2017,2,4,0.005095089
15,2017,2,4,0.005023834
16,2017,2,4,0.004977903
1,2018,2,4,0.0001248832
2,2018,2,4,0.0006120406
3,2018,2,4,0.001646727
4,2018,2,4,0.001761051
5,2018,2,4,0.001721405
6,2018,2,4,0.001513293
7,2018,2,4,0.001327886
8,2018,2,4,0.00119273
9,2018,2,4,0.001102298
10,2018,2,4,0.001036343
11,2018,2,4,0.0009925362
12,2018,2,4,0.0009618101
13,2018,2,4,0.0009391507
14,2018,2,4,0.0009227632
15,2018,2,4,0.0009098584
16,2018,2,4,0.0009015399
1,2019,2,4,0.000477453
2,2019,2,4,0.002339951
3,2019,2,4,0.006295759
4,2019,2,4,0.006732843
5,2019,2,4,0.006581269
6,2019,2,4,0.005785615
7,2019,2,4,0.00507677
8,2019,2,4,0.00456004
9,2019,2,4,0.004214302
10,2019,2,4,0.003962142
11,2019,2,4,0.003794661
12,2019,2,4,0.003677188
13,2019,2,4,0.003590557
14,2019,2,4,0.003527905
15,2019,2,4,0.003478567
16,2019,2,4,0.003446764
1,2020,2,4,0.0002408798
2,2020,2,4,0.001180529
3,2020,2,4,0.003176273
4,2020,2,4,0.003396787
5,2020,2,4,0.003320316
6,2020,2,4,0.0029189
7,2020,2,4,0.002561281
8,2020,2,4,0.002300586
9,2020,2,4,0.002126157
10,2020,2,4,0.00199894
11,2020,2,4,0.001914444
12,2020,2,4,0.001855178
13,2020,2,4,0.001811472
14,2020,2,4,0.001779863
15,2020,2,4,0.001754972
16,2020,2,4,0.001738927
1,2021,2,4,8.09964e-05
2,2021,2,4,0.0003969555
3,2021,2,4,0.001068029
4,2021,2,4,0.001142177
5,2021,2,4,0.001116464
6,2021,2,4,0.0009814869
7,2021,2,4,0.0008612367
8,2021,2,4,0.0007735772
9,2021,2,4,0.0007149252
10,2021,2,4,0.0006721482
11,2021,2,4,0.0006437362
12,2021,2,4,0.000623808
13,2021,2,4,0.0006091116
14,2021,2,4,0.000598483
15,2021,2,4,0.0005901133
16,2021,2,4,0.0005847181
1,2022,2,4,0.00025021
2,2022,2,4,0.001226255
3,2022,2,4,0.003299303
4,2022,2,4,0.003528358
5,2022,2,4,0.003448925
6,2022,2,4,0.003031961
7,2022,2,4,0.00266049
8,2022,2,4,0.002389696
9,2022,2,4,0.002208512
10,2022,2,4,0.002076367
11,2022,2,4,0.001988598
12,2022,2,4,0.001927037
13,2022,2,4,0.001881637
14,2022,2,4,0.001848804
15,2022,2,4,0.001822949
16,2022,2,4,0.001806282
1,2023,2,4,7.370364e-05
2,2023,2,4,0.0003612144
3,2023,2,4,0.0009718658
4,2023,2,4,0.001039338
5,2023,2,4,0.00101594
6,2023,2,4,0.0008931157
7,2023,2,4,0.0007836926
8,2023,2,4,0.0007039258
9,2023,2,4,0.0006505548
10,2023,2,4,0.0006116292
11,2023,2,4,0.0005857755
12,2023,2,4,0.0005676415
13,2023,2,4,0.0005542684
14,2023,2,4,0.0005445968
15,2023,2,4,0.0005369806
16,2023,2,4,0.0005320712
1,2024,2,4,8.124593e-05
2,2024,2,4,0.0003981784
3,2024,2,4,0.00107132
4,2024,2,4,0.001145696
5,2024,2,4,0.001119904
6,2024,2,4,0.0009845108
7,2024,2,4,0.00086389
8,2024,2,4,0.0007759605
9,2024,2,4,0.0007171278
10,2024,2,4,0.000674219
11,2024,2,4,0.0006457195
12,2024,2,4,0.0006257298
13,2024,2,4,0.0006109882
14,2024,2,4,0.0006003269
15,2024,2,4,0.0005919313
16,2024,2,4,0.0005865195
1,1972,3,4,0.0002705006
2,1972,3,4,0.001325697
3,1972,3,4,0.003566857
4,1972,3,4,0.003814487
5,1972,3,4,0.003728613
6,1972,3,4,0.003277835
7,1972,3,4,0.00287624
8,1972,3,4,0.002583487
9,1972,3,4,0.002387609
10,1972,3,4,0.002244748
11,1972,3,4,0.002149862
12,1972,3,4,0.002083308
13,1972,3,4,0.002034227
14,1972,3,4,0.001998731
15,1972,3,4,0.001970779
16,1972,3,4,0.001952761
1,1973,3,4,0.000727951
2,1973,3,4,0.003567618
3,1973,3,4,0.009598858
4,1973,3,4,0.01026526
5,1973,3,4,0.01003416
6,1973,3,4,0.008821065
7,1973,3,4,0.007740322
8,1973,3,4,0.006952486
9,1973,3,4,0.006425355
10,1973,3,4,0.006040898
11,1973,3,4,0.005785547
12,1973,3,4,0.005606443
13,1973,3,4,0.00547436
14,1973,3,4,0.005378836
15,1973,3,4,0.005303614
16,1973,3,4,0.005255125
1,1974,3,4,0.0002376388
2,1974,3,4,0.001164645
3,1974,3,4,0.003133536
4,1974,3,4,0.003351083
5,1974,3,4,0.003275641
6,1974,3,4,0.002879626
7,1974,3,4,0.002526819
8,1974,3,4,0.002269631
9,1974,3,4,0.00209755
10,1974,3,4,0.001972044
11,1974,3,4,0.001888685
12,1974,3,4,0.001830217
13,1974,3,4,0.001787098
14,1974,3,4,0.001755915
15,1974,3,4,0.001731358
16,1974,3,4,0.001715529
1,1975,3,4,0.001278907
2,1975,3,4,0.006267799
3,1975,3,4,0.01686383
4,1975,3,4,0.01803461
5,1975,3,4,0.0176286
6,1975,3,4,0.01549736
7,1975,3,4,0.01359865
8,1975,3,4,0.01221453
9,1975,3,4,0.01128844
10,1975,3,4,0.010613
11,1975,3,4,0.01016439
12,1975,3,4,0.009849726
13,1975,3,4,0.009617676
14,1975,3,4,0.009449854
15,1975,3,4,0.009317698
16,1975,3,4,0.00923251
1,1976,3,4,0.0008183483
2,1976,3,4,0.004010646
3,1976,3,4,0.01079085
4,1976,3,4,0.01154001
5,1976,3,4,0.01128021
6,1976,3,4,0.009916469
7,1976,3,4,0.008701519
8,1976,3,4,0.007815849
9,1976,3,4,0.007223259
10,1976,3,4,0.00679106
11,1976,3,4,0.006503999
12,1976,3,4,0.006302654
13,1976,3,4,0.006154169
14,1976,3,4,0.006046783
15,1976,3,4,0.005962219
16,1976,3,4,0.005907709
1,1977,3,4,0.00196218
2,1977,3,4,0.009616452
3,1977,3,4,0.02587356
4,1977,3,4,0.02766984
5,1977,3,4,0.02704692
6,1977,3,4,0.02377703
7,1977,3,4,0.0208639
8,1977,3,4,0.01874031
9,1977,3,4,0.01731943
10,1977,3,4,0.01628314
11,1977,3,4,0.01559484
12,1977,3,4,0.01511207
13,1977,3,4,0.01475604
14,1977,3,4,0.01449856
15,1977,3,4,0.0142958
16,1977,3,4,0.0141651
1,1978,3,4,0.0003655977
2,1978,3,4,0.001791759
3,1978,3,4,0.00482082
4,1978,3,4,0.005155506
5,1978,3,4,0.005039442
6,1978,3,4,0.00443019
7,1978,3,4,0.00388741
8,1978,3,4,0.003491736
9,1978,3,4,0.003226996
10,1978,3,4,0.003033911
11,1978,3,4,0.002905666
12,1978,3,4,0.002815715
13,1978,3,4,0.002749379
14,1978,3,4,0.002701405
15,1978,3,4,0.002663626
16,1978,3,4,0.002639273
1,1979,3,4,0.0007043542
2,1979,3,4,0.003451972
3,1979,3,4,0.009287707
4,1979,3,4,0.009932508
5,1979,3,4,0.009708902
6,1979,3,4,0.008535126
7,1979,3,4,0.007489416
8,1979,3,4,0.006727118
9,1979,3,4,0.006217074
10,1979,3,4,0.00584508
11,1979,3,4,0.005598006
12,1979,3,4,0.005424707
13,1979,3,4,0.005296906
14,1979,3,4,0.005204479
15,1979,3,4,0.005131695
16,1979,3,4,0.005084777
1,1980,3,4,0.0004964658
2,1980,3,4,0.002433131
3,1980,3,4,0.006546464
4,1980,3,4,0.007000954
5,1980,3,4,0.006843344
6,1980,3,4,0.006016005
7,1980,3,4,0.005278934
8,1980,3,4,0.004741626
9,1980,3,4,0.004382121
10,1980,3,4,0.004119919
11,1980,3,4,0.003945769
12,1980,3,4,0.003823619
13,1980,3,4,0.003733538
14,1980,3,4,0.00366839
15,1980,3,4,0.003617088
16,1980,3,4,0.003584018
1,1981,3,4,0.0008068573
2,1981,3,4,0.00395433
3,1981,3,4,0.01063933
4,1981,3,4,0.01137796
5,1981,3,4,0.01112182
6,1981,3,4,0.009777224
7,1981,3,4,0.008579334
8,1981,3,4,0.007706101
9,1981,3,4,0.007121831
10,1981,3,4,0.006695701
11,1981,3,4,0.006412672
12,1981,3,4,0.006214153
13,1981,3,4,0.006067754
14,1981,3,4,0.005961876
15,1981,3,4,0.005878499
16,1981,3,4,0.005824754
1,1982,3,4,0.0007565631
2,1982,3,4,0.003707842
3,1982,3,4,0.00997614
4,1982,3,4,0.01066874
5,1982,3,4,0.01042856
6,1982,3,4,0.009167776
7,1982,3,4,0.008044554
8,1982,3,4,0.007225753
9,1982,3,4,0.006677903
10,1982,3,4,0.006278335
11,1982,3,4,0.006012948
12,1982,3,4,0.005826803
13,1982,3,4,0.005689529
14,1982,3,4,0.005590251
15,1982,3,4,0.005512072
16,1982,3,4,0.005461677
1,1983,3,4,0.0007069185
2,1983,3,4,0.003464539
3,1983,3,4,0.00932152
4,1983,3,4,0.009968669
5,1983,3,4,0.009744248
6,1983,3,4,0.008566199
7,1983,3,4,0.007516682
8,1983,3,4,0.006751609
9,1983,3,4,0.006239708
10,1983,3,4,0.005866359
11,1983,3,4,0.005618386
12,1983,3,4,0.005444457
13,1983,3,4,0.00531619
14,1983,3,4,0.005223427
15,1983,3,4,0.005150377
16,1983,3,4,0.005103289
1,1984,3,4,0.0003080525
2,1984,3,4,0.001509735
3,1984,3,4,0.004062021
4,1984,3,4,0.004344028
5,1984,3,4,0.004246232
6,1984,3,4,0.003732876
7,1984,3,4,0.00327553
8,1984,3,4,0.002942136
9,1984,3,4,0.002719066
10,1984,3,4,0.002556372
11,1984,3,4,0.002448313
12,1984,3,4,0.00237252
13,1984,3,4,0.002316626
14,1984,3,4,0.002276203
15,1984,3,4,0.00224437
16,1984,3,4,0.00222385
1,1985,3,4,0.003440559
2,1985,3,4,0.01686185
3,1985,3,4,0.04536767
4,1985,3,4,0.04851733
5,1985,3,4,0.04742508
6,1985,3,4,0.04169153
7,1985,3,4,0.03658355
8,1985,3,4,0.03285996
9,1985,3,4,0.03036855
10,1985,3,4,0.02855146
11,1985,3,4,0.02734458
12,1985,3,4,0.02649807
13,1985,3,4,0.0258738
14,1985,3,4,0.02542232
15,1985,3,4,0.02506679
16,1985,3,4,0.02483762
1,1986,3,4,9.580874e-05
2,1986,3,4,0.0004695494
3,1986,3,4,0.001263347
4,1986,3,4,0.001351055
5,1986,3,4,0.001320639
6,1986,3,4,0.001160978
7,1986,3,4,0.001018737
8,1986,3,4,0.0009150463
9,1986,3,4,0.0008456683
10,1986,3,4,0.0007950683
11,1986,3,4,0.0007614605
12,1986,3,4,0.0007378878
13,1986,3,4,0.0007205039
14,1986,3,4,0.0007079316
15,1986,3,4,0.0006980312
16,1986,3,4,0.0006916493
1,1987,3,4,0.002533236
2,1987,3,4,0.01241514
3,1987,3,4,0.03340358
4,1987,3,4,0.03572264
5,1987,3,4,0.03491843
6,1987,3,4,0.0306969
7,1987,3,4,0.02693596
8,1987,3,4,0.02419433
9,1987,3,4,0.02235994
10,1987,3,4,0.02102205
11,1987,3,4,0.02013344
12,1987,3,4,0.01951016
13,1987,3,4,0.01905052
14,1987,3,4,0.0187181
15,1987,3,4,0.01845633
16,1987,3,4,0.01828759
1,1988,3,4,0.0003285661
2,1988,3,4,0.001610271
3,1988,3,4,0.004332516
4,1988,3,4,0.004633302
5,1988,3,4,0.004528994
6,1988,3,4,0.003981453
7,1988,3,4,0.003493652
8,1988,3,4,0.003138056
9,1988,3,4,0.002900132
10,1988,3,4,0.002726604
11,1988,3,4,0.00261135
12,1988,3,4,0.00253051
13,1988,3,4,0.002470893
14,1988,3,4,0.002427778
15,1988,3,4,0.002393825
16,1988,3,4,0.00237194
1,1989,3,4,0.0004950757
2,1989,3,4,0.002426318
3,1989,3,4,0.006528133
4,1989,3,4,0.00698135
5,1989,3,4,0.006824182
6,1989,3,4,0.00599916
7,1989,3,4,0.005264152
8,1989,3,4,0.004728349
9,1989,3,4,0.00436985
10,1989,3,4,0.004108383
11,1989,3,4,0.00393472
12,1989,3,4,0.003812912
13,1989,3,4,0.003723084
14,1989,3,4,0.003658118
15,1989,3,4,0.00360696
16,1989,3,4,0.003573983
1,1990,3,4,0.0007394767
2,1990,3,4,0.003624104
3,1990,3,4,0.009750837
4,1990,3,4,0.01042779
5,1990,3,4,0.01019303
6,1990,3,4,0.008960729
7,1990,3,4,0.007862874
8,1990,3,4,0.007062565
9,1990,3,4,0.006527088
10,1990,3,4,0.006136544
11,1990,3,4,0.00587715
12,1990,3,4,0.00569521
13,1990,3,4,0.005561036
14,1990,3,4,0.005464
15,1990,3,4,0.005387586
16,1990,3,4,0.005338329
1,1991,3,4,0.0002286709
2,1991,3,4,0.001120694
3,1991,3,4,0.003015285
4,1991,3,4,0.003224622
5,1991,3,4,0.003152027
6,1991,3,4,0.002770957
7,1991,3,4,0.002431464
8,1991,3,4,0.002183981
9,1991,3,4,0.002018394
10,1991,3,4,0.001897625
11,1991,3,4,0.001817411
12,1991,3,4,0.001761149
13,1991,3,4,0.001719658
14,1991,3,4,0.001689651
15,1991,3,4,0.001666022
16,1991,3,4,0.00165079
1,1992,3,4,0.0005804497
2,1992,3,4,0.002844728
3,1992,3,4,0.007653886
4,1992,3,4,0.008185259
5,1992,3,4,0.008000987
6,1992,3,4,0.007033693
7,1992,3,4,0.006171936
8,1992,3,4,0.005543736
9,1992,3,4,0.005123415
10,1992,3,4,0.004816859
11,1992,3,4,0.004613249
12,1992,3,4,0.004470435
13,1992,3,4,0.004365116
14,1992,3,4,0.004288948
15,1992,3,4,0.004228967
16,1992,3,4,0.004190303
1,1993,3,4,2.915935e-06
2,1993,3,4,1.429072e-05
3,1993,3,4,3.84499e-05
4,1993,3,4,4.111928e-05
5,1993,3,4,4.019357e-05
6,1993,3,4,3.533429e-05
7,1993,3,4,3.100519e-05
8,1993,3,4,2.784938e-05
9,1993,3,4,2.573786e-05
10,1993,3,4,2.419785e-05
11,1993,3,4,2.3175e-05
12,1993,3,4,2.245757e-05
13,1993,3,4,2.192849e-05
14,1993,3,4,2.154585e-05
15,1993,3,4,2.124454e-05
16,1993,3,4,2.105031e-05
1,1994,3,4,8.595631e-05
2,1994,3,4,0.0004212635
3,1994,3,4,0.001133431
4,1994,3,4,0.00121212
5,1994,3,4,0.001184832
6,1994,3,4,0.001041589
7,1994,3,4,0.0009139756
8,1994,3,4,0.0008209481
9,1994,3,4,0.0007587046
10,1994,3,4,0.000713308
11,1994,3,4,0.0006831562
12,1994,3,4,0.0006620076
13,1994,3,4,0.0006464113
14,1994,3,4,0.0006351319
15,1994,3,4,0.0006262496
16,1994,3,4,0.000620524
1,1995,3,4,6.764314e-06
2,1995,3,4,3.315126e-05
3,1995,3,4,8.919513e-05
4,1995,3,4,9.538752e-05
5,1995,3,4,9.324009e-05
6,1995,3,4,8.196765e-05
7,1995,3,4,7.19251e-05
8,1995,3,4,6.460432e-05
9,1995,3,4,5.970608e-05
10,1995,3,4,5.613361e-05
11,1995,3,4,5.376082e-05
12,1995,3,4,5.209654e-05
13,1995,3,4,5.086919e-05
14,1995,3,4,4.998156e-05
15,1995,3,4,4.928257e-05
16,1995,3,4,4.8832e-05
1,1996,3,4,0.00121726
2,1996,3,4,0.005965675
3,1996,3,4,0.01605095
4,1996,3,4,0.0171653
5,1996,3,4,0.01677886
6,1996,3,4,0.01475035
7,1996,3,4,0.01294316
8,1996,3,4,0.01162576
9,1996,3,4,0.01074431
10,1996,3,4,0.01010143
11,1996,3,4,0.009674438
12,1996,3,4,0.009374944
13,1996,3,4,0.009154079
14,1996,3,4,0.008994347
15,1996,3,4,0.008868561
16,1996,3,4,0.008787479
1,1997,3,4,3.965771e-06
2,1997,3,4,1.943586e-05
3,1997,3,4,5.229317e-05
4,1997,3,4,5.592363e-05
5,1997,3,4,5.466463e-05
6,1997,3,4,4.805584e-05
7,1997,3,4,4.216811e-05
8,1997,3,4,3.78761e-05
9,1997,3,4,3.500437e-05
10,1997,3,4,3.290991e-05
11,1997,3,4,3.15188e-05
12,1997,3,4,3.054306e-05
13,1997,3,4,2.98235e-05
14,1997,3,4,2.93031e-05
15,1997,3,4,2.889329e-05
16,1997,3,4,2.862913e-05
1,1998,3,4,8.810631e-06
2,1998,3,4,4.318005e-05
3,1998,3,4,0.0001161781
4,1998,3,4,0.0001242438
5,1998,3,4,0.0001214468
6,1998,3,4,0.0001067642
7,1998,3,4,9.368363e-05
8,1998,3,4,8.41482e-05
9,1998,3,4,7.776816e-05
10,1998,3,4,7.311496e-05
11,1998,3,4,7.002436e-05
12,1998,3,4,6.78566e-05
13,1998,3,4,6.625797e-05
14,1998,3,4,6.510181e-05
15,1998,3,4,6.419136e-05
16,1998,3,4,6.360449e-05
1,1999,3,4,1.289955e-11
2,1999,3,4,6.892264e-11
3,1999,3,4,1.641643e-10
4,1999,3,4,1.656037e-10
5,1999,3,4,1.486139e-10
6,1999,3,4,1.258331e-10
7,1999,3,4,1.092609e-10
8,1999,3,4,9.827216e-11
9,1999,3,4,9.135367e-11
10,1999,3,4,8.643269e-11
11,1999,3,4,8.32784e-11
12,1999,3,4,8.111032e-11
13,1999,3,4,7.951278e-11
14,1999,3,4,7.836544e-11
15,1999,3,4,7.744632e-11
16,1999,3,4,7.688347e-11
1,2000,3,4,6.010182e-06
2,2000,3,4,2.945533e-05
3,2000,3,4,7.925105e-05
4,2000,3,4,8.578224e-05
5,2000,3,4,8.679154e-05
6,2000,3,4,8.122993e-05
7,2000,3,4,7.569991e-05
8,2000,3,4,7.068133e-05
9,2000,3,4,6.660358e-05
10,2000,3,4,6.313376e-05
11,2000,3,4,6.059603e-05
12,2000,3,4,5.870006e-05
13,2000,3,4,5.724384e-05
14,2000,3,4,5.616237e-05
15,2000,3,4,5.531276e-05
16,2000,3,4,5.475191e-05
1,2001,3,4,2.350787e-06
2,2001,3,4,1.152098e-05
3,2001,3,4,3.099778e-05
4,2001,3,4,3.31498e-05
5,2001,3,4,3.24035e-05
6,2001,3,4,2.848601e-05
7,2001,3,4,2.499595e-05
8,2001,3,4,2.245178e-05
9,2001,3,4,2.074951e-05
10,2001,3,4,1.950797e-05
11,2001,3,4,1.868336e-05
12,2001,3,4,1.810498e-05
13,2001,3,4,1.767844e-05
14,2001,3,4,1.736997e-05
15,2001,3,4,1.712705e-05
16,2001,3,4,1.697046e-05
1,2002,3,4,3.560879e-06
2,2002,3,4,1.745153e-05
3,2002,3,4,4.695421e-05
4,2002,3,4,5.021401e-05
5,2002,3,4,4.908354e-05
6,2002,3,4,4.314949e-05
7,2002,3,4,3.786288e-05
8,2002,3,4,3.400907e-05
9,2002,3,4,3.143054e-05
10,2002,3,4,2.954991e-05
11,2002,3,4,2.830083e-05
12,2002,3,4,2.742471e-05
13,2002,3,4,2.677861e-05
14,2002,3,4,2.631135e-05
15,2002,3,4,2.594338e-05
16,2002,3,4,2.570619e-05
1,2003,3,4,1.289955e-11
2,2003,3,4,6.892264e-11
3,2003,3,4,1.641643e-10
4,2003,3,4,1.656037e-10
5,2003,3,4,1.486139e-10
6,2003,3,4,1.258331e-10
7,2003,3,4,1.092609e-10
8,2003,3,4,9.827216e-11
9,2003,3,4,9.135367e-11
10,2003,3,4,8.643269e-11
11,2003,3,4,8.32784e-11
12,2003,3,4,8.111032e-11
13,2003,3,4,7.951278e-11
14,2003,3,4,7.836544e-11
15,2003,3,4,7.744632e-11
16,2003,3,4,7.688347e-11
1,2004,3,4,0.002720581
2,2004,3,4,0.0133333
3,2004,3,4,0.03587394
4,2004,3,4,0.0383645
5,2004,3,4,0.03750081
6,2004,3,4,0.03296708
7,2004,3,4,0.02892801
8,2004,3,4,0.02598362
9,2004,3,4,0.02401356
10,2004,3,4,0.02257673
11,2004,3,4,0.0216224
12,2004,3,4,0.02095303
13,2004,3,4,0.0204594
14,2004,3,4,0.0201024
15,2004,3,4,0.01982126
16,2004,3,4,0.01964005
1,2005,3,4,1.289955e-11
2,2005,3,4,6.892264e-11
3,2005,3,4,1.641643e-10
4,2005,3,4,1.656037e-10
5,2005,3,4,1.486139e-10
6,2005,3,4,1.258331e-10
7,2005,3,4,1.092609e-10
8,2005,3,4,9.827216e-11
9,2005,3,4,9.135367e-11
10,2005,3,4,8.643269e-11
11,2005,3,4,8.32784e-11
12,2005,3,4,8.111032e-11
13,2005,3,4,7.951278e-11
14,2005,3,4,7.836544e-11
15,2005,3,4,7.744632e-11
16,2005,3,4,7.688347e-11
1,2006,3,4,0.0002151216
2,2006,3,4,0.00105429
3,2006,3,4,0.002836622
4,2006,3,4,0.003033555
5,2006,3,4,0.002965262
6,2006,3,4,0.002606771
7,2006,3,4,0.002287394
8,2006,3,4,0.002054575
9,2006,3,4,0.001898799
10,2006,3,4,0.001785186
11,2006,3,4,0.001709725
12,2006,3,4,0.001656797
13,2006,3,4,0.001617764
14,2006,3,4,0.001589536
15,2006,3,4,0.001567306
16,2006,3,4,0.001552977
1,2007,3,4,0.000801537
2,2007,3,4,0.003928255
3,2007,3,4,0.01056917
4,2007,3,4,0.01130294
5,2007,3,4,0.01104848
6,2007,3,4,0.009712754
7,2007,3,4,0.008522763
8,2007,3,4,0.007655288
9,2007,3,4,0.007074871
10,2007,3,4,0.00665155
11,2007,3,4,0.006370387
12,2007,3,4,0.006173178
13,2007,3,4,0.006027743
14,2007,3,4,0.005922563
15,2007,3,4,0.005839737
16,2007,3,4,0.005786346
1,2008,3,4,5.40282e-05
2,2008,3,4,0.000264787
3,2008,3,4,0.000712423
4,2008,3,4,0.0007618831
5,2008,3,4,0.0007447311
6,2008,3,4,0.0006546955
7,2008,3,4,0.0005744832
8,2008,3,4,0.0005160104
9,2008,3,4,0.000476887
10,2008,3,4,0.0004483527
11,2008,3,4,0.0004294007
12,2008,3,4,0.0004161077
13,2008,3,4,0.0004063046
14,2008,3,4,0.0003992148
15,2008,3,4,0.0003936318
16,2008,3,4,0.000390033
1,2009,3,4,0.0004340548
2,2009,3,4,0.002127261
3,2009,3,4,0.005723504
4,2009,3,4,0.006120859
5,2009,3,4,0.005983063
6,2009,3,4,0.005259729
7,2009,3,4,0.004615316
8,2009,3,4,0.004145553
9,2009,3,4,0.003831241
10,2009,3,4,0.003602001
11,2009,3,4,0.003449744
12,2009,3,4,0.003342949
13,2009,3,4,0.003264192
14,2009,3,4,0.003207235
15,2009,3,4,0.003162382
16,2009,3,4,0.003133469
1,2010,3,4,1.289955e-11
2,2010,3,4,6.892264e-11
3,2010,3,4,1.641643e-10
4,2010,3,4,1.656037e-10
5,2010,3,4,1.486139e-10
6,2010,3,4,1.258331e-10
7,2010,3,4,1.092609e-10
8,2010,3,4,9.827216e-11
9,2010,3,4,9.135367e-11
10,2010,3,4,8.643269e-11
11,2010,3,4,8.32784e-11
12,2010,3,4,8.111032e-11
13,2010,3,4,7.951278e-11
14,2010,3,4,7.836544e-11
15,2010,3,4,7.744632e-11
16,2010,3,4,7.688347e-11
1,2011,3,4,6.758979e-06
2,2011,3,4,3.312511e-05
3,2011,3,4,8.912478e-05
4,2011,3,4,9.531228e-05
5,2011,3,4,9.316654e-05
6,2011,3,4,8.190299e-05
7,2011,3,4,7.186837e-05
8,2011,3,4,6.455337e-05
9,2011,3,4,5.965899e-05
10,2011,3,4,5.608933e-05
11,2011,3,4,5.371842e-05
12,2011,3,4,5.205545e-05
13,2011,3,4,5.082907e-05
14,2011,3,4,4.994214e-05
15,2011,3,4,4.92437e-05
16,2011,3,4,4.879348e-05
1,2012,3,4,7.571042e-06
2,2012,3,4,3.710495e-05
3,2012,3,4,9.983275e-05
4,2012,3,4,0.0001067637
5,2012,3,4,0.0001043601
6,2012,3,4,9.17433e-05
7,2012,3,4,8.050305e-05
8,2012,3,4,7.230919e-05
9,2012,3,4,6.682677e-05
10,2012,3,4,6.282823e-05
11,2012,3,4,6.017246e-05
12,2012,3,4,5.830969e-05
13,2012,3,4,5.693597e-05
14,2012,3,4,5.594248e-05
15,2012,3,4,5.516012e-05
16,2012,3,4,5.465582e-05
1,2013,3,4,4.683101e-06
2,2013,3,4,2.295143e-05
3,2013,3,4,6.175198e-05
4,2013,3,4,6.603912e-05
5,2013,3,4,6.455239e-05
6,2013,3,4,5.67482e-05
7,2013,3,4,4.97955e-05
8,2013,3,4,4.472715e-05
9,2013,3,4,4.133598e-05
10,2013,3,4,3.886267e-05
11,2013,3,4,3.721993e-05
12,2013,3,4,3.606771e-05
13,2013,3,4,3.521798e-05
14,2013,3,4,3.460345e-05
15,2013,3,4,3.411953e-05
16,2013,3,4,3.380759e-05
1,2014,3,4,0.000776621
2,2014,3,4,0.003806144
3,2014,3,4,0.01024063
4,2014,3,4,0.01095158
5,2014,3,4,0.01070504
6,2014,3,4,0.009410831
7,2014,3,4,0.008257831
8,2014,3,4,0.007417321
9,2014,3,4,0.006854947
10,2014,3,4,0.006444785
11,2014,3,4,0.006172362
12,2014,3,4,0.005981283
13,2014,3,4,0.00584037
14,2014,3,4,0.005738459
15,2014,3,4,0.005658207
16,2014,3,4,0.005606476
1,2015,3,4,3.442861e-05
2,2015,3,4,0.0001687313
3,2015,3,4,0.0004539802
4,2015,3,4,0.0004854979
5,2015,3,4,0.000474568
6,2015,3,4,0.0004171942
7,2015,3,4,0.0003660803
8,2015,3,4,0.0003288194
9,2015,3,4,0.0003038886
10,2015,3,4,0.0002857056
11,2015,3,4,0.0002736288
12,2015,3,4,0.000265158
13,2015,3,4,0.0002589111
14,2015,3,4,0.0002543933
15,2015,3,4,0.0002508356
16,2015,3,4,0.0002485423
1,2016,3,4,0.0001647639
2,2016,3,4,0.000807492
3,2016,3,4,0.002172599
4,2016,3,4,0.002323432
5,2016,3,4,0.002271125
6,2016,3,4,0.001996553
7,2016,3,4,0.001751939
8,2016,3,4,0.001573621
9,2016,3,4,0.00145431
10,2016,3,4,0.001367293
11,2016,3,4,0.001309497
12,2016,3,4,0.001268958
13,2016,3,4,0.001239063
14,2016,3,4,0.001217442
15,2016,3,4,0.001200416
16,2016,3,4,0.001189441
1,2017,3,4,0.0003786275
2,2017,3,4,0.001855617
3,2017,3,4,0.004992633
4,2017,3,4,0.005339247
5,2017,3,4,0.005219047
6,2017,3,4,0.004588081
7,2017,3,4,0.004025956
8,2017,3,4,0.003616181
9,2017,3,4,0.003342005
10,2017,3,4,0.003142039
11,2017,3,4,0.003009224
12,2017,3,4,0.002916067
13,2017,3,4,0.002847367
14,2017,3,4,0.002797682
15,2017,3,4,0.002758557
16,2017,3,4,0.002733336
1,2018,3,4,2.780282e-05
2,2018,3,4,0.0001362589
3,2018,3,4,0.0003666117
4,2018,3,4,0.0003920638
5,2018,3,4,0.0003832374
6,2018,3,4,0.0003369052
7,2018,3,4,0.0002956281
8,2018,3,4,0.0002655381
9,2018,3,4,0.0002454052
10,2018,3,4,0.0002307216
11,2018,3,4,0.0002209689
12,2018,3,4,0.0002141283
13,2018,3,4,0.0002090836
14,2018,3,4,0.0002054353
15,2018,3,4,0.0002025623
16,2018,3,4,0.0002007103
1,2019,3,4,1.289955e-11
2,2019,3,4,6.892264e-11
3,2019,3,4,1.641643e-10
4,2019,3,4,1.656037e-10
5,2019,3,4,1.486139e-10
6,2019,3,4,1.258331e-10
7,2019,3,4,1.092609e-10
8,2019,3,4,9.827216e-11
9,2019,3,4,9.135367e-11
10,2019,3,4,8.643269e-11
11,2019,3,4,8.32784e-11
12,2019,3,4,8.111032e-11
13,2019,3,4,7.951278e-11
14,2019,3,4,7.836544e-11
15,2019,3,4,7.744632e-11
16,2019,3,4,7.688347e-11
1,2020,3,4,0.0002623602
2,2020,3,4,0.001285802
3,2020,3,4,0.003459516
4,2020,3,4,0.003699694
5,2020,3,4,0.003616405
6,2020,3,4,0.003179193
7,2020,3,4,0.002789683
8,2020,3,4,0.00250574
9,2020,3,4,0.002315757
10,2020,3,4,0.002177195
11,2020,3,4,0.002085164
12,2020,3,4,0.002020613
13,2020,3,4,0.00197301
14,2020,3,4,0.001938582
15,2020,3,4,0.001911471
16,2020,3,4,0.001893995
1,2021,3,4,1.289955e-11
2,2021,3,4,6.892264e-11
3,2021,3,4,1.641643e-10
4,2021,3,4,1.656037e-10
5,2021,3,4,1.486139e-10
6,2021,3,4,1.258331e-10
7,2021,3,4,1.092609e-10
8,2021,3,4,9.827216e-11
9,2021,3,4,9.135367e-11
10,2021,3,4,8.643269e-11
11,2021,3,4,8.32784e-11
12,2021,3,4,8.111032e-11
13,2021,3,4,7.951278e-11
14,2021,3,4,7.836544e-11
15,2021,3,4,7.744632e-11
16,2021,3,4,7.688347e-11
1,2022,3,4,0.001363099
2,2022,3,4,0.006680415
3,2022,3,4,0.017974
4,2022,3,4,0.01922185
5,2022,3,4,0.01878912
6,2022,3,4,0.01651757
7,2022,3,4,0.01449386
8,2022,3,4,0.01301863
9,2022,3,4,0.01203157
10,2022,3,4,0.01131167
11,2022,3,4,0.01083352
12,2022,3,4,0.01049814
13,2022,3,4,0.01025082
14,2022,3,4,0.01007195
15,2022,3,4,0.009931093
16,2022,3,4,0.009840296
1,2023,3,4,0.0005074085
2,2023,3,4,0.00248676
3,2023,3,4,0.006690755
4,2023,3,4,0.007155263
5,2023,3,4,0.006994179
6,2023,3,4,0.006148605
7,2023,3,4,0.005395288
8,2023,3,4,0.004846137
9,2023,3,4,0.004478708
10,2023,3,4,0.004210727
11,2023,3,4,0.004032738
12,2023,3,4,0.003907896
13,2023,3,4,0.003815829
14,2023,3,4,0.003749246
15,2023,3,4,0.003696813
16,2023,3,4,0.003663014
1,2024,3,4,3.222681e-06
2,2024,3,4,1.579405e-05
3,2024,3,4,4.24947e-05
4,2024,3,4,4.54449e-05
5,2024,3,4,4.442182e-05
6,2024,3,4,3.905136e-05
7,2024,3,4,3.426685e-05
8,2024,3,4,3.077906e-05
9,2024,3,4,2.844542e-05
10,2024,3,4,2.67434e-05
11,2024,3,4,2.561295e-05
12,2024,3,4,2.482004e-05
13,2024,3,4,2.423531e-05
14,2024,3,4,2.381242e-05
15,2024,3,4,2.34794e-05
16,2024,3,4,2.326474e-05
1,1972,4,4,1.132758e-05
2,1972,4,4,5.55154e-05
3,1972,4,4,0.000149367
4,1972,4,4,0.0001597368
5,1972,4,4,0.0001561407
6,1972,4,4,0.0001372638
7,1972,4,4,0.0001204465
8,1972,4,4,0.000108187
9,1972,4,4,9.998438e-05
10,1972,4,4,9.400188e-05
11,1972,4,4,9.002839e-05
12,1972,4,4,8.724136e-05
13,1972,4,4,8.518604e-05
14,1972,4,4,8.36996e-05
15,1972,4,4,8.252906e-05
16,1972,4,4,8.177453e-05
1,1973,4,4,0.0001641785
2,1973,4,4,0.0008046228
3,1973,4,4,0.002164879
4,1973,4,4,0.002315176
5,1973,4,4,0.002263056
6,1973,4,4,0.001989459
7,1973,4,4,0.001745714
8,1973,4,4,0.001568029
9,1973,4,4,0.001449143
10,1973,4,4,0.001362434
11,1973,4,4,0.001304844
12,1973,4,4,0.001264449
13,1973,4,4,0.00123466
14,1973,4,4,0.001213116
15,1973,4,4,0.001196151
16,1973,4,4,0.001185215
1,1974,4,4,2.702888e-05
2,1974,4,4,0.0001324659
3,1974,4,4,0.0003564063
4,1974,4,4,0.0003811499
5,1974,4,4,0.0003725692
6,1974,4,4,0.0003275268
7,1974,4,4,0.0002873987
8,1974,4,4,0.0002581463
9,1974,4,4,0.0002385739
10,1974,4,4,0.000224299
11,1974,4,4,0.0002148178
12,1974,4,4,0.0002081676
13,1974,4,4,0.0002032634
14,1974,4,4,0.0001997166
15,1974,4,4,0.0001969236
16,1974,4,4,0.0001951232
1,1975,4,4,0.0005821826
2,1975,4,4,0.00285322
3,1975,4,4,0.007676736
4,1975,4,4,0.008209695
5,1975,4,4,0.008024873
6,1975,4,4,0.007054691
7,1975,4,4,0.006190362
8,1975,4,4,0.005560286
9,1975,4,4,0.00513871
10,1975,4,4,0.004831239
11,1975,4,4,0.004627021
12,1975,4,4,0.004483781
13,1975,4,4,0.004378147
14,1975,4,4,0.004301752
15,1975,4,4,0.004241592
16,1975,4,4,0.004202813
1,1976,4,4,3.310102e-05
2,1976,4,4,0.0001622249
3,1976,4,4,0.0004364744
4,1976,4,4,0.0004667768
5,1976,4,4,0.0004562684
6,1976,4,4,0.000401107
7,1976,4,4,0.000351964
8,1976,4,4,0.0003161399
9,1976,4,4,0.0002921705
10,1976,4,4,0.0002746887
11,1976,4,4,0.0002630775
12,1976,4,4,0.0002549333
13,1976,4,4,0.0002489273
14,1976,4,4,0.0002445837
15,1976,4,4,0.0002411632
16,1976,4,4,0.0002389584
1,1977,4,4,0.000378938
2,1977,4,4,0.001857138
3,1977,4,4,0.004996726
4,1977,4,4,0.005343625
5,1977,4,4,0.005223326
6,1977,4,4,0.004591843
7,1977,4,4,0.004029257
8,1977,4,4,0.003619146
9,1977,4,4,0.003344746
10,1977,4,4,0.003144615
11,1977,4,4,0.003011691
12,1977,4,4,0.002918458
13,1977,4,4,0.002849701
14,1977,4,4,0.002799976
15,1977,4,4,0.002760818
16,1977,4,4,0.002735577
1,1978,4,4,2.067105e-05
2,1978,4,4,0.0001013068
3,1978,4,4,0.0002725712
4,1978,4,4,0.0002914945
5,1978,4,4,0.0002849322
6,1978,4,4,0.0002504847
7,1978,4,4,0.0002197957
8,1978,4,4,0.0001974242
9,1978,4,4,0.0001824557
10,1978,4,4,0.0001715386
11,1978,4,4,0.0001642876
12,1978,4,4,0.0001592017
13,1978,4,4,0.000155451
14,1978,4,4,0.0001527385
15,1978,4,4,0.0001506025
16,1978,4,4,0.0001492256
1,1979,4,4,0.0001574806
2,1979,4,4,0.0007717974
3,1979,4,4,0.00207656
4,1979,4,4,0.002220726
5,1979,4,4,0.002170732
6,1979,4,4,0.001908297
7,1979,4,4,0.001674496
8,1979,4,4,0.00150406
9,1979,4,4,0.001390023
10,1979,4,4,0.001306852
11,1979,4,4,0.001251611
12,1979,4,4,0.001212865
13,1979,4,4,0.001184291
14,1979,4,4,0.001163626
15,1979,4,4,0.001147353
16,1979,4,4,0.001136863
1,1980,4,4,0.0001187893
2,1980,4,4,0.0005821748
3,1980,4,4,0.001566371
4,1980,4,4,0.001675117
5,1980,4,4,0.001637406
6,1980,4,4,0.001439448
7,1980,4,4,0.001263089
8,1980,4,4,0.001134528
9,1980,4,4,0.001048509
10,1980,4,4,0.0009857723
11,1980,4,4,0.0009441034
12,1980,4,4,0.0009148766
13,1980,4,4,0.0008933229
14,1980,4,4,0.000877735
15,1980,4,4,0.00086546
16,1980,4,4,0.0008575474
1,1981,4,4,0.000206067
2,1981,4,4,0.001009915
3,1981,4,4,0.002717227
4,1981,4,4,0.002905871
5,1981,4,4,0.002840452
6,1981,4,4,0.00249705
7,1981,4,4,0.002191116
8,1981,4,4,0.001968097
9,1981,4,4,0.001818877
10,1981,4,4,0.001710046
11,1981,4,4,0.001637762
12,1981,4,4,0.001587061
13,1981,4,4,0.001549672
14,1981,4,4,0.001522631
15,1981,4,4,0.001501337
16,1981,4,4,0.001487611
1,1982,4,4,0.0001695647
2,1982,4,4,0.0008310199
3,1982,4,4,0.002235902
4,1982,4,4,0.00239113
5,1982,4,4,0.002337299
6,1982,4,4,0.002054727
7,1982,4,4,0.001802985
8,1982,4,4,0.001619471
9,1982,4,4,0.001496685
10,1982,4,4,0.001407131
11,1982,4,4,0.001347651
12,1982,4,4,0.001305932
13,1982,4,4,0.001275165
14,1982,4,4,0.001252915
15,1982,4,4,0.001235393
16,1982,4,4,0.001224098
1,1983,4,4,0.0001871384
2,1983,4,4,0.000917147
3,1983,4,4,0.002467631
4,1983,4,4,0.002638947
5,1983,4,4,0.002579537
6,1983,4,4,0.002267679
7,1983,4,4,0.001989847
8,1983,4,4,0.001787314
9,1983,4,4,0.001651801
10,1983,4,4,0.001552967
11,1983,4,4,0.001487322
12,1983,4,4,0.001441279
13,1983,4,4,0.001407324
14,1983,4,4,0.001382767
15,1983,4,4,0.001363429
16,1983,4,4,0.001350964
1,1984,4,4,0.0001184562
2,1984,4,4,0.0005805425
3,1984,4,4,0.001561979
4,1984,4,4,0.00167042
5,1984,4,4,0.001632815
6,1984,4,4,0.001435412
7,1984,4,4,0.001259548
8,1984,4,4,0.001131347
9,1984,4,4,0.001045569
10,1984,4,4,0.0009830083
11,1984,4,4,0.0009414563
12,1984,4,4,0.0009123114
13,1984,4,4,0.0008908182
14,1984,4,4,0.000875274
15,1984,4,4,0.0008630333
16,1984,4,4,0.000855143
1,1985,4,4,0.0006092938
2,1985,4,4,0.00298609
3,1985,4,4,0.008034228
4,1985,4,4,0.008592006
5,1985,4,4,0.008398578
6,1985,4,4,0.007383216
7,1985,4,4,0.006478636
8,1985,4,4,0.005819219
9,1985,4,4,0.005378011
10,1985,4,4,0.005056221
11,1985,4,4,0.004842493
12,1985,4,4,0.004692583
13,1985,4,4,0.00458203
14,1985,4,4,0.004502077
15,1985,4,4,0.004439116
16,1985,4,4,0.00439853
1,1986,4,4,0.0003299749
2,1986,4,4,0.001617175
3,1986,4,4,0.004351092
4,1986,4,4,0.004653168
5,1986,4,4,0.004548413
6,1986,4,4,0.003998524
7,1986,4,4,0.003508631
8,1986,4,4,0.003151511
9,1986,4,4,0.002912566
10,1986,4,4,0.002738295
11,1986,4,4,0.002622546
12,1986,4,4,0.002541359
13,1986,4,4,0.002481487
14,1986,4,4,0.002438187
15,1986,4,4,0.002404089
16,1986,4,4,0.00238211
1,1987,4,4,0.001167803
2,1987,4,4,0.00572329
3,1987,4,4,0.01539881
4,1987,4,4,0.01646787
5,1987,4,4,0.01609714
6,1987,4,4,0.01415104
7,1987,4,4,0.01241728
8,1987,4,4,0.01115341
9,1987,4,4,0.01030777
10,1987,4,4,0.009691009
11,1987,4,4,0.009281367
12,1987,4,4,0.008994041
13,1987,4,4,0.00878215
14,1987,4,4,0.008628908
15,1987,4,4,0.008508233
16,1987,4,4,0.008430445
1,1988,4,4,8.223758e-05
2,1988,4,4,0.0004030384
3,1988,4,4,0.001084395
4,1988,4,4,0.00115968
5,1988,4,4,0.001133572
6,1988,4,4,0.0009965271
7,1988,4,4,0.0008744342
8,1988,4,4,0.0007854314
9,1988,4,4,0.0007258807
10,1988,4,4,0.0006824481
11,1988,4,4,0.0006536008
12,1988,4,4,0.0006333671
13,1988,4,4,0.0006184456
14,1988,4,4,0.0006076541
15,1988,4,4,0.0005991561
16,1988,4,4,0.0005936782
1,1989,4,4,0.0001485425
2,1989,4,4,0.0007279924
3,1989,4,4,0.001958701
4,1989,4,4,0.002094684
5,1989,4,4,0.002047527
6,1989,4,4,0.001799988
7,1989,4,4,0.001579456
8,1989,4,4,0.001418694
9,1989,4,4,0.00131113
10,1989,4,4,0.001232679
11,1989,4,4,0.001180573
12,1989,4,4,0.001144026
13,1989,4,4,0.001117074
14,1989,4,4,0.001097582
15,1989,4,4,0.001082232
16,1989,4,4,0.001072338
1,1990,4,4,0.0002722379
2,1990,4,4,0.001334212
3,1990,4,4,0.003589765
4,1990,4,4,0.003838985
5,1990,4,4,0.003752559
6,1990,4,4,0.003298887
7,1990,4,4,0.002894712
8,1990,4,4,0.002600079
9,1990,4,4,0.002402943
10,1990,4,4,0.002259165
11,1990,4,4,0.002163669
12,1990,4,4,0.002096688
13,1990,4,4,0.002047292
14,1990,4,4,0.002011568
15,1990,4,4,0.001983436
16,1990,4,4,0.001965303
1,1991,4,4,4.928368e-05
2,1991,4,4,0.0002415345
3,1991,4,4,0.000649861
4,1991,4,4,0.0006949778
5,1991,4,4,0.000679332
6,1991,4,4,0.0005972029
7,1991,4,4,0.0005240346
8,1991,4,4,0.0004706966
9,1991,4,4,0.0004350088
10,1991,4,4,0.0004089803
11,1991,4,4,0.0003916926
12,1991,4,4,0.0003795669
13,1991,4,4,0.0003706246
14,1991,4,4,0.0003641575
15,1991,4,4,0.0003590648
16,1991,4,4,0.000355782
1,1992,4,4,0.001058107
2,1992,4,4,0.00518568
3,1992,4,4,0.01395234
4,1992,4,4,0.01492098
5,1992,4,4,0.01458507
6,1992,4,4,0.01282178
7,1992,4,4,0.01125088
8,1992,4,4,0.01010573
9,1992,4,4,0.00933952
10,1992,4,4,0.008780696
11,1992,4,4,0.008409533
12,1992,4,4,0.008149198
13,1992,4,4,0.00795721
14,1992,4,4,0.007818362
15,1992,4,4,0.007709023
16,1992,4,4,0.007638542
1,1993,4,4,0.0007029494
2,1993,4,4,0.003445087
3,1993,4,4,0.009269183
4,1993,4,4,0.009912698
5,1993,4,4,0.009689537
6,1993,4,4,0.008518103
7,1993,4,4,0.007474478
8,1993,4,4,0.006713701
9,1993,4,4,0.006204674
10,1993,4,4,0.005833422
11,1993,4,4,0.005586841
12,1993,4,4,0.005413888
13,1993,4,4,0.005286342
14,1993,4,4,0.005194099
15,1993,4,4,0.005121459
16,1993,4,4,0.005074636
1,1994,4,4,0.0004882894
2,1994,4,4,0.002393059
3,1994,4,4,0.006438648
4,1994,4,4,0.006885653
5,1994,4,4,0.006730639
6,1994,4,4,0.005916925
7,1994,4,4,0.005191993
8,1994,4,4,0.004663535
9,1994,4,4,0.00430995
10,1994,4,4,0.004052067
11,1994,4,4,0.003880785
12,1994,4,4,0.003760646
13,1994,4,4,0.003672049
14,1994,4,4,0.003607974
15,1994,4,4,0.003557517
16,1994,4,4,0.003524992
1,1995,4,4,1.038802e-05
2,1995,4,4,5.091068e-05
3,1995,4,4,0.0001369778
4,1995,4,4,0.0001464875
5,1995,4,4,0.0001431897
6,1995,4,4,0.0001258785
7,1995,4,4,0.000110456
8,1995,4,4,9.921346e-05
9,1995,4,4,9.169118e-05
10,1995,4,4,8.62049e-05
11,1995,4,4,8.256099e-05
12,1995,4,4,8.000513e-05
13,1995,4,4,7.812029e-05
14,1995,4,4,7.675714e-05
15,1995,4,4,7.56837e-05
16,1995,4,4,7.499175e-05
1,1996,4,4,0.001415016
2,1996,4,4,0.006934856
3,1996,4,4,0.01865858
4,1996,4,4,0.01995396
5,1996,4,4,0.01950475
6,1996,4,4,0.01714668
7,1996,4,4,0.0150459
8,1996,4,4,0.01351448
9,1996,4,4,0.01248982
10,1996,4,4,0.0117425
11,1996,4,4,0.01124614
12,1996,4,4,0.01089799
13,1996,4,4,0.01064125
14,1996,4,4,0.01045556
15,1996,4,4,0.01030934
16,1996,4,4,0.01021509
1,1997,4,4,6.47048e-05
2,1997,4,4,0.000317112
3,1997,4,4,0.000853206
4,1997,4,4,0.0009124401
5,1997,4,4,0.0008918986
6,1997,4,4,0.0007840709
7,1997,4,4,0.0006880077
8,1997,4,4,0.00061798
9,1997,4,4,0.0005711254
10,1997,4,4,0.0005369524
11,1997,4,4,0.0005142553
12,1997,4,4,0.0004983354
13,1997,4,4,0.0004865951
14,1997,4,4,0.0004781043
15,1997,4,4,0.000471418
16,1997,4,4,0.000467108
1,1998,4,4,0.0007950323
2,1998,4,4,0.003896376
3,1998,4,4,0.0104834
4,1998,4,4,0.01121121
5,1998,4,4,0.01095882
6,1998,4,4,0.009633933
7,1998,4,4,0.008453599
8,1998,4,4,0.007593164
9,1998,4,4,0.007017457
10,1998,4,4,0.006597572
11,1998,4,4,0.00631869
12,1998,4,4,0.006123081
13,1998,4,4,0.005978827
14,1998,4,4,0.005874501
15,1998,4,4,0.005792346
16,1998,4,4,0.005739389
1,1999,4,4,0.0001506967
2,1999,4,4,0.0007385501
3,1999,4,4,0.001987107
4,1999,4,4,0.002125062
5,1999,4,4,0.002077222
6,1999,4,4,0.001826092
7,1999,4,4,0.001602362
8,1999,4,4,0.001439268
9,1999,4,4,0.001330144
10,1999,4,4,0.001250556
11,1999,4,4,0.001197695
12,1999,4,4,0.001160617
13,1999,4,4,0.001133274
14,1999,4,4,0.001113499
15,1999,4,4,0.001097927
16,1999,4,4,0.001087889
1,2000,4,4,0.00093785
2,2000,4,4,0.004596312
3,2000,4,4,0.01236661
4,2000,4,4,0.01322517
5,2000,4,4,0.01292744
6,2000,4,4,0.01136455
7,2000,4,4,0.009972183
8,2000,4,4,0.008957181
9,2000,4,4,0.008278056
10,2000,4,4,0.007782744
11,2000,4,4,0.007453764
12,2000,4,4,0.007223017
13,2000,4,4,0.007052849
14,2000,4,4,0.006929782
15,2000,4,4,0.006832869
16,2000,4,4,0.006770399
1,2001,4,4,0.002322528
2,2001,4,4,0.01138249
3,2001,4,4,0.03062516
4,2001,4,4,0.03275132
5,2001,4,4,0.032014
6,2001,4,4,0.02814361
7,2001,4,4,0.0246955
8,2001,4,4,0.02218191
9,2001,4,4,0.0205001
10,2001,4,4,0.01927349
11,2001,4,4,0.01845879
12,2001,4,4,0.01788736
13,2001,4,4,0.01746595
14,2001,4,4,0.01716118
15,2001,4,4,0.01692118
16,2001,4,4,0.01676648
1,2002,4,4,0.001087114
2,2002,4,4,0.005327841
3,2002,4,4,0.01433483
4,2002,4,4,0.01533003
5,2002,4,4,0.01498491
6,2002,4,4,0.01317328
7,2002,4,4,0.01155931
8,2002,4,4,0.01038277
9,2002,4,4,0.009595555
10,2002,4,4,0.009021411
11,2002,4,4,0.008640073
12,2002,4,4,0.0083726
13,2002,4,4,0.008175349
14,2002,4,4,0.008032695
15,2002,4,4,0.007920358
16,2002,4,4,0.007847945
1,2003,4,4,1.968828e-05
2,2003,4,4,9.649034e-05
3,2003,4,4,0.0002596122
4,2003,4,4,0.0002776358
5,2003,4,4,0.0002713855
6,2003,4,4,0.0002385759
7,2003,4,4,0.0002093459
8,2003,4,4,0.000188038
9,2003,4,4,0.0001737811
10,2003,4,4,0.000163383
11,2003,4,4,0.0001564768
12,2003,4,4,0.0001516327
13,2003,4,4,0.0001480604
14,2003,4,4,0.0001454768
15,2003,4,4,0.0001434423
16,2003,4,4,0.0001421309
1,2004,4,4,0.003179336
2,2004,4,4,0.01558162
3,2004,4,4,0.04192315
4,2004,4,4,0.04483367
5,2004,4,4,0.04382435
6,2004,4,4,0.03852612
7,2004,4,4,0.03380596
8,2004,4,4,0.03036508
9,2004,4,4,0.02806283
10,2004,4,4,0.02638371
11,2004,4,4,0.02526846
12,2004,4,4,0.02448622
13,2004,4,4,0.02390934
14,2004,4,4,0.02349214
15,2004,4,4,0.02316361
16,2004,4,4,0.02295183
1,2005,4,4,0.000729455
2,2005,4,4,0.003574988
3,2005,4,4,0.009618689
4,2005,4,4,0.01028647
5,2005,4,4,0.01005489
6,2005,4,4,0.008839289
7,2005,4,4,0.007756313
8,2005,4,4,0.00696685
9,2005,4,4,0.00643863
10,2005,4,4,0.006053378
11,2005,4,4,0.0057975
12,2005,4,4,0.005618026
13,2005,4,4,0.00548567
14,2005,4,4,0.005389949
15,2005,4,4,0.005314571
16,2005,4,4,0.005265982
1,2006,4,4,0.001294069
2,2006,4,4,0.006342105
3,2006,4,4,0.01706376
4,2006,4,4,0.01824842
5,2006,4,4,0.0178376
6,2006,4,4,0.01568109
7,2006,4,4,0.01375986
8,2006,4,4,0.01235934
9,2006,4,4,0.01142227
10,2006,4,4,0.01073882
11,2006,4,4,0.01028489
12,2006,4,4,0.009966497
13,2006,4,4,0.009731696
14,2006,4,4,0.009561884
15,2006,4,4,0.009428162
16,2006,4,4,0.009341964
1,2007,4,4,0.002307903
2,2007,4,4,0.01131081
3,2007,4,4,0.03043232
4,2007,4,4,0.03254509
5,2007,4,4,0.03181241
6,2007,4,4,0.02796639
7,2007,4,4,0.02453999
8,2007,4,4,0.02204223
9,2007,4,4,0.02037101
10,2007,4,4,0.01915212
11,2007,4,4,0.01834256
12,2007,4,4,0.01777472
13,2007,4,4,0.01735597
14,2007,4,4,0.01705312
15,2007,4,4,0.01681463
16,2007,4,4,0.0166609
1,2008,4,4,1.368536e-05
2,2008,4,4,6.707065e-05
3,2008,4,4,0.000180457
4,2008,4,4,0.0001929853
5,2008,4,4,0.0001886407
6,2008,4,4,0.0001658346
7,2008,4,4,0.0001455168
8,2008,4,4,0.0001307056
9,2008,4,4,0.0001207956
10,2008,4,4,0.0001135679
11,2008,4,4,0.0001087674
12,2008,4,4,0.0001054002
13,2008,4,4,0.0001029171
14,2008,4,4,0.0001011213
15,2008,4,4,9.970708e-05
16,2008,4,4,9.87955e-05
1,2009,4,4,5.211175e-05
2,2009,4,4,0.0002553947
3,2009,4,4,0.0006871524
4,2009,4,4,0.0007348581
5,2009,4,4,0.0007183145
6,2009,4,4,0.0006314726
7,2009,4,4,0.0005541055
8,2009,4,4,0.0004977068
9,2009,4,4,0.0004599712
10,2009,4,4,0.0004324491
11,2009,4,4,0.0004141693
12,2009,4,4,0.0004013478
13,2009,4,4,0.0003918924
14,2009,4,4,0.0003850542
15,2009,4,4,0.0003796692
16,2009,4,4,0.000376198
1,2010,4,4,8.319173e-05
2,2010,4,4,0.0004077146
3,2010,4,4,0.001096977
4,2010,4,4,0.001173135
5,2010,4,4,0.001146725
6,2010,4,4,0.001008089
7,2010,4,4,0.0008845798
8,2010,4,4,0.0007945443
9,2010,4,4,0.0007343027
10,2010,4,4,0.0006903662
11,2010,4,4,0.0006611842
12,2010,4,4,0.0006407157
13,2010,4,4,0.0006256211
14,2010,4,4,0.0006147044
15,2010,4,4,0.0006061078
16,2010,4,4,0.0006005664
1,2011,4,4,0.001268673
2,2011,4,4,0.006217646
3,2011,4,4,0.0167289
4,2011,4,4,0.0178903
5,2011,4,4,0.01748755
6,2011,4,4,0.01537336
7,2011,4,4,0.01348984
8,2011,4,4,0.0121168
9,2011,4,4,0.01119811
10,2011,4,4,0.01052808
11,2011,4,4,0.01008306
12,2011,4,4,0.009770912
13,2011,4,4,0.009540718
14,2011,4,4,0.009374239
15,2011,4,4,0.009243141
16,2011,4,4,0.009158634
1,2012,4,4,0.0009119032
2,2012,4,4,0.004469149
3,2012,4,4,0.01202448
4,2012,4,4,0.01285928
5,2012,4,4,0.01256978
6,2012,4,4,0.01105014
7,2012,4,4,0.00969629
8,2012,4,4,0.00870937
9,2012,4,4,0.008049033
10,2012,4,4,0.007567424
11,2012,4,4,0.007247547
12,2012,4,4,0.007023183
13,2012,4,4,0.006857723
14,2012,4,4,0.006738061
15,2012,4,4,0.006643829
16,2012,4,4,0.006583087
1,2013,4,4,0.0004991887
2,2013,4,4,0.002446476
3,2013,4,4,0.006582368
4,2013,4,4,0.007039351
5,2013,4,4,0.006880877
6,2013,4,4,0.006049
7,2013,4,4,0.005307886
8,2013,4,4,0.004767632
9,2013,4,4,0.004406155
10,2013,4,4,0.004142515
11,2013,4,4,0.00396741
12,2013,4,4,0.00384459
13,2013,4,4,0.003754015
14,2013,4,4,0.00368851
15,2013,4,4,0.003636926
16,2013,4,4,0.003603675
1,2014,4,4,0.0004619072
2,2014,4,4,0.002263763
3,2014,4,4,0.006090769
4,2014,4,4,0.006513623
5,2014,4,4,0.006366984
6,2014,4,4,0.005597235
7,2014,4,4,0.004911471
8,2014,4,4,0.004411565
9,2014,4,4,0.004077084
10,2014,4,4,0.003833135
11,2014,4,4,0.003671107
12,2014,4,4,0.00355746
13,2014,4,4,0.003473649
14,2014,4,4,0.003413036
15,2014,4,4,0.003365305
16,2014,4,4,0.003334537
1,2015,4,4,0.0009496173
2,2015,4,4,0.004653982
3,2015,4,4,0.01252178
4,2015,4,4,0.01339111
5,2015,4,4,0.01308964
6,2015,4,4,0.01150714
7,2015,4,4,0.0100973
8,2015,4,4,0.009069568
9,2015,4,4,0.008381921
10,2015,4,4,0.007880394
11,2015,4,4,0.007547288
12,2015,4,4,0.007313645
13,2015,4,4,0.007141342
14,2015,4,4,0.00701673
15,2015,4,4,0.006918602
16,2015,4,4,0.006855347
1,2016,4,4,0.001214381
2,2016,4,4,0.005951563
3,2016,4,4,0.01601298
4,2016,4,4,0.01712469
5,2016,4,4,0.01673917
6,2016,4,4,0.01471546
7,2016,4,4,0.01291254
8,2016,4,4,0.01159826
9,2016,4,4,0.01071889
10,2016,4,4,0.01007753
11,2016,4,4,0.009651552
12,2016,4,4,0.009352767
13,2016,4,4,0.009132424
14,2016,4,4,0.00897307
15,2016,4,4,0.008847582
16,2016,4,4,0.008766692
1,2017,4,4,0.003508576
2,2017,4,4,0.01719519
3,2017,4,4,0.04626455
4,2017,4,4,0.04947648
5,2017,4,4,0.04836263
6,2017,4,4,0.04251574
7,2017,4,4,0.03730678
8,2017,4,4,0.03350957
9,2017,4,4,0.03096891
10,2017,4,4,0.0291159
11,2017,4,4,0.02788516
12,2017,4,4,0.02702192
13,2017,4,4,0.02638531
14,2017,4,4,0.0259249
15,2017,4,4,0.02556234
16,2017,4,4,0.02532863
1,2018,4,4,0.003464511
2,2018,4,4,0.01697923
3,2018,4,4,0.0456835
4,2018,4,4,0.04885508
5,2018,4,4,0.04775523
6,2018,4,4,0.04198177
7,2018,4,4,0.03683823
8,2018,4,4,0.03308871
9,2018,4,4,0.03057996
10,2018,4,4,0.02875023
11,2018,4,4,0.02753494
12,2018,4,4,0.02668254
13,2018,4,4,0.02605392
14,2018,4,4,0.0255993
15,2018,4,4,0.02524129
16,2018,4,4,0.02501052
1,2019,4,4,4.339055e-05
2,2019,4,4,0.0002126529
3,2019,4,4,0.0005721535
4,2019,4,4,0.0006118754
5,2019,4,4,0.0005981005
6,2019,4,4,0.000525792
7,2019,4,4,0.0004613728
8,2019,4,4,0.0004144128
9,2019,4,4,0.0003829924
10,2019,4,4,0.0003600763
11,2019,4,4,0.0003448557
12,2019,4,4,0.00033418
13,2019,4,4,0.000326307
14,2019,4,4,0.0003206132
15,2019,4,4,0.0003161294
16,2019,4,4,0.0003132391
1,2020,4,4,0.004164154
2,2020,4,4,0.02040811
3,2020,4,4,0.05490908
4,2020,4,4,0.05872116
5,2020,4,4,0.05739919
6,2020,4,4,0.05045981
7,2020,4,4,0.04427755
8,2020,4,4,0.03977084
9,2020,4,4,0.03675545
10,2020,4,4,0.03455621
11,2020,4,4,0.03309551
12,2020,4,4,0.03207096
13,2020,4,4,0.0313154
14,2020,4,4,0.03076897
15,2020,4,4,0.03033866
16,2020,4,4,0.03006129
1,2021,4,4,1.676089e-05
2,2021,4,4,8.214352e-05
3,2021,4,4,0.0002210113
4,2021,4,4,0.0002363551
5,2021,4,4,0.0002310341
6,2021,4,4,0.0002031028
7,2021,4,4,0.000178219
8,2021,4,4,0.0001600793
9,2021,4,4,0.0001479422
10,2021,4,4,0.0001390902
11,2021,4,4,0.0001332108
12,2021,4,4,0.0001290869
13,2021,4,4,0.0001260458
14,2021,4,4,0.0001238464
15,2021,4,4,0.0001221144
16,2021,4,4,0.0001209979
1,2022,4,4,0.001528654
2,2022,4,4,0.007491783
3,2022,4,4,0.02015703
4,2022,4,4,0.02155643
5,2022,4,4,0.02107114
6,2022,4,4,0.01852371
7,2022,4,4,0.01625421
8,2022,4,4,0.0145998
9,2022,4,4,0.01349286
10,2022,4,4,0.01268552
11,2022,4,4,0.0121493
12,2022,4,4,0.01177319
13,2022,4,4,0.01149583
14,2022,4,4,0.01129523
15,2022,4,4,0.01113727
16,2022,4,4,0.01103545
1,2023,4,4,0.001707647
2,2023,4,4,0.008369013
3,2023,4,4,0.02251726
4,2023,4,4,0.02408053
5,2023,4,4,0.02353841
6,2023,4,4,0.02069269
7,2023,4,4,0.01815745
8,2023,4,4,0.01630933
9,2023,4,4,0.01507277
10,2023,4,4,0.0141709
11,2023,4,4,0.01357189
12,2023,4,4,0.01315174
13,2023,4,4,0.0128419
14,2023,4,4,0.01261782
15,2023,4,4,0.01244136
16,2023,4,4,0.01232761
1,2024,4,4,0.0001379415
2,2024,4,4,0.0006760377
3,2024,4,4,0.001818914
4,2024,4,4,0.001945193
5,2024,4,4,0.001901401
6,2024,4,4,0.001671528
7,2024,4,4,0.001466735
8,2024,4,4,0.001317446
9,2024,4,4,0.001217558
10,2024,4,4,0.001144707
11,2024,4,4,0.001096319
12,2024,4,4,0.00106238
13,2024,4,4,0.001037352
14,2024,4,4,0.001019251
15,2024,4,4,0.001004996
16,2024,4,4,0.0009958081
1,1972,1,5,0.008289243
2,1972,1,5,0.04512183
3,1972,1,5,0.007858666
4,1972,1,5,0.005874745
5,1972,1,5,0.003950909
6,1972,1,5,0.003236923
7,1972,1,5,0.002898313
8,1972,1,5,0.002720124
9,1972,1,5,0.002634737
10,1972,1,5,0.002579722
11,1972,1,5,0.002557837
12,1972,1,5,0.002548994
13,1972,1,5,0.002542819
14,1972,1,5,0.002539872
15,1972,1,5,0.002535582
16,1972,1,5,0.002538103
1,1973,1,5,0.01089635
2,1973,1,5,0.06294167
3,1973,1,5,0.01265517
4,1973,1,5,0.009686349
5,1973,1,5,0.006663305
6,1973,1,5,0.005435994
7,1973,1,5,0.004798655
8,1973,1,5,0.004433142
9,1973,1,5,0.00423234
10,1973,1,5,0.004095275
11,1973,1,5,0.004022131
12,1973,1,5,0.00397834
13,1973,1,5,0.003947008
14,1973,1,5,0.003926181
15,1973,1,5,0.003907087
16,1973,1,5,0.003900335
1,1974,1,5,0.001905062
2,1974,1,5,0.009275904
3,1974,1,5,0.0024546
4,1974,1,5,0.001909932
5,1974,1,5,0.001332691
6,1974,1,5,0.001090866
7,1974,1,5,0.0009644337
8,1974,1,5,0.0008918185
9,1974,1,5,0.0008519675
10,1974,1,5,0.0008247707
11,1974,1,5,0.0008103154
12,1974,1,5,0.0008017129
13,1974,1,5,0.0007955392
14,1974,1,5,0.0007914458
15,1974,1,5,0.0007876903
16,1974,1,5,0.0007864368
1,1975,1,5,0.009482012
2,1975,1,5,0.05920326
3,1975,1,5,0.008505065
4,1975,1,5,0.006172952
5,1975,1,5,0.003996589
6,1975,1,5,0.003234563
7,1975,1,5,0.002891568
8,1975,1,5,0.002719334
9,1975,1,5,0.002642178
10,1975,1,5,0.002594428
11,1975,1,5,0.002578986
12,1975,1,5,0.002575433
13,1975,1,5,0.002573204
14,1975,1,5,0.002573285
15,1975,1,5,0.002571228
16,1975,1,5,0.002575775
1,1976,1,5,0.005026088
2,1976,1,5,0.02918466
3,1976,1,5,0.004055335
4,1976,1,5,0.002950018
5,1976,1,5,0.001926861
6,1976,1,5,0.001571638
7,1976,1,5,0.001412105
8,1976,1,5,0.001332336
9,1976,1,5,0.001297173
10,1976,1,5,0.001275507
11,1976,1,5,0.001268979
12,1976,1,5,0.001267902
13,1976,1,5,0.00126728
14,1976,1,5,0.001267642
15,1976,1,5,0.001266895
16,1976,1,5,0.001269256
1,1977,1,5,0.02005085
2,1977,1,5,0.09526927
3,1977,1,5,0.01825751
4,1977,1,5,0.01344082
5,1977,1,5,0.008733016
6,1977,1,5,0.007067664
7,1977,1,5,0.006354965
8,1977,1,5,0.006020293
9,1977,1,5,0.005888591
10,1977,1,5,0.005813842
11,1977,1,5,0.005803634
12,1977,1,5,0.005814592
13,1977,1,5,0.00582316
14,1977,1,5,0.005833491
15,1977,1,5,0.005836866
16,1977,1,5,0.005854115
1,1978,1,5,0.02789872
2,1978,1,5,0.1401242
3,1978,1,5,0.02866711
4,1978,1,5,0.02094707
5,1978,1,5,0.01330083
6,1978,1,5,0.01058759
7,1978,1,5,0.009442704
8,1978,1,5,0.008911476
9,1978,1,5,0.008701907
10,1978,1,5,0.008584532
11,1978,1,5,0.008567161
12,1978,1,5,0.00858298
13,1978,1,5,0.008595627
14,1978,1,5,0.008611175
15,1978,1,5,0.008616334
16,1978,1,5,0.008642625
1,1979,1,5,0.006009576
2,1979,1,5,0.02106805
3,1979,1,5,0.005865539
4,1979,1,5,0.004349522
5,1979,1,5,0.002720984
6,1979,1,5,0.002107275
7,1979,1,5,0.001844274
8,1979,1,5,0.00171851
9,1979,1,5,0.001662054
10,1979,1,5,0.001628512
11,1979,1,5,0.001616267
12,1979,1,5,0.00161223
13,1979,1,5,0.001609658
14,1979,1,5,0.00160885
15,1979,1,5,0.001607119
16,1979,1,5,0.001609376
1,1980,1,5,0.0137451
2,1980,1,5,0.06209018
3,1980,1,5,0.0204497
4,1980,1,5,0.01542896
5,1980,1,5,0.009607167
6,1980,1,5,0.007240003
7,1980,1,5,0.006178778
8,1980,1,5,0.005642482
9,1980,1,5,0.005374033
10,1980,1,5,0.005204433
11,1980,1,5,0.005121473
12,1980,1,5,0.005076469
13,1980,1,5,0.005045107
14,1980,1,5,0.005025527
15,1980,1,5,0.005006812
16,1980,1,5,0.005003702
1,1981,1,5,0.01811545
2,1981,1,5,0.0960804
3,1981,1,5,0.0250953
4,1981,1,5,0.01901695
5,1981,1,5,0.01273258
6,1981,1,5,0.01024336
7,1981,1,5,0.009022023
8,1981,1,5,0.008354067
9,1981,1,5,0.008005607
10,1981,1,5,0.007773596
11,1981,1,5,0.00765901
12,1981,1,5,0.007595733
13,1981,1,5,0.007550591
14,1981,1,5,0.007521981
15,1981,1,5,0.007493914
16,1981,1,5,0.007488993
1,1982,1,5,0.01938381
2,1982,1,5,0.08343881
3,1982,1,5,0.02316289
4,1982,1,5,0.01775834
5,1982,1,5,0.0118678
6,1982,1,5,0.009493914
7,1982,1,5,0.008371642
8,1982,1,5,0.007780766
9,1982,1,5,0.007485695
10,1982,1,5,0.007294086
11,1982,1,5,0.007206158
12,1982,1,5,0.007161809
13,1982,1,5,0.007130363
14,1982,1,5,0.007111648
15,1982,1,5,0.007091776
16,1982,1,5,0.007092444
1,1983,1,5,0.0192128
2,1983,1,5,0.08611332
3,1983,1,5,0.03657261
4,1983,1,5,0.02728837
5,1983,1,5,0.01614763
6,1983,1,5,0.01157794
7,1983,1,5,0.00956252
8,1983,1,5,0.008552217
9,1983,1,5,0.008032543
10,1983,1,5,0.007705387
11,1983,1,5,0.007531273
12,1983,1,5,0.007428243
13,1983,1,5,0.007356663
14,1983,1,5,0.007309495
15,1983,1,5,0.007268317
16,1983,1,5,0.007252294
1,1984,1,5,0.01494698
2,1984,1,5,0.06529504
3,1984,1,5,0.01960499
4,1984,1,5,0.01484842
5,1984,1,5,0.009635536
6,1984,1,5,0.007533846
7,1984,1,5,0.006538484
8,1984,1,5,0.006008181
9,1984,1,5,0.005730995
10,1984,1,5,0.005549056
11,1984,1,5,0.0054556
12,1984,1,5,0.005401797
13,1984,1,5,0.005363723
14,1984,1,5,0.005338979
15,1984,1,5,0.005315945
16,1984,1,5,0.005309282
1,1985,1,5,0.02546344
2,1985,1,5,0.1021705
3,1985,1,5,0.03244168
4,1985,1,5,0.02462602
5,1985,1,5,0.01569884
6,1985,1,5,0.01207641
7,1985,1,5,0.01042793
8,1985,1,5,0.009584208
9,1985,1,5,0.009160474
10,1985,1,5,0.008890153
11,1985,1,5,0.008758805
12,1985,1,5,0.008687865
13,1985,1,5,0.008638179
14,1985,1,5,0.008607215
15,1985,1,5,0.00857716
16,1985,1,5,0.008572622
1,1986,1,5,0.03568761
2,1986,1,5,0.1131797
3,1986,1,5,0.03165982
4,1986,1,5,0.02462536
5,1986,1,5,0.01732353
6,1986,1,5,0.0144346
7,1986,1,5,0.01302411
8,1986,1,5,0.01226761
9,1986,1,5,0.01189826
10,1986,1,5,0.01165581
11,1986,1,5,0.0115546
12,1986,1,5,0.0115098
13,1986,1,5,0.01147761
14,1986,1,5,0.01146035
15,1986,1,5,0.01143845
16,1986,1,5,0.01144615
1,1987,1,5,0.0654527
2,1987,1,5,0.2262171
3,1987,1,5,0.05999858
4,1987,1,5,0.0460991
5,1987,1,5,0.0316698
6,1987,1,5,0.02604465
7,1987,1,5,0.02336925
8,1987,1,5,0.02196197
9,1987,1,5,0.02128235
10,1987,1,5,0.020842
11,1987,1,5,0.02065991
12,1987,1,5,0.02058065
13,1987,1,5,0.0205243
14,1987,1,5,0.02049469
15,1987,1,5,0.02045644
16,1987,1,5,0.0204713
1,1988,1,5,0.03885802
2,1988,1,5,0.1708059
3,1988,1,5,0.04946417
4,1988,1,5,0.03790318
5,1988,1,5,0.02568206
6,1988,1,5,0.02071537
7,1988,1,5,0.0182277
8,1988,1,5,0.01684089
9,1988,1,5,0.01609518
10,1988,1,5,0.01559226
11,1988,1,5,0.01532903
12,1988,1,5,0.01517424
13,1988,1,5,0.0150635
14,1988,1,5,0.01499052
15,1988,1,5,0.01492277
16,1988,1,5,0.01490119
1,1989,1,5,0.0544364
2,1989,1,5,0.1989792
3,1989,1,5,0.0781332
4,1989,1,5,0.06024678
5,1989,1,5,0.03792401
6,1989,1,5,0.02844341
7,1989,1,5,0.02419159
8,1989,1,5,0.02204735
9,1989,1,5,0.02096762
10,1989,1,5,0.02028517
11,1989,1,5,0.01994382
12,1989,1,5,0.01975404
13,1989,1,5,0.01962127
14,1989,1,5,0.01953688
15,1989,1,5,0.01945849
16,1989,1,5,0.01944088
1,1990,1,5,0.09112384
2,1990,1,5,0.2870069
3,1990,1,5,0.09016097
4,1990,1,5,0.06998044
5,1990,1,5,0.04707758
6,1990,1,5,0.03769546
7,1990,1,5,0.0333203
8,1990,1,5,0.03105162
9,1990,1,5,0.02993408
10,1990,1,5,0.02921609
11,1990,1,5,0.02889201
12,1990,1,5,0.02873195
13,1990,1,5,0.02861891
14,1990,1,5,0.02855271
15,1990,1,5,0.02848134
16,1990,1,5,0.02848698
1,1991,1,5,0.1145002
2,1991,1,5,0.3605142
3,1991,1,5,0.123354
4,1991,1,5,0.09554956
5,1991,1,5,0.06225718
6,1991,1,5,0.0483901
7,1991,1,5,0.04211736
8,1991,1,5,0.0389468
9,1991,1,5,0.03739061
10,1991,1,5,0.03640816
11,1991,1,5,0.03595278
12,1991,1,5,0.03572074
13,1991,1,5,0.03555846
14,1991,1,5,0.03546134
15,1991,1,5,0.03536214
16,1991,1,5,0.03536144
1,1992,1,5,0.0511957
2,1992,1,5,0.1921753
3,1992,1,5,0.1115759
4,1992,1,5,0.0854487
5,1992,1,5,0.04947017
6,1992,1,5,0.03377247
7,1992,1,5,0.02703472
8,1992,1,5,0.02376115
9,1992,1,5,0.02209693
10,1992,1,5,0.0210719
11,1992,1,5,0.02051788
12,1992,1,5,0.02018663
13,1992,1,5,0.01995752
14,1992,1,5,0.01980553
15,1992,1,5,0.01967723
16,1992,1,5,0.01962212
1,1993,1,5,0.04368657
2,1993,1,5,0.1606646
3,1993,1,5,0.03875111
4,1993,1,5,0.03006694
5,1993,1,5,0.02112251
6,1993,1,5,0.01752835
7,1993,1,5,0.01570996
8,1993,1,5,0.01469595
9,1993,1,5,0.01416575
10,1993,1,5,0.01380785
11,1993,1,5,0.01363288
12,1993,1,5,0.01353661
13,1993,1,5,0.01346744
14,1993,1,5,0.0134236
15,1993,1,5,0.01337975
16,1993,1,5,0.01337248
1,1994,1,5,0.04904503
2,1994,1,5,0.1744394
3,1994,1,5,0.04468486
4,1994,1,5,0.03473943
5,1994,1,5,0.0243821
6,1994,1,5,0.02022077
7,1994,1,5,0.0181461
8,1994,1,5,0.01700687
9,1994,1,5,0.01642513
10,1994,1,5,0.01603655
11,1994,1,5,0.01585554
12,1994,1,5,0.0157617
13,1994,1,5,0.01569429
14,1994,1,5,0.01565322
15,1994,1,5,0.01560981
16,1994,1,5,0.01560862
1,1995,1,5,0.1062445
2,1995,1,5,0.4126927
3,1995,1,5,0.09441999
4,1995,1,5,0.07275722
5,1995,1,5,0.0505476
6,1995,1,5,0.04176503
7,1995,1,5,0.0374233
8,1995,1,5,0.03505005
9,1995,1,5,0.03383991
10,1995,1,5,0.03303304
11,1995,1,5,0.03265645
12,1995,1,5,0.03246038
13,1995,1,5,0.03231995
14,1995,1,5,0.03223424
15,1995,1,5,0.03214375
16,1995,1,5,0.03213981
1,1996,1,5,0.175749
2,1996,1,5,0.9775422
3,1996,1,5,0.218982
4,1996,1,5,0.1674086
5,1996,1,5,0.1141937
6,1996,1,5,0.09240087
7,1996,1,5,0.08108926
8,1996,1,5,0.07457094
9,1996,1,5,0.07092611
10,1996,1,5,0.06841886
11,1996,1,5,0.06702941
12,1996,1,5,0.06616527
13,1996,1,5,0.0655454
14,1996,1,5,0.06512414
15,1996,1,5,0.06474789
16,1996,1,5,0.06458254
1,1997,1,5,0.06571135
2,1997,1,5,0.2701541
3,1997,1,5,0.07017236
4,1997,1,5,0.0542439
5,1997,1,5,0.03665159
6,1997,1,5,0.02941812
7,1997,1,5,0.02592904
8,1997,1,5,0.02405423
9,1997,1,5,0.02308755
10,1997,1,5,0.02244945
11,1997,1,5,0.02213594
12,1997,1,5,0.02196346
13,1997,1,5,0.02184061
14,1997,1,5,0.02176287
15,1997,1,5,0.02168669
16,1997,1,5,0.02167334
1,1998,1,5,0.0937558
2,1998,1,5,0.3988881
3,1998,1,5,0.09186531
4,1998,1,5,0.07060762
5,1998,1,5,0.04896329
6,1998,1,5,0.04033233
7,1998,1,5,0.03596484
8,1998,1,5,0.03352004
9,1998,1,5,0.032227
10,1998,1,5,0.03135207
11,1998,1,5,0.03091386
12,1998,1,5,0.03066648
13,1998,1,5,0.03048899
14,1998,1,5,0.03037476
15,1998,1,5,0.03026336
16,1998,1,5,0.03023832
1,1999,1,5,0.0713946
2,1999,1,5,0.2711476
3,1999,1,5,0.0809638
4,1999,1,5,0.06348085
5,1999,1,5,0.04232964
6,1999,1,5,0.03322486
7,1999,1,5,0.02891863
8,1999,1,5,0.02664357
9,1999,1,5,0.02546684
10,1999,1,5,0.02469761
11,1999,1,5,0.02430792
12,1999,1,5,0.02408692
13,1999,1,5,0.02393
14,1999,1,5,0.02382878
15,1999,1,5,0.0237338
16,1999,1,5,0.0237099
1,2000,1,5,0.07966466
2,2000,1,5,0.3455573
3,2000,1,5,0.08080772
4,2000,1,5,0.0618707
5,2000,1,5,0.04256236
6,2000,1,5,0.03486189
7,2000,1,5,0.03099013
8,2000,1,5,0.02882933
9,2000,1,5,0.02768271
10,2000,1,5,0.0269075
11,2000,1,5,0.0265146
12,2000,1,5,0.02629003
13,2000,1,5,0.02612902
14,2000,1,5,0.02602463
15,2000,1,5,0.02592414
16,2000,1,5,0.02589856
1,2001,1,5,0.05047016
2,2001,1,5,0.2088102
3,2001,1,5,0.05013617
4,2001,1,5,0.03844137
5,2001,1,5,0.02663331
6,2001,1,5,0.02194406
7,2001,1,5,0.01957214
8,2001,1,5,0.01824371
9,2001,1,5,0.0175404
10,2001,1,5,0.01706413
11,2001,1,5,0.01682509
12,2001,1,5,0.01668983
13,2001,1,5,0.01659271
14,2001,1,5,0.0165301
15,2001,1,5,0.01646915
16,2001,1,5,0.01645516
1,2002,1,5,0.0252
2,2002,1,5,0.09113301
3,2002,1,5,0.02372642
4,2002,1,5,0.01834637
5,2002,1,5,0.01285424
6,2002,1,5,0.01065788
7,2002,1,5,0.009547877
8,2002,1,5,0.00892905
9,2002,1,5,0.008605639
10,2002,1,5,0.008387408
11,2002,1,5,0.008280925
12,2002,1,5,0.008222533
13,2002,1,5,0.008180542
14,2002,1,5,0.008153984
15,2002,1,5,0.008127372
16,2002,1,5,0.00812322
1,2003,1,5,0.05324856
2,2003,1,5,0.2227711
3,2003,1,5,0.04800456
4,2003,1,5,0.03649684
5,2003,1,5,0.02472679
6,2003,1,5,0.02013944
7,2003,1,5,0.01793569
8,2003,1,5,0.01675532
9,2003,1,5,0.01615932
10,2003,1,5,0.01576639
11,2003,1,5,0.01558343
12,2003,1,5,0.01548839
13,2003,1,5,0.0154208
14,2003,1,5,0.01537967
15,2003,1,5,0.01533632
16,2003,1,5,0.01533422
1,2004,1,5,0.05089617
2,2004,1,5,0.1913344
3,2004,1,5,0.04984098
4,2004,1,5,0.03844515
5,2004,1,5,0.02680677
6,2004,1,5,0.02214429
7,2004,1,5,0.01978298
8,2004,1,5,0.01846164
9,2004,1,5,0.01776429
10,2004,1,5,0.0172926
11,2004,1,5,0.0170575
12,2004,1,5,0.01692556
13,2004,1,5,0.01683073
14,2004,1,5,0.0167699
15,2004,1,5,0.01671033
16,2004,1,5,0.01669787
1,2005,1,5,0.04625737
2,2005,1,5,0.162786
3,2005,1,5,0.03919505
4,2005,1,5,0.03000041
5,2005,1,5,0.02074515
6,2005,1,5,0.01720647
7,2005,1,5,0.01553001
8,2005,1,5,0.01465312
9,2005,1,5,0.01423913
10,2005,1,5,0.01397197
11,2005,1,5,0.01386928
12,2005,1,5,0.01383007
13,2005,1,5,0.01380217
14,2005,1,5,0.0137895
15,2005,1,5,0.01376931
16,2005,1,5,0.01378356
1,2006,1,5,0.0594779
2,2006,1,5,0.2094862
3,2006,1,5,0.05324935
4,2006,1,5,0.04091065
5,2006,1,5,0.02838139
6,2006,1,5,0.0235094
7,2006,1,5,0.02115209
8,2006,1,5,0.01989215
9,2006,1,5,0.01927455
10,2006,1,5,0.01886956
11,2006,1,5,0.01869739
12,2006,1,5,0.01861886
13,2006,1,5,0.01856268
14,2006,1,5,0.01853177
15,2006,1,5,0.01849398
16,2006,1,5,0.01850427
1,2007,1,5,0.08888732
2,2007,1,5,0.3129443
3,2007,1,5,0.07834296
4,2007,1,5,0.06036949
5,2007,1,5,0.04190515
6,2007,1,5,0.03465156
7,2007,1,5,0.03113113
8,2007,1,5,0.02924336
9,2007,1,5,0.0283092
10,2007,1,5,0.02769534
11,2007,1,5,0.02742736
12,2007,1,5,0.02730019
13,2007,1,5,0.02720933
14,2007,1,5,0.02715766
15,2007,1,5,0.02709761
16,2007,1,5,0.02710831
1,2008,1,5,0.1143678
2,2008,1,5,0.3950257
3,2008,1,5,0.0964419
4,2008,1,5,0.07444229
5,2008,1,5,0.05172936
6,2008,1,5,0.04279468
7,2008,1,5,0.03847221
8,2008,1,5,0.03616222
9,2008,1,5,0.03502376
10,2008,1,5,0.03427737
11,2008,1,5,0.03395395
12,2008,1,5,0.03380204
13,2008,1,5,0.03369363
14,2008,1,5,0.03363253
15,2008,1,5,0.03356064
16,2008,1,5,0.03357506
1,2009,1,5,0.09031942
2,2009,1,5,0.3102117
3,2009,1,5,0.07873793
4,2009,1,5,0.06108303
5,2009,1,5,0.04258909
6,2009,1,5,0.03512224
7,2009,1,5,0.03140463
8,2009,1,5,0.0293567
9,2009,1,5,0.02829199
10,2009,1,5,0.02757799
11,2009,1,5,0.02722899
12,2009,1,5,0.02703707
13,2009,1,5,0.02689948
14,2009,1,5,0.02681233
15,2009,1,5,0.02672552
16,2009,1,5,0.02671085
1,2010,1,5,0.08507117
2,2010,1,5,0.3492988
3,2010,1,5,0.08134662
4,2010,1,5,0.06241516
5,2010,1,5,0.04334422
6,2010,1,5,0.03576406
7,2010,1,5,0.03191272
8,2010,1,5,0.0297466
9,2010,1,5,0.02859343
10,2010,1,5,0.0278102
11,2010,1,5,0.02741308
12,2010,1,5,0.02718569
13,2010,1,5,0.02702239
14,2010,1,5,0.02691637
15,2010,1,5,0.02681406
16,2010,1,5,0.0267878
1,2011,1,5,0.05517341
2,2011,1,5,0.275318
3,2011,1,5,0.06070493
4,2011,1,5,0.04630298
5,2011,1,5,0.0316976
6,2011,1,5,0.02575666
7,2011,1,5,0.02265389
8,2011,1,5,0.02085374
9,2011,1,5,0.01983813
10,2011,1,5,0.01913642
11,2011,1,5,0.01874199
12,2011,1,5,0.01849322
13,2011,1,5,0.01831474
14,2011,1,5,0.01819255
15,2011,1,5,0.01808436
16,2011,1,5,0.01803342
1,2012,1,5,0.0916123
2,2012,1,5,0.4962992
3,2012,1,5,0.09791681
4,2012,1,5,0.0729603
5,2012,1,5,0.04891781
6,2012,1,5,0.03972134
7,2012,1,5,0.0351097
8,2012,1,5,0.03251797
9,2012,1,5,0.03111883
10,2012,1,5,0.03016578
11,2012,1,5,0.02966567
12,2012,1,5,0.0293686
13,2012,1,5,0.02915593
14,2012,1,5,0.02901497
15,2012,1,5,0.02888277
16,2012,1,5,0.02883702
1,2013,1,5,0.06732442
2,2013,1,5,0.3448541
3,2013,1,5,0.07273649
4,2013,1,5,0.05356889
5,2013,1,5,0.03556553
6,2013,1,5,0.02906354
7,2013,1,5,0.02601693
8,2013,1,5,0.02441588
9,2013,1,5,0.02364552
10,2013,1,5,0.02314002
11,2013,1,5,0.02293248
12,2013,1,5,0.02284144
13,2013,1,5,0.02277613
14,2013,1,5,0.02274132
15,2013,1,5,0.02269474
16,2013,1,5,0.02270975
1,2014,1,5,0.07762292
2,2014,1,5,0.369351
3,2014,1,5,0.07446016
4,2014,1,5,0.05501643
5,2014,1,5,0.03679088
6,2014,1,5,0.03019227
7,2014,1,5,0.02707405
8,2014,1,5,0.02542279
9,2014,1,5,0.02461892
10,2014,1,5,0.02408977
11,2014,1,5,0.02386615
12,2014,1,5,0.02376351
13,2014,1,5,0.02369014
14,2014,1,5,0.02364951
15,2014,1,5,0.02359846
16,2014,1,5,0.02360975
1,2015,1,5,0.1102439
2,2015,1,5,0.5801099
3,2015,1,5,0.1031419
4,2015,1,5,0.07602312
5,2015,1,5,0.05058516
6,2015,1,5,0.04117481
7,2015,1,5,0.03656735
8,2015,1,5,0.0340307
9,2015,1,5,0.03270103
10,2015,1,5,0.03180673
11,2015,1,5,0.03136079
12,2015,1,5,0.03110899
13,2015,1,5,0.03092969
14,2015,1,5,0.0308145
15,2015,1,5,0.03070115
16,2015,1,5,0.03067375
1,2016,1,5,0.09384962
2,2016,1,5,0.5309302
3,2016,1,5,0.1010734
4,2016,1,5,0.07378742
5,2016,1,5,0.04843388
6,2016,1,5,0.03915011
7,2016,1,5,0.03463899
8,2016,1,5,0.03216268
9,2016,1,5,0.03086375
10,2016,1,5,0.02998852
11,2016,1,5,0.02954981
12,2016,1,5,0.02930034
13,2016,1,5,0.02912223
14,2016,1,5,0.02900717
15,2016,1,5,0.02889421
16,2016,1,5,0.02886516
1,2017,1,5,0.125306
2,2017,1,5,0.6895922
3,2017,1,5,0.1447272
4,2017,1,5,0.1045083
5,2017,1,5,0.06653216
6,2017,1,5,0.05289621
7,2017,1,5,0.04672872
8,2017,1,5,0.04356654
9,2017,1,5,0.04204222
10,2017,1,5,0.04105803
11,2017,1,5,0.04063638
12,2017,1,5,0.04043931
13,2017,1,5,0.04030015
14,2017,1,5,0.04022213
15,2017,1,5,0.04012749
16,2017,1,5,0.04014372
1,2018,1,5,0.1186949
2,2018,1,5,0.6759359
3,2018,1,5,0.13773
4,2018,1,5,0.1016775
5,2018,1,5,0.06734521
6,2018,1,5,0.05432926
7,2018,1,5,0.04783682
8,2018,1,5,0.04419231
9,2018,1,5,0.04221564
10,2018,1,5,0.04086952
11,2018,1,5,0.04015495
12,2018,1,5,0.03972601
13,2018,1,5,0.03941917
14,2018,1,5,0.03921462
15,2018,1,5,0.03902485
16,2018,1,5,0.03895464
1,2019,1,5,0.1115055
2,2019,1,5,0.538374
3,2019,1,5,0.1193958
4,2019,1,5,0.08831246
5,2019,1,5,0.05851699
6,2019,1,5,0.04749843
7,2019,1,5,0.0422863
8,2019,1,5,0.03951557
9,2019,1,5,0.03813676
10,2019,1,5,0.03722657
11,2019,1,5,0.03681667
12,2019,1,5,0.03661148
13,2019,1,5,0.03646489
14,2019,1,5,0.03637784
15,2019,1,5,0.03628053
16,2019,1,5,0.03628342
1,2020,1,5,0.2394219
2,2020,1,5,1.358996
3,2020,1,5,0.3099013
4,2020,1,5,0.2290342
5,2020,1,5,0.1505738
6,2020,1,5,0.1203546
7,2020,1,5,0.1052345
8,2020,1,5,0.09670687
9,2020,1,5,0.09200629
10,2020,1,5,0.08879895
11,2020,1,5,0.08704078
12,2020,1,5,0.08595562
13,2020,1,5,0.08517965
14,2020,1,5,0.0846545
15,2020,1,5,0.08418138
16,2020,1,5,0.08397734
1,2021,1,5,0.1344716
2,2021,1,5,0.703194
3,2021,1,5,0.151979
4,2021,1,5,0.1123027
5,2021,1,5,0.07473108
6,2021,1,5,0.06083114
7,2021,1,5,0.05412147
8,2021,1,5,0.05048488
9,2021,1,5,0.04863358
10,2021,1,5,0.04739697
11,2021,1,5,0.04681705
12,2021,1,5,0.04651168
13,2021,1,5,0.04629294
14,2021,1,5,0.04615826
15,2021,1,5,0.04601557
16,2021,1,5,0.04600422
1,2022,1,5,0.1592715
2,2022,1,5,0.8608629
3,2022,1,5,0.1900204
4,2022,1,5,0.141197
5,2022,1,5,0.09403697
6,2022,1,5,0.07626489
7,2022,1,5,0.06760711
8,2022,1,5,0.06287684
9,2022,1,5,0.06043078
10,2022,1,5,0.05879043
11,2022,1,5,0.05799517
12,2022,1,5,0.05756061
13,2022,1,5,0.05724935
14,2022,1,5,0.05705301
15,2022,1,5,0.05685367
16,2022,1,5,0.05682172
1,2023,1,5,0.1020627
2,2023,1,5,0.5204117
3,2023,1,5,0.1103711
4,2023,1,5,0.0801876
5,2023,1,5,0.0523185
6,2023,1,5,0.04250361
7,2023,1,5,0.03802397
8,2023,1,5,0.0357244
9,2023,1,5,0.03465085
10,2023,1,5,0.03396014
11,2023,1,5,0.03369758
12,2023,1,5,0.03359803
13,2023,1,5,0.03352756
14,2023,1,5,0.03349588
15,2023,1,5,0.03344268
16,2023,1,5,0.033478
1,2024,1,5,0.07505415
2,2024,1,5,0.4466165
3,2024,1,5,0.0933558
4,2024,1,5,0.06728149
5,2024,1,5,0.04291132
6,2024,1,5,0.0342585
7,2024,1,5,0.03033976
8,2024,1,5,0.02833297
9,2024,1,5,0.02737941
10,2024,1,5,0.02676574
11,2024,1,5,0.0265159
12,2024,1,5,0.02640846
13,2024,1,5,0.02633265
14,2024,1,5,0.02629335
15,2024,1,5,0.02623984
16,2024,1,5,0.02625972
1,1972,2,5,0.01328027
2,1972,2,5,0.08567447
3,1972,2,5,0.0106551
4,1972,2,5,0.007711016
5,1972,2,5,0.005061468
6,1972,2,5,0.004153184
7,1972,2,5,0.003737593
8,1972,2,5,0.003525586
9,1972,2,5,0.003430223
10,1972,2,5,0.003370353
11,1972,2,5,0.003351168
12,1972,2,5,0.003346818
13,1972,2,5,0.003344058
14,1972,2,5,0.003344184
15,1972,2,5,0.003341482
16,1972,2,5,0.003347176
1,1973,2,5,0.01966928
2,1973,2,5,0.1282758
3,1973,2,5,0.01929704
4,1973,2,5,0.01438478
5,1973,2,5,0.009669644
6,1973,2,5,0.007869324
7,1973,2,5,0.006960477
8,1973,2,5,0.006449246
9,1973,2,5,0.006175313
10,1973,2,5,0.005990115
11,1973,2,5,0.005895181
12,1973,2,5,0.005840373
13,1973,2,5,0.005801425
14,1973,2,5,0.005776121
15,1973,2,5,0.005751992
16,1973,2,5,0.005745145
1,1974,2,5,0.004776325
2,1974,2,5,0.0286764
3,1974,2,5,0.004039877
4,1974,2,5,0.002980337
5,1974,2,5,0.00199402
6,1974,2,5,0.001638809
7,1974,2,5,0.00146975
8,1974,2,5,0.00138016
9,1974,2,5,0.00133696
10,1974,2,5,0.001308932
11,1974,2,5,0.001297631
12,1974,2,5,0.001292906
13,1974,2,5,0.001289618
14,1974,2,5,0.001287992
15,1974,2,5,0.001285695
16,1974,2,5,0.00128679
1,1975,2,5,0.004892638
2,1975,2,5,0.01945497
3,1975,2,5,0.0040899
4,1975,2,5,0.003058932
5,1975,2,5,0.002070252
6,1975,2,5,0.001733176
7,1975,2,5,0.00159675
8,1975,2,5,0.001539204
9,1975,2,5,0.001524897
10,1975,2,5,0.001519465
11,1975,2,5,0.001527215
12,1975,2,5,0.001537989
13,1975,2,5,0.001545818
14,1975,2,5,0.001552674
15,1975,2,5,0.001556711
16,1975,2,5,0.001564075
1,1976,2,5,0.008783232
2,1976,2,5,0.05512358
3,1976,2,5,0.006833152
4,1976,2,5,0.00496091
5,1976,2,5,0.003267158
6,1976,2,5,0.002680223
7,1976,2,5,0.002408171
8,1976,2,5,0.002267292
9,1976,2,5,0.00220185
10,1976,2,5,0.002160138
11,1976,2,5,0.002145029
12,1976,2,5,0.002139948
13,1976,2,5,0.002136532
14,1976,2,5,0.002135353
15,1976,2,5,0.002132685
16,1976,2,5,0.002135399
1,1977,2,5,0.03330936
2,1977,2,5,0.1874106
3,1977,2,5,0.02906893
4,1977,2,5,0.02120065
5,1977,2,5,0.01370525
6,1977,2,5,0.01106047
7,1977,2,5,0.009888891
8,1977,2,5,0.0093113
9,1977,2,5,0.009058623
10,1977,2,5,0.008905069
11,1977,2,5,0.008859361
12,1977,2,5,0.008852592
13,1977,2,5,0.008848902
14,1977,2,5,0.008852088
15,1977,2,5,0.00884746
16,1977,2,5,0.008864852
1,1978,2,5,0.04414357
2,1978,2,5,0.2573571
3,1978,2,5,0.05000331
4,1978,2,5,0.03579842
5,1978,2,5,0.0215759
6,1978,2,5,0.0165029
7,1978,2,5,0.0143666
8,1978,2,5,0.01335972
9,1978,2,5,0.0129221
10,1978,2,5,0.01266724
11,1978,2,5,0.01258633
12,1978,2,5,0.01256994
13,1978,2,5,0.01256131
14,1978,2,5,0.01256446
15,1978,2,5,0.01255704
16,1978,2,5,0.01258266
1,1979,2,5,0.008741848
2,1979,2,5,0.03189895
3,1979,2,5,0.007155736
4,1979,2,5,0.005284982
5,1979,2,5,0.003372856
6,1979,2,5,0.002679432
7,1979,2,5,0.00238464
8,1979,2,5,0.00224584
9,1979,2,5,0.00218743
10,1979,2,5,0.002153603
11,1979,2,5,0.002144568
12,1979,2,5,0.002144316
13,1979,2,5,0.002144497
14,1979,2,5,0.002146025
15,1979,2,5,0.002145682
16,1979,2,5,0.002150209
1,1980,2,5,0.02284198
2,1980,2,5,0.119992
3,1980,2,5,0.02717196
4,1980,2,5,0.0203167
5,1980,2,5,0.01309903
6,1980,2,5,0.01028311
7,1980,2,5,0.008969907
8,1980,2,5,0.008280827
9,1980,2,5,0.007931084
10,1980,2,5,0.007704022
11,1980,2,5,0.007594282
12,1980,2,5,0.007535106
13,1980,2,5,0.007493478
14,1980,2,5,0.007467571
15,1980,2,5,0.007441825
16,1980,2,5,0.007438158
1,1981,2,5,0.006466131
2,1981,2,5,0.02359814
3,1981,2,5,0.009459842
4,1981,2,5,0.007051384
5,1981,2,5,0.004427528
6,1981,2,5,0.003404518
7,1981,2,5,0.002942456
8,1981,2,5,0.002707416
9,1981,2,5,0.002590844
10,1981,2,5,0.002517197
11,1981,2,5,0.002482554
12,1981,2,5,0.002464639
13,1981,2,5,0.002452189
14,1981,2,5,0.002444686
15,1981,2,5,0.002437143
16,1981,2,5,0.002436827
1,1982,2,5,0.009494698
2,1982,2,5,0.02734669
3,1982,2,5,0.008129545
4,1982,2,5,0.00636792
5,1982,2,5,0.004531591
6,1982,2,5,0.003806408
7,1982,2,5,0.003455638
8,1982,2,5,0.003270559
9,1982,2,5,0.003184063
10,1982,2,5,0.003128207
11,1982,2,5,0.003107951
12,1982,2,5,0.003101253
13,1982,2,5,0.003096417
14,1982,2,5,0.003094631
15,1982,2,5,0.00309095
16,1982,2,5,0.003094997
1,1983,2,5,0.009527232
2,1983,2,5,0.03145845
3,1983,2,5,0.02808381
4,1983,2,5,0.02191891
5,1983,2,5,0.01214688
6,1983,2,5,0.007690026
7,1983,2,5,0.005852237
8,1983,2,5,0.00500119
9,1983,2,5,0.004582306
10,1983,2,5,0.004334619
11,1983,2,5,0.004202218
12,1983,2,5,0.004124482
13,1983,2,5,0.004071426
14,1983,2,5,0.004036619
15,1983,2,5,0.004008064
16,1983,2,5,0.003996171
1,1984,2,5,0.008061002
2,1984,2,5,0.03408842
3,1984,2,5,0.03406244
4,1984,2,5,0.02590396
5,1984,2,5,0.01378093
6,1984,2,5,0.008412256
7,1984,2,5,0.006200473
8,1984,2,5,0.005169612
9,1984,2,5,0.004651469
10,1984,2,5,0.004342768
11,1984,2,5,0.00417054
12,1984,2,5,0.004065144
13,1984,2,5,0.003993137
14,1984,2,5,0.003944783
15,1984,2,5,0.003906063
16,1984,2,5,0.003885883
1,1985,2,5,0.01808949
2,1985,2,5,0.05869133
3,1985,2,5,0.03216647
4,1985,2,5,0.02436292
5,1985,2,5,0.01428846
6,1985,2,5,0.01004954
7,1985,2,5,0.008239833
8,1985,2,5,0.007367822
9,1985,2,5,0.006936745
10,1985,2,5,0.006674152
11,1985,2,5,0.006540939
12,1985,2,5,0.006466231
13,1985,2,5,0.00641496
14,1985,2,5,0.006382299
15,1985,2,5,0.006353286
16,1985,2,5,0.006345248
1,1986,2,5,0.02503847
2,1986,2,5,0.06549482
3,1986,2,5,0.03097724
4,1986,2,5,0.02387243
5,1986,2,5,0.01490495
6,1986,2,5,0.01114635
7,1986,2,5,0.009517593
8,1986,2,5,0.008728363
9,1986,2,5,0.008351157
10,1986,2,5,0.008121418
11,1986,2,5,0.008016919
12,1986,2,5,0.007965428
13,1986,2,5,0.007930125
14,1986,2,5,0.007909635
15,1986,2,5,0.007888778
16,1986,2,5,0.007890261
1,1987,2,5,0.08412118
2,1987,2,5,0.2996893
3,1987,2,5,0.09867332
4,1987,2,5,0.07395361
5,1987,2,5,0.04733727
6,1987,2,5,0.03699379
7,1987,2,5,0.03229106
8,1987,2,5,0.02988775
9,1987,2,5,0.02870167
10,1987,2,5,0.02794806
11,1987,2,5,0.02759992
12,1987,2,5,0.0274229
13,1987,2,5,0.02729949
14,1987,2,5,0.02722594
15,1987,2,5,0.02714958
16,1987,2,5,0.02714922
1,1988,2,5,0.02149686
2,1988,2,5,0.0805869
3,1988,2,5,0.04579941
4,1988,2,5,0.03403846
5,1988,2,5,0.01955585
6,1988,2,5,0.01359965
7,1988,2,5,0.01102732
8,1988,2,5,0.009763527
9,1988,2,5,0.009118403
10,1988,2,5,0.008718506
11,1988,2,5,0.008503951
12,1988,2,5,0.008376325
13,1988,2,5,0.008288222
14,1988,2,5,0.008230027
15,1988,2,5,0.008180201
16,1988,2,5,0.008159472
1,1989,2,5,0.09517816
2,1989,2,5,0.4334393
3,1989,2,5,0.175174
4,1989,2,5,0.1314007
5,1989,2,5,0.0776796
6,1989,2,5,0.05539914
7,1989,2,5,0.04564086
8,1989,2,5,0.04078917
9,1989,2,5,0.0383116
10,1989,2,5,0.03675963
11,1989,2,5,0.03593903
12,1989,2,5,0.03545647
13,1989,2,5,0.03512155
14,1989,2,5,0.0349016
15,1989,2,5,0.03470908
16,1989,2,5,0.03463634
1,1990,2,5,0.165846
2,1990,2,5,0.6771784
3,1990,2,5,0.1607463
4,1990,2,5,0.1234623
5,1990,2,5,0.08328894
6,1990,2,5,0.06713815
7,1990,2,5,0.05942433
8,1990,2,5,0.05531893
9,1990,2,5,0.05323956
10,1990,2,5,0.05187619
11,1990,2,5,0.05123078
12,1990,2,5,0.05089019
13,1990,2,5,0.05064839
14,1990,2,5,0.05049968
15,1990,2,5,0.05034742
16,1990,2,5,0.05033483
1,1991,2,5,0.2301721
2,1991,2,5,1.03673
3,1991,2,5,0.4303379
4,1991,2,5,0.3306219
5,1991,2,5,0.1932777
6,1991,2,5,0.1332169
7,1991,2,5,0.1074628
8,1991,2,5,0.09498528
9,1991,2,5,0.08870096
10,1991,2,5,0.08483727
11,1991,2,5,0.0827892
12,1991,2,5,0.08158603
13,1991,2,5,0.0807545
14,1991,2,5,0.0802085
15,1991,2,5,0.07973991
16,1991,2,5,0.07955808
1,1992,2,5,0.08283327
2,1992,2,5,0.2870545
3,1992,2,5,0.07410144
4,1992,2,5,0.05729185
5,1992,2,5,0.03981679
6,1992,2,5,0.03286031
7,1992,2,5,0.02942803
8,1992,2,5,0.02755571
9,1992,2,5,0.02660019
10,1992,2,5,0.02596441
11,1992,2,5,0.02566615
12,1992,2,5,0.02551009
13,1992,2,5,0.02539838
14,1992,2,5,0.02532996
15,1992,2,5,0.02525845
16,1992,2,5,0.02525459
1,1993,2,5,0.05895098
2,1993,2,5,0.2299986
3,1993,2,5,0.05554649
4,1993,2,5,0.04281868
5,1993,2,5,0.02956497
6,1993,2,5,0.02424439
7,1993,2,5,0.02159238
8,1993,2,5,0.02012686
9,1993,2,5,0.01935889
10,1993,2,5,0.01884303
11,1993,2,5,0.01858683
12,1993,2,5,0.01844355
13,1993,2,5,0.01834097
14,1993,2,5,0.01827534
15,1993,2,5,0.01821104
16,1993,2,5,0.01819767
1,1994,2,5,0.06422004
2,1994,2,5,0.2532265
3,1994,2,5,0.06649863
4,1994,2,5,0.05089924
5,1994,2,5,0.03444423
6,1994,2,5,0.02788147
7,1994,2,5,0.02469281
8,1994,2,5,0.02296697
9,1994,2,5,0.02207667
10,1994,2,5,0.02148688
11,1994,2,5,0.02119945
12,1994,2,5,0.02104253
13,1994,2,5,0.02093076
14,1994,2,5,0.02086041
15,1994,2,5,0.02079054
16,1994,2,5,0.02077959
1,1995,2,5,0.1726073
2,1995,2,5,0.7799935
3,1995,2,5,0.219769
4,1995,2,5,0.1627913
5,1995,2,5,0.1016794
6,1995,2,5,0.07785525
7,1995,2,5,0.06690597
8,1995,2,5,0.06120018
9,1995,2,5,0.05824664
10,1995,2,5,0.05633615
11,1995,2,5,0.0553527
12,1995,2,5,0.05478518
13,1995,2,5,0.05438758
14,1995,2,5,0.05412933
15,1995,2,5,0.05389107
16,1995,2,5,0.05381656
1,1996,2,5,0.08201407
2,1996,2,5,0.3617083
3,1996,2,5,0.1731011
4,1996,2,5,0.1348777
5,1996,2,5,0.08126369
6,1996,2,5,0.05721554
7,1996,2,5,0.04653983
8,1996,2,5,0.04117661
9,1996,2,5,0.03837435
10,1996,2,5,0.03660055
11,1996,2,5,0.03561956
12,1996,2,5,0.03501864
13,1996,2,5,0.03459794
14,1996,2,5,0.03431462
15,1996,2,5,0.03407526
16,1996,2,5,0.03396449
1,1997,2,5,0.0775439
2,1997,2,5,0.3190032
3,1997,2,5,0.07660772
4,1997,2,5,0.05898422
5,1997,2,5,0.04100338
6,1997,2,5,0.03385076
7,1997,2,5,0.03025621
8,1997,2,5,0.02826068
9,1997,2,5,0.02722196
10,1997,2,5,0.02652305
11,1997,2,5,0.02618446
12,1997,2,5,0.02600041
13,1997,2,5,0.02586828
14,1997,2,5,0.02578524
15,1997,2,5,0.02570136
16,1997,2,5,0.02568986
1,1998,2,5,0.1206053
2,1998,2,5,0.5313543
3,1998,2,5,0.1202773
4,1998,2,5,0.09252233
5,1998,2,5,0.06436681
6,1998,2,5,0.05310217
7,1998,2,5,0.0473513
8,1998,2,5,0.04410805
9,1998,2,5,0.04237976
10,1998,2,5,0.04120516
11,1998,2,5,0.04061046
12,1998,2,5,0.04027083
13,1998,2,5,0.04002683
14,1998,2,5,0.03986868
15,1998,2,5,0.03971584
16,1998,2,5,0.03967781
1,1999,2,5,0.09602055
2,1999,2,5,0.3791357
3,1999,2,5,0.09692701
4,1999,2,5,0.07514931
5,1999,2,5,0.05147378
6,1999,2,5,0.04174011
7,1999,2,5,0.03695303
8,1999,2,5,0.03433763
9,1999,2,5,0.03297103
10,1999,2,5,0.03205925
11,1999,2,5,0.03160395
12,1999,2,5,0.03134844
13,1999,2,5,0.03116581
14,1999,2,5,0.03104873
15,1999,2,5,0.03093533
16,1999,2,5,0.03091072
1,2000,2,5,0.1066807
2,2000,2,5,0.5426907
3,2000,2,5,0.1299182
4,2000,2,5,0.09888096
5,2000,2,5,0.06564458
6,2000,2,5,0.05209096
7,2000,2,5,0.04547274
8,2000,2,5,0.04184713
9,2000,2,5,0.03990694
10,2000,2,5,0.03860689
11,2000,2,5,0.03792042
12,2000,2,5,0.03751261
13,2000,2,5,0.03722169
14,2000,2,5,0.03702886
15,2000,2,5,0.03685166
16,2000,2,5,0.03678949
1,2001,2,5,0.05941835
2,2001,2,5,0.2852837
3,2001,2,5,0.06698783
4,2001,2,5,0.05062313
5,2001,2,5,0.03434195
6,2001,2,5,0.02794692
7,2001,2,5,0.02472477
8,2001,2,5,0.0229145
9,2001,2,5,0.02193962
10,2001,2,5,0.02127753
11,2001,2,5,0.02093232
12,2001,2,5,0.02072926
13,2001,2,5,0.02058375
14,2001,2,5,0.02048783
15,2001,2,5,0.02039779
16,2001,2,5,0.02036901
1,2002,2,5,0.02216363
2,2002,2,5,0.08102656
3,2002,2,5,0.0215024
4,2002,2,5,0.0165493
5,2002,2,5,0.01146137
6,2002,2,5,0.009431558
7,2002,2,5,0.008420749
8,2002,2,5,0.007863017
9,2002,2,5,0.007572778
10,2002,2,5,0.007378001
11,2002,2,5,0.007282914
12,2002,2,5,0.007230766
13,2002,2,5,0.007193354
14,2002,2,5,0.007169699
15,2002,2,5,0.007146078
16,2002,2,5,0.007142304
1,2003,2,5,0.07359287
2,2003,2,5,0.3508165
3,2003,2,5,0.1212394
4,2003,2,5,0.09415749
5,2003,2,5,0.05692955
6,2003,2,5,0.0404381
7,2003,2,5,0.03325879
8,2003,2,5,0.02973389
9,2003,2,5,0.02795634
10,2003,2,5,0.02684959
11,2003,2,5,0.02627145
12,2003,2,5,0.02593574
13,2003,2,5,0.02570191
14,2003,2,5,0.02554919
15,2003,2,5,0.02541496
16,2003,2,5,0.02536851
1,2004,2,5,0.05783045
2,2004,2,5,0.2628746
3,2004,2,5,0.06619987
4,2004,2,5,0.05048186
5,2004,2,5,0.03417346
6,2004,2,5,0.0276022
7,2004,2,5,0.02432946
8,2004,2,5,0.02251041
9,2004,2,5,0.02153517
10,2004,2,5,0.02087682
11,2004,2,5,0.02053313
12,2004,2,5,0.02033102
13,2004,2,5,0.02018634
14,2004,2,5,0.02009097
15,2004,2,5,0.02000201
16,2004,2,5,0.01997344
1,2005,2,5,0.05672859
2,2005,2,5,0.2096395
3,2005,2,5,0.05215269
4,2005,2,5,0.03943309
5,2005,2,5,0.02665736
6,2005,2,5,0.02181066
7,2005,2,5,0.01954822
8,2005,2,5,0.0183738
9,2005,2,5,0.01781417
10,2005,2,5,0.01745438
11,2005,2,5,0.01730954
12,2005,2,5,0.01724921
13,2005,2,5,0.01720657
14,2005,2,5,0.0171852
15,2005,2,5,0.01715568
16,2005,2,5,0.01717013
1,2006,2,5,0.07309342
2,2006,2,5,0.2937584
3,2006,2,5,0.07787134
4,2006,2,5,0.05861957
5,2006,2,5,0.03876422
6,2006,2,5,0.03107778
7,2006,2,5,0.02746577
8,2006,2,5,0.02556434
9,2006,2,5,0.02461225
10,2006,2,5,0.02399285
11,2006,2,5,0.02370573
12,2006,2,5,0.02355826
13,2006,2,5,0.02345399
14,2006,2,5,0.02339115
15,2006,2,5,0.0233251
16,2006,2,5,0.0233237
1,2007,2,5,0.09859985
2,2007,2,5,0.3657398
3,2007,2,5,0.0903678
4,2007,2,5,0.06916751
5,2007,2,5,0.04766832
6,2007,2,5,0.03928355
7,2007,2,5,0.03521515
8,2007,2,5,0.03302745
9,2007,2,5,0.03193553
10,2007,2,5,0.03121584
11,2007,2,5,0.03089439
12,2007,2,5,0.03073674
13,2007,2,5,0.03062411
14,2007,2,5,0.03055836
15,2007,2,5,0.03048469
16,2007,2,5,0.0304919
1,2008,2,5,0.124217
2,2008,2,5,0.4493674
3,2008,2,5,0.1142837
4,2008,2,5,0.0871602
5,2008,2,5,0.05965878
6,2008,2,5,0.04897604
7,2008,2,5,0.04379798
8,2008,2,5,0.04100989
9,2008,2,5,0.03960557
10,2008,2,5,0.03867951
11,2008,2,5,0.03825507
12,2008,2,5,0.03803966
13,2008,2,5,0.03788619
14,2008,2,5,0.03779436
15,2008,2,5,0.03769553
16,2008,2,5,0.03769698
1,2009,2,5,0.09274016
2,2009,2,5,0.322923
3,2009,2,5,0.0793529
4,2009,2,5,0.06114464
5,2009,2,5,0.04273561
6,2009,2,5,0.03546
7,2009,2,5,0.03181708
8,2009,2,5,0.0297998
9,2009,2,5,0.02875254
10,2009,2,5,0.02804779
11,2009,2,5,0.02770676
12,2009,2,5,0.02752102
13,2009,2,5,0.02738768
14,2009,2,5,0.02730372
15,2009,2,5,0.02721878
16,2009,2,5,0.02720636
1,2010,2,5,0.09244066
2,2010,2,5,0.3874583
3,2010,2,5,0.09390437
4,2010,2,5,0.07154479
5,2010,2,5,0.04900954
6,2010,2,5,0.04009758
7,2010,2,5,0.035619
8,2010,2,5,0.0331153
9,2010,2,5,0.03177975
10,2010,2,5,0.03087541
11,2010,2,5,0.03041172
12,2010,2,5,0.03014335
13,2010,2,5,0.02995099
14,2010,2,5,0.02982534
15,2010,2,5,0.02970569
16,2010,2,5,0.0296717
1,2011,2,5,0.07358866
2,2011,2,5,0.3991065
3,2011,2,5,0.08268321
4,2011,2,5,0.06221744
5,2011,2,5,0.04208163
6,2011,2,5,0.03408449
7,2011,2,5,0.02993048
8,2011,2,5,0.02752278
9,2011,2,5,0.02616313
10,2011,2,5,0.0252233
11,2011,2,5,0.02469369
12,2011,2,5,0.02435867
13,2011,2,5,0.02411849
14,2011,2,5,0.02395383
15,2011,2,5,0.02380809
16,2011,2,5,0.02373826
1,2012,2,5,0.1053317
2,2012,2,5,0.6501738
3,2012,2,5,0.1317391
4,2012,2,5,0.09642108
5,2012,2,5,0.06255971
6,2012,2,5,0.04974973
7,2012,2,5,0.0434412
8,2012,2,5,0.03992408
9,2012,2,5,0.03800703
10,2012,2,5,0.03670544
11,2012,2,5,0.03600163
12,2012,2,5,0.03557197
13,2012,2,5,0.0352654
14,2012,2,5,0.03505919
15,2012,2,5,0.03487125
16,2012,2,5,0.03479376
1,2013,2,5,0.08099874
2,2013,2,5,0.4448628
3,2013,2,5,0.09697065
4,2013,2,5,0.07056776
5,2013,2,5,0.04557383
6,2013,2,5,0.03654788
7,2013,2,5,0.03239938
8,2013,2,5,0.03024506
9,2013,2,5,0.02920015
10,2013,2,5,0.02851916
11,2013,2,5,0.02822697
12,2013,2,5,0.02808996
13,2013,2,5,0.02799245
14,2013,2,5,0.02793747
15,2013,2,5,0.02787068
16,2013,2,5,0.02788191
1,2014,2,5,0.0837538
2,2014,2,5,0.4179106
3,2014,2,5,0.09627663
4,2014,2,5,0.07094945
5,2014,2,5,0.04530061
6,2014,2,5,0.035606
7,2014,2,5,0.03121154
8,2014,2,5,0.02895999
9,2014,2,5,0.02785557
10,2014,2,5,0.0271444
11,2014,2,5,0.02682164
12,2014,2,5,0.02665914
13,2014,2,5,0.02654459
14,2014,2,5,0.02647646
15,2014,2,5,0.02640244
16,2014,2,5,0.02640281
1,2015,2,5,0.116328
2,2015,2,5,0.6185037
3,2015,2,5,0.1169065
4,2015,2,5,0.08522069
5,2015,2,5,0.05579102
6,2015,2,5,0.0450374
7,2015,2,5,0.03984976
8,2015,2,5,0.03701954
9,2015,2,5,0.03554031
10,2015,2,5,0.03454939
11,2015,2,5,0.03405399
12,2015,2,5,0.03377354
13,2015,2,5,0.03357408
14,2015,2,5,0.03344573
15,2015,2,5,0.03331996
16,2015,2,5,0.03328844
1,2016,2,5,0.1424729
2,2016,2,5,0.963864
3,2016,2,5,0.187525
4,2016,2,5,0.1322037
5,2016,2,5,0.08136027
6,2016,2,5,0.06320796
7,2016,2,5,0.05478866
8,2016,2,5,0.0502982
9,2016,2,5,0.04794108
10,2016,2,5,0.04637429
11,2016,2,5,0.04556155
12,2016,2,5,0.0450832
13,2016,2,5,0.04474448
14,2016,2,5,0.04452137
15,2016,2,5,0.044311
16,2016,2,5,0.04423738
1,2017,2,5,0.17286
2,2017,2,5,1.07199
3,2017,2,5,0.2377374
4,2017,2,5,0.1708063
5,2017,2,5,0.1043922
6,2017,2,5,0.07982219
7,2017,2,5,0.06897582
8,2017,2,5,0.06351614
9,2017,2,5,0.06084329
10,2017,2,5,0.05913774
11,2017,2,5,0.05834903
12,2017,2,5,0.05794209
13,2017,2,5,0.05765703
14,2017,2,5,0.05748465
15,2017,2,5,0.05730276
16,2017,2,5,0.05729119
1,2018,2,5,0.1781738
2,2018,2,5,1.205957
3,2018,2,5,0.2683759
4,2018,2,5,0.1962716
5,2018,2,5,0.1217043
6,2018,2,5,0.09248222
7,2018,2,5,0.07882322
8,2018,2,5,0.07152996
9,2018,2,5,0.06761876
10,2018,2,5,0.06502548
11,2018,2,5,0.06361015
12,2018,2,5,0.06274209
13,2018,2,5,0.06212706
14,2018,2,5,0.06171243
15,2018,2,5,0.06134303
16,2018,2,5,0.06118078
1,2019,2,5,0.190894
2,2019,2,5,1.097385
3,2019,2,5,0.2620402
4,2019,2,5,0.1929679
5,2019,2,5,0.1197988
6,2019,2,5,0.09130828
7,2019,2,5,0.07855802
8,2019,2,5,0.07207873
9,2019,2,5,0.06884285
10,2019,2,5,0.06676681
11,2019,2,5,0.06576168
12,2019,2,5,0.0652159
13,2019,2,5,0.06483195
14,2019,2,5,0.0645912
15,2019,2,5,0.06435306
16,2019,2,5,0.06431153
1,2020,2,5,0.1725606
2,2020,2,5,0.900041
3,2020,2,5,0.2233696
4,2020,2,5,0.1658696
5,2020,2,5,0.1091666
6,2020,2,5,0.08709682
7,2020,2,5,0.07614367
8,2020,2,5,0.07001414
9,2020,2,5,0.06665744
10,2020,2,5,0.06437646
11,2020,2,5,0.06313419
12,2020,2,5,0.06237244
13,2020,2,5,0.06182774
14,2020,2,5,0.0614603
15,2020,2,5,0.06112844
16,2020,2,5,0.06098986
1,2021,2,5,0.2083254
2,2021,2,5,1.248425
3,2021,2,5,0.2566752
4,2021,2,5,0.1856595
5,2021,2,5,0.1202277
6,2021,2,5,0.09664661
7,2021,2,5,0.08541564
8,2021,2,5,0.07935462
9,2021,2,5,0.07624551
10,2021,2,5,0.07416931
11,2021,2,5,0.07316993
12,2021,2,5,0.07262649
13,2021,2,5,0.07223856
14,2021,2,5,0.07199477
15,2021,2,5,0.07174439
16,2021,2,5,0.07170465
1,2022,2,5,0.2017875
2,2022,2,5,1.172994
3,2022,2,5,0.2626081
4,2022,2,5,0.1947437
5,2022,2,5,0.1266422
6,2022,2,5,0.1005061
7,2022,2,5,0.088056
8,2022,2,5,0.08136659
9,2022,2,5,0.07790268
10,2022,2,5,0.07560228
11,2022,2,5,0.07446009
12,2022,2,5,0.07382068
13,2022,2,5,0.07336519
14,2022,2,5,0.07307369
15,2022,2,5,0.07278782
16,2022,2,5,0.07272425
1,2023,2,5,0.1475955
2,2023,2,5,0.8501949
3,2023,2,5,0.1641601
4,2023,2,5,0.1181626
5,2023,2,5,0.07644632
6,2023,2,5,0.06191603
7,2023,2,5,0.055248
8,2023,2,5,0.05179172
9,2023,2,5,0.05014836
10,2023,2,5,0.04908075
11,2023,2,5,0.04865278
12,2023,2,5,0.04847253
13,2023,2,5,0.0483447
14,2023,2,5,0.04827969
15,2023,2,5,0.04818697
16,2023,2,5,0.04822496
1,2024,2,5,0.1179589
2,2024,2,5,0.8074445
3,2024,2,5,0.295887
4,2024,2,5,0.2232054
5,2024,2,5,0.1265497
6,2024,2,5,0.08509351
7,2024,2,5,0.06769039
8,2024,2,5,0.05942737
9,2024,2,5,0.05535382
10,2024,2,5,0.05288074
11,2024,2,5,0.05160572
12,2024,2,5,0.05087674
13,2024,2,5,0.05037483
14,2024,2,5,0.05005049
15,2024,2,5,0.04976608
16,2024,2,5,0.04967186
1,1972,3,5,0.005635739
2,1972,3,5,0.02457423
3,1972,3,5,0.004694885
4,1972,3,5,0.003525641
5,1972,3,5,0.002422001
6,1972,3,5,0.002042174
7,1972,3,5,0.001881206
8,1972,3,5,0.001808909
9,1972,3,5,0.001787064
10,1972,3,5,0.001776364
11,1972,3,5,0.001781929
12,1972,3,5,0.00179174
13,1972,3,5,0.001798859
14,1972,3,5,0.001805334
15,1972,3,5,0.001808857
16,1972,3,5,0.001816409
1,1973,3,5,0.008343502
2,1973,3,5,0.05392582
3,1973,3,5,0.007310891
4,1973,3,5,0.005306927
5,1973,3,5,0.003493585
6,1973,3,5,0.002877806
7,1973,3,5,0.002604649
8,1973,3,5,0.002471087
9,1973,3,5,0.002416912
10,1973,3,5,0.002384665
11,1973,3,5,0.002379306
12,1973,3,5,0.002382839
13,1973,3,5,0.0023856
14,1973,3,5,0.002389272
15,1973,3,5,0.002390063
16,1973,3,5,0.002396763
1,1974,3,5,0.006608452
2,1974,3,5,0.04054434
3,1974,3,5,0.00515872
4,1974,3,5,0.003736069
5,1974,3,5,0.00245249
6,1974,3,5,0.002015822
7,1974,3,5,0.00181967
8,1974,3,5,0.001721783
9,1974,3,5,0.001679648
10,1974,3,5,0.001653801
11,1974,3,5,0.001647019
12,1974,3,5,0.001646893
13,1974,3,5,0.001646984
14,1974,3,5,0.001648122
15,1974,3,5,0.001647632
16,1974,3,5,0.001651139
1,1975,3,5,0.006470354
2,1975,3,5,0.04053239
3,1975,3,5,0.005555667
4,1975,3,5,0.004034124
5,1975,3,5,0.002649659
6,1975,3,5,0.002178176
7,1975,3,5,0.001969529
8,1975,3,5,0.001867643
9,1975,3,5,0.001826081
10,1975,3,5,0.001801335
11,1975,3,5,0.001796918
12,1975,3,5,0.001799268
13,1975,3,5,0.001801134
14,1975,3,5,0.001803737
15,1975,3,5,0.001804221
16,1975,3,5,0.001809128
1,1976,3,5,0.01263726
2,1976,3,5,0.08445724
3,1976,3,5,0.009964134
4,1976,3,5,0.007154761
5,1976,3,5,0.004621133
6,1976,3,5,0.00374947
7,1976,3,5,0.003348762
8,1976,3,5,0.003141743
9,1976,3,5,0.003044308
10,1976,3,5,0.002982189
11,1976,3,5,0.002958365
12,1976,3,5,0.00294924
13,1976,3,5,0.002943096
14,1976,3,5,0.002940443
15,1976,3,5,0.002935949
16,1976,3,5,0.002938981
1,1977,3,5,0.03618158
2,1977,3,5,0.1930171
3,1977,3,5,0.02785807
4,1977,3,5,0.02041457
5,1977,3,5,0.01357577
6,1977,3,5,0.01125244
7,1977,3,5,0.01024457
8,1977,3,5,0.009766753
9,1977,3,5,0.009586314
10,1977,3,5,0.009483536
11,1977,3,5,0.009478635
12,1977,3,5,0.009504039
13,1977,3,5,0.009523144
14,1977,3,5,0.009543539
15,1977,3,5,0.00955148
16,1977,3,5,0.009581229
1,1978,3,5,0.02002644
2,1978,3,5,0.1234226
3,1978,3,5,0.0347404
4,1978,3,5,0.02468436
5,1978,3,5,0.0139799
6,1978,3,5,0.01004539
7,1978,3,5,0.008429745
8,1978,3,5,0.00768448
9,1978,3,5,0.007352522
10,1978,3,5,0.007162422
11,1978,3,5,0.007091137
12,1978,3,5,0.007066709
13,1978,3,5,0.007051943
14,1978,3,5,0.007047249
15,1978,3,5,0.007038328
16,1978,3,5,0.007050259
1,1979,3,5,0.01826576
2,1979,3,5,0.09772914
3,1979,3,5,0.01318022
4,1979,3,5,0.009553403
5,1979,3,5,0.006099653
6,1979,3,5,0.004880611
7,1979,3,5,0.00433817
8,1979,3,5,0.004066641
9,1979,3,5,0.00394074
10,1979,3,5,0.003862336
11,1979,3,5,0.003832154
12,1979,3,5,0.003820488
13,1979,3,5,0.003812783
14,1979,3,5,0.003809443
15,1979,3,5,0.003803982
16,1979,3,5,0.00380756
1,1980,3,5,0.02643728
2,1980,3,5,0.1379692
3,1980,3,5,0.03115067
4,1980,3,5,0.02327338
5,1980,3,5,0.0151833
6,1980,3,5,0.01205859
7,1980,3,5,0.01057766
8,1980,3,5,0.009789377
9,1980,3,5,0.009386353
10,1980,3,5,0.009122296
11,1980,3,5,0.008994488
12,1980,3,5,0.008925365
13,1980,3,5,0.008876545
14,1980,3,5,0.008846084
15,1980,3,5,0.008815676
16,1980,3,5,0.008811303
1,1981,3,5,0.01495977
2,1981,3,5,0.06560173
3,1981,3,5,0.01455389
4,1981,3,5,0.01106758
5,1981,3,5,0.007575819
6,1981,3,5,0.006237912
7,1981,3,5,0.005593541
8,1981,3,5,0.005250027
9,1981,3,5,0.00508211
10,1981,3,5,0.004972352
11,1981,3,5,0.004926128
12,1981,3,5,0.004905402
13,1981,3,5,0.004890651
14,1981,3,5,0.004882689
15,1981,3,5,0.004872724
16,1981,3,5,0.004875875
1,1982,3,5,0.02047612
2,1982,3,5,0.07753469
3,1982,3,5,0.01684128
4,1982,3,5,0.01292591
5,1982,3,5,0.009042978
6,1982,3,5,0.007568287
7,1982,3,5,0.006859726
8,1982,3,5,0.006485708
9,1982,3,5,0.006310007
10,1982,3,5,0.006196136
11,1982,3,5,0.006153926
12,1982,3,5,0.006139029
13,1982,3,5,0.006128386
14,1982,3,5,0.006124058
15,1982,3,5,0.00611601
16,1982,3,5,0.006123237
1,1983,3,5,0.02066074
2,1983,3,5,0.07470654
3,1983,3,5,0.01556552
4,1983,3,5,0.0119547
5,1983,3,5,0.008371718
6,1983,3,5,0.007010559
7,1983,3,5,0.006355063
8,1983,3,5,0.006007651
9,1983,3,5,0.005842371
10,1983,3,5,0.005734753
11,1983,3,5,0.005692961
12,1983,3,5,0.005676576
13,1983,3,5,0.005664901
14,1983,3,5,0.005659424
15,1983,3,5,0.005650956
16,1983,3,5,0.005656253
1,1984,3,5,0.01562184
2,1984,3,5,0.05828603
3,1984,3,5,0.01543414
4,1984,3,5,0.01190659
5,1984,3,5,0.007905353
6,1984,3,5,0.006268293
7,1984,3,5,0.005509048
8,1984,3,5,0.005115915
9,1984,3,5,0.004920476
10,1984,3,5,0.004794732
11,1984,3,5,0.004736197
12,1984,3,5,0.004706036
13,1984,3,5,0.004684777
14,1984,3,5,0.004671932
15,1984,3,5,0.004658669
16,1984,3,5,0.004658242
1,1985,3,5,0.03464467
2,1985,3,5,0.1326933
3,1985,3,5,0.03248248
4,1985,3,5,0.02463698
5,1985,3,5,0.01647585
6,1985,3,5,0.01331622
7,1985,3,5,0.01183345
8,1985,3,5,0.01105728
9,1985,3,5,0.01067519
10,1985,3,5,0.01042804
11,1985,3,5,0.01031834
12,1985,3,5,0.01026508
13,1985,3,5,0.01022755
14,1985,3,5,0.01020592
15,1985,3,5,0.01018165
16,1985,3,5,0.01018438
1,1986,3,5,0.04782465
2,1986,3,5,0.14573
3,1986,3,5,0.03820745
4,1986,3,5,0.02939885
5,1986,3,5,0.02034618
6,1986,3,5,0.01687454
7,1986,3,5,0.01524506
8,1986,3,5,0.01440207
9,1986,3,5,0.01400958
10,1986,3,5,0.01375896
11,1986,3,5,0.01366596
12,1986,3,5,0.01363312
13,1986,3,5,0.01360994
14,1986,3,5,0.01360058
15,1986,3,5,0.0135834
16,1986,3,5,0.01359908
1,1987,3,5,0.1100348
2,1987,3,5,0.4853193
3,1987,3,5,0.2058347
4,1987,3,5,0.1493987
5,1987,3,5,0.08602846
6,1987,3,5,0.06133931
7,1987,3,5,0.05059768
8,1987,3,5,0.04526219
9,1987,3,5,0.04254284
10,1987,3,5,0.04084533
11,1987,3,5,0.0399532
12,1987,3,5,0.03943139
13,1987,3,5,0.03907176
14,1987,3,5,0.03883684
15,1987,3,5,0.03862994
16,1987,3,5,0.03855257
1,1988,3,5,0.04185962
2,1988,3,5,0.1690157
3,1988,3,5,0.05810313
4,1988,3,5,0.04364175
5,1988,3,5,0.02716406
6,1988,3,5,0.02052624
7,1988,3,5,0.01752469
8,1988,3,5,0.01598995
9,1988,3,5,0.01520728
10,1988,3,5,0.01470782
11,1988,3,5,0.01445439
12,1988,3,5,0.01431083
13,1988,3,5,0.01421049
14,1988,3,5,0.01414604
15,1988,3,5,0.01408642
16,1988,3,5,0.01407022
1,1989,3,5,0.1253468
2,1989,3,5,0.5842196
3,1989,3,5,0.1783119
4,1989,3,5,0.1330173
5,1989,3,5,0.0829206
6,1989,3,5,0.06297448
7,1989,3,5,0.05382912
8,1989,3,5,0.04907867
9,1989,3,5,0.04661795
10,1989,3,5,0.04502889
11,1989,3,5,0.0442063
12,1989,3,5,0.04372972
13,1989,3,5,0.04339539
14,1989,3,5,0.0431776
15,1989,3,5,0.04297828
16,1989,3,5,0.04291452
1,1990,3,5,0.1385556
2,1990,3,5,0.4984015
3,1990,3,5,0.1343323
4,1990,3,5,0.1034483
5,1990,3,5,0.07089396
6,1990,3,5,0.05792541
7,1990,3,5,0.05163226
8,1990,3,5,0.04824506
9,1990,3,5,0.0465312
10,1990,3,5,0.04540124
11,1990,3,5,0.04487606
12,1990,3,5,0.04460519
13,1990,3,5,0.04441203
14,1990,3,5,0.04429502
15,1990,3,5,0.04417185
16,1990,3,5,0.04416925
1,1991,3,5,0.2244857
2,1991,3,5,0.7532594
3,1991,3,5,0.2355343
4,1991,3,5,0.1802882
5,1991,3,5,0.1186175
6,1991,3,5,0.09378671
7,1991,3,5,0.08231186
8,1991,3,5,0.07638087
9,1991,3,5,0.07343082
10,1991,3,5,0.07153839
11,1991,3,5,0.07065516
12,1991,3,5,0.07019941
13,1991,3,5,0.06987903
14,1991,3,5,0.06968545
15,1991,3,5,0.06948673
16,1991,3,5,0.06947973
1,1992,3,5,0.09287188
2,1992,3,5,0.4868774
3,1992,3,5,0.1028243
4,1992,3,5,0.07808522
5,1992,3,5,0.05306447
6,1992,3,5,0.04310899
7,1992,3,5,0.03805505
8,1992,3,5,0.0351997
9,1992,3,5,0.03364938
10,1992,3,5,0.032594
11,1992,3,5,0.03203614
12,1992,3,5,0.03170364
13,1992,3,5,0.03146559
14,1992,3,5,0.03130756
15,1992,3,5,0.031161
16,1992,3,5,0.03110977
1,1993,3,5,0.05607557
2,1993,3,5,0.2340186
3,1993,3,5,0.05579064
4,1993,3,5,0.04294406
5,1993,3,5,0.02970983
6,1993,3,5,0.02438623
7,1993,3,5,0.0216895
8,1993,3,5,0.02017665
9,1993,3,5,0.0193695
10,1993,3,5,0.0188225
11,1993,3,5,0.01854296
12,1993,3,5,0.01838184
13,1993,3,5,0.01826627
14,1993,3,5,0.01819096
15,1993,3,5,0.01811905
16,1993,3,5,0.01809944
1,1994,3,5,0.05918777
2,1994,3,5,0.218721
3,1994,3,5,0.05871433
4,1994,3,5,0.0452855
5,1994,3,5,0.03112247
6,1994,3,5,0.02543949
7,1994,3,5,0.02265005
8,1994,3,5,0.02113186
9,1994,3,5,0.02035157
10,1994,3,5,0.01983311
11,1994,3,5,0.01958461
12,1994,3,5,0.01945148
13,1994,3,5,0.01935634
14,1994,3,5,0.01929715
15,1994,3,5,0.01923709
16,1994,3,5,0.01923059
1,1995,3,5,0.2404708
2,1995,3,5,1.223832
3,1995,3,5,0.3300624
4,1995,3,5,0.2428021
5,1995,3,5,0.1494502
6,1995,3,5,0.1131011
7,1995,3,5,0.09638007
8,1995,3,5,0.08762782
9,1995,3,5,0.08303197
10,1995,3,5,0.08004755
11,1995,3,5,0.07846406
12,1995,3,5,0.07752242
13,1995,3,5,0.07686251
14,1995,3,5,0.07642627
15,1995,3,5,0.07603422
16,1995,3,5,0.07588391
1,1996,3,5,0.06258783
2,1996,3,5,0.2836561
3,1996,3,5,0.1165793
4,1996,3,5,0.09063146
5,1996,3,5,0.05594282
6,1996,3,5,0.04056916
7,1996,3,5,0.03359622
8,1996,3,5,0.03001939
9,1996,3,5,0.02813225
10,1996,3,5,0.02692036
11,1996,3,5,0.02625225
12,1996,3,5,0.02584318
13,1996,3,5,0.02555546
14,1996,3,5,0.0253617
15,1996,3,5,0.0251958
16,1996,3,5,0.02512112
1,1997,3,5,0.06587263
2,1997,3,5,0.2810079
3,1997,3,5,0.07247341
4,1997,3,5,0.056027
5,1997,3,5,0.03851235
6,1997,3,5,0.03135234
7,1997,3,5,0.02778111
8,1997,3,5,0.02580637
9,1997,3,5,0.02476602
10,1997,3,5,0.02406739
11,1997,3,5,0.02371647
12,1997,3,5,0.02351843
13,1997,3,5,0.02337653
14,1997,3,5,0.02328524
15,1997,3,5,0.02319704
16,1997,3,5,0.02317725
1,1998,3,5,0.09381363
2,1998,3,5,0.434529
3,1998,3,5,0.1040042
4,1998,3,5,0.08020511
5,1998,3,5,0.05577742
6,1998,3,5,0.04583171
7,1998,3,5,0.04068159
8,1998,3,5,0.03773833
9,1998,3,5,0.03613547
10,1998,3,5,0.03503849
11,1998,3,5,0.03446128
12,1998,3,5,0.03411903
13,1998,3,5,0.03387295
14,1998,3,5,0.03370994
15,1998,3,5,0.03355799
16,1998,3,5,0.03350787
1,1999,3,5,0.08665348
2,1999,3,5,0.3915638
3,1999,3,5,0.0914874
4,1999,3,5,0.07049735
5,1999,3,5,0.04904484
6,1999,3,5,0.04036233
7,1999,3,5,0.03588575
8,1999,3,5,0.03333738
9,1999,3,5,0.03195819
10,1999,3,5,0.03101604
11,1999,3,5,0.03052546
12,1999,3,5,0.03023737
13,1999,3,5,0.03003029
14,1999,3,5,0.02989385
15,1999,3,5,0.02976545
16,1999,3,5,0.0297257
1,2000,3,5,0.0584745
2,2000,3,5,0.2848319
3,2000,3,5,0.07325559
4,2000,3,5,0.05523461
5,2000,3,5,0.03720445
6,2000,3,5,0.03006546
7,2000,3,5,0.02647107
8,2000,3,5,0.02444757
9,2000,3,5,0.02334637
10,2000,3,5,0.02259716
11,2000,3,5,0.02219761
12,2000,3,5,0.02195762
13,2000,3,5,0.02178559
14,2000,3,5,0.02167083
15,2000,3,5,0.02156534
16,2000,3,5,0.0215268
1,2001,3,5,0.03484139
2,2001,3,5,0.1542543
3,2001,3,5,0.03983401
4,2001,3,5,0.03005762
5,2001,3,5,0.02042699
6,2001,3,5,0.01666202
7,2001,3,5,0.01476768
8,2001,3,5,0.01370445
9,2001,3,5,0.0131335
10,2001,3,5,0.01274582
11,2001,3,5,0.01254485
12,2001,3,5,0.01242733
13,2001,3,5,0.01234302
14,2001,3,5,0.0122876
15,2001,3,5,0.01223531
16,2001,3,5,0.01221937
1,2002,3,5,0.01926318
2,2002,3,5,0.07255829
3,2002,3,5,0.01896031
4,2002,3,5,0.01436145
5,2002,3,5,0.009826728
6,2002,3,5,0.008075817
7,2002,3,5,0.007212369
8,2002,3,5,0.006738139
9,2002,3,5,0.006492609
10,2002,3,5,0.006328073
11,2002,3,5,0.006248433
12,2002,3,5,0.006205106
13,2002,3,5,0.006174055
14,2002,3,5,0.006154526
15,2002,3,5,0.006134791
16,2002,3,5,0.006131928
1,2003,3,5,0.05896576
2,2003,3,5,0.2307117
3,2003,3,5,0.06158514
4,2003,3,5,0.04632445
5,2003,3,5,0.03088993
6,2003,3,5,0.02492303
7,2003,3,5,0.02208491
8,2003,3,5,0.02057127
9,2003,3,5,0.0198027
10,2003,3,5,0.01929666
11,2003,3,5,0.01905608
12,2003,3,5,0.01892816
13,2003,3,5,0.0188371
14,2003,3,5,0.01878075
15,2003,3,5,0.01872308
16,2003,3,5,0.01871724
1,2004,3,5,0.03406938
2,2004,3,5,0.1367667
3,2004,3,5,0.04088161
4,2004,3,5,0.03090362
5,2004,3,5,0.02034934
6,2004,3,5,0.01613532
7,2004,3,5,0.01411809
8,2004,3,5,0.01303227
9,2004,3,5,0.0124626
10,2004,3,5,0.01208542
11,2004,3,5,0.01189197
12,2004,3,5,0.01178046
13,2004,3,5,0.01170117
14,2004,3,5,0.01164953
15,2004,3,5,0.01160109
16,2004,3,5,0.01158719
1,2005,3,5,0.05888963
2,2005,3,5,0.240379
3,2005,3,5,0.0577392
4,2005,3,5,0.04258192
5,2005,3,5,0.02833712
6,2005,3,5,0.02317364
7,2005,3,5,0.02076383
8,2005,3,5,0.01950296
9,2005,3,5,0.01889513
10,2005,3,5,0.01850062
11,2005,3,5,0.01833722
12,2005,3,5,0.01826534
13,2005,3,5,0.01821437
14,2005,3,5,0.01818734
15,2005,3,5,0.01815223
16,2005,3,5,0.01816419
1,2006,3,5,0.06235886
2,2006,3,5,0.2383626
3,2006,3,5,0.06068692
4,2006,3,5,0.04559242
5,2006,3,5,0.03088326
6,2006,3,5,0.02534317
7,2006,3,5,0.02270099
8,2006,3,5,0.02129562
9,2006,3,5,0.02060262
10,2006,3,5,0.02014817
11,2006,3,5,0.0199499
12,2006,3,5,0.01985565
13,2006,3,5,0.01978841
14,2006,3,5,0.01975013
15,2006,3,5,0.01970543
16,2006,3,5,0.01971283
1,2007,3,5,0.08483709
2,2007,3,5,0.320776
3,2007,3,5,0.08042382
4,2007,3,5,0.06060091
5,2007,3,5,0.04138835
6,2007,3,5,0.03413347
7,2007,3,5,0.03062377
8,2007,3,5,0.02873391
9,2007,3,5,0.02779035
10,2007,3,5,0.02716697
11,2007,3,5,0.0268889
12,2007,3,5,0.02675247
13,2007,3,5,0.02665494
14,2007,3,5,0.02659799
15,2007,3,5,0.02653377
16,2007,3,5,0.02653978
1,2008,3,5,0.1070004
2,2008,3,5,0.377702
3,2008,3,5,0.09946586
4,2008,3,5,0.07553161
5,2008,3,5,0.05136028
6,2008,3,5,0.04203353
7,2008,3,5,0.03758825
8,2008,3,5,0.03522936
9,2008,3,5,0.03406157
10,2008,3,5,0.03329796
11,2008,3,5,0.03295924
12,2008,3,5,0.03279472
13,2008,3,5,0.03267764
14,2008,3,5,0.03260986
15,2008,3,5,0.03253338
16,2008,3,5,0.03254228
1,2009,3,5,0.08577279
2,2009,3,5,0.3078505
3,2009,3,5,0.07560219
4,2009,3,5,0.05763753
5,2009,3,5,0.03988557
6,2009,3,5,0.03299718
7,2009,3,5,0.02957102
8,2009,3,5,0.0276785
9,2009,3,5,0.02669585
10,2009,3,5,0.0260349
11,2009,3,5,0.02571408
12,2009,3,5,0.02553862
13,2009,3,5,0.02541277
14,2009,3,5,0.02533332
15,2009,3,5,0.02525315
16,2009,3,5,0.02524048
1,2010,3,5,0.08482107
2,2010,3,5,0.3684435
3,2010,3,5,0.08920929
4,2010,3,5,0.06740713
5,2010,3,5,0.04596127
6,2010,3,5,0.03759457
7,2010,3,5,0.03338289
8,2010,3,5,0.03101903
9,2010,3,5,0.02975152
10,2010,3,5,0.02889044
11,2010,3,5,0.02844528
12,2010,3,5,0.02818528
13,2010,3,5,0.02799879
14,2010,3,5,0.02787631
15,2010,3,5,0.02776031
16,2010,3,5,0.02772509
1,2011,3,5,0.07447465
2,2011,3,5,0.4385504
3,2011,3,5,0.09401654
4,2011,3,5,0.06913596
5,2011,3,5,0.0454828
6,2011,3,5,0.03638963
7,2011,3,5,0.031757
8,2011,3,5,0.02909532
9,2011,3,5,0.0275922
10,2011,3,5,0.0265559
11,2011,3,5,0.0259675
12,2011,3,5,0.02559275
13,2011,3,5,0.0253245
14,2011,3,5,0.02513997
15,2011,3,5,0.02497753
16,2011,3,5,0.02489669
1,2012,3,5,0.06012228
2,2012,3,5,0.3474289
3,2012,3,5,0.07708431
4,2012,3,5,0.05617507
5,2012,3,5,0.0365566
6,2012,3,5,0.02922036
7,2012,3,5,0.02560175
8,2012,3,5,0.02357953
9,2012,3,5,0.02247813
10,2012,3,5,0.02172866
11,2012,3,5,0.02132511
12,2012,3,5,0.0210796
13,2012,3,5,0.02090406
14,2012,3,5,0.02078615
15,2012,3,5,0.02067813
16,2012,3,5,0.02063475
1,2013,3,5,0.07776135
2,2013,3,5,0.4504558
3,2013,3,5,0.09537768
4,2013,3,5,0.06852628
5,2013,3,5,0.04412797
6,2013,3,5,0.0355711
7,2013,3,5,0.03161648
8,2013,3,5,0.02954478
9,2013,3,5,0.02853501
10,2013,3,5,0.02787166
11,2013,3,5,0.02758621
12,2013,3,5,0.02745129
13,2013,3,5,0.02735494
14,2013,3,5,0.0273002
15,2013,3,5,0.02723359
16,2013,3,5,0.02724333
1,2014,3,5,0.08522904
2,2014,3,5,0.4382722
3,2014,3,5,0.09143192
4,2014,3,5,0.06562796
5,2014,3,5,0.04233519
6,2014,3,5,0.03420407
7,2014,3,5,0.03045086
8,2014,3,5,0.02848485
9,2014,3,5,0.02752271
10,2014,3,5,0.02689169
11,2014,3,5,0.02661632
12,2014,3,5,0.02648353
13,2014,3,5,0.02638917
14,2014,3,5,0.0263348
15,2014,3,5,0.02627047
16,2014,3,5,0.02627687
1,2015,3,5,0.1190599
2,2015,3,5,0.6894038
3,2015,3,5,0.1357013
4,2015,3,5,0.09604641
5,2015,3,5,0.0606884
6,2015,3,5,0.04827392
7,2015,3,5,0.04241175
8,2015,3,5,0.03924266
9,2015,3,5,0.03758165
10,2015,3,5,0.0364714
11,2015,3,5,0.03590681
12,2015,3,5,0.03558098
13,2015,3,5,0.0353498
14,2015,3,5,0.03519933
15,2015,3,5,0.03505425
16,2015,3,5,0.03501073
1,2016,3,5,0.1577295
2,2016,3,5,1.101614
3,2016,3,5,0.2131905
4,2016,3,5,0.1504649
5,2016,3,5,0.09275299
6,2016,3,5,0.07205819
7,2016,3,5,0.06241499
8,2016,3,5,0.05724907
9,2016,3,5,0.05452309
10,2016,3,5,0.05270566
11,2016,3,5,0.0517555
12,2016,3,5,0.05119206
13,2016,3,5,0.05079255
14,2016,3,5,0.05052821
15,2016,3,5,0.05028052
16,2016,3,5,0.05019029
1,2017,3,5,0.1563209
2,2017,3,5,1.144175
3,2017,3,5,0.3322956
4,2017,3,5,0.2403278
5,2017,3,5,0.1371877
6,2017,3,5,0.09619747
7,2017,3,5,0.07886865
8,2017,3,5,0.07049664
9,2017,3,5,0.06635858
10,2017,3,5,0.06379159
11,2017,3,5,0.06249324
12,2017,3,5,0.06175815
13,2017,3,5,0.06124758
14,2017,3,5,0.06091906
15,2017,3,5,0.06061717
16,2017,3,5,0.06052712
1,2018,3,5,0.1502867
2,2018,3,5,1.142598
3,2018,3,5,0.25389
4,2018,3,5,0.1756401
5,2018,3,5,0.1059404
6,2018,3,5,0.08141187
7,2018,3,5,0.06991119
8,2018,3,5,0.06366261
9,2018,3,5,0.06027101
10,2018,3,5,0.05798836
11,2018,3,5,0.05673437
12,2018,3,5,0.05595664
13,2018,3,5,0.05540409
14,2018,3,5,0.0550293
15,2018,3,5,0.05469209
16,2018,3,5,0.05453743
1,2019,3,5,0.2761304
2,2019,3,5,1.948564
3,2019,3,5,0.4306005
4,2019,3,5,0.2980253
5,2019,3,5,0.1774275
6,2019,3,5,0.1353499
7,2019,3,5,0.1166421
8,2019,3,5,0.1070244
9,2019,3,5,0.1021569
10,2019,3,5,0.0989866
11,2019,3,5,0.097422
12,2019,3,5,0.09654666
13,2019,3,5,0.09592976
14,2019,3,5,0.0955355
15,2019,3,5,0.09514619
16,2019,3,5,0.09504948
1,2020,3,5,0.1476708
2,2020,3,5,0.9149109
3,2020,3,5,0.2250429
4,2020,3,5,0.1591812
5,2020,3,5,0.09944117
6,2020,3,5,0.07787527
7,2020,3,5,0.06752148
8,2020,3,5,0.06181222
9,2020,3,5,0.05869473
10,2020,3,5,0.05658386
11,2020,3,5,0.05542569
12,2020,3,5,0.05470892
13,2020,3,5,0.05419794
14,2020,3,5,0.05385161
15,2020,3,5,0.0535397
16,2020,3,5,0.05340059
1,2021,3,5,0.2563627
2,2021,3,5,1.928436
3,2021,3,5,0.4217808
4,2021,3,5,0.2880251
5,2021,3,5,0.172638
6,2021,3,5,0.1337966
7,2021,3,5,0.1161022
8,2021,3,5,0.1067469
9,2021,3,5,0.101905
10,2021,3,5,0.0986915
11,2021,3,5,0.09706976
12,2021,3,5,0.09613898
13,2021,3,5,0.0954791
14,2021,3,5,0.09505057
15,2021,3,5,0.09463273
16,2021,3,5,0.09450963
1,2022,3,5,0.2085565
2,2022,3,5,1.787174
3,2022,3,5,0.445094
4,2022,3,5,0.3067429
5,2022,3,5,0.1773198
6,2022,3,5,0.1309602
7,2022,3,5,0.1104117
8,2022,3,5,0.09983054
9,2022,3,5,0.09432604
10,2022,3,5,0.09073406
11,2022,3,5,0.08883575
12,2022,3,5,0.0877019
13,2022,3,5,0.08690242
14,2022,3,5,0.08637113
15,2022,3,5,0.08588397
16,2022,3,5,0.08569203
1,2023,3,5,0.153761
2,2023,3,5,1.237244
3,2023,3,5,0.2663775
4,2023,3,5,0.1768452
5,2023,3,5,0.1018969
6,2023,3,5,0.07782571
7,2023,3,5,0.06735212
8,2023,3,5,0.06202467
9,2023,3,5,0.05938607
10,2023,3,5,0.05767368
11,2023,3,5,0.05686911
12,2023,3,5,0.05644088
13,2023,3,5,0.05614028
14,2023,3,5,0.05595453
15,2023,3,5,0.05575763
16,2023,3,5,0.05572873
1,2024,3,5,0.1206386
2,2024,3,5,1.107198
3,2024,3,5,0.2466099
4,2024,3,5,0.1641762
5,2024,3,5,0.092333
6,2024,3,5,0.06847054
7,2024,3,5,0.05824503
8,2024,3,5,0.05312589
9,2024,3,5,0.05058553
10,2024,3,5,0.04895503
11,2024,3,5,0.04816702
12,2024,3,5,0.04773547
13,2024,3,5,0.04743375
14,2024,3,5,0.04724378
15,2024,3,5,0.04705154
16,2024,3,5,0.04701009
1,1972,4,5,0.00468638
2,1972,4,5,0.02128951
3,1972,4,5,0.004397595
4,1972,4,5,0.003344537
5,1972,4,5,0.002311007
6,1972,4,5,0.001926395
7,1972,4,5,0.001746596
8,1972,4,5,0.001654677
9,1972,4,5,0.001614274
10,1972,4,5,0.00158906
11,1972,4,5,0.00158199
12,1972,4,5,0.001581431
13,1972,4,5,0.001581078
14,1972,4,5,0.001581829
15,1972,4,5,0.001581155
16,1972,4,5,0.001584501
1,1973,4,5,0.00131808
2,1973,4,5,0.005632478
3,1973,4,5,0.001462062
4,1973,4,5,0.001126592
5,1973,4,5,0.0007714512
6,1973,4,5,0.0006317652
7,1973,4,5,0.0005665658
8,1973,4,5,0.0005331616
9,1973,4,5,0.0005178759
10,1973,4,5,0.0005082763
11,1973,4,5,0.0005049742
12,1973,4,5,0.0005040614
13,1973,4,5,0.0005034248
14,1973,4,5,0.0005032864
15,1973,4,5,0.0005027891
16,1973,4,5,0.0005036482
1,1974,4,5,0.006167597
2,1974,4,5,0.0348593
3,1974,4,5,0.005919509
4,1974,4,5,0.004416649
5,1974,4,5,0.002958132
6,1974,4,5,0.002416494
7,1974,4,5,0.002159938
8,1974,4,5,0.002024928
9,1974,4,5,0.001959989
10,1974,4,5,0.001918127
11,1974,4,5,0.001901247
12,1974,4,5,0.001894254
13,1974,4,5,0.001889372
14,1974,4,5,0.001886975
15,1974,4,5,0.001883619
16,1974,4,5,0.001885371
1,1975,4,5,0.001552576
2,1975,4,5,0.005778143
3,1975,4,5,0.001541338
4,1975,4,5,0.001158364
5,1975,4,5,0.0007723188
6,1975,4,5,0.0006330556
7,1975,4,5,0.0005739402
8,1975,4,5,0.0005468772
9,1975,4,5,0.0005372028
10,1975,4,5,0.0005320309
11,1975,4,5,0.0005323403
12,1975,4,5,0.000534307
13,1975,4,5,0.00053576
14,1975,4,5,0.0005372058
15,1975,4,5,0.0005379007
16,1975,4,5,0.0005398592
1,1976,4,5,0.009222536
2,1976,4,5,0.0524114
3,1976,4,5,0.007412178
4,1976,4,5,0.005410644
5,1976,4,5,0.003569981
6,1976,4,5,0.002938122
7,1976,4,5,0.002658272
8,1976,4,5,0.002521464
9,1976,4,5,0.002465125
10,1976,4,5,0.00243146
11,1976,4,5,0.002424817
12,1976,4,5,0.00242725
13,1976,4,5,0.002429242
14,1976,4,5,0.002432312
15,1976,4,5,0.002432687
16,1976,4,5,0.002438869
1,1977,4,5,0.02082324
2,1977,4,5,0.08398358
3,1977,4,5,0.01850789
4,1977,4,5,0.01384041
5,1977,4,5,0.009185773
6,1977,4,5,0.007528949
7,1977,4,5,0.006836405
8,1977,4,5,0.006525193
9,1977,4,5,0.006418909
10,1977,4,5,0.006364122
11,1977,4,5,0.006372862
12,1977,4,5,0.006400014
13,1977,4,5,0.006420079
14,1977,4,5,0.00643933
15,1977,4,5,0.006449138
16,1977,4,5,0.006473557
1,1978,4,5,0.003478348
2,1978,4,5,0.01256369
3,1978,4,5,0.004171524
4,1978,4,5,0.003145051
5,1978,4,5,0.001985268
6,1978,4,5,0.001543913
7,1978,4,5,0.001367959
8,1978,4,5,0.001293036
9,1978,4,5,0.001267823
10,1978,4,5,0.001255909
11,1978,4,5,0.001257956
12,1978,4,5,0.001264129
13,1978,4,5,0.001268763
14,1978,4,5,0.001273178
15,1978,4,5,0.001275618
16,1978,4,5,0.001281126
1,1979,4,5,0.01687854
2,1979,4,5,0.0804213
3,1979,4,5,0.01134513
4,1979,4,5,0.008372558
5,1979,4,5,0.005534427
6,1979,4,5,0.004532372
7,1979,4,5,0.004089924
8,1979,4,5,0.003873379
9,1979,4,5,0.003780731
10,1979,4,5,0.00372472
11,1979,4,5,0.003709563
12,1979,4,5,0.003708697
13,1979,4,5,0.003708522
14,1979,4,5,0.003710646
15,1979,4,5,0.003709476
16,1979,4,5,0.003716582
1,1980,4,5,0.02005299
2,1980,4,5,0.09281584
3,1980,4,5,0.02388453
4,1980,4,5,0.01798347
5,1980,4,5,0.01188102
6,1980,4,5,0.00950609
7,1980,4,5,0.008372373
8,1980,4,5,0.007766702
9,1980,4,5,0.007457746
10,1980,4,5,0.007255092
11,1980,4,5,0.007158097
12,1980,4,5,0.007106389
13,1980,4,5,0.00706977
14,1980,4,5,0.007047126
15,1980,4,5,0.007024229
16,1980,4,5,0.007021849
1,1981,4,5,0.01759709
2,1981,4,5,0.08079748
3,1981,4,5,0.01756898
4,1981,4,5,0.01336633
5,1981,4,5,0.009168767
6,1981,4,5,0.00755367
7,1981,4,5,0.006768107
8,1981,4,5,0.006345263
9,1981,4,5,0.006135812
10,1981,4,5,0.005997914
11,1981,4,5,0.005938076
12,1981,4,5,0.005909966
13,1981,4,5,0.005889902
14,1981,4,5,0.005878607
15,1981,4,5,0.005865248
16,1981,4,5,0.00586797
1,1982,4,5,0.02052413
2,1982,4,5,0.07551449
3,1982,4,5,0.01765588
4,1982,4,5,0.01357924
5,1982,4,5,0.009502088
6,1982,4,5,0.007945551
7,1982,4,5,0.007199268
8,1982,4,5,0.006806537
9,1982,4,5,0.006623007
10,1982,4,5,0.006504402
11,1982,4,5,0.006461193
12,1982,4,5,0.006446615
13,1982,4,5,0.006436176
14,1982,4,5,0.006432222
15,1982,4,5,0.006424207
16,1982,4,5,0.006432379
1,1983,4,5,0.02338643
2,1983,4,5,0.08770982
3,1983,4,5,0.01927889
4,1983,4,5,0.01478396
5,1983,4,5,0.01015864
6,1983,4,5,0.008368423
7,1983,4,5,0.007521315
8,1983,4,5,0.007077838
9,1983,4,5,0.006865419
10,1983,4,5,0.006728161
11,1983,4,5,0.006672513
12,1983,4,5,0.006649
13,1983,4,5,0.006632354
14,1983,4,5,0.006623885
15,1983,4,5,0.006612393
16,1983,4,5,0.006617584
1,1984,4,5,0.01794183
2,1984,4,5,0.06821872
3,1984,4,5,0.01557571
4,1984,4,5,0.01192892
5,1984,4,5,0.008237561
6,1984,4,5,0.006806027
7,1984,4,5,0.006109052
8,1984,4,5,0.005733325
9,1984,4,5,0.005545727
10,1984,4,5,0.005421833
11,1984,4,5,0.005366556
12,1984,4,5,0.005339409
13,1984,4,5,0.005320029
14,1984,4,5,0.005308708
15,1984,4,5,0.005295963
16,1984,4,5,0.005297102
1,1985,4,5,0.03714718
2,1985,4,5,0.1515489
3,1985,4,5,0.04762967
4,1985,4,5,0.03588072
5,1985,4,5,0.0223819
6,1985,4,5,0.01693751
7,1985,4,5,0.01450278
8,1985,4,5,0.01327466
9,1985,4,5,0.01266098
10,1985,4,5,0.01227355
11,1985,4,5,0.01208414
12,1985,4,5,0.01198119
13,1985,4,5,0.01190957
14,1985,4,5,0.01186481
15,1985,4,5,0.01182198
16,1985,4,5,0.01181441
1,1986,4,5,0.04742559
2,1986,4,5,0.1424881
3,1986,4,5,0.03757118
4,1986,4,5,0.02905657
5,1986,4,5,0.02030509
6,1986,4,5,0.01693258
7,1986,4,5,0.01533849
8,1986,4,5,0.0145106
9,1986,4,5,0.01412676
10,1986,4,5,0.013881
11,1986,4,5,0.01379195
12,1986,4,5,0.01376222
13,1986,4,5,0.0137411
14,1986,4,5,0.01373328
15,1986,4,5,0.01371713
16,1986,4,5,0.01373411
1,1987,4,5,0.05860849
2,1987,4,5,0.182988
3,1987,4,5,0.0507732
4,1987,4,5,0.03949776
5,1987,4,5,0.02786734
6,1987,4,5,0.02329511
7,1987,4,5,0.02106996
8,1987,4,5,0.0198823
9,1987,4,5,0.01931037
10,1987,4,5,0.01893651
11,1987,4,5,0.01878672
12,1987,4,5,0.01872499
13,1987,4,5,0.01868057
14,1987,4,5,0.01865837
15,1987,4,5,0.01862726
16,1987,4,5,0.01864361
1,1988,4,5,0.03973539
2,1988,4,5,0.1582707
3,1988,4,5,0.04185524
4,1988,4,5,0.03198105
5,1988,4,5,0.02166084
6,1988,4,5,0.01757408
7,1988,4,5,0.01559134
8,1988,4,5,0.01452041
9,1988,4,5,0.01397202
10,1988,4,5,0.01360918
11,1988,4,5,0.01343554
12,1988,4,5,0.01334271
13,1988,4,5,0.01327654
14,1988,4,5,0.01323545
15,1988,4,5,0.01319371
16,1988,4,5,0.01318924
1,1989,4,5,0.06105965
2,1989,4,5,0.2421303
3,1989,4,5,0.06562674
4,1989,4,5,0.05052906
5,1989,4,5,0.03476173
6,1989,4,5,0.02843597
7,1989,4,5,0.02529774
8,1989,4,5,0.02357252
9,1989,4,5,0.02267655
10,1989,4,5,0.02207729
11,1989,4,5,0.02178555
12,1989,4,5,0.02162643
13,1989,4,5,0.02151241
14,1989,4,5,0.0214406
15,1989,4,5,0.02136881
16,1989,4,5,0.02135832
1,1990,4,5,0.07452451
2,1990,4,5,0.2364451
3,1990,4,5,0.06654776
4,1990,4,5,0.05180015
5,1990,4,5,0.03598641
6,1990,4,5,0.02962909
7,1990,4,5,0.0265633
8,1990,4,5,0.02493159
9,1990,4,5,0.02412699
10,1990,4,5,0.02360108
11,1990,4,5,0.02337152
12,1990,4,5,0.02326285
13,1990,4,5,0.02318525
14,1990,4,5,0.02314119
15,1990,4,5,0.02309027
16,1990,4,5,0.02309977
1,1991,4,5,0.08768978
2,1991,4,5,0.330274
3,1991,4,5,0.09664609
4,1991,4,5,0.0742387
5,1991,4,5,0.04968761
6,1991,4,5,0.03972869
7,1991,4,5,0.03496799
8,1991,4,5,0.03242769
9,1991,4,5,0.03112449
10,1991,4,5,0.03026926
11,1991,4,5,0.02985153
12,1991,4,5,0.02962352
13,1991,4,5,0.02946164
14,1991,4,5,0.0293598
15,1991,4,5,0.02925971
16,1991,4,5,0.0292438
1,1992,4,5,0.02964496
2,1992,4,5,0.09903618
3,1992,4,5,0.03670425
4,1992,4,5,0.02842411
5,1992,4,5,0.01835938
6,1992,4,5,0.01410106
7,1992,4,5,0.01214619
8,1992,4,5,0.01113893
9,1992,4,5,0.01062508
10,1992,4,5,0.01029538
11,1992,4,5,0.01012929
12,1992,4,5,0.01003597
13,1992,4,5,0.009970305
14,1992,4,5,0.009928259
15,1992,4,5,0.009889087
16,1992,4,5,0.009879619
1,1993,4,5,0.03196216
2,1993,4,5,0.11593
3,1993,4,5,0.03617861
4,1993,4,5,0.02814841
5,1993,4,5,0.01874855
6,1993,4,5,0.01477414
7,1993,4,5,0.01288014
8,1993,4,5,0.01187076
9,1993,4,5,0.01134404
10,1993,4,5,0.01099797
11,1993,4,5,0.01082055
12,1993,4,5,0.0107186
13,1993,4,5,0.01064619
14,1993,4,5,0.01059913
15,1993,4,5,0.01055533
16,1993,4,5,0.010543
1,1994,4,5,0.05480141
2,1994,4,5,0.1991702
3,1994,4,5,0.04914315
4,1994,4,5,0.03812493
5,1994,4,5,0.02683926
6,1994,4,5,0.02234406
7,1994,4,5,0.02008963
8,1994,4,5,0.01884568
9,1994,4,5,0.01820985
10,1994,4,5,0.01778383
11,1994,4,5,0.01758601
12,1994,4,5,0.01748374
13,1994,4,5,0.01741019
14,1994,4,5,0.01736547
15,1994,4,5,0.01731785
16,1994,4,5,0.01731687
1,1995,4,5,0.1389817
2,1995,4,5,0.534291
3,1995,4,5,0.1358589
4,1995,4,5,0.104744
5,1995,4,5,0.07155555
6,1995,4,5,0.0581774
7,1995,4,5,0.05166162
8,1995,4,5,0.04813524
9,1995,4,5,0.04632367
10,1995,4,5,0.04512315
11,1995,4,5,0.04454411
12,1995,4,5,0.04423152
13,1995,4,5,0.04400851
14,1995,4,5,0.04386909
15,1995,4,5,0.04372891
16,1995,4,5,0.04371071
1,1996,4,5,0.04108639
2,1996,4,5,0.1623165
3,1996,4,5,0.05847023
4,1996,4,5,0.04495783
5,1996,4,5,0.02866219
6,1996,4,5,0.02175807
7,1996,4,5,0.01855113
8,1996,4,5,0.01687127
9,1996,4,5,0.01598766
10,1996,4,5,0.01541332
11,1996,4,5,0.01510698
12,1996,4,5,0.01492445
13,1996,4,5,0.01479567
14,1996,4,5,0.01471026
15,1996,4,5,0.01463429
16,1996,4,5,0.01460565
1,1997,4,5,0.04162398
2,1997,4,5,0.1512263
3,1997,4,5,0.03976092
4,1997,4,5,0.03089748
5,1997,4,5,0.02172767
6,1997,4,5,0.01803698
7,1997,4,5,0.01617527
8,1997,4,5,0.01514207
9,1997,4,5,0.0146077
10,1997,4,5,0.01424857
11,1997,4,5,0.0140775
12,1997,4,5,0.0139864
13,1997,4,5,0.01392088
14,1997,4,5,0.01388023
15,1997,4,5,0.01383839
16,1997,4,5,0.01383479
1,1998,4,5,0.04706385
2,1998,4,5,0.1747735
3,1998,4,5,0.04590493
4,1998,4,5,0.03575963
5,1998,4,5,0.02521368
6,1998,4,5,0.02091253
7,1998,4,5,0.0187073
8,1998,4,5,0.01746427
9,1998,4,5,0.0168055
10,1998,4,5,0.0163585
11,1998,4,5,0.01613513
12,1998,4,5,0.01600952
13,1998,4,5,0.0159191
14,1998,4,5,0.01586101
15,1998,4,5,0.01580427
16,1998,4,5,0.01579236
1,1999,4,5,0.04437764
2,1999,4,5,0.1544542
3,1999,4,5,0.04321069
4,1999,4,5,0.03353223
5,1999,4,5,0.02325801
6,1999,4,5,0.0190822
7,1999,4,5,0.01700037
8,1999,4,5,0.01585213
9,1999,4,5,0.01525219
10,1999,4,5,0.01485026
11,1999,4,5,0.01465187
12,1999,4,5,0.01454192
13,1999,4,5,0.01446315
14,1999,4,5,0.01441303
15,1999,4,5,0.01436377
16,1999,4,5,0.0143547
1,2000,4,5,0.03264725
2,2000,4,5,0.1282589
3,2000,4,5,0.03408635
4,2000,4,5,0.02613684
5,2000,4,5,0.01806132
6,2000,4,5,0.01483753
7,2000,4,5,0.01320778
8,2000,4,5,0.01229453
9,2000,4,5,0.01180857
10,2000,4,5,0.01147946
11,2000,4,5,0.01131228
12,2000,4,5,0.01121658
13,2000,4,5,0.01114787
14,2000,4,5,0.01110327
15,2000,4,5,0.01106044
16,2000,4,5,0.01104953
1,2001,4,5,0.02417976
2,2001,4,5,0.101622
3,2001,4,5,0.02608112
4,2001,4,5,0.01992173
5,2001,4,5,0.01373534
6,2001,4,5,0.01127526
7,2001,4,5,0.01002569
8,2001,4,5,0.009321635
9,2001,4,5,0.008944243
10,2001,4,5,0.008687725
11,2001,4,5,0.008555844
12,2001,4,5,0.008479383
13,2001,4,5,0.008424457
14,2001,4,5,0.008388532
15,2001,4,5,0.008354372
16,2001,4,5,0.008344714
1,2002,4,5,0.02083422
2,2002,4,5,0.07402719
3,2002,4,5,0.01867392
4,2002,4,5,0.01429774
5,2002,4,5,0.009938525
6,2002,4,5,0.00824298
7,2002,4,5,0.007403468
8,2002,4,5,0.006943227
9,2002,4,5,0.006708374
10,2002,4,5,0.006551337
11,2002,4,5,0.006478128
12,2002,4,5,0.006440018
13,2002,4,5,0.006412656
14,2002,4,5,0.006395942
15,2002,4,5,0.006378235
16,2002,4,5,0.006377486
1,2003,4,5,0.05694135
2,2003,4,5,0.2450498
3,2003,4,5,0.05810466
4,2003,4,5,0.04386766
5,2003,4,5,0.02982662
6,2003,4,5,0.02440123
7,2003,4,5,0.02172522
8,2003,4,5,0.02025297
9,2003,4,5,0.01948632
10,2003,4,5,0.01897178
11,2003,4,5,0.01871948
12,2003,4,5,0.01858019
13,2003,4,5,0.01848045
14,2003,4,5,0.01841715
15,2003,4,5,0.01835405
16,2003,4,5,0.01834271
1,2004,4,5,0.03377531
2,2004,4,5,0.129126
3,2004,4,5,0.03359566
4,2004,4,5,0.02566701
5,2004,4,5,0.01763397
6,2004,4,5,0.01446385
7,2004,4,5,0.01289002
8,2004,4,5,0.01202169
9,2004,4,5,0.01156814
10,2004,4,5,0.01126358
11,2004,4,5,0.01111345
12,2004,4,5,0.01103017
13,2004,4,5,0.01097048
14,2004,4,5,0.01093248
15,2004,4,5,0.01089491
16,2004,4,5,0.01088786
1,2005,4,5,0.04778377
2,2005,4,5,0.178386
3,2005,4,5,0.04424972
4,2005,4,5,0.03335092
5,2005,4,5,0.0226909
6,2005,4,5,0.01869402
7,2005,4,5,0.01680689
8,2005,4,5,0.01581644
9,2005,4,5,0.01534163
10,2005,4,5,0.0150337
11,2005,4,5,0.01490921
12,2005,4,5,0.01485684
13,2005,4,5,0.01481958
14,2005,4,5,0.01480065
15,2005,4,5,0.01477468
16,2005,4,5,0.01478665
1,2006,4,5,0.06215055
2,2006,4,5,0.2367801
3,2006,4,5,0.05842784
4,2006,4,5,0.04426187
5,2006,4,5,0.03024307
6,2006,4,5,0.02489675
7,2006,4,5,0.02232776
8,2006,4,5,0.02095581
9,2006,4,5,0.02027827
10,2006,4,5,0.01983329
11,2006,4,5,0.01963929
12,2006,4,5,0.01954722
13,2006,4,5,0.01948149
14,2006,4,5,0.01944412
15,2006,4,5,0.01940043
16,2006,4,5,0.01940793
1,2007,4,5,0.07202902
2,2007,4,5,0.2485346
3,2007,4,5,0.06296996
4,2007,4,5,0.04821811
5,2007,4,5,0.03348828
6,2007,4,5,0.02780999
7,2007,4,5,0.02505546
8,2007,4,5,0.02357838
9,2007,4,5,0.02285228
10,2007,4,5,0.02237493
11,2007,4,5,0.02217096
12,2007,4,5,0.02207707
13,2007,4,5,0.02200985
14,2007,4,5,0.02197258
15,2007,4,5,0.02192738
16,2007,4,5,0.02193863
1,2008,4,5,0.09181644
2,2008,4,5,0.3152914
3,2008,4,5,0.08069958
4,2008,4,5,0.06202269
5,2008,4,5,0.0429069
6,2008,4,5,0.03542051
7,2008,4,5,0.03180521
8,2008,4,5,0.0298727
9,2008,4,5,0.02891717
10,2008,4,5,0.02829008
11,2008,4,5,0.02801567
12,2008,4,5,0.02788494
13,2008,4,5,0.02779156
14,2008,4,5,0.02773829
15,2008,4,5,0.02767669
16,2008,4,5,0.02768696
1,2009,4,5,0.07736687
2,2009,4,5,0.26029
3,2009,4,5,0.06400248
4,2009,4,5,0.04929499
5,2009,4,5,0.03453846
6,2009,4,5,0.02875246
7,2009,4,5,0.025866
8,2009,4,5,0.02427458
9,2009,4,5,0.02345692
10,2009,4,5,0.02290819
11,2009,4,5,0.02264871
12,2009,4,5,0.02251107
13,2009,4,5,0.02241222
14,2009,4,5,0.02235105
15,2009,4,5,0.02228739
16,2009,4,5,0.02228185
1,2010,4,5,0.06679685
2,2010,4,5,0.2692005
3,2010,4,5,0.06660505
4,2010,4,5,0.05098134
5,2010,4,5,0.03522794
6,2010,4,5,0.02896357
7,2010,4,5,0.02579205
8,2010,4,5,0.02401087
9,2010,4,5,0.02305995
10,2010,4,5,0.02241447
11,2010,4,5,0.02208441
12,2010,4,5,0.02189388
13,2010,4,5,0.02175709
14,2010,4,5,0.02166785
15,2010,4,5,0.02158255
16,2010,4,5,0.02155908
1,2011,4,5,0.05958613
2,2011,4,5,0.3150679
3,2011,4,5,0.06943602
4,2011,4,5,0.05210686
5,2011,4,5,0.03507432
6,2011,4,5,0.02832884
7,2011,4,5,0.02484416
8,2011,4,5,0.02283118
9,2011,4,5,0.02169557
10,2011,4,5,0.02091179
11,2011,4,5,0.02046973
12,2011,4,5,0.02018996
13,2011,4,5,0.01998944
14,2011,4,5,0.01985193
15,2011,4,5,0.01973041
16,2011,4,5,0.01967199
1,2012,4,5,0.04014098
2,2012,4,5,0.2038632
3,2012,4,5,0.04542808
4,2012,4,5,0.03379127
5,2012,4,5,0.02254705
6,2012,4,5,0.01824079
7,2012,4,5,0.01609444
8,2012,4,5,0.01489292
9,2012,4,5,0.0142442
10,2012,4,5,0.01380324
11,2012,4,5,0.01357087
12,2012,4,5,0.0134324
13,2012,4,5,0.01333328
14,2012,4,5,0.01326746
15,2012,4,5,0.01320609
16,2012,4,5,0.01318444
1,2013,4,5,0.05780122
2,2013,4,5,0.2997782
3,2013,4,5,0.06470467
4,2013,4,5,0.04730848
5,2013,4,5,0.03117158
6,2013,4,5,0.02540225
7,2013,4,5,0.02270825
8,2013,4,5,0.0212931
9,2013,4,5,0.0206098
10,2013,4,5,0.02016116
11,2013,4,5,0.01997466
12,2013,4,5,0.01989116
13,2013,4,5,0.01983131
14,2013,4,5,0.01979881
15,2013,4,5,0.01975648
16,2013,4,5,0.01976809
1,2014,4,5,0.09218906
2,2014,4,5,0.4669075
3,2014,4,5,0.09294682
4,2014,4,5,0.06752369
5,2014,4,5,0.04424681
6,2014,4,5,0.03600916
7,2014,4,5,0.03216772
8,2014,4,5,0.03014584
9,2014,4,5,0.02915937
10,2014,4,5,0.0285113
11,2014,4,5,0.02823309
12,2014,4,5,0.02810209
13,2014,4,5,0.02800881
14,2014,4,5,0.02795609
15,2014,4,5,0.02789178
16,2014,4,5,0.02790183
1,2015,4,5,0.09692123
2,2015,4,5,0.523981
3,2015,4,5,0.1013929
4,2015,4,5,0.07352929
5,2015,4,5,0.04792085
6,2015,4,5,0.03862779
7,2015,4,5,0.03413947
8,2015,4,5,0.03168343
9,2015,4,5,0.03039282
10,2015,4,5,0.02952627
11,2015,4,5,0.02908865
12,2015,4,5,0.02883823
13,2015,4,5,0.02866003
14,2015,4,5,0.02854459
15,2015,4,5,0.02843255
16,2015,4,5,0.02840189
1,2016,4,5,0.106151
2,2016,4,5,0.6775884
3,2016,4,5,0.1333789
4,2016,4,5,0.09439343
5,2016,4,5,0.05948702
6,2016,4,5,0.04717266
7,2016,4,5,0.04133024
8,2016,4,5,0.03815602
9,2016,4,5,0.03648155
10,2016,4,5,0.03535651
11,2016,4,5,0.03477823
12,2016,4,5,0.03444051
13,2016,4,5,0.03420017
14,2016,4,5,0.03404249
15,2016,4,5,0.03389151
16,2016,4,5,0.03384267
1,2017,4,5,0.09566399
2,2017,4,5,0.5294117
3,2017,4,5,0.1254828
4,2017,4,5,0.09018586
5,2017,4,5,0.05568774
6,2017,4,5,0.04306441
7,2017,4,5,0.03748705
8,2017,4,5,0.03468142
9,2017,4,5,0.03332251
10,2017,4,5,0.03245666
11,2017,4,5,0.03206896
12,2017,4,5,0.03187703
13,2017,4,5,0.03174253
14,2017,4,5,0.03166365
15,2017,4,5,0.03157625
16,2017,4,5,0.03157933
1,2018,4,5,0.09727199
2,2018,4,5,0.6294721
3,2018,4,5,0.1368625
4,2018,4,5,0.09788681
5,2018,4,5,0.0621978
6,2018,4,5,0.04917646
7,2018,4,5,0.04284153
8,2018,4,5,0.03932339
9,2018,4,5,0.03740573
10,2018,4,5,0.03610371
11,2018,4,5,0.03539741
12,2018,4,5,0.03496464
13,2018,4,5,0.03465584
14,2018,4,5,0.03444768
15,2018,4,5,0.03425812
16,2018,4,5,0.03417827
1,2019,4,5,0.2724691
2,2019,4,5,1.814949
3,2019,4,5,0.3636091
4,2019,4,5,0.2536704
5,2019,4,5,0.1570276
6,2019,4,5,0.1239857
7,2019,4,5,0.1087975
8,2019,4,5,0.1007715
9,2019,4,5,0.09669666
10,2019,4,5,0.09399832
11,2019,4,5,0.09270233
12,2019,4,5,0.09199649
13,2019,4,5,0.09149563
14,2019,4,5,0.0911808
15,2019,4,5,0.09085592
16,2019,4,5,0.09079833
1,2020,4,5,0.1085141
2,2020,4,5,0.5580483
3,2020,4,5,0.1349876
4,2020,4,5,0.0987033
5,2020,4,5,0.06464862
6,2020,4,5,0.05189386
7,2020,4,5,0.04559751
8,2020,4,5,0.04208051
9,2020,4,5,0.04017001
10,2020,4,5,0.03887114
11,2020,4,5,0.03817554
12,2020,4,5,0.03775465
13,2020,4,5,0.03745356
14,2020,4,5,0.03725191
15,2020,4,5,0.03706655
16,2020,4,5,0.03699455
1,2021,4,5,0.1905601
2,2021,4,5,1.258747
3,2021,4,5,0.2733016
4,2021,4,5,0.1928484
5,2021,4,5,0.1209187
6,2021,4,5,0.09572179
7,2021,4,5,0.08392629
8,2021,4,5,0.07760202
9,2021,4,5,0.07433372
10,2021,4,5,0.07215377
11,2021,4,5,0.07107553
12,2021,4,5,0.07047081
13,2021,4,5,0.07004012
14,2021,4,5,0.06976416
15,2021,4,5,0.0694894
16,2021,4,5,0.0694254
1,2022,4,5,0.1043274
2,2022,4,5,0.6744651
3,2022,4,5,0.186816
4,2022,4,5,0.1353427
5,2022,4,5,0.08173107
6,2022,4,5,0.06102187
7,2022,4,5,0.05174545
8,2022,4,5,0.04699096
9,2022,4,5,0.04454781
10,2022,4,5,0.04296885
11,2022,4,5,0.0421539
12,2022,4,5,0.04168084
13,2022,4,5,0.04134759
14,2022,4,5,0.04112977
15,2022,4,5,0.04092825
16,2022,4,5,0.04086241
1,2023,4,5,0.08391673
2,2023,4,5,0.4998367
3,2023,4,5,0.1074996
4,2023,4,5,0.07571388
5,2023,4,5,0.04756462
6,2023,4,5,0.03795864
7,2023,4,5,0.03361052
8,2023,4,5,0.03136427
9,2023,4,5,0.03027818
10,2023,4,5,0.02957193
11,2023,4,5,0.02927052
12,2023,4,5,0.02913004
13,2023,4,5,0.0290306
14,2023,4,5,0.02897496
15,2023,4,5,0.02890631
16,2023,4,5,0.0289183
1,2024,4,5,0.06423946
2,2024,4,5,0.4448346
3,2024,4,5,0.09253542
4,2024,4,5,0.06425795
5,2024,4,5,0.03955501
6,2024,4,5,0.03125496
7,2024,4,5,0.02753451
8,2024,4,5,0.02562203
9,2024,4,5,0.02469732
10,2024,4,5,0.02409695
11,2024,4,5,0.02383916
12,2024,4,5,0.02371779
13,2024,4,5,0.02363207
14,2024,4,5,0.02358374
15,2024,4,5,0.02352465
16,2024,4,5,0.02353332
1,1972,1,6,0.0005549447
2,1972,1,6,0.004044964
3,1972,1,6,0.01628551
4,1972,1,6,0.01176281
5,1972,1,6,0.005635868
6,1972,1,6,0.003230165
7,1972,1,6,0.002312238
8,1972,1,6,0.001909059
9,1972,1,6,0.001720388
10,1972,1,6,0.001614729
11,1972,1,6,0.001562193
12,1972,1,6,0.001534415
13,1972,1,6,0.001515628
14,1972,1,6,0.001504095
15,1972,1,6,0.001494621
16,1972,1,6,0.001493385
1,1973,1,6,0.0003581346
2,1973,1,6,0.002577808
3,1973,1,6,0.008950512
4,1973,1,6,0.006463402
5,1973,1,6,0.003138127
6,1973,1,6,0.00183331
7,1973,1,6,0.001332947
8,1973,1,6,0.001112582
9,1973,1,6,0.001009905
10,1973,1,6,0.0009524175
11,1973,1,6,0.0009243597
12,1973,1,6,0.0009098557
13,1973,1,6,0.0009000584
14,1973,1,6,0.000894143
15,1973,1,6,0.0008891708
16,1973,1,6,0.0008888591
1,1974,1,6,0.002219796
2,1974,1,6,0.01617377
3,1974,1,6,0.06476045
4,1974,1,6,0.0467761
5,1974,1,6,0.02242296
6,1974,1,6,0.01286068
7,1974,1,6,0.009211321
8,1974,1,6,0.007608231
9,1974,1,6,0.006858152
10,1974,1,6,0.006438091
11,1974,1,6,0.006229354
12,1974,1,6,0.006119065
13,1974,1,6,0.006044473
14,1974,1,6,0.005998707
15,1974,1,6,0.005961086
16,1974,1,6,0.005956259
1,1975,1,6,0.002030622
2,1975,1,6,0.01479279
3,1975,1,6,0.05932664
4,1975,1,6,0.04284934
5,1975,1,6,0.02053538
6,1975,1,6,0.01177469
7,1975,1,6,0.00843174
8,1975,1,6,0.006963386
9,1975,1,6,0.006276352
10,1975,1,6,0.005891616
11,1975,1,6,0.005700407
12,1975,1,6,0.005599367
13,1975,1,6,0.005531031
14,1975,1,6,0.0054891
15,1975,1,6,0.005454639
16,1975,1,6,0.005450205
1,1976,1,6,0.000396766
2,1976,1,6,0.002746686
3,1976,1,6,0.007132742
4,1976,1,6,0.005124308
5,1976,1,6,0.002540722
6,1976,1,6,0.001539706
7,1976,1,6,0.001154592
8,1976,1,6,0.000984944
9,1976,1,6,0.0009071398
10,1976,1,6,0.0008638309
11,1976,1,6,0.0008438678
12,1976,1,6,0.0008343331
13,1976,1,6,0.0008279329
14,1976,1,6,0.0008243088
15,1976,1,6,0.0008210302
16,1976,1,6,0.00082165
1,1977,1,6,0.0004165514
2,1977,1,6,0.002884034
3,1977,1,6,0.007500237
4,1977,1,6,0.005388441
5,1977,1,6,0.002671317
6,1977,1,6,0.001618501
7,1977,1,6,0.001213473
8,1977,1,6,0.001035055
9,1977,1,6,0.0009532211
10,1977,1,6,0.0009076681
11,1977,1,6,0.0008866634
12,1977,1,6,0.0008766262
13,1977,1,6,0.0008698885
14,1977,1,6,0.0008660716
15,1977,1,6,0.0008626203
16,1977,1,6,0.0008632671
1,1978,1,6,0.0004545932
2,1978,1,6,0.003163365
3,1978,1,6,0.00827105
4,1978,1,6,0.005949134
5,1978,1,6,0.002955319
6,1978,1,6,0.001792044
7,1978,1,6,0.001343578
8,1978,1,6,0.001145729
9,1978,1,6,0.001054846
10,1978,1,6,0.001004188
11,1978,1,6,0.000980753
12,1978,1,6,0.0009694927
13,1978,1,6,0.0009619283
14,1978,1,6,0.0009576224
15,1978,1,6,0.0009537397
16,1978,1,6,0.0009543916
1,1979,1,6,0.0004131175
2,1979,1,6,0.002963564
3,1979,1,6,0.01063022
4,1979,1,6,0.007669159
5,1979,1,6,0.003703125
6,1979,1,6,0.002150225
7,1979,1,6,0.001556612
8,1979,1,6,0.001295704
9,1979,1,6,0.001174133
10,1979,1,6,0.001106135
11,1979,1,6,0.001072845
12,1979,1,6,0.00105558
13,1979,1,6,0.001043919
14,1979,1,6,0.001036861
15,1979,1,6,0.001030964
16,1979,1,6,0.001030541
1,1980,1,6,0.0009402994
2,1980,1,6,0.006667055
3,1980,1,6,0.01836144
4,1980,1,6,0.01325666
5,1980,1,6,0.006600665
6,1980,1,6,0.003990767
7,1980,1,6,0.002979655
8,1980,1,6,0.002531895
9,1980,1,6,0.00232495
10,1980,1,6,0.002209112
11,1980,1,6,0.002154625
12,1980,1,6,0.002127769
13,1980,1,6,0.002109678
14,1980,1,6,0.002099155
15,1980,1,6,0.002089838
16,1980,1,6,0.002090608
1,1981,1,6,0.001656806
2,1981,1,6,0.01147872
3,1981,1,6,0.02968741
4,1981,1,6,0.02133273
5,1981,1,6,0.0105883
6,1981,1,6,0.00642321
7,1981,1,6,0.004819709
8,1981,1,6,0.004113034
9,1981,1,6,0.003788916
10,1981,1,6,0.003608454
11,1981,1,6,0.003525306
12,1981,1,6,0.003485611
13,1981,1,6,0.003458965
14,1981,1,6,0.003443883
15,1981,1,6,0.003430221
16,1981,1,6,0.003432818
1,1982,1,6,0.002888821
2,1982,1,6,0.01952139
3,1982,1,6,0.02444217
4,1982,1,6,0.01747319
5,1982,1,6,0.009788988
6,1982,1,6,0.006862946
7,1982,1,6,0.005671689
8,1982,1,6,0.005132095
9,1982,1,6,0.00489836
10,1982,1,6,0.004769195
11,1982,1,6,0.004725597
12,1982,1,6,0.004715694
13,1982,1,6,0.004709552
14,1982,1,6,0.004709702
15,1982,1,6,0.004705588
16,1982,1,6,0.004718475
1,1983,1,6,0.003690824
2,1983,1,6,0.02527926
3,1983,1,6,0.03695363
4,1983,1,6,0.0265655
5,1983,1,6,0.01453301
6,1983,1,6,0.00987468
7,1983,1,6,0.007993477
8,1983,1,6,0.00714326
9,1983,1,6,0.006766458
10,1983,1,6,0.00655665
11,1983,1,6,0.006476539
12,1983,1,6,0.006449498
13,1983,1,6,0.006431819
14,1983,1,6,0.00642553
15,1983,1,6,0.006415259
16,1983,1,6,0.00642952
1,1984,1,6,0.002611966
2,1984,1,6,0.01787396
3,1984,1,6,0.02876148
4,1984,1,6,0.02065511
5,1984,1,6,0.01105729
6,1984,1,6,0.007349436
7,1984,1,6,0.005871008
8,1984,1,6,0.005207369
9,1984,1,6,0.004911395
10,1984,1,6,0.004746784
11,1984,1,6,0.004681255
12,1984,1,6,0.004656979
13,1984,1,6,0.004640987
14,1984,1,6,0.004634262
15,1984,1,6,0.004625348
16,1984,1,6,0.004634764
1,1985,1,6,0.006286803
2,1985,1,6,0.04329882
3,1985,1,6,0.07069268
4,1985,1,6,0.05088897
5,1985,1,6,0.02730254
6,1985,1,6,0.01813338
7,1985,1,6,0.0144643
8,1985,1,6,0.01281306
9,1985,1,6,0.01207357
10,1985,1,6,0.01166109
11,1985,1,6,0.01149455
12,1985,1,6,0.01143084
13,1985,1,6,0.01138871
14,1985,1,6,0.0113701
15,1985,1,6,0.01134664
16,1985,1,6,0.01136837
1,1986,1,6,0.00950484
2,1986,1,6,0.06349136
3,1986,1,6,0.07758197
4,1986,1,6,0.05512608
5,1986,1,6,0.03069659
6,1986,1,6,0.02155243
7,1986,1,6,0.01786669
8,1986,1,6,0.01620908
9,1986,1,6,0.01549997
10,1986,1,6,0.01511154
11,1986,1,6,0.01498787
12,1986,1,6,0.01496718
13,1986,1,6,0.01495519
14,1986,1,6,0.01496117
15,1986,1,6,0.01495227
16,1986,1,6,0.01499687
1,1987,1,6,0.002541764
2,1987,1,6,0.01807005
3,1987,1,6,0.02994368
4,1987,1,6,0.02180612
5,1987,1,6,0.0119505
6,1987,1,6,0.008001435
7,1987,1,6,0.006385308
8,1987,1,6,0.005647164
9,1987,1,6,0.005311625
10,1987,1,6,0.005122035
11,1987,1,6,0.005042382
12,1987,1,6,0.005009166
13,1987,1,6,0.004986948
14,1987,1,6,0.004975954
15,1987,1,6,0.004963453
16,1987,1,6,0.004970782
1,1988,1,6,0.0006153257
2,1988,1,6,0.004149285
3,1988,1,6,0.00596852
4,1988,1,6,0.004261738
5,1988,1,6,0.002307003
6,1988,1,6,0.00156384
7,1988,1,6,0.001267532
8,1988,1,6,0.00113478
9,1988,1,6,0.001076585
10,1988,1,6,0.001044465
11,1988,1,6,0.001032654
12,1988,1,6,0.001029078
13,1988,1,6,0.001026778
14,1988,1,6,0.001026162
15,1988,1,6,0.001024821
16,1988,1,6,0.001027376
1,1989,1,6,0.006855639
2,1989,1,6,0.04818181
3,1989,1,6,0.07505099
4,1989,1,6,0.05448276
5,1989,1,6,0.03001627
6,1989,1,6,0.02029321
7,1989,1,6,0.01631402
8,1989,1,6,0.01449818
9,1989,1,6,0.01367931
10,1989,1,6,0.01321814
11,1989,1,6,0.01303061
12,1989,1,6,0.0129572
13,1989,1,6,0.01290837
14,1989,1,6,0.01288606
15,1989,1,6,0.01285817
16,1989,1,6,0.01288056
1,1990,1,6,0.0136175
2,1990,1,6,0.09276002
3,1990,1,6,0.1273988
4,1990,1,6,0.09139865
5,1990,1,6,0.05047217
6,1990,1,6,0.03472106
7,1990,1,6,0.0283395
8,1990,1,6,0.0254525
9,1990,1,6,0.02418367
10,1990,1,6,0.02347904
11,1990,1,6,0.02322134
12,1990,1,6,0.02314389
13,1990,1,6,0.0230939
14,1990,1,6,0.02308074
15,1990,1,6,0.02305061
16,1990,1,6,0.02310663
1,1991,1,6,0.01562199
2,1991,1,6,0.1101375
3,1991,1,6,0.1738816
4,1991,1,6,0.1263515
5,1991,1,6,0.0695678
6,1991,1,6,0.04694353
7,1991,1,6,0.03767933
8,1991,1,6,0.03344943
9,1991,1,6,0.03153782
10,1991,1,6,0.03046015
11,1991,1,6,0.03001823
12,1991,1,6,0.0298423
13,1991,1,6,0.02972509
14,1991,1,6,0.0296703
15,1991,1,6,0.02960358
16,1991,1,6,0.02965316
1,1992,1,6,0.01267997
2,1992,1,6,0.08640985
3,1992,1,6,0.1203786
4,1992,1,6,0.08637215
5,1992,1,6,0.04755716
6,1992,1,6,0.03261236
7,1992,1,6,0.02656687
8,1992,1,6,0.02383395
9,1992,1,6,0.02263106
10,1992,1,6,0.02196295
11,1992,1,6,0.02171642
12,1992,1,6,0.02164046
13,1992,1,6,0.02159131
14,1992,1,6,0.02157735
15,1992,1,6,0.021548
16,1992,1,6,0.02159963
1,1993,1,6,0.003034856
2,1993,1,6,0.02127472
3,1993,1,6,0.03685686
4,1993,1,6,0.02668611
5,1993,1,6,0.01433436
6,1993,1,6,0.009459217
7,1993,1,6,0.007496032
8,1993,1,6,0.0066081
9,1993,1,6,0.006205982
10,1993,1,6,0.005980185
11,1993,1,6,0.005885299
12,1993,1,6,0.005845918
13,1993,1,6,0.005819646
14,1993,1,6,0.00580673
15,1993,1,6,0.005792216
16,1993,1,6,0.005801247
1,1994,1,6,0.004532289
2,1994,1,6,0.03079858
3,1994,1,6,0.04526351
4,1994,1,6,0.0324278
5,1994,1,6,0.01759482
6,1994,1,6,0.01190424
7,1994,1,6,0.009624531
8,1994,1,6,0.008599537
9,1994,1,6,0.008147208
10,1994,1,6,0.007896435
11,1994,1,6,0.007801743
12,1994,1,6,0.007770805
13,1994,1,6,0.007750688
14,1994,1,6,0.007744043
15,1994,1,6,0.007732424
16,1994,1,6,0.007750438
1,1995,1,6,0.006035116
2,1995,1,6,0.04250974
3,1995,1,6,0.06971384
4,1995,1,6,0.05060677
5,1995,1,6,0.02760657
6,1995,1,6,0.01846727
7,1995,1,6,0.01474742
8,1995,1,6,0.01305458
9,1995,1,6,0.01228842
10,1995,1,6,0.01185698
11,1995,1,6,0.01167797
12,1995,1,6,0.0116052
13,1995,1,6,0.01155667
14,1995,1,6,0.01153338
15,1995,1,6,0.01150609
16,1995,1,6,0.01152463
1,1996,1,6,0.02679222
2,1996,1,6,0.1850918
3,1996,1,6,0.259682
4,1996,1,6,0.1874564
5,1996,1,6,0.1043235
6,1996,1,6,0.07178519
7,1996,1,6,0.05846264
8,1996,1,6,0.0523919
9,1996,1,6,0.04969597
10,1996,1,6,0.04818734
11,1996,1,6,0.04761417
12,1996,1,6,0.04742196
13,1996,1,6,0.04729604
14,1996,1,6,0.04725174
15,1996,1,6,0.0471768
16,1996,1,6,0.04727959
1,1997,1,6,0.01544102
2,1997,1,6,0.106218
3,1997,1,6,0.1508002
4,1997,1,6,0.1086394
5,1997,1,6,0.06006317
6,1997,1,6,0.04115245
7,1997,1,6,0.03345387
8,1997,1,6,0.02995801
9,1997,1,6,0.02840812
10,1997,1,6,0.02754289
11,1997,1,6,0.02721473
12,1997,1,6,0.02710545
13,1997,1,6,0.02703399
14,1997,1,6,0.02700926
15,1997,1,6,0.02696704
16,1997,1,6,0.02702685
1,1998,1,6,0.009237589
2,1998,1,6,0.06370535
3,1998,1,6,0.09907987
4,1998,1,6,0.07139234
5,1998,1,6,0.03874695
6,1998,1,6,0.0260268
7,1998,1,6,0.02090049
8,1998,1,6,0.01858437
9,1998,1,6,0.01754961
10,1998,1,6,0.0169718
11,1998,1,6,0.01674258
12,1998,1,6,0.01665796
13,1998,1,6,0.01660212
14,1998,1,6,0.01657875
15,1998,1,6,0.01654709
16,1998,1,6,0.01658016
1,1999,1,6,0.008712987
2,1999,1,6,0.05853145
3,1999,1,6,0.07508111
4,1999,1,6,0.05351262
5,1999,1,6,0.02962643
6,1999,1,6,0.02060288
7,1999,1,6,0.01696627
8,1999,1,6,0.0153291
9,1999,1,6,0.01462141
10,1999,1,6,0.01423195
11,1999,1,6,0.0141004
12,1999,1,6,0.01407068
13,1999,1,6,0.01405233
14,1999,1,6,0.01405295
15,1999,1,6,0.01404096
16,1999,1,6,0.01408013
1,2000,1,6,0.005394404
2,2000,1,6,0.03800931
3,2000,1,6,0.05867938
4,2000,1,6,0.04264718
5,2000,1,6,0.02359179
6,2000,1,6,0.01599571
7,2000,1,6,0.01287653
8,2000,1,6,0.0114503
9,2000,1,6,0.01080665
10,2000,1,6,0.01044371
11,2000,1,6,0.01029614
12,2000,1,6,0.01023833
13,2000,1,6,0.01019985
14,2000,1,6,0.01018224
15,2000,1,6,0.01016018
16,2000,1,6,0.01017771
1,2001,1,6,0.0022458
2,2001,1,6,0.01516442
3,2001,1,6,0.01872112
4,2001,1,6,0.01337831
5,2001,1,6,0.007515119
6,2001,1,6,0.005285216
7,2001,1,6,0.004376242
8,2001,1,6,0.00396431
9,2001,1,6,0.00378625
10,2001,1,6,0.003687908
11,2001,1,6,0.003655144
12,2001,1,6,0.00364811
13,2001,1,6,0.003643788
14,2001,1,6,0.003644202
15,2001,1,6,0.003641231
16,2001,1,6,0.003651349
1,2002,1,6,0.009818319
2,2002,1,6,0.06574716
3,2002,1,6,0.08266574
4,2002,1,6,0.05882041
5,2002,1,6,0.03261382
6,2002,1,6,0.02276178
7,2002,1,6,0.01879483
8,2002,1,6,0.0170108
9,2002,1,6,0.01624335
10,2002,1,6,0.01582204
11,2002,1,6,0.01568336
12,2002,1,6,0.01565554
13,2002,1,6,0.01563875
14,2002,1,6,0.01564202
15,2002,1,6,0.01563056
16,2002,1,6,0.01567563
1,2003,1,6,0.0221843
2,2003,1,6,0.1578483
3,2003,1,6,0.258222
4,2003,1,6,0.1881545
5,2003,1,6,0.1034808
6,2003,1,6,0.06950042
7,2003,1,6,0.05555985
8,2003,1,6,0.04918385
9,2003,1,6,0.0462861
10,2003,1,6,0.04464779
11,2003,1,6,0.04396161
12,2003,1,6,0.04367689
13,2003,1,6,0.04348647
14,2003,1,6,0.04339277
15,2003,1,6,0.0432852
16,2003,1,6,0.04334975
1,2004,1,6,0.03280761
2,2004,1,6,0.2236798
3,2004,1,6,0.2941016
4,2004,1,6,0.211136
5,2004,1,6,0.1179093
6,2004,1,6,0.08197721
7,2004,1,6,0.06731403
8,2004,1,6,0.06065505
9,2004,1,6,0.05773776
10,2004,1,6,0.05611641
11,2004,1,6,0.05553734
12,2004,1,6,0.05537499
13,2004,1,6,0.05527096
14,2004,1,6,0.05524996
15,2004,1,6,0.05518499
16,2004,1,6,0.05532306
1,2005,1,6,0.01266415
2,2005,1,6,0.08910363
3,2005,1,6,0.1351974
4,2005,1,6,0.09823375
5,2005,1,6,0.05449881
6,2005,1,6,0.03707631
7,2005,1,6,0.02991206
8,2005,1,6,0.02663421
9,2005,1,6,0.02515728
10,2005,1,6,0.0243247
11,2005,1,6,0.02398887
12,2005,1,6,0.02385939
13,2005,1,6,0.02377333
14,2005,1,6,0.02373479
15,2005,1,6,0.02368515
16,2005,1,6,0.02372725
1,2006,1,6,0.02984919
2,2006,1,6,0.2028697
3,2006,1,6,0.2595313
4,2006,1,6,0.1860585
5,2006,1,6,0.1042821
6,2006,1,6,0.07289135
7,2006,1,6,0.06007148
8,2006,1,6,0.05425002
9,2006,1,6,0.0517118
10,2006,1,6,0.05030375
11,2006,1,6,0.04981341
12,2006,1,6,0.04968731
13,2006,1,6,0.04960745
14,2006,1,6,0.04959811
15,2006,1,6,0.04954666
16,2006,1,6,0.04967569
1,2007,1,6,0.01977907
2,2007,1,6,0.1388922
3,2007,1,6,0.207802
4,2007,1,6,0.1509068
5,2007,1,6,0.08386599
6,2007,1,6,0.0571972
7,2007,1,6,0.04622538
8,2007,1,6,0.04120499
9,2007,1,6,0.03894678
10,2007,1,6,0.03767449
11,2007,1,6,0.03716526
12,2007,1,6,0.03697207
13,2007,1,6,0.03684384
14,2007,1,6,0.03678774
15,2007,1,6,0.03671342
16,2007,1,6,0.03678061
1,2008,1,6,0.01294369
2,2008,1,6,0.08907187
3,2008,1,6,0.121123
4,2008,1,6,0.08731063
5,2008,1,6,0.04878442
6,2008,1,6,0.03376532
7,2008,1,6,0.02760989
8,2008,1,6,0.0248049
9,2008,1,6,0.02356506
10,2008,1,6,0.02287244
11,2008,1,6,0.02261525
12,2008,1,6,0.02253405
13,2008,1,6,0.0224812
14,2008,1,6,0.02246507
15,2008,1,6,0.02243301
16,2008,1,6,0.02248452
1,2009,1,6,0.04548574
2,2009,1,6,0.3079602
3,2009,1,6,0.3847201
4,2009,1,6,0.2752985
5,2009,1,6,0.154614
6,2009,1,6,0.1085351
7,2009,1,6,0.08972844
8,2009,1,6,0.0811963
9,2009,1,6,0.07749574
10,2009,1,6,0.07544805
11,2009,1,6,0.07475412
12,2009,1,6,0.07459357
13,2009,1,6,0.07449357
14,2009,1,6,0.07449371
15,2009,1,6,0.07442681
16,2009,1,6,0.07462863
1,2010,1,6,0.01638836
2,2010,1,6,0.1180779
3,2010,1,6,0.1953622
4,2010,1,6,0.1429576
5,2010,1,6,0.0791385
6,2010,1,6,0.05323918
7,2010,1,6,0.042535
8,2010,1,6,0.03761561
9,2010,1,6,0.03536762
10,2010,1,6,0.03409121
11,2010,1,6,0.03354856
12,2010,1,6,0.03331666
13,2010,1,6,0.03316104
14,2010,1,6,0.03308184
15,2010,1,6,0.03299382
16,2010,1,6,0.03303743
1,2011,1,6,0.03577768
2,2011,1,6,0.2617275
3,2011,1,6,0.4580483
4,2011,1,6,0.3364221
5,2011,1,6,0.1857874
6,2011,1,6,0.1240777
7,2011,1,6,0.09852624
8,2011,1,6,0.08676134
9,2011,1,6,0.08134552
10,2011,1,6,0.07825974
11,2011,1,6,0.0769125
12,2011,1,6,0.07630956
13,2011,1,6,0.07590338
14,2011,1,6,0.07568646
15,2011,1,6,0.07545882
16,2011,1,6,0.07553785
1,2012,1,6,0.05776009
2,2012,1,6,0.4036971
3,2012,1,6,0.5897204
4,2012,1,6,0.4275983
5,2012,1,6,0.2380595
6,2012,1,6,0.1629721
7,2012,1,6,0.1320926
8,2012,1,6,0.1179721
9,2012,1,6,0.1116444
10,2012,1,6,0.1080853
11,2012,1,6,0.1066832
12,2012,1,6,0.1061695
13,2012,1,6,0.1058297
14,2012,1,6,0.1056888
15,2012,1,6,0.1054901
16,2012,1,6,0.1056946
1,2013,1,6,0.0254789
2,2013,1,6,0.1825236
3,2013,1,6,0.2970204
4,2013,1,6,0.2169852
5,2013,1,6,0.12008
6,2013,1,6,0.0809235
7,2013,1,6,0.06476659
8,2013,1,6,0.05735056
9,2013,1,6,0.05397153
10,2013,1,6,0.05205604
11,2013,1,6,0.0512498
12,2013,1,6,0.0509116
13,2013,1,6,0.05068503
14,2013,1,6,0.0505721
15,2013,1,6,0.05044361
16,2013,1,6,0.05051525
1,2014,1,6,0.01249614
2,2014,1,6,0.09151183
3,2014,1,6,0.160776
4,2014,1,6,0.1181133
5,2014,1,6,0.06521608
6,2014,1,6,0.04353286
7,2014,1,6,0.03455374
8,2014,1,6,0.03041893
9,2014,1,6,0.02851463
10,2014,1,6,0.02742937
11,2014,1,6,0.02695475
12,2014,1,6,0.02674175
13,2014,1,6,0.02659822
14,2014,1,6,0.02652135
15,2014,1,6,0.02644096
16,2014,1,6,0.02646816
1,2015,1,6,0.004282221
2,2015,1,6,0.03127256
3,2015,1,6,0.05439274
4,2015,1,6,0.03993416
5,2015,1,6,0.02205939
6,2015,1,6,0.01474396
7,2015,1,6,0.01171548
8,2015,1,6,0.01032132
9,2015,1,6,0.009680029
10,2015,1,6,0.009314768
11,2015,1,6,0.009155733
12,2015,1,6,0.009084884
13,2015,1,6,0.009037174
14,2015,1,6,0.009011809
15,2015,1,6,0.008985046
16,2015,1,6,0.008994726
1,2016,1,6,0.00651534
2,2016,1,6,0.04576228
3,2016,1,6,0.06828149
4,2016,1,6,0.04959327
5,2016,1,6,0.02758402
6,2016,1,6,0.01882546
7,2016,1,6,0.01521993
8,2016,1,6,0.01356959
9,2016,1,6,0.01282728
10,2016,1,6,0.012409
11,2016,1,6,0.0122417
12,2016,1,6,0.01217832
13,2016,1,6,0.01213625
14,2016,1,6,0.01211788
15,2016,1,6,0.01209347
16,2016,1,6,0.01211563
1,2017,1,6,0.01884373
2,2017,1,6,0.1390929
3,2017,1,6,0.2514395
4,2017,1,6,0.1850334
5,2017,1,6,0.1020288
6,2017,1,6,0.06785919
7,2017,1,6,0.05369951
8,2017,1,6,0.04717404
9,2017,1,6,0.04415863
10,2017,1,6,0.04243753
11,2017,1,6,0.04167588
12,2017,1,6,0.04132736
13,2017,1,6,0.04109216
14,2017,1,6,0.04096381
15,2017,1,6,0.04083257
16,2017,1,6,0.04086904
1,2018,1,6,0.01273015
2,2018,1,6,0.09372185
3,2018,1,6,0.1679568
4,2018,1,6,0.123529
5,2018,1,6,0.06813519
6,2018,1,6,0.04536403
7,2018,1,6,0.03593075
8,2018,1,6,0.03158471
9,2018,1,6,0.02957853
10,2018,1,6,0.02843405
11,2018,1,6,0.0279294
12,2018,1,6,0.02769984
13,2018,1,6,0.027545
14,2018,1,6,0.02746098
15,2018,1,6,0.02737448
16,2018,1,6,0.02740011
1,2019,1,6,0.01449244
2,2019,1,6,0.1099403
3,2019,1,6,0.2171084
4,2019,1,6,0.1606032
5,2019,1,6,0.08825657
6,2019,1,6,0.05809004
7,2019,1,6,0.04555858
8,2019,1,6,0.03976909
9,2019,1,6,0.03706793
10,2019,1,6,0.03551932
11,2019,1,6,0.03481134
12,2019,1,6,0.03447061
13,2019,1,6,0.03423978
14,2019,1,6,0.03410798
15,2019,1,6,0.03398036
16,2019,1,6,0.03399626
1,2020,1,6,0.0138882
2,2020,1,6,0.1101282
3,2020,1,6,0.2465273
4,2020,1,6,0.1835528
5,2020,1,6,0.1004121
6,2020,1,6,0.06520323
7,2020,1,6,0.05053669
8,2020,1,6,0.04374134
9,2020,1,6,0.04053478
10,2020,1,6,0.03868699
11,2020,1,6,0.03781089
12,2020,1,6,0.03736684
13,2020,1,6,0.03706489
14,2020,1,6,0.03688508
15,2020,1,6,0.03671967
16,2020,1,6,0.03671528
1,2021,1,6,0.02663152
2,2021,1,6,0.2002222
3,2021,1,6,0.384937
4,2021,1,6,0.284289
5,2021,1,6,0.1563501
6,2021,1,6,0.1032155
7,2021,1,6,0.08116275
8,2021,1,6,0.07098299
9,2021,1,6,0.06624706
10,2021,1,6,0.06353558
11,2021,1,6,0.06230752
12,2021,1,6,0.06172479
13,2021,1,6,0.06133044
14,2021,1,6,0.06110801
15,2021,1,6,0.06088947
16,2021,1,6,0.06092596
1,2022,1,6,0.02916945
2,2022,1,6,0.2164837
3,2022,1,6,0.3987795
4,2022,1,6,0.2937861
5,2022,1,6,0.1618605
6,2022,1,6,0.1074021
7,2022,1,6,0.08482432
8,2022,1,6,0.07441405
9,2022,1,6,0.06959321
10,2022,1,6,0.06683895
11,2022,1,6,0.06561101
12,2022,1,6,0.06504241
13,2022,1,6,0.06465834
14,2022,1,6,0.06444642
15,2022,1,6,0.0642326
16,2022,1,6,0.0642842
1,2023,1,6,0.03298124
2,2023,1,6,0.2451909
3,2023,1,6,0.454854
4,2023,1,6,0.3351972
5,2023,1,6,0.1845775
6,2023,1,6,0.1223572
7,2023,1,6,0.09656246
8,2023,1,6,0.08466825
9,2023,1,6,0.07915652
10,2023,1,6,0.07600673
11,2023,1,6,0.07459896
12,2023,1,6,0.07394456
13,2023,1,6,0.07350242
14,2023,1,6,0.0732576
15,2023,1,6,0.07301167
16,2023,1,6,0.07306814
1,2024,1,6,0.01619288
2,2024,1,6,0.120618
3,2024,1,6,0.225513
4,2024,1,6,0.1662454
5,2024,1,6,0.09149295
6,2024,1,6,0.0605872
7,2024,1,6,0.04777475
8,2024,1,6,0.04186634
9,2024,1,6,0.03912635
10,2024,1,6,0.03756006
11,2024,1,6,0.03685811
12,2024,1,6,0.03653042
13,2024,1,6,0.03630895
14,2024,1,6,0.03618584
15,2024,1,6,0.03606278
16,2024,1,6,0.03608945
1,1972,2,6,0.000884733
2,1972,2,6,0.006448775
3,1972,2,6,0.02596354
4,1972,2,6,0.01875313
5,1972,2,6,0.008985109
6,1972,2,6,0.005149763
7,1972,2,6,0.003686338
8,1972,2,6,0.00304356
9,1972,2,6,0.002742768
10,1972,2,6,0.002574319
11,1972,2,6,0.002490562
12,1972,2,6,0.002446276
13,1972,2,6,0.002416323
14,1972,2,6,0.002397937
15,1972,2,6,0.002382833
16,1972,2,6,0.002380863
1,1973,2,6,0.000776138
2,1973,2,6,0.005656639
3,1973,2,6,0.0226833
4,1973,2,6,0.0163844
5,1973,2,6,0.007853574
6,1973,2,6,0.00450376
7,1973,2,6,0.003225339
8,1973,2,6,0.002663752
9,1973,2,6,0.002400972
10,1973,2,6,0.002253806
11,1973,2,6,0.002180661
12,1973,2,6,0.002142005
13,1973,2,6,0.00211586
14,1973,2,6,0.002099816
15,1973,2,6,0.002086629
16,1973,2,6,0.002084928
1,1974,2,6,0.00172159
2,1974,2,6,0.01254858
3,1974,2,6,0.05052209
4,1974,2,6,0.03649145
5,1974,2,6,0.017484
6,1974,2,6,0.01002085
7,1974,2,6,0.007173194
8,1974,2,6,0.005922421
9,1974,2,6,0.005337113
10,1974,2,6,0.005009331
11,1974,2,6,0.00484635
12,1974,2,6,0.004760175
13,1974,2,6,0.00470189
14,1974,2,6,0.004666111
15,1974,2,6,0.004636722
16,1974,2,6,0.004632888
1,1975,2,6,0.001383321
2,1975,2,6,0.01009631
3,1975,2,6,0.04045373
4,1975,2,6,0.02922657
5,1975,2,6,0.01401786
6,1975,2,6,0.008042811
7,1975,2,6,0.005761435
8,1975,2,6,0.004758946
9,1975,2,6,0.004289769
10,1975,2,6,0.004026952
11,1975,2,6,0.003896305
12,1975,2,6,0.003827237
13,1975,2,6,0.003780519
14,1975,2,6,0.003751844
15,1975,2,6,0.003728271
16,1975,2,6,0.003725204
1,1976,2,6,0.0009122337
2,1976,2,6,0.006603132
3,1976,2,6,0.02533981
4,1976,2,6,0.01829387
5,1976,2,6,0.008792195
6,1976,2,6,0.005065682
7,1976,2,6,0.003642781
8,1976,2,6,0.003017645
9,1976,2,6,0.00272561
10,1976,2,6,0.00256215
11,1976,2,6,0.002481371
12,1976,2,6,0.002438984
13,1976,2,6,0.002410331
14,1976,2,6,0.002392838
15,1976,2,6,0.002378374
16,1976,2,6,0.002376819
1,1977,2,6,0.001130028
2,1977,2,6,0.008209415
3,1977,2,6,0.0323146
4,1977,2,6,0.02333524
5,1977,2,6,0.01119658
6,1977,2,6,0.006432944
7,1977,2,6,0.004614723
8,1977,2,6,0.003816015
9,1977,2,6,0.003442552
10,1977,2,6,0.003233455
11,1977,2,6,0.003129783
12,1977,2,6,0.003075159
13,1977,2,6,0.003038222
14,1977,2,6,0.003015606
15,1977,2,6,0.002996971
16,1977,2,6,0.002994737
1,1978,2,6,0.002015767
2,1978,2,6,0.01457766
3,1978,2,6,0.05550416
4,1978,2,6,0.04006874
5,1978,2,6,0.01926884
6,1978,2,6,0.01111222
7,1978,2,6,0.007997206
8,1978,2,6,0.006628543
9,1978,2,6,0.005989336
10,1978,2,6,0.005631571
11,1978,2,6,0.00545495
12,1978,2,6,0.005362387
13,1978,2,6,0.00529982
14,1978,2,6,0.005261659
15,1978,2,6,0.005230066
16,1978,2,6,0.00522679
1,1979,2,6,0.002223616
2,1979,2,6,0.01620783
3,1979,2,6,0.06525466
4,1979,2,6,0.0471326
5,1979,2,6,0.02258245
6,1979,2,6,0.012943
7,1979,2,6,0.009264944
8,1979,2,6,0.007649437
9,1979,2,6,0.00689345
10,1979,2,6,0.006470085
11,1979,2,6,0.006259577
12,1979,2,6,0.006148273
13,1979,2,6,0.006072992
14,1979,2,6,0.00602678
15,1979,2,6,0.00598882
16,1979,2,6,0.005983869
1,1980,2,6,0.001477382
2,1980,2,6,0.01076857
3,1980,2,6,0.04335553
4,1980,2,6,0.03131514
5,1980,2,6,0.01500389
6,1980,2,6,0.008599394
7,1980,2,6,0.006155676
8,1980,2,6,0.005082325
9,1980,2,6,0.004580044
10,1980,2,6,0.004298758
11,1980,2,6,0.004158895
12,1980,2,6,0.004084944
13,1980,2,6,0.004034927
14,1980,2,6,0.004004224
15,1980,2,6,0.003979003
16,1980,2,6,0.003975713
1,1981,2,6,0.004436006
2,1981,2,6,0.03226644
3,1981,2,6,0.1280607
4,1981,2,6,0.09248402
5,1981,2,6,0.04435226
6,1981,2,6,0.02545976
7,1981,2,6,0.01824953
8,1981,2,6,0.01508234
9,1981,2,6,0.01360097
10,1981,2,6,0.0127715
11,1981,2,6,0.0123598
12,1981,2,6,0.0121426
13,1981,2,6,0.01199572
14,1981,2,6,0.01190569
15,1981,2,6,0.0118316
16,1981,2,6,0.01182243
1,1982,2,6,0.001133947
2,1982,2,6,0.008045038
3,1982,2,6,0.02445857
4,1982,2,6,0.01764154
5,1982,2,6,0.008662405
6,1982,2,6,0.005149234
7,1982,2,6,0.003797481
8,1982,2,6,0.003201262
9,1982,2,6,0.002924977
10,1982,2,6,0.002770487
11,1982,2,6,0.002696682
12,1982,2,6,0.002659575
13,1982,2,6,0.002634558
14,1982,2,6,0.002619772
15,1982,2,6,0.002607006
16,1982,2,6,0.002607297
1,1983,2,6,0.001383749
2,1983,2,6,0.01050382
3,1983,2,6,0.03294503
4,1983,2,6,0.02405438
5,1983,2,6,0.01211453
6,1983,2,6,0.007305636
7,1983,2,6,0.005412561
8,1983,2,6,0.004564387
9,1983,2,6,0.004166245
10,1983,2,6,0.003940826
11,1983,2,6,0.003830778
12,1983,2,6,0.00377351
13,1983,2,6,0.003734701
14,1983,2,6,0.003711144
15,1983,2,6,0.003690954
16,1983,2,6,0.003689146
1,1984,2,6,0.002209677
2,1984,2,6,0.01561501
3,1984,2,6,0.0470226
4,1984,2,6,0.03389298
5,1984,2,6,0.01663241
6,1984,2,6,0.009890233
7,1984,2,6,0.007298576
8,1984,2,6,0.006156313
9,1984,2,6,0.005627551
10,1984,2,6,0.005332111
11,1984,2,6,0.00519134
12,1984,2,6,0.00512084
13,1984,2,6,0.005073329
14,1984,2,6,0.005045337
15,1984,2,6,0.00502111
16,1984,2,6,0.00502197
1,1985,2,6,0.006903074
2,1985,2,6,0.04778502
3,1985,2,6,0.1001657
4,1985,2,6,0.07207534
5,1985,2,6,0.03698851
6,1985,2,6,0.02335044
7,1985,2,6,0.01801378
8,1985,2,6,0.01564023
9,1985,2,6,0.01456093
10,1985,2,6,0.01395911
11,1985,2,6,0.01369482
12,1985,2,6,0.0135773
13,1985,2,6,0.01349874
14,1985,2,6,0.01345715
15,1985,2,6,0.01341575
16,1985,2,6,0.01343303
1,1986,2,6,0.001885502
2,1986,2,6,0.01344513
3,1986,2,6,0.04596234
4,1986,2,6,0.0331424
5,1986,2,6,0.01605951
6,1986,2,6,0.009379088
7,1986,2,6,0.006823227
8,1986,2,6,0.005699504
9,1986,2,6,0.005176918
10,1986,2,6,0.004884791
11,1986,2,6,0.004742799
12,1986,2,6,0.004669837
13,1986,2,6,0.004620589
14,1986,2,6,0.00459099
15,1986,2,6,0.004566047
16,1986,2,6,0.004564964
1,1987,2,6,0.003056166
2,1987,2,6,0.0215413
3,1987,2,6,0.06407214
4,1987,2,6,0.04616336
5,1987,2,6,0.02266409
6,1987,2,6,0.01349392
7,1987,2,6,0.009969782
8,1987,2,6,0.008416919
9,1987,2,6,0.007698707
10,1987,2,6,0.007297594
11,1987,2,6,0.007106987
12,1987,2,6,0.00701189
13,1987,2,6,0.006947826
14,1987,2,6,0.006910195
15,1987,2,6,0.006877527
16,1987,2,6,0.006879084
1,1988,2,6,0.0004026485
2,1988,2,6,0.002806357
3,1988,2,6,0.007378595
4,1988,2,6,0.005308966
5,1988,2,6,0.002637455
6,1988,2,6,0.00159858
7,1988,2,6,0.001197924
8,1988,2,6,0.001021114
9,1988,2,6,0.0009398472
10,1988,2,6,0.000894532
11,1988,2,6,0.000873532
12,1988,2,6,0.0008634148
13,1988,2,6,0.0008566165
14,1988,2,6,0.0008527376
15,1988,2,6,0.0008492474
16,1988,2,6,0.0008498019
1,1989,2,6,0.009482914
2,1989,2,6,0.06572871
3,1989,2,6,0.1149734
4,1989,2,6,0.08290455
5,1989,2,6,0.0440679
6,1989,2,6,0.02890062
7,1989,2,6,0.02285026
8,1989,2,6,0.02013028
9,1989,2,6,0.01890376
10,1989,2,6,0.01821824
11,1989,2,6,0.01793248
12,1989,2,6,0.01781605
13,1989,2,6,0.01773862
14,1989,2,6,0.01770141
15,1989,2,6,0.01765901
16,1989,2,6,0.01768872
1,1990,2,6,0.02006514
2,1990,2,6,0.1388014
3,1990,2,6,0.2393478
4,1990,2,6,0.1724907
5,1990,2,6,0.09181574
6,1990,2,6,0.060356
7,1990,2,6,0.04780452
8,1990,2,6,0.04216248
9,1990,2,6,0.03962248
10,1990,2,6,0.03820378
11,1990,2,6,0.03761647
12,1990,2,6,0.03738035
13,1990,2,6,0.03722351
14,1990,2,6,0.03714941
15,1990,2,6,0.03706328
16,1990,2,6,0.03712774
1,1991,2,6,0.02184394
2,1991,2,6,0.1521862
3,1991,2,6,0.270742
4,1991,2,6,0.1955398
5,1991,2,6,0.1039818
6,1991,2,6,0.06807541
7,1991,2,6,0.0537261
8,1991,2,6,0.04726614
9,1991,2,6,0.04434427
10,1991,2,6,0.04270818
11,1991,2,6,0.04201898
12,1991,2,6,0.04173236
13,1991,2,6,0.04154133
14,1991,2,6,0.04144723
15,1991,2,6,0.04134275
16,1991,2,6,0.04140809
1,1992,2,6,0.01384005
2,1992,2,6,0.0941624
3,1992,2,6,0.1624519
4,1992,2,6,0.1163681
5,1992,2,6,0.0611339
6,1992,2,6,0.03992614
7,1992,2,6,0.03157301
8,1992,2,6,0.0278503
9,1992,2,6,0.0261871
10,1992,2,6,0.02526493
11,1992,2,6,0.02489021
12,1992,2,6,0.02474582
13,1992,2,6,0.02465053
14,1992,2,6,0.02460807
15,1992,2,6,0.02455633
16,1992,2,6,0.02460454
1,1993,2,6,0.001568972
2,1993,2,6,0.01080799
3,1993,2,6,0.01981207
4,1993,2,6,0.01424931
5,1993,2,6,0.007469565
6,1993,2,6,0.004838677
7,1993,2,6,0.003799195
8,1993,2,6,0.003334577
9,1993,2,6,0.003125085
10,1993,2,6,0.003008347
11,1993,2,6,0.002959232
12,1993,2,6,0.002938932
13,1993,2,6,0.002925434
14,1993,2,6,0.002918838
15,1993,2,6,0.002911558
16,1993,2,6,0.002916389
1,1994,2,6,0.004674636
2,1994,2,6,0.03227015
3,1994,2,6,0.05929245
4,1994,2,6,0.04267456
5,1994,2,6,0.02239544
6,1994,2,6,0.01451199
7,1994,2,6,0.0113932
8,1994,2,6,0.009997965
9,1994,2,6,0.009368231
10,1994,2,6,0.009017025
11,1994,2,6,0.008868853
12,1994,2,6,0.008807267
13,1994,2,6,0.008766285
14,1994,2,6,0.008746123
15,1994,2,6,0.008724002
16,1994,2,6,0.008738191
1,1995,2,6,0.01033742
2,1995,2,6,0.07189044
3,1995,2,6,0.1199055
4,1995,2,6,0.08661136
5,1995,2,6,0.04661502
6,1995,2,6,0.03092651
7,1995,2,6,0.02461687
8,1995,2,6,0.02176693
9,1995,2,6,0.02048321
10,1995,2,6,0.0197643
11,1995,2,6,0.0194684
12,1995,2,6,0.01935046
13,1995,2,6,0.01927208
14,1995,2,6,0.01923543
15,1995,2,6,0.01919185
16,1995,2,6,0.01922525
1,1996,2,6,0.01801444
2,1996,2,6,0.1285765
3,1996,2,6,0.218481
4,1996,2,6,0.1592476
5,1996,2,6,0.08703484
6,1996,2,6,0.0580342
7,1996,2,6,0.04617401
8,1996,2,6,0.04075755
9,1996,2,6,0.0382889
10,1996,2,6,0.03689279
11,1996,2,6,0.03629973
12,1996,2,6,0.03604744
13,1996,2,6,0.03587842
14,1996,2,6,0.03579287
15,1996,2,6,0.03569827
16,1996,2,6,0.03574753
1,1997,2,6,0.009379151
2,1997,2,6,0.06325032
3,1997,2,6,0.09783386
4,1997,2,6,0.06985593
5,1997,2,6,0.03723582
6,1997,2,6,0.02482527
7,1997,2,6,0.01991762
8,1997,2,6,0.01772824
9,1997,2,6,0.01676244
10,1997,2,6,0.01622929
11,1997,2,6,0.01602541
12,1997,2,6,0.01595701
13,1997,2,6,0.01591253
14,1997,2,6,0.01589697
15,1997,2,6,0.01587203
16,1997,2,6,0.01590912
1,1998,2,6,0.01442661
2,1998,2,6,0.1006343
3,1998,2,6,0.1658509
4,1998,2,6,0.1199527
5,1998,2,6,0.06487866
6,1998,2,6,0.04320419
7,1998,2,6,0.03445341
8,1998,2,6,0.03049157
9,1998,2,6,0.02870572
10,1998,2,6,0.02770415
11,1998,2,6,0.02729223
12,1998,2,6,0.02712808
13,1998,2,6,0.02701893
14,1998,2,6,0.0269679
15,1998,2,6,0.02690689
16,1998,2,6,0.02695332
1,1999,2,6,0.01161313
2,1999,2,6,0.0793295
3,1999,2,6,0.1338713
4,1999,2,6,0.09604809
5,1999,2,6,0.05084408
6,1999,2,6,0.03341897
7,1999,2,6,0.02651791
8,1999,2,6,0.02343192
9,1999,2,6,0.0220525
10,1999,2,6,0.02128618
11,1999,2,6,0.02097593
12,1999,2,6,0.02085706
13,1999,2,6,0.02077857
14,1999,2,6,0.02074386
15,1999,2,6,0.02070084
16,1999,2,6,0.02074135
1,2000,2,6,0.00951101
2,2000,2,6,0.06682398
3,2000,2,6,0.1018112
4,2000,2,6,0.07392855
5,2000,2,6,0.04092872
6,2000,2,6,0.0278051
7,2000,2,6,0.02241815
8,2000,2,6,0.01995607
9,2000,2,6,0.01884722
10,2000,2,6,0.01822257
11,2000,2,6,0.01797067
12,2000,2,6,0.01787366
13,2000,2,6,0.0178092
14,2000,2,6,0.01778039
15,2000,2,6,0.01774329
16,2000,2,6,0.01777501
1,2001,2,6,0.002999659
2,2001,2,6,0.02008092
3,2001,2,6,0.023977
4,2001,2,6,0.01705537
5,2001,2,6,0.009573365
6,2001,2,6,0.006765546
7,2001,2,6,0.005627007
8,2001,2,6,0.005113225
9,2001,2,6,0.004893633
10,2001,2,6,0.004773166
11,2001,2,6,0.00473531
12,2001,2,6,0.004729443
13,2001,2,6,0.0047261
14,2001,2,6,0.004728268
15,2001,2,6,0.004725627
16,2001,2,6,0.004739755
1,2002,2,6,0.007645556
2,2002,2,6,0.05390423
3,2002,2,6,0.08997544
4,2002,2,6,0.06531808
5,2002,2,6,0.03551852
6,2002,2,6,0.02367618
7,2002,2,6,0.01886421
8,2002,2,6,0.0166762
9,2002,2,6,0.01568469
10,2002,2,6,0.01512632
11,2002,2,6,0.01489311
12,2002,2,6,0.01479714
13,2002,2,6,0.01473309
14,2002,2,6,0.0147019
15,2002,2,6,0.01466605
16,2002,2,6,0.01468899
1,2003,2,6,0.01632075
2,2003,2,6,0.1169482
3,2003,2,6,0.2007268
4,2003,2,6,0.1464757
5,2003,2,6,0.08010091
6,2003,2,6,0.053365
7,2003,2,6,0.04241617
8,2003,2,6,0.03741096
9,2003,2,6,0.03512538
10,2003,2,6,0.03383131
11,2003,2,6,0.03327814
12,2003,2,6,0.0330401
13,2003,2,6,0.03288045
14,2003,2,6,0.03279861
15,2003,2,6,0.03270935
16,2003,2,6,0.03275234
1,2004,2,6,0.01266654
2,2004,2,6,0.08594559
3,2004,2,6,0.1116135
4,2004,2,6,0.07994556
5,2004,2,6,0.04457211
6,2004,2,6,0.0310244
7,2004,2,6,0.02551379
8,2004,2,6,0.02301719
9,2004,2,6,0.02192841
10,2004,2,6,0.0213251
11,2004,2,6,0.02111381
12,2004,2,6,0.02105849
13,2004,2,6,0.02102341
14,2004,2,6,0.02101869
15,2004,2,6,0.02099642
16,2004,2,6,0.02105105
1,2005,2,6,0.0110679
2,2005,2,6,0.07494953
3,2005,2,6,0.09688533
4,2005,2,6,0.06932951
5,2005,2,6,0.03862106
6,2005,2,6,0.02689154
7,2005,2,6,0.02212751
8,2005,2,6,0.01997142
9,2005,2,6,0.01903293
10,2005,2,6,0.01851357
11,2005,2,6,0.01833318
12,2005,2,6,0.01828738
13,2005,2,6,0.01825848
14,2005,2,6,0.01825552
15,2005,2,6,0.01823705
16,2005,2,6,0.01828524
1,2006,2,6,0.03766077
2,2006,2,6,0.2569759
3,2006,2,6,0.3381673
4,2006,2,6,0.2428638
5,2006,2,6,0.1357046
6,2006,2,6,0.09435888
7,2006,2,6,0.07747444
8,2006,2,6,0.06980304
9,2006,2,6,0.06644008
10,2006,2,6,0.06457012
11,2006,2,6,0.06390065
12,2006,2,6,0.06371142
13,2006,2,6,0.06359001
14,2006,2,6,0.06356458
15,2006,2,6,0.06348885
16,2006,2,6,0.06364679
1,2007,2,6,0.01199666
2,2007,2,6,0.0827996
3,2007,2,6,0.1154965
4,2007,2,6,0.0833438
5,2007,2,6,0.04640773
6,2007,2,6,0.03196512
7,2007,2,6,0.02605183
8,2007,2,6,0.02335762
9,2007,2,6,0.02216233
10,2007,2,6,0.02149373
11,2007,2,6,0.02124085
12,2007,2,6,0.02115701
13,2007,2,6,0.02110215
14,2007,2,6,0.02108333
15,2007,2,6,0.02105058
16,2007,2,6,0.02109697
1,2008,2,6,0.02742032
2,2008,2,6,0.1916735
3,2008,2,6,0.2805955
4,2008,2,6,0.2034612
5,2008,2,6,0.1132302
6,2008,2,6,0.07748207
7,2008,2,6,0.06278364
8,2008,2,6,0.056063
9,2008,2,6,0.05305071
10,2008,2,6,0.05135639
11,2008,2,6,0.05068819
12,2008,2,6,0.05044281
13,2008,2,6,0.05028044
14,2008,2,6,0.05021288
15,2008,2,6,0.05011805
16,2008,2,6,0.05021491
1,2009,2,6,0.03620889
2,2009,2,6,0.2468555
3,2009,2,6,0.3196901
4,2009,2,6,0.2295207
5,2009,2,6,0.1286435
6,2009,2,6,0.08976063
7,2009,2,6,0.0738579
8,2009,2,6,0.06662785
9,2009,2,6,0.06346481
10,2009,2,6,0.06170678
11,2009,2,6,0.06108486
12,2009,2,6,0.0609157
13,2009,2,6,0.06080768
14,2009,2,6,0.06078895
15,2009,2,6,0.0607205
16,2009,2,6,0.06087424
1,2010,2,6,0.01660966
2,2010,2,6,0.1214857
3,2010,2,6,0.2124699
4,2010,2,6,0.1560468
5,2010,2,6,0.08617955
6,2010,2,6,0.05756004
7,2010,2,6,0.04570995
8,2010,2,6,0.04025378
9,2010,2,6,0.0377423
10,2010,2,6,0.03631137
11,2010,2,6,0.03568681
12,2010,2,6,0.03540742
13,2010,2,6,0.03521922
14,2010,2,6,0.03511875
15,2010,2,6,0.03501326
16,2010,2,6,0.03505004
1,2011,2,6,0.03488031
2,2011,2,6,0.2442742
3,2011,2,6,0.3601568
4,2011,2,6,0.261323
5,2011,2,6,0.1454102
6,2011,2,6,0.09940608
7,2011,2,6,0.08048091
8,2011,2,6,0.07182376
9,2011,2,6,0.06793818
10,2011,2,6,0.06575107
11,2011,2,6,0.06488379
12,2011,2,6,0.06456136
13,2011,2,6,0.06434774
14,2011,2,6,0.0642571
15,2011,2,6,0.06413265
16,2011,2,6,0.06425411
1,2012,2,6,0.03814923
2,2012,2,6,0.2677483
3,2012,2,6,0.4020068
4,2012,2,6,0.2918587
5,2012,2,6,0.1619946
6,2012,2,6,0.1103733
7,2012,2,6,0.08915643
8,2012,2,6,0.07945368
9,2012,2,6,0.07508958
10,2012,2,6,0.07263158
11,2012,2,6,0.07164713
12,2012,2,6,0.07127328
13,2012,2,6,0.07102513
14,2012,2,6,0.07091642
15,2012,2,6,0.07077283
16,2012,2,6,0.07090236
1,2013,2,6,0.02792918
2,2013,2,6,0.2009375
3,2013,2,6,0.3313528
4,2013,2,6,0.2423642
5,2013,2,6,0.1341315
6,2013,2,6,0.09025775
7,2013,2,6,0.07213438
8,2013,2,6,0.06380846
9,2013,2,6,0.06000641
10,2013,2,6,0.05784852
11,2013,2,6,0.05693315
12,2013,2,6,0.05654359
13,2013,2,6,0.05628227
14,2013,2,6,0.05614987
15,2013,2,6,0.05600202
16,2013,2,6,0.05607733
1,2014,2,6,0.008427908
2,2014,2,6,0.06273751
3,2014,2,6,0.116543
4,2014,2,6,0.08591503
5,2014,2,6,0.04733323
6,2014,2,6,0.03138062
7,2014,2,6,0.02476335
8,2014,2,6,0.02171094
9,2014,2,6,0.02029587
10,2014,2,6,0.01948694
11,2014,2,6,0.01912502
12,2014,2,6,0.01895648
13,2014,2,6,0.01884259
14,2014,2,6,0.01877942
15,2014,2,6,0.01871606
16,2014,2,6,0.01873025
1,2015,2,6,0.009148255
2,2015,2,6,0.06487372
3,2015,2,6,0.1007609
4,2015,2,6,0.07340539
5,2015,2,6,0.04075323
6,2015,2,6,0.02765448
7,2015,2,6,0.02225318
8,2015,2,6,0.01977668
9,2015,2,6,0.01865544
10,2015,2,6,0.01802161
11,2015,2,6,0.01776144
12,2015,2,6,0.01765742
13,2015,2,6,0.01758802
14,2015,2,6,0.01755539
15,2015,2,6,0.01751559
16,2015,2,6,0.01754419
1,2016,2,6,0.01146587
2,2016,2,6,0.08639937
3,2016,2,6,0.1671316
4,2016,2,6,0.1234876
5,2016,2,6,0.06791142
6,2016,2,6,0.04480436
7,2016,2,6,0.03521082
8,2016,2,6,0.03078111
9,2016,2,6,0.02871877
10,2016,2,6,0.02753756
11,2016,2,6,0.02700133
12,2016,2,6,0.02674597
13,2016,2,6,0.02657312
14,2016,2,6,0.02647531
15,2016,2,6,0.02637957
16,2016,2,6,0.02639452
1,2017,2,6,0.01569093
2,2017,2,6,0.1143552
3,2017,2,6,0.198262
4,2017,2,6,0.1454744
5,2017,2,6,0.08030765
6,2017,2,6,0.05367836
7,2017,2,6,0.04266372
8,2017,2,6,0.03759604
9,2017,2,6,0.03526686
10,2017,2,6,0.03394097
11,2017,2,6,0.03336499
12,2017,2,6,0.03310945
13,2017,2,6,0.03293744
14,2017,2,6,0.03284636
15,2017,2,6,0.03274986
16,2017,2,6,0.03278607
1,2018,2,6,0.01125674
2,2018,2,6,0.08618476
3,2018,2,6,0.1751756
4,2018,2,6,0.1297764
5,2018,2,6,0.07122562
6,2018,2,6,0.04672419
7,2018,2,6,0.03654079
8,2018,2,6,0.03183323
9,2018,2,6,0.02963085
10,2018,2,6,0.02836667
11,2018,2,6,0.02778343
12,2018,2,6,0.02749897
13,2018,2,6,0.02730607
14,2018,2,6,0.02719468
15,2018,2,6,0.02708831
16,2018,2,6,0.02709736
1,2019,2,6,0.01149092
2,2019,2,6,0.08869057
3,2019,2,6,0.1849081
4,2019,2,6,0.1371483
5,2019,2,6,0.07517576
6,2019,2,6,0.0491696
7,2019,2,6,0.03835791
8,2019,2,6,0.03335787
9,2019,2,6,0.03101343
10,2019,2,6,0.02966645
11,2019,2,6,0.02904038
12,2019,2,6,0.02873175
13,2019,2,6,0.02852231
14,2019,2,6,0.0284003
15,2019,2,6,0.02828505
16,2019,2,6,0.02829127
1,2020,2,6,0.0300877
2,2020,2,6,0.2204451
3,2020,2,6,0.3897104
4,2020,2,6,0.2862931
5,2020,2,6,0.1579032
6,2020,2,6,0.1052796
7,2020,2,6,0.0835015
8,2020,2,6,0.07347598
9,2020,2,6,0.06885711
10,2020,2,6,0.06622491
11,2020,2,6,0.06507169
12,2020,2,6,0.06455268
13,2020,2,6,0.06420291
14,2020,2,6,0.06401508
15,2020,2,6,0.06381941
16,2020,2,6,0.063884
1,2021,2,6,0.008722505
2,2021,2,6,0.06071638
3,2021,2,6,0.08879604
4,2021,2,6,0.06427426
5,2021,2,6,0.0356524
6,2021,2,6,0.02436594
7,2021,2,6,0.01974163
8,2021,2,6,0.01763199
9,2021,2,6,0.01668856
10,2021,2,6,0.01615895
11,2021,2,6,0.01595144
12,2021,2,6,0.01587645
13,2021,2,6,0.01582694
14,2021,2,6,0.01580688
15,2021,2,6,0.01577798
16,2021,2,6,0.01580941
1,2022,2,6,0.04093423
2,2022,2,6,0.3040592
3,2022,2,6,0.562924
4,2022,2,6,0.4147575
5,2022,2,6,0.2283724
6,2022,2,6,0.1514152
7,2022,2,6,0.1195172
8,2022,2,6,0.1048109
9,2022,2,6,0.09799807
10,2022,2,6,0.09410541
11,2022,2,6,0.09236721
12,2022,2,6,0.09156041
13,2022,2,6,0.09101537
14,2022,2,6,0.09071397
15,2022,2,6,0.09041076
16,2022,2,6,0.09048178
1,2023,2,6,0.02215562
2,2023,2,6,0.1620924
3,2023,2,6,0.2844953
4,2023,2,6,0.2089424
5,2023,2,6,0.1153189
6,2023,2,6,0.07697052
7,2023,2,6,0.06109789
8,2023,2,6,0.05379094
9,2023,2,6,0.05042689
10,2023,2,6,0.04851024
11,2023,2,6,0.04767281
12,2023,2,6,0.0472976
13,2023,2,6,0.04704483
14,2023,2,6,0.04690967
15,2023,2,6,0.04676809
16,2023,2,6,0.04681678
1,2024,2,6,0.04080812
2,2024,2,6,0.3106199
3,2024,2,6,0.6195491
4,2024,2,6,0.4585705
5,2024,2,6,0.2519204
6,2024,2,6,0.1656309
7,2024,2,6,0.1297745
8,2024,2,6,0.1132042
9,2024,2,6,0.1054652
10,2024,2,6,0.1010262
11,2024,2,6,0.09899008
12,2024,2,6,0.09800532
13,2024,2,6,0.09733795
14,2024,2,6,0.09695528
15,2024,2,6,0.09658663
16,2024,2,6,0.09662715
1,1972,3,6,0.0006596651
2,1972,3,6,0.004808267
3,1972,3,6,0.01935866
4,1972,3,6,0.01398251
5,1972,3,6,0.006699381
6,1972,3,6,0.003839711
7,1972,3,6,0.002748568
8,1972,3,6,0.002269306
9,1972,3,6,0.002045033
10,1972,3,6,0.001919436
11,1972,3,6,0.001856986
12,1972,3,6,0.001823966
13,1972,3,6,0.001801633
14,1972,3,6,0.001787924
15,1972,3,6,0.001776662
16,1972,3,6,0.001775193
1,1973,3,6,0.001409299
2,1973,3,6,0.01027231
3,1973,3,6,0.04135754
4,1973,3,6,0.02987201
5,1973,3,6,0.01431246
6,1973,3,6,0.0082031
7,1973,3,6,0.005871999
8,1973,3,6,0.004848112
9,1973,3,6,0.004368977
10,1973,3,6,0.004100654
11,1973,3,6,0.003967237
12,1973,3,6,0.003896694
13,1973,3,6,0.003848982
14,1973,3,6,0.003819693
15,1973,3,6,0.003795635
16,1973,3,6,0.003792496
1,1974,3,6,0.001757933
2,1974,3,6,0.01282235
3,1974,3,6,0.05149463
4,1974,3,6,0.0371988
5,1974,3,6,0.01783264
6,1974,3,6,0.01022636
7,1974,3,6,0.007323076
8,1974,3,6,0.006047576
9,1974,3,6,0.00545066
10,1974,3,6,0.005116331
11,1974,3,6,0.004950116
12,1974,3,6,0.004862238
13,1974,3,6,0.004802799
14,1974,3,6,0.004766314
15,1974,3,6,0.004736332
16,1974,3,6,0.004732426
1,1975,3,6,0.001900076
2,1975,3,6,0.01387423
3,1975,3,6,0.05549852
4,1975,3,6,0.04009947
5,1975,3,6,0.01923977
6,1975,3,6,0.01104298
7,1975,3,6,0.007912578
8,1975,3,6,0.006536798
9,1975,3,6,0.005892888
10,1975,3,6,0.005532159
11,1975,3,6,0.005352855
12,1975,3,6,0.005258069
13,1975,3,6,0.005193954
14,1975,3,6,0.005154602
15,1975,3,6,0.005122243
16,1975,3,6,0.005118036
1,1976,3,6,0.0007935308
2,1976,3,6,0.005748327
3,1976,3,6,0.02217957
4,1976,3,6,0.01601325
5,1976,3,6,0.007693362
6,1976,3,6,0.004429908
7,1976,3,6,0.00318392
8,1976,3,6,0.002636524
9,1976,3,6,0.002380756
10,1976,3,6,0.002237586
11,1976,3,6,0.002166784
12,1976,3,6,0.002129598
13,1976,3,6,0.00210446
14,1976,3,6,0.002089103
15,1976,3,6,0.002076415
16,1976,3,6,0.002075017
1,1977,3,6,0.001905932
2,1977,3,6,0.01374987
3,1977,3,6,0.0511812
4,1977,3,6,0.03694338
5,1977,3,6,0.01779775
6,1977,3,6,0.01029216
7,1977,3,6,0.007424129
8,1977,3,6,0.006163632
9,1977,3,6,0.005575379
10,1977,3,6,0.005246177
11,1977,3,6,0.005084134
12,1977,3,6,0.004999518
13,1977,3,6,0.004942335
14,1977,3,6,0.00490755
15,1977,3,6,0.004878654
16,1977,3,6,0.004875973
1,1978,3,6,0.002247817
2,1978,3,6,0.01638274
3,1978,3,6,0.06591852
4,1978,3,6,0.04761181
5,1978,3,6,0.02281293
6,1978,3,6,0.01307595
7,1978,3,6,0.009360657
8,1978,3,6,0.007728786
9,1978,3,6,0.006965158
10,1978,3,6,0.006537516
11,1978,3,6,0.006324898
12,1978,3,6,0.006212489
13,1978,3,6,0.00613646
14,1978,3,6,0.006089793
15,1978,3,6,0.006051456
16,1978,3,6,0.006046466
1,1979,3,6,0.002861006
2,1979,3,6,0.02085373
3,1979,3,6,0.08395961
4,1979,3,6,0.06064294
5,1979,3,6,0.0290556
6,1979,3,6,0.01665305
7,1979,3,6,0.0119207
8,1979,3,6,0.009842114
9,1979,3,6,0.008869426
10,1979,3,6,0.008324705
11,1979,3,6,0.008053856
12,1979,3,6,0.007910648
13,1979,3,6,0.007813787
14,1979,3,6,0.007754329
15,1979,3,6,0.007705488
16,1979,3,6,0.007699117
1,1980,3,6,0.00627859
2,1980,3,6,0.04569264
3,1980,3,6,0.1817893
4,1980,3,6,0.1312925
5,1980,3,6,0.06295749
6,1980,3,6,0.03613186
7,1980,3,6,0.02589387
8,1980,3,6,0.0213966
9,1980,3,6,0.01929289
10,1980,3,6,0.01811488
11,1980,3,6,0.01753
12,1980,3,6,0.0172213
13,1980,3,6,0.01701253
14,1980,3,6,0.01688454
15,1980,3,6,0.01677924
16,1980,3,6,0.01676606
1,1981,3,6,0.006394119
2,1981,3,6,0.04573556
3,1981,3,6,0.1597219
4,1981,3,6,0.1152075
5,1981,3,6,0.0557475
6,1981,3,6,0.03247774
7,1981,3,6,0.02357701
8,1981,3,6,0.01966381
9,1981,3,6,0.01784224
10,1981,3,6,0.01682363
11,1981,3,6,0.01632684
12,1981,3,6,0.01607046
13,1981,3,6,0.01589734
14,1981,3,6,0.01579295
15,1981,3,6,0.01570532
16,1981,3,6,0.01570033
1,1982,3,6,0.002464425
2,1982,3,6,0.01726637
3,1982,3,6,0.04320184
4,1982,3,6,0.03113705
5,1982,3,6,0.01563207
6,1982,3,6,0.009578568
7,1982,3,6,0.007229172
8,1982,3,6,0.0061883
9,1982,3,6,0.005710016
10,1982,3,6,0.005442812
11,1982,3,6,0.005319864
12,1982,3,6,0.005261149
13,1982,3,6,0.005221694
14,1982,3,6,0.005199349
15,1982,3,6,0.005178928
16,1982,3,6,0.00518268
1,1983,3,6,0.008936518
2,1983,3,6,0.06039661
3,1983,3,6,0.09959209
4,1983,3,6,0.07116894
5,1983,3,6,0.03751677
6,1983,3,6,0.02467928
7,1983,3,6,0.01962722
8,1983,3,6,0.01737847
9,1983,3,6,0.01638032
10,1983,3,6,0.01582863
11,1983,3,6,0.0156105
12,1983,3,6,0.01553136
13,1983,3,6,0.01547947
14,1983,3,6,0.01545841
15,1983,3,6,0.01542999
16,1983,3,6,0.01546334
1,1984,3,6,0.007207126
2,1984,3,6,0.05026362
3,1984,3,6,0.1011947
4,1984,3,6,0.07300776
5,1984,3,6,0.03793024
6,1984,3,6,0.02420767
7,1984,3,6,0.01879219
8,1984,3,6,0.01637083
9,1984,3,6,0.01526887
10,1984,3,6,0.01465258
11,1984,3,6,0.01438334
12,1984,3,6,0.01426437
13,1984,3,6,0.01418479
14,1984,3,6,0.0141429
15,1984,3,6,0.01410048
16,1984,3,6,0.01411872
1,1985,3,6,0.008834379
2,1985,3,6,0.06069462
3,1985,3,6,0.1270927
4,1985,3,6,0.0912463
5,1985,3,6,0.04659812
6,1985,3,6,0.0293395
7,1985,3,6,0.02261713
8,1985,3,6,0.01963665
9,1985,3,6,0.01828501
10,1985,3,6,0.01753333
11,1985,3,6,0.01720508
12,1985,3,6,0.01706074
13,1985,3,6,0.0169644
14,1985,3,6,0.01691398
15,1985,3,6,0.01686345
16,1985,3,6,0.01688675
1,1986,3,6,0.003483431
2,1986,3,6,0.0247395
3,1986,3,6,0.08183068
4,1986,3,6,0.0589833
5,1986,3,6,0.02865115
6,1986,3,6,0.01680078
7,1986,3,6,0.01226434
8,1986,3,6,0.01026943
9,1986,3,6,0.009343021
10,1986,3,6,0.008825378
11,1986,3,6,0.008575091
12,1986,3,6,0.008447362
13,1986,3,6,0.00836119
14,1986,3,6,0.008309668
15,1986,3,6,0.008265979
16,1986,3,6,0.008265008
1,1987,3,6,0.005253186
2,1987,3,6,0.03575696
3,1987,3,6,0.07298556
4,1987,3,6,0.05225786
5,1987,3,6,0.02663207
6,1987,3,6,0.01679394
7,1987,3,6,0.01297662
8,1987,3,6,0.01128909
9,1987,3,6,0.01052742
10,1987,3,6,0.01010524
11,1987,3,6,0.009923516
12,1987,3,6,0.009845698
13,1987,3,6,0.009793923
14,1987,3,6,0.009767592
15,1987,3,6,0.009740493
16,1987,3,6,0.009755692
1,1988,3,6,0.0009707825
2,1988,3,6,0.006781299
3,1988,3,6,0.01703982
4,1988,3,6,0.01227172
5,1988,3,6,0.006146351
6,1988,3,6,0.003759286
7,1988,3,6,0.002834549
8,1988,3,6,0.002425354
9,1988,3,6,0.00223745
10,1988,3,6,0.002132564
11,1988,3,6,0.00208433
12,1988,3,6,0.002061326
13,1988,3,6,0.002045872
14,1988,3,6,0.002037132
15,1988,3,6,0.00202915
16,1988,3,6,0.002030661
1,1989,3,6,0.01349414
2,1989,3,6,0.0957381
3,1989,3,6,0.2019221
4,1989,3,6,0.1463286
5,1989,3,6,0.07621753
6,1989,3,6,0.04848119
7,1989,3,6,0.03747328
8,1989,3,6,0.03253043
9,1989,3,6,0.03026408
10,1989,3,6,0.02899034
11,1989,3,6,0.02842115
12,1989,3,6,0.02815965
13,1989,3,6,0.02798402
14,1989,3,6,0.02788794
15,1989,3,6,0.02779425
16,1989,3,6,0.02782188
1,1990,3,6,0.01052654
2,1990,3,6,0.07298899
3,1990,3,6,0.1391023
4,1990,3,6,0.1002297
5,1990,3,6,0.05240023
6,1990,3,6,0.03375098
7,1990,3,6,0.02637838
8,1990,3,6,0.02308021
9,1990,3,6,0.0215862
10,1990,3,6,0.02075186
11,1990,3,6,0.02039451
12,1990,3,6,0.02024186
13,1990,3,6,0.02014003
14,1990,3,6,0.02008834
15,1990,3,6,0.02003367
16,1990,3,6,0.02006349
1,1991,3,6,0.01906016
2,1991,3,6,0.1341891
3,1991,3,6,0.3326734
4,1991,3,6,0.2400778
5,1991,3,6,0.1210384
6,1991,3,6,0.07441863
7,1991,3,6,0.05626764
8,1991,3,6,0.04820925
9,1991,3,6,0.04450272
10,1991,3,6,0.04242903
11,1991,3,6,0.04147444
12,1991,3,6,0.04101786
13,1991,3,6,0.04071088
14,1991,3,6,0.04053679
15,1991,3,6,0.04037735
16,1991,3,6,0.04040552
1,1992,3,6,0.01500297
2,1992,3,6,0.1022213
3,1992,3,6,0.2043836
4,1992,3,6,0.1463951
5,1992,3,6,0.0749255
6,1992,3,6,0.04746437
7,1992,3,6,0.03678381
8,1992,3,6,0.03205563
9,1992,3,6,0.02992313
10,1992,3,6,0.0287406
11,1992,3,6,0.02823434
12,1992,3,6,0.02801947
13,1992,3,6,0.02787657
14,1992,3,6,0.02780461
15,1992,3,6,0.02772949
16,1992,3,6,0.02777381
1,1993,3,6,0.001132476
2,1993,3,6,0.007761977
3,1993,3,6,0.01561605
4,1993,3,6,0.01120602
5,1993,3,6,0.005753279
6,1993,3,6,0.003648478
7,1993,3,6,0.002827048
8,1993,3,6,0.002462532
9,1993,3,6,0.002297697
10,1993,3,6,0.002206086
11,1993,3,6,0.002166599
12,1993,3,6,0.002149615
13,1993,3,6,0.002138301
14,1993,3,6,0.002132517
15,1993,3,6,0.00212655
16,1993,3,6,0.002129755
1,1994,3,6,0.001891686
2,1994,3,6,0.01323482
3,1994,3,6,0.03464828
4,1994,3,6,0.02495295
5,1994,3,6,0.01243053
6,1994,3,6,0.007550092
7,1994,3,6,0.005663841
8,1994,3,6,0.004830229
9,1994,3,6,0.00444676
10,1994,3,6,0.004232709
11,1994,3,6,0.004133432
12,1994,3,6,0.004085516
13,1994,3,6,0.004053304
14,1994,3,6,0.004034896
15,1994,3,6,0.00401832
16,1994,3,6,0.004020833
1,1995,3,6,0.01407628
2,1995,3,6,0.09769086
3,1995,3,6,0.1635029
4,1995,3,6,0.1180087
5,1995,3,6,0.06336544
6,1995,3,6,0.04197599
7,1995,3,6,0.0333908
8,1995,3,6,0.02951795
9,1995,3,6,0.02777478
10,1995,3,6,0.02679945
11,1995,3,6,0.02639844
12,1995,3,6,0.02623905
13,1995,3,6,0.02613319
14,1995,3,6,0.02608388
15,1995,3,6,0.02602514
16,1995,3,6,0.02607095
1,1996,3,6,0.005640064
2,1996,3,6,0.03848377
3,1996,3,6,0.07167393
4,1996,3,6,0.05137778
5,1996,3,6,0.026661
6,1996,3,6,0.01714941
7,1996,3,6,0.0134228
8,1996,3,6,0.0117662
9,1996,3,6,0.01102159
10,1996,3,6,0.01060834
11,1996,3,6,0.01043516
12,1996,3,6,0.01036434
13,1996,3,6,0.01031736
14,1996,3,6,0.01029471
15,1996,3,6,0.01026963
16,1996,3,6,0.01028758
1,1997,3,6,0.01097046
2,1997,3,6,0.07355257
3,1997,3,6,0.1175063
4,1997,3,6,0.08370407
5,1997,3,6,0.04409857
6,1997,3,6,0.02911766
7,1997,3,6,0.02324415
8,1997,3,6,0.02063772
9,1997,3,6,0.01948876
10,1997,3,6,0.01885647
11,1997,3,6,0.01861312
12,1997,3,6,0.01853049
13,1997,3,6,0.01847676
14,1997,3,6,0.01845753
15,1997,3,6,0.01842797
16,1997,3,6,0.01847134
1,1998,3,6,0.009155057
2,1998,3,6,0.06096743
3,1998,3,6,0.08598731
4,1998,3,6,0.06104663
5,1998,3,6,0.03279441
6,1998,3,6,0.02221818
7,1998,3,6,0.01804486
8,1998,3,6,0.01618888
9,1998,3,6,0.01538377
10,1998,3,6,0.01494301
11,1998,3,6,0.01478736
12,1998,3,6,0.01474625
13,1998,3,6,0.01472038
14,1998,3,6,0.0147168
15,1998,3,6,0.01470158
16,1998,3,6,0.01474184
1,1999,3,6,0.01259237
2,1999,3,6,0.08494056
3,1999,3,6,0.1367474
4,1999,3,6,0.09764868
5,1999,3,6,0.05163793
6,1999,3,6,0.03412275
7,1999,3,6,0.02722427
8,1999,3,6,0.02415311
9,1999,3,6,0.0227938
10,1999,3,6,0.02204327
11,1999,3,6,0.02175054
12,1999,3,6,0.02164763
13,1999,3,6,0.02158039
14,1999,3,6,0.02155459
15,1999,3,6,0.0215175
16,1999,3,6,0.02156578
1,2000,3,6,0.004769677
2,2000,3,6,0.03408342
3,2000,3,6,0.05460776
4,2000,3,6,0.03987712
5,2000,3,6,0.02210965
6,2000,3,6,0.01494054
7,2000,3,6,0.01198094
8,2000,3,6,0.01062237
9,2000,3,6,0.0100044
10,2000,3,6,0.009654285
11,2000,3,6,0.009507972
12,2000,3,6,0.009447398
13,2000,3,6,0.009406859
14,2000,3,6,0.009386958
15,2000,3,6,0.009363881
16,2000,3,6,0.009377734
1,2001,3,6,0.005852717
2,2001,3,6,0.03968488
3,2001,3,6,0.05545641
4,2001,3,6,0.03969893
5,2001,3,6,0.02174156
6,2001,3,6,0.01486985
7,2001,3,6,0.012105
8,2001,3,6,0.01085945
9,2001,3,6,0.01031286
10,2001,3,6,0.01001017
11,2001,3,6,0.009899438
12,2001,3,6,0.009866258
13,2001,3,6,0.009844889
14,2001,3,6,0.009839335
15,2001,3,6,0.009826614
16,2001,3,6,0.009850854
1,2002,3,6,0.009325309
2,2002,3,6,0.06179613
3,2002,3,6,0.07754646
4,2002,3,6,0.05487724
5,2002,3,6,0.03010708
6,2002,3,6,0.02093355
7,2002,3,6,0.01728439
8,2002,3,6,0.01565665
9,2002,3,6,0.01496296
10,2002,3,6,0.01458528
11,2002,3,6,0.01446566
12,2002,3,6,0.01444661
13,2002,3,6,0.01443581
14,2002,3,6,0.01444238
15,2002,3,6,0.01443458
16,2002,3,6,0.0144789
1,2003,3,6,0.0167336
2,2003,3,6,0.1170859
3,2003,3,6,0.1816272
4,2003,3,6,0.1316319
5,2003,3,6,0.07233378
6,2003,3,6,0.04887239
7,2003,3,6,0.03929936
8,2003,3,6,0.03493948
9,2003,3,6,0.03297786
10,2003,3,6,0.03187517
11,2003,3,6,0.03142982
12,2003,3,6,0.03125813
13,2003,3,6,0.03114413
14,2003,3,6,0.03109314
15,2003,3,6,0.03102804
16,2003,3,6,0.03108412
1,2004,3,6,0.01384066
2,2004,3,6,0.0954317
3,2004,3,6,0.1416356
4,2004,3,6,0.1020952
5,2004,3,6,0.05598432
6,2004,3,6,0.03800246
7,2004,3,6,0.03071175
8,2004,3,6,0.02740727
9,2004,3,6,0.02593567
10,2004,3,6,0.02511356
11,2004,3,6,0.024794
12,2004,3,6,0.02468113
13,2004,3,6,0.02460691
14,2004,3,6,0.02457806
15,2004,3,6,0.02453515
16,2004,3,6,0.02458658
1,2005,3,6,0.009299113
2,2005,3,6,0.06425552
3,2005,3,6,0.09247825
4,2005,3,6,0.06674392
5,2005,3,6,0.03692818
6,2005,3,6,0.02526357
7,2005,3,6,0.02050453
8,2005,3,6,0.01833991
9,2005,3,6,0.01737681
10,2005,3,6,0.01683798
11,2005,3,6,0.01663073
12,2005,3,6,0.01655916
13,2005,3,6,0.01651216
14,2005,3,6,0.01649463
15,2005,3,6,0.01646704
16,2005,3,6,0.01650205
1,2006,3,6,0.0090531
2,2006,3,6,0.06053292
3,2006,3,6,0.07703011
4,2006,3,6,0.05477067
5,2006,3,6,0.03023525
6,2006,3,6,0.02102793
7,2006,3,6,0.01733297
8,2006,3,6,0.01567449
9,2006,3,6,0.01496095
10,2006,3,6,0.01456963
11,2006,3,6,0.01444017
12,2006,3,6,0.01441363
13,2006,3,6,0.01439758
14,2006,3,6,0.01440023
15,2006,3,6,0.01438948
16,2006,3,6,0.01443099
1,2007,3,6,0.01244784
2,2007,3,6,0.08541418
3,2007,3,6,0.1169909
4,2007,3,6,0.08421549
5,2007,3,6,0.04685052
6,2007,3,6,0.0323383
7,2007,3,6,0.02641371
8,2007,3,6,0.02372029
9,2007,3,6,0.02253123
10,2007,3,6,0.0218681
11,2007,3,6,0.02162231
12,2007,3,6,0.02154524
13,2007,3,6,0.02149516
14,2007,3,6,0.02148018
15,2007,3,6,0.02144994
16,2007,3,6,0.02149981
1,2008,3,6,0.02163047
2,2008,3,6,0.1450503
3,2008,3,6,0.1729614
4,2008,3,6,0.1231451
5,2008,3,6,0.06927222
6,2008,3,6,0.04900326
7,2008,3,6,0.04076551
8,2008,3,6,0.03704261
9,2008,3,6,0.03544922
10,2008,3,6,0.03457392
11,2008,3,6,0.03429739
12,2008,3,6,0.03425289
13,2008,3,6,0.03422724
14,2008,3,6,0.03424183
15,2008,3,6,0.03422181
16,2008,3,6,0.0343232
1,2009,3,6,0.01674663
2,2009,3,6,0.1148966
3,2009,3,6,0.1536489
4,2009,3,6,0.1106202
5,2009,3,6,0.06188835
6,2009,3,6,0.04295616
7,2009,3,6,0.0352003
8,2009,3,6,0.03166812
9,2009,3,6,0.03011189
10,2009,3,6,0.02924385
11,2009,3,6,0.02892635
12,2009,3,6,0.02883036
13,2009,3,6,0.0287682
14,2009,3,6,0.02875146
15,2009,3,6,0.02871328
16,2009,3,6,0.02878141
1,2010,3,6,0.01658686
2,2010,3,6,0.1283909
3,2010,3,6,0.2686113
4,2010,3,6,0.1993533
5,2010,3,6,0.1093543
6,2010,3,6,0.07152898
7,2010,3,6,0.05578971
8,2010,3,6,0.04850662
9,2010,3,6,0.04508933
10,2010,3,6,0.04312495
11,2010,3,6,0.04221037
12,2010,3,6,0.04175837
13,2010,3,6,0.04145155
14,2010,3,6,0.04127245
15,2010,3,6,0.04110358
16,2010,3,6,0.04111138
1,2011,3,6,0.03122195
2,2011,3,6,0.2281082
3,2011,3,6,0.3994758
4,2011,3,6,0.2932733
5,2011,3,6,0.161796
6,2011,3,6,0.1079971
7,2011,3,6,0.0857418
8,2011,3,6,0.07550045
9,2011,3,6,0.07078794
10,2011,3,6,0.06810399
11,2011,3,6,0.0669331
12,2011,3,6,0.06640987
13,2011,3,6,0.06605747
14,2011,3,6,0.06586955
15,2011,3,6,0.06567216
16,2011,3,6,0.06574177
1,2012,3,6,0.03996485
2,2012,3,6,0.2990535
3,2012,3,6,0.5707672
4,2012,3,6,0.4210539
5,2012,3,6,0.2312964
6,2012,3,6,0.1527147
7,2012,3,6,0.1201515
8,2012,3,6,0.1051358
9,2012,3,6,0.09816018
10,2012,3,6,0.09417035
11,2012,3,6,0.09237034
12,2012,3,6,0.09152157
13,2012,3,6,0.09094752
14,2012,3,6,0.09062554
15,2012,3,6,0.09030741
16,2012,3,6,0.09036677
1,2013,3,6,0.03564369
2,2013,3,6,0.263789
3,2013,3,6,0.4833997
4,2013,3,6,0.355875
5,2013,3,6,0.1959525
6,2013,3,6,0.1300564
7,2013,3,6,0.1027616
8,2013,3,6,0.09018432
9,2013,3,6,0.08436568
10,2013,3,6,0.08104346
11,2013,3,6,0.07956647
12,2013,3,6,0.07888573
13,2013,3,6,0.07842612
14,2013,3,6,0.07817362
15,2013,3,6,0.07791768
16,2013,3,6,0.07798323
1,2014,3,6,0.01226192
2,2014,3,6,0.09205387
3,2014,3,6,0.1758633
4,2014,3,6,0.1298536
5,2014,3,6,0.07145509
6,2014,3,6,0.04721347
7,2014,3,6,0.03715107
8,2014,3,6,0.03250611
9,2014,3,6,0.03034627
10,2014,3,6,0.0291099
11,2014,3,6,0.02855102
12,2014,3,6,0.02828661
13,2014,3,6,0.02810771
14,2014,3,6,0.02800706
15,2014,3,6,0.02790784
16,2014,3,6,0.02792528
1,2015,3,6,0.008271936
2,2015,3,6,0.05638184
3,2015,3,6,0.07293448
4,2015,3,6,0.05235786
5,2015,3,6,0.02934785
6,2015,3,6,0.02048124
7,2015,3,6,0.0168551
8,2015,3,6,0.01520661
9,2015,3,6,0.0144856
10,2015,3,6,0.01408492
11,2015,3,6,0.01394335
12,2015,3,6,0.01390501
13,2015,3,6,0.01388054
14,2015,3,6,0.0138764
15,2015,3,6,0.01386087
16,2015,3,6,0.01389604
1,2016,3,6,0.01415514
2,2016,3,6,0.1065627
3,2016,3,6,0.2071757
4,2016,3,6,0.1530068
5,2016,3,6,0.08400417
6,2016,3,6,0.05534902
7,2016,3,6,0.04346715
8,2016,3,6,0.03798486
9,2016,3,6,0.03543289
10,2016,3,6,0.03397183
11,2016,3,6,0.03330827
12,2016,3,6,0.03299216
13,2016,3,6,0.0327782
14,2016,3,6,0.0326571
15,2016,3,6,0.03253873
16,2016,3,6,0.03255716
1,2017,3,6,0.01421357
2,2017,3,6,0.1063878
3,2017,3,6,0.2028149
4,2017,3,6,0.1496337
5,2017,3,6,0.08223253
6,2017,3,6,0.05431176
7,2017,3,6,0.04273802
8,2017,3,6,0.03740005
9,2017,3,6,0.03492015
10,2017,3,6,0.03350157
11,2017,3,6,0.03286163
12,2017,3,6,0.03255988
13,2017,3,6,0.0323558
14,2017,3,6,0.03224133
15,2017,3,6,0.03212819
16,2017,3,6,0.0321493
1,2018,3,6,0.006171438
2,2018,3,6,0.04511129
3,2018,3,6,0.07976094
4,2018,3,6,0.0585501
5,2018,3,6,0.03224215
6,2018,3,6,0.02148084
7,2018,3,6,0.01703404
8,2018,3,6,0.01498889
9,2018,3,6,0.0140474
10,2018,3,6,0.01351125
11,2018,3,6,0.01327673
12,2018,3,6,0.01317151
13,2018,3,6,0.01310062
14,2018,3,6,0.01306267
15,2018,3,6,0.01302305
16,2018,3,6,0.01303654
1,2019,3,6,0.009695524
2,2019,3,6,0.0722447
3,2019,3,6,0.135779
4,2019,3,6,0.1000881
5,2019,3,6,0.05503013
6,2019,3,6,0.03640528
7,2019,3,6,0.02868854
8,2019,3,6,0.02513107
9,2019,3,6,0.02348096
10,2019,3,6,0.02253776
11,2019,3,6,0.02211453
12,2019,3,6,0.0219166
13,2019,3,6,0.02178282
14,2019,3,6,0.02170833
15,2019,3,6,0.02163407
16,2019,3,6,0.02164979
1,2020,3,6,0.04683835
2,2020,3,6,0.3730821
3,2020,3,6,0.8451237
4,2020,3,6,0.629584
5,2020,3,6,0.3442581
6,2020,3,6,0.2232724
7,2020,3,6,0.1728652
8,2020,3,6,0.1495053
9,2020,3,6,0.138472
10,2020,3,6,0.1321114
11,2020,3,6,0.1290868
12,2020,3,6,0.1275476
13,2020,3,6,0.1265006
14,2020,3,6,0.1258753
15,2020,3,6,0.1253022
16,2020,3,6,0.1252804
1,2021,3,6,0.01121419
2,2021,3,6,0.08243999
3,2021,3,6,0.1479581
4,2021,3,6,0.1087646
5,2021,3,6,0.05991449
6,2021,3,6,0.03986042
7,2021,3,6,0.03156218
8,2021,3,6,0.02774171
9,2021,3,6,0.0259789
10,2021,3,6,0.02497374
11,2021,3,6,0.02453081
12,2021,3,6,0.02432959
13,2021,3,6,0.0241939
14,2021,3,6,0.02412036
15,2021,3,6,0.02404462
16,2021,3,6,0.02406743
1,2022,3,6,0.0374631
2,2022,3,6,0.2963118
3,2022,3,6,0.659074
4,2022,3,6,0.4905518
5,2022,3,6,0.2684004
6,2022,3,6,0.174397
7,2022,3,6,0.1352459
8,2022,3,6,0.1171092
9,2022,3,6,0.1085557
10,2022,3,6,0.1036279
11,2022,3,6,0.1012953
12,2022,3,6,0.1001158
13,2022,3,6,0.09931387
14,2022,3,6,0.09883717
15,2022,3,6,0.09839771
16,2022,3,6,0.09838893
1,2023,3,6,0.01803689
2,2023,3,6,0.138344
3,2023,3,6,0.2821617
4,2023,3,6,0.2091095
5,2023,3,6,0.1147913
6,2023,3,6,0.07528764
7,2023,3,6,0.05886233
8,2023,3,6,0.05126714
9,2023,3,6,0.0477121
10,2023,3,6,0.04567089
11,2023,3,6,0.04472791
12,2023,3,6,0.04426705
13,2023,3,6,0.04395449
14,2023,3,6,0.0437737
15,2023,3,6,0.04360135
16,2023,3,6,0.04361497
1,2024,3,6,0.04703173
2,2024,3,6,0.3687146
3,2024,3,6,0.7990868
4,2024,3,6,0.5941265
5,2024,3,6,0.3255026
6,2024,3,6,0.2121168
7,2024,3,6,0.1648997
8,2024,3,6,0.1430334
9,2024,3,6,0.1327414
10,2024,3,6,0.1268169
11,2024,3,6,0.124031
12,2024,3,6,0.1226348
13,2024,3,6,0.1216861
14,2024,3,6,0.1211261
15,2024,3,6,0.1206053
16,2024,3,6,0.1206082
1,1972,4,6,0.001238994
2,1972,4,6,0.00902939
3,1972,4,6,0.03627293
4,1972,4,6,0.0261995
5,1972,4,6,0.01255532
6,1972,4,6,0.007198021
7,1972,4,6,0.005153718
8,1972,4,6,0.004255763
9,1972,4,6,0.003835582
10,1972,4,6,0.003600273
11,1972,4,6,0.003483301
12,1972,4,6,0.003421471
13,1972,4,6,0.003379653
14,1972,4,6,0.003353988
15,1972,4,6,0.003332899
16,1972,4,6,0.003330167
1,1973,4,6,0.001800784
2,1973,4,6,0.01306666
3,1973,4,6,0.05087775
4,1973,4,6,0.03673826
5,1973,4,6,0.01764241
6,1973,4,6,0.01014949
7,1973,4,6,0.007288756
8,1973,4,6,0.006031922
9,1973,4,6,0.005444444
10,1973,4,6,0.005115542
11,1973,4,6,0.004952686
12,1973,4,6,0.004867018
13,1973,4,6,0.004809095
14,1973,4,6,0.00477367
15,1973,4,6,0.004744438
16,1973,4,6,0.004741076
1,1974,4,6,0.00263591
2,1974,4,6,0.01921049
3,1974,4,6,0.07636478
4,1974,4,6,0.05516473
5,1974,4,6,0.02646921
6,1974,4,6,0.01519871
7,1974,4,6,0.01089529
8,1974,4,6,0.009004293
9,1974,4,6,0.008119563
10,1974,4,6,0.007624029
11,1974,4,6,0.007377954
12,1974,4,6,0.007248033
13,1974,4,6,0.007160162
14,1974,4,6,0.007106278
15,1974,4,6,0.007061936
16,1974,4,6,0.007056339
1,1975,4,6,0.00146679
2,1975,4,6,0.01063766
3,1975,4,6,0.04109801
4,1975,4,6,0.0296768
5,1975,4,6,0.01426186
6,1975,4,6,0.008213132
7,1975,4,6,0.00590308
8,1975,4,6,0.004888011
9,1975,4,6,0.004413632
10,1975,4,6,0.004148047
11,1975,4,6,0.00401666
12,1975,4,6,0.003947621
13,1975,4,6,0.003900944
14,1975,4,6,0.003872419
15,1975,4,6,0.003848853
16,1975,4,6,0.003846218
1,1976,4,6,0.0009680998
2,1976,4,6,0.007033248
3,1976,4,6,0.02767788
4,1976,4,6,0.01998708
5,1976,4,6,0.009590481
6,1976,4,6,0.005510416
7,1976,4,6,0.00395307
8,1976,4,6,0.003268949
9,1976,4,6,0.002949065
10,1976,4,6,0.002769965
11,1976,4,6,0.002681167
12,1976,4,6,0.002634381
13,1976,4,6,0.002602745
14,1976,4,6,0.002583374
15,1976,4,6,0.002567413
16,1976,4,6,0.002565501
1,1977,4,6,0.001628051
2,1977,4,6,0.01160837
3,1977,4,6,0.03973026
4,1977,4,6,0.02864783
5,1977,4,6,0.01387905
6,1977,4,6,0.008103933
7,1977,4,6,0.005894656
8,1977,4,6,0.004923376
9,1977,4,6,0.004471679
10,1977,4,6,0.004219186
11,1977,4,6,0.004096443
12,1977,4,6,0.004033363
13,1977,4,6,0.003990785
14,1977,4,6,0.003965192
15,1977,4,6,0.00394363
16,1977,4,6,0.003942685
1,1978,4,6,0.002634557
2,1978,4,6,0.01916094
3,1978,4,6,0.07600367
4,1978,4,6,0.05488845
5,1978,4,6,0.02632333
6,1978,4,6,0.01511132
7,1978,4,6,0.01083232
8,1978,4,6,0.008952718
9,1978,4,6,0.008073605
10,1978,4,6,0.007581363
11,1978,4,6,0.007337065
12,1978,4,6,0.007208191
13,1978,4,6,0.00712104
14,1978,4,6,0.007067631
15,1978,4,6,0.007023671
16,1978,4,6,0.007018241
1,1979,4,6,0.003355149
2,1979,4,6,0.02439357
3,1979,4,6,0.09653032
4,1979,4,6,0.06971091
5,1979,4,6,0.03343708
6,1979,4,6,0.01920009
7,1979,4,6,0.01376641
8,1979,4,6,0.01137956
9,1979,4,6,0.0102633
10,1979,4,6,0.009638286
11,1979,4,6,0.009328186
12,1979,4,6,0.00916466
13,1979,4,6,0.009054078
14,1979,4,6,0.008986327
15,1979,4,6,0.008930545
16,1979,4,6,0.008923717
1,1980,4,6,0.007762819
2,1980,4,6,0.05606165
3,1980,4,6,0.2108787
4,1980,4,6,0.1522226
5,1980,4,6,0.07327104
6,1980,4,6,0.04231634
7,1980,4,6,0.03049139
8,1980,4,6,0.02529509
9,1980,4,6,0.02286925
10,1980,4,6,0.02151162
11,1980,4,6,0.02084244
12,1980,4,6,0.02049242
13,1980,4,6,0.02025586
14,1980,4,6,0.02011178
15,1980,4,6,0.01999229
16,1980,4,6,0.0199806
1,1981,4,6,0.004575859
2,1981,4,6,0.03267315
3,1981,4,6,0.1119786
4,1981,4,6,0.08076205
5,1981,4,6,0.03914389
6,1981,4,6,0.0228608
7,1981,4,6,0.01662907
8,1981,4,6,0.01388855
9,1981,4,6,0.01261371
10,1981,4,6,0.01190091
11,1981,4,6,0.01155422
12,1981,4,6,0.01137591
13,1981,4,6,0.01125555
14,1981,4,6,0.01118315
15,1981,4,6,0.01112217
16,1981,4,6,0.01111934
1,1982,4,6,0.01007878
2,1982,4,6,0.06833835
3,1982,4,6,0.1121299
4,1982,4,6,0.08023069
5,1982,4,6,0.0424514
6,1982,4,6,0.02799277
7,1982,4,6,0.02228424
8,1982,4,6,0.01973789
9,1982,4,6,0.01860612
10,1982,4,6,0.01797955
11,1982,4,6,0.01773122
12,1982,4,6,0.01764049
13,1982,4,6,0.01758093
14,1982,4,6,0.01755647
15,1982,4,6,0.0175237
16,1982,4,6,0.01756094
1,1983,4,6,0.01887236
2,1983,4,6,0.1267127
3,1983,4,6,0.1980194
4,1983,4,6,0.1411345
5,1983,4,6,0.07477965
6,1983,4,6,0.04965075
7,1983,4,6,0.03976398
8,1983,4,6,0.03536771
9,1983,4,6,0.03343173
10,1983,4,6,0.03236559
11,1983,4,6,0.03195882
12,1983,4,6,0.03182349
13,1983,4,6,0.03173566
14,1983,4,6,0.03170555
15,1983,4,6,0.03165671
16,1983,4,6,0.03173208
1,1984,4,6,0.009006847
2,1984,4,6,0.06209813
3,1984,4,6,0.1131097
4,1984,4,6,0.08137938
5,1984,4,6,0.04273961
6,1984,4,6,0.02773259
7,1984,4,6,0.02179561
8,1984,4,6,0.0191399
9,1984,4,6,0.01794244
10,1984,4,6,0.01727489
11,1984,4,6,0.01699438
12,1984,4,6,0.01687866
13,1984,4,6,0.01680171
14,1984,4,6,0.01676419
15,1984,4,6,0.0167226
16,1984,4,6,0.0167504
1,1985,4,6,0.02328329
2,1985,4,6,0.1591257
3,1985,4,6,0.265014
4,1985,4,6,0.190187
5,1985,4,6,0.1009858
6,1985,4,6,0.06658084
7,1985,4,6,0.0529302
8,1985,4,6,0.04681968
9,1985,4,6,0.04409001
10,1985,4,6,0.04257311
11,1985,4,6,0.04196179
12,1985,4,6,0.04172966
13,1985,4,6,0.04157649
14,1985,4,6,0.04150962
15,1985,4,6,0.04142529
16,1985,4,6,0.04150727
1,1986,4,6,0.006615333
2,1986,4,6,0.04629974
3,1986,4,6,0.1027983
4,1986,4,6,0.07416184
5,1986,4,6,0.03794872
6,1986,4,6,0.02378035
7,1986,4,6,0.01822885
8,1986,4,6,0.01575606
9,1986,4,6,0.01462493
10,1986,4,6,0.01399233
11,1986,4,6,0.01370862
12,1986,4,6,0.01357803
13,1986,4,6,0.01349044
14,1986,4,6,0.01344246
15,1986,4,6,0.01339643
16,1986,4,6,0.01341017
1,1987,4,6,0.005531677
2,1987,4,6,0.03692163
3,1987,4,6,0.0506421
4,1987,4,6,0.03598706
5,1987,4,6,0.01949373
6,1987,4,6,0.01330666
7,1987,4,6,0.01085168
8,1987,4,6,0.009756372
9,1987,4,6,0.00928185
10,1987,4,6,0.009021743
11,1987,4,6,0.008931123
12,1987,4,6,0.008908235
13,1987,4,6,0.008893914
14,1987,4,6,0.008892592
15,1987,4,6,0.008883936
16,1987,4,6,0.008908457
1,1988,4,6,0.002082474
2,1988,4,6,0.01436277
3,1988,4,6,0.02490447
4,1988,4,6,0.01792776
5,1988,4,6,0.009510278
6,1988,4,6,0.006237208
7,1988,4,6,0.004935102
8,1988,4,6,0.00435086
9,1988,4,6,0.004088106
10,1988,4,6,0.00394154
11,1988,4,6,0.003880941
12,1988,4,6,0.003856663
13,1988,4,6,0.003840551
14,1988,4,6,0.003832973
15,1988,4,6,0.003824154
16,1988,4,6,0.00383091
1,1989,4,6,0.01867458
2,1989,4,6,0.1304518
3,1989,4,6,0.2202587
4,1989,4,6,0.1593349
5,1989,4,6,0.08582671
6,1989,4,6,0.05688166
7,1989,4,6,0.0452186
8,1989,4,6,0.03994327
9,1989,4,6,0.03756084
10,1989,4,6,0.03622438
11,1989,4,6,0.03566936
12,1989,4,6,0.03544406
13,1989,4,6,0.03529405
14,1989,4,6,0.03522226
15,1989,4,6,0.03513895
16,1989,4,6,0.03519718
1,1990,4,6,0.01073794
2,1990,4,6,0.07306937
3,1990,4,6,0.1135516
4,1990,4,6,0.08137955
5,1990,4,6,0.04367841
6,1990,4,6,0.0291949
7,1990,4,6,0.02342427
8,1990,4,6,0.02083667
9,1990,4,6,0.01968891
10,1990,4,6,0.01905224
11,1990,4,6,0.01880464
12,1990,4,6,0.01871775
13,1990,4,6,0.01866084
14,1990,4,6,0.01863904
15,1990,4,6,0.01860701
16,1990,4,6,0.01864778
1,1991,4,6,0.04421263
2,1991,4,6,0.3054897
3,1991,4,6,0.6138382
4,1991,4,6,0.4416006
5,1991,4,6,0.228054
6,1991,4,6,0.1451047
7,1991,4,6,0.1125577
8,1991,4,6,0.09806196
9,1991,4,6,0.09148761
10,1991,4,6,0.08782278
11,1991,4,6,0.08623365
12,1991,4,6,0.08554165
13,1991,4,6,0.08507975
14,1991,4,6,0.0848404
15,1991,4,6,0.08459548
16,1991,4,6,0.08471475
1,1992,4,6,0.0116376
2,1992,4,6,0.07966004
3,1992,4,6,0.1290466
4,1992,4,6,0.09268136
5,1992,4,6,0.04955712
6,1992,4,6,0.03289365
7,1992,4,6,0.02625304
8,1992,4,6,0.02327295
9,1992,4,6,0.02194309
10,1992,4,6,0.02120339
11,1992,4,6,0.020908
12,1992,4,6,0.02079783
13,1992,4,6,0.02072522
14,1992,4,6,0.02069436
15,1992,4,6,0.02065397
16,1992,4,6,0.02069563
1,1993,4,6,0.003641709
2,1993,4,6,0.02477194
3,1993,4,6,0.03596742
4,1993,4,6,0.02578058
5,1993,4,6,0.01403871
6,1993,4,6,0.009528566
7,1993,4,6,0.007717254
8,1993,4,6,0.006901693
9,1993,4,6,0.006541917
10,1993,4,6,0.006342333
11,1993,4,6,0.006267303
12,1993,4,6,0.006243046
13,1993,4,6,0.006227285
14,1993,4,6,0.006222205
15,1993,4,6,0.006213037
16,1993,4,6,0.006227572
1,1994,4,6,0.002782827
2,1994,4,6,0.01942303
3,1994,4,6,0.03518395
4,1994,4,6,0.02542131
5,1994,4,6,0.01348682
6,1994,4,6,0.008801494
7,1994,4,6,0.006930565
8,1994,4,6,0.006088527
9,1994,4,6,0.005707051
10,1994,4,6,0.005493348
11,1994,4,6,0.005402673
12,1994,4,6,0.005364466
13,1994,4,6,0.005338975
14,1994,4,6,0.005326226
15,1994,4,6,0.005312331
16,1994,4,6,0.005320399
1,1995,4,6,0.01876115
2,1995,4,6,0.1349609
3,1995,4,6,0.2426672
4,1995,4,6,0.17713
5,1995,4,6,0.09614003
6,1995,4,6,0.06349871
7,1995,4,6,0.05018196
8,1995,4,6,0.04410529
9,1995,4,6,0.04132176
10,1995,4,6,0.0397454
11,1995,4,6,0.03906109
12,1995,4,6,0.03875898
13,1995,4,6,0.03855603
14,1995,4,6,0.03844916
15,1995,4,6,0.03833678
16,1995,4,6,0.03838196
1,1996,4,6,0.008281952
2,1996,4,6,0.05541919
3,1996,4,6,0.08058241
4,1996,4,6,0.05734193
5,1996,4,6,0.03074593
6,1996,4,6,0.02072437
7,1996,4,6,0.01676381
8,1996,4,6,0.01499957
9,1996,4,6,0.01422933
10,1996,4,6,0.0138062
11,1996,4,6,0.01365212
12,1996,4,6,0.01360705
13,1996,4,6,0.01357826
14,1996,4,6,0.01357146
15,1996,4,6,0.01355486
16,1996,4,6,0.01359001
1,1997,4,6,0.01847931
2,1997,4,6,0.1239648
3,1997,4,6,0.2027065
4,1997,4,6,0.1444327
5,1997,4,6,0.07578128
6,1997,4,6,0.04979002
7,1997,4,6,0.03961781
8,1997,4,6,0.03510761
9,1997,4,6,0.03311502
10,1997,4,6,0.032018
11,1997,4,6,0.03159061
12,1997,4,6,0.03144121
13,1997,4,6,0.03134378
14,1997,4,6,0.03130684
15,1997,4,6,0.03125366
16,1997,4,6,0.03132529
1,1998,4,6,0.01408098
2,1998,4,6,0.09333963
3,1998,4,6,0.1229367
4,1998,4,6,0.08704648
5,1998,4,6,0.04724802
6,1998,4,6,0.03247242
7,1998,4,6,0.02662653
8,1998,4,6,0.02402566
9,1998,4,6,0.02291016
10,1998,4,6,0.02230212
11,1998,4,6,0.02210085
12,1998,4,6,0.02206003
13,1998,4,6,0.02203555
14,1998,4,6,0.02204011
15,1998,4,6,0.02202441
16,1998,4,6,0.02208969
1,1999,4,6,0.003359471
2,1999,4,6,0.0231615
3,1999,4,6,0.04006893
4,1999,4,6,0.02884074
5,1999,4,6,0.01530204
6,1999,4,6,0.01003923
7,1999,4,6,0.007945618
8,1999,4,6,0.007006282
9,1999,4,6,0.006583954
10,1999,4,6,0.00634841
11,1999,4,6,0.006251141
12,1999,4,6,0.006212265
13,1999,4,6,0.00618647
14,1999,4,6,0.006174377
15,1999,4,6,0.006160253
16,1999,4,6,0.006171197
1,2000,4,6,0.003652394
2,2000,4,6,0.02527392
3,2000,4,6,0.03522825
4,2000,4,6,0.02545075
5,2000,4,6,0.01420673
6,2000,4,6,0.009796247
7,2000,4,6,0.007985831
8,2000,4,6,0.007159633
9,2000,4,6,0.006792545
10,2000,4,6,0.00658693
11,2000,4,6,0.006508831
12,2000,4,6,0.006482629
13,2000,4,6,0.006465453
14,2000,4,6,0.006459403
15,2000,4,6,0.006449143
16,2000,4,6,0.006463122
1,2001,4,6,0.02304071
2,2001,4,6,0.1651505
3,2001,4,6,0.274136
4,2001,4,6,0.2002163
5,2001,4,6,0.1103415
6,2001,4,6,0.07405325
7,2001,4,6,0.0591178
8,2001,4,6,0.05227148
9,2001,4,6,0.04914886
10,2001,4,6,0.04737923
11,2001,4,6,0.04662968
12,2001,4,6,0.04631187
13,2001,4,6,0.04609885
14,2001,4,6,0.04599139
15,2001,4,6,0.04587122
16,2001,4,6,0.04593433
1,2002,4,6,0.01184812
2,2002,4,6,0.08159914
3,2002,4,6,0.1193315
4,2002,4,6,0.08598841
5,2002,4,6,0.04726433
6,2002,4,6,0.03217777
7,2002,4,6,0.02605487
8,2002,4,6,0.02327858
9,2002,4,6,0.02204426
10,2002,4,6,0.02135499
11,2002,4,6,0.02108934
12,2002,4,6,0.02099736
13,2002,4,6,0.02093701
14,2002,4,6,0.0209144
15,2002,4,6,0.02087927
16,2002,4,6,0.020924
1,2003,4,6,0.04572107
2,2003,4,6,0.3203162
3,2003,4,6,0.4820668
4,2003,4,6,0.349715
5,2003,4,6,0.1937179
6,2003,4,6,0.1318356
7,2003,4,6,0.1064484
8,2003,4,6,0.09485165
9,2003,4,6,0.08963961
10,2003,4,6,0.0867065
11,2003,4,6,0.08553345
12,2003,4,6,0.08508964
13,2003,4,6,0.08479525
14,2003,4,6,0.08466702
15,2003,4,6,0.08449691
16,2003,4,6,0.08465319
1,2004,4,6,0.01579883
2,2004,4,6,0.1095337
3,2004,4,6,0.1593044
4,2004,4,6,0.1151245
5,2004,4,6,0.06372415
6,2004,4,6,0.0435437
7,2004,4,6,0.0352979
8,2004,4,6,0.03154306
9,2004,4,6,0.02986813
10,2004,4,6,0.02892962
11,2004,4,6,0.02856498
12,2004,4,6,0.02843592
13,2004,4,6,0.02835092
14,2004,4,6,0.02831772
15,2004,4,6,0.02826803
16,2004,4,6,0.02832622
1,2005,4,6,0.02414747
2,2005,4,6,0.1665861
3,2005,4,6,0.22983
4,2005,4,6,0.1658342
5,2005,4,6,0.09254551
6,2005,4,6,0.0638962
7,2005,4,6,0.05215197
8,2005,4,6,0.04679799
9,2005,4,6,0.04442524
10,2005,4,6,0.04309816
11,2005,4,6,0.04259936
12,2005,4,6,0.0424366
13,2005,4,6,0.04233026
14,2005,4,6,0.04229505
15,2005,4,6,0.04223115
16,2005,4,6,0.04232539
1,2006,4,6,0.02100424
2,2006,4,6,0.145696
3,2006,4,6,0.212544
4,2006,4,6,0.153626
5,2006,4,6,0.08501155
6,2006,4,6,0.05805986
7,2006,4,6,0.04704726
8,2006,4,6,0.04203226
9,2006,4,6,0.03979413
10,2006,4,6,0.0385398
11,2006,4,6,0.03805144
12,2006,4,6,0.03787773
13,2006,4,6,0.03776326
14,2006,4,6,0.03771815
15,2006,4,6,0.03765132
16,2006,4,6,0.03772834
1,2007,4,6,0.01701932
2,2007,4,6,0.1192979
3,2007,4,6,0.1773173
4,2007,4,6,0.1286887
5,2007,4,6,0.0715242
6,2007,4,6,0.04882196
7,2007,4,6,0.03948691
8,2007,4,6,0.03521732
9,2007,4,6,0.03329925
10,2007,4,6,0.03221932
11,2007,4,6,0.0317892
12,2007,4,6,0.03162778
13,2007,4,6,0.03152074
14,2007,4,6,0.03147466
15,2007,4,6,0.03141249
16,2007,4,6,0.03147112
1,2008,4,6,0.03730794
2,2008,4,6,0.2638997
3,2008,4,6,0.4061784
4,2008,4,6,0.2956704
5,2008,4,6,0.1641784
6,2008,4,6,0.1115395
7,2008,4,6,0.08984717
8,2008,4,6,0.07990645
9,2008,4,6,0.07541287
10,2008,4,6,0.07287477
11,2008,4,6,0.07183915
12,2008,4,6,0.07143005
13,2008,4,6,0.07115743
14,2008,4,6,0.07103124
15,2008,4,6,0.07087454
16,2008,4,6,0.07099373
1,2009,4,6,0.03455131
2,2009,4,6,0.2468115
3,2009,4,6,0.3948806
4,2009,4,6,0.2882861
5,2009,4,6,0.1598302
6,2009,4,6,0.1080119
7,2009,4,6,0.0866208
8,2009,4,6,0.07680188
9,2009,4,6,0.07233635
10,2009,4,6,0.06980658
11,2009,4,6,0.06875014
12,2009,4,6,0.06831335
13,2009,4,6,0.06802106
14,2009,4,6,0.06787781
15,2009,4,6,0.06771138
16,2009,4,6,0.06781204
1,2010,4,6,0.06857587
2,2010,4,6,0.5030708
3,2010,4,6,0.8891577
4,2010,4,6,0.6534735
5,2010,4,6,0.3607351
6,2010,4,6,0.2406186
7,2010,4,6,0.1908672
8,2010,4,6,0.1679524
9,2010,4,6,0.1573909
10,2010,4,6,0.1513698
11,2010,4,6,0.1487296
12,2010,4,6,0.1475396
13,2010,4,6,0.1467374
14,2010,4,6,0.1463059
15,2010,4,6,0.1458569
16,2010,4,6,0.1460027
1,2011,4,6,0.08385996
2,2011,4,6,0.5922811
3,2011,4,6,0.9064793
4,2011,4,6,0.6595323
5,2011,4,6,0.3662657
6,2011,4,6,0.2490177
7,2011,4,6,0.200718
8,2011,4,6,0.1785914
9,2011,4,6,0.1685992
10,2011,4,6,0.1629582
11,2011,4,6,0.1606652
12,2011,4,6,0.1597663
13,2011,4,6,0.1591678
14,2011,4,6,0.1588936
15,2011,4,6,0.1585491
16,2011,4,6,0.1588205
1,2012,4,6,0.06048525
2,2012,4,6,0.4350917
3,2012,4,6,0.7179407
4,2012,4,6,0.5250905
5,2012,4,6,0.290523
6,2012,4,6,0.1954568
7,2012,4,6,0.1561952
8,2012,4,6,0.1381606
9,2012,4,6,0.1299253
10,2012,4,6,0.1252517
11,2012,4,6,0.1232691
12,2012,4,6,0.1224254
13,2012,4,6,0.1218594
14,2012,4,6,0.1215726
15,2012,4,6,0.1212525
16,2012,4,6,0.1214156
1,2013,4,6,0.05537366
2,2013,4,6,0.3943892
3,2013,4,6,0.6268096
4,2013,4,6,0.4571729
5,2013,4,6,0.2532962
6,2013,4,6,0.1712592
7,2013,4,6,0.1374348
8,2013,4,6,0.1219221
9,2013,4,6,0.1148779
10,2013,4,6,0.1108911
11,2013,4,6,0.1092346
12,2013,4,6,0.1085565
13,2013,4,6,0.1081032
14,2013,4,6,0.1078837
15,2013,4,6,0.1076253
16,2013,4,6,0.1077905
1,2014,4,6,0.01574073
2,2014,4,6,0.1160232
3,2014,4,6,0.2084807
4,2014,4,6,0.1533789
5,2014,4,6,0.08461244
6,2014,4,6,0.05632272
7,2014,4,6,0.0445994
8,2014,4,6,0.03919703
9,2014,4,6,0.03670211
10,2014,4,6,0.03527843
11,2014,4,6,0.03464982
12,2014,4,6,0.0343632
13,2014,4,6,0.03416983
14,2014,4,6,0.03406467
15,2014,4,6,0.03395668
16,2014,4,6,0.03398789
1,2015,4,6,0.007612457
2,2015,4,6,0.05212802
3,2015,4,6,0.06918903
4,2015,4,6,0.0497711
5,2015,4,6,0.0278461
6,2015,4,6,0.01934826
7,2015,4,6,0.01586977
8,2015,4,6,0.01428665
9,2015,4,6,0.01359046
10,2015,4,6,0.01320254
11,2015,4,6,0.01306184
12,2015,4,6,0.01302036
13,2015,4,6,0.01299359
14,2015,4,6,0.01298696
15,2015,4,6,0.01297041
16,2015,4,6,0.01300176
1,2016,4,6,0.03643063
2,2016,4,6,0.2670284
3,2016,4,6,0.4715645
4,2016,4,6,0.3464827
5,2016,4,6,0.1911983
6,2016,4,6,0.1275234
7,2016,4,6,0.1011606
8,2016,4,6,0.08902152
9,2016,4,6,0.0834283
10,2016,4,6,0.08024033
11,2016,4,6,0.07884357
12,2016,4,6,0.07821483
13,2016,4,6,0.0777911
14,2016,4,6,0.0775635
15,2016,4,6,0.07732636
16,2016,4,6,0.07740443
1,2017,4,6,0.02333404
2,2017,4,6,0.1799874
3,2017,4,6,0.3735725
4,2017,4,6,0.2770849
5,2017,4,6,0.15198
6,2017,4,6,0.09947765
7,2017,4,6,0.07764271
8,2017,4,6,0.06754299
9,2017,4,6,0.06280833
10,2017,4,6,0.06008801
11,2017,4,6,0.05882481
12,2017,4,6,0.05820289
13,2017,4,6,0.05778086
14,2017,4,6,0.05753527
15,2017,4,6,0.05730291
16,2017,4,6,0.05731627
1,2018,4,6,0.0161769
2,2018,4,6,0.1214382
3,2018,4,6,0.2331166
4,2018,4,6,0.1720978
5,2018,4,6,0.09459611
6,2018,4,6,0.06244072
7,2018,4,6,0.04910336
8,2018,4,6,0.04294915
9,2018,4,6,0.0400873
10,2018,4,6,0.03844935
11,2018,4,6,0.03770831
12,2018,4,6,0.0373573
13,2018,4,6,0.03711981
14,2018,4,6,0.03698606
15,2018,4,6,0.03685446
16,2018,4,6,0.03687718
1,2019,4,6,0.01773324
2,2019,4,6,0.1353938
3,2019,4,6,0.273625
4,2019,4,6,0.2026016
5,2019,4,6,0.1111656
6,2019,4,6,0.07295426
7,2019,4,6,0.05708184
8,2019,4,6,0.04974739
9,2019,4,6,0.04631865
10,2019,4,6,0.04435142
11,2019,4,6,0.04344579
12,2019,4,6,0.04300553
13,2019,4,6,0.04270707
14,2019,4,6,0.04253519
15,2019,4,6,0.04237056
16,2019,4,6,0.04238618
1,2020,4,6,0.05266602
2,2020,4,6,0.4021881
3,2020,4,6,0.8110087
4,2020,4,6,0.6005807
5,2020,4,6,0.329732
6,2020,4,6,0.2165015
7,2020,4,6,0.1694469
8,2020,4,6,0.1476983
9,2020,4,6,0.1375309
10,2020,4,6,0.1316967
11,2020,4,6,0.1290117
12,2020,4,6,0.1277067
13,2020,4,6,0.1268221
14,2020,4,6,0.1263128
15,2020,4,6,0.1258246
16,2020,4,6,0.1258712
1,2021,4,6,0.05116029
2,2021,4,6,0.3858161
3,2021,4,6,0.7476462
4,2021,4,6,0.5525011
5,2021,4,6,0.3038655
6,2021,4,6,0.2004464
7,2021,4,6,0.1575017
8,2021,4,6,0.13767
9,2021,4,6,0.1284347
10,2021,4,6,0.1231444
11,2021,4,6,0.120741
12,2021,4,6,0.1195952
13,2021,4,6,0.1188195
14,2021,4,6,0.1183802
15,2021,4,6,0.1179506
16,2021,4,6,0.1180162
1,2022,4,6,0.1340402
2,2022,4,6,0.9831401
3,2022,4,6,1.74133
4,2022,4,6,1.279613
5,2022,4,6,0.7059589
6,2022,4,6,0.4706543
7,2022,4,6,0.3732346
8,2022,4,6,0.3283753
9,2022,4,6,0.3076996
10,2022,4,6,0.2959137
11,2022,4,6,0.2907439
12,2022,4,6,0.2884124
13,2022,4,6,0.2868409
14,2022,4,6,0.2859952
15,2022,4,6,0.2851161
16,2022,4,6,0.2854004
1,2023,4,6,0.04103118
2,2023,4,6,0.3085997
3,2023,4,6,0.5926565
4,2023,4,6,0.4377612
5,2023,4,6,0.2408675
6,2023,4,6,0.1590631
7,2023,4,6,0.1250987
8,2023,4,6,0.1094169
9,2023,4,6,0.1021207
10,2023,4,6,0.09794279
11,2023,4,6,0.09605057
12,2023,4,6,0.09515262
13,2023,4,6,0.09454493
14,2023,4,6,0.09420213
15,2023,4,6,0.09386526
16,2023,4,6,0.09392137
1,2024,4,6,0.119865
2,2024,4,6,0.9437755
3,2024,4,6,2.068516
4,2024,4,6,1.53887
5,2024,4,6,0.842826
6,2024,4,6,0.5486113
7,2024,4,6,0.4260557
8,2024,4,6,0.3692838
9,2024,4,6,0.3425364
10,2024,4,6,0.3271323
11,2024,4,6,0.3198666
12,2024,4,6,0.3162097
13,2024,4,6,0.3137241
14,2024,4,6,0.312252
15,2024,4,6,0.3108884
16,2024,4,6,0.3108795
1,1972,1,7,0.002027919
2,1972,1,7,0.005937511
3,1972,1,7,0.02105015
4,1972,1,7,0.02121284
5,1972,1,7,0.0176473
6,1972,1,7,0.01387004
7,1972,1,7,0.01169572
8,1972,1,7,0.01053553
9,1972,1,7,0.0099624
10,1972,1,7,0.009623451
11,1972,1,7,0.009466303
12,1972,1,7,0.009393305
13,1972,1,7,0.009340651
14,1972,1,7,0.009310752
15,1972,1,7,0.009286888
16,1972,1,7,0.009299684
1,1973,1,7,0.002027745
2,1973,1,7,0.006066658
3,1973,1,7,0.02120698
4,1973,1,7,0.02129008
5,1973,1,7,0.01765075
6,1973,1,7,0.01385715
7,1973,1,7,0.01167929
8,1973,1,7,0.01051809
9,1973,1,7,0.009944374
10,1973,1,7,0.009605007
11,1973,1,7,0.009447463
12,1973,1,7,0.00937409
13,1973,1,7,0.009321189
14,1973,1,7,0.009291091
15,1973,1,7,0.009267048
16,1973,1,7,0.009279611
1,1974,1,7,0.001580859
2,1974,1,7,0.004863073
3,1974,1,7,0.01669794
4,1974,1,7,0.01668083
5,1974,1,7,0.01376682
6,1974,1,7,0.01079174
7,1974,1,7,0.009089832
8,1974,1,7,0.008183303
9,1974,1,7,0.007735322
10,1974,1,7,0.007470254
11,1974,1,7,0.007346991
12,1974,1,7,0.007289385
13,1974,1,7,0.007247874
14,1974,1,7,0.007224197
15,1974,1,7,0.007205261
16,1974,1,7,0.007214814
1,1975,1,7,0.001224244
2,1975,1,7,0.004153842
3,1975,1,7,0.0137717
4,1975,1,7,0.01351591
5,1975,1,7,0.010915
6,1975,1,7,0.008462959
7,1975,1,7,0.007085797
8,1975,1,7,0.006356417
9,1975,1,7,0.005994697
10,1975,1,7,0.005780281
11,1975,1,7,0.005678828
12,1975,1,7,0.00562995
13,1975,1,7,0.005594897
14,1975,1,7,0.005574458
15,1975,1,7,0.005558125
16,1975,1,7,0.005564066
1,1976,1,7,0.001517128
2,1976,1,7,0.00530804
3,1976,1,7,0.01679846
4,1976,1,7,0.01638875
5,1976,1,7,0.01322942
6,1976,1,7,0.01029475
7,1976,1,7,0.008644443
8,1976,1,7,0.00776966
9,1976,1,7,0.007336963
10,1976,1,7,0.007080594
11,1976,1,7,0.006960414
12,1976,1,7,0.006903339
13,1976,1,7,0.00686232
14,1976,1,7,0.006838645
15,1976,1,7,0.006819608
16,1976,1,7,0.00682765
1,1977,1,7,0.002675545
2,1977,1,7,0.008568826
3,1977,1,7,0.02867873
4,1977,1,7,0.02844211
5,1977,1,7,0.02331552
6,1977,1,7,0.01823571
7,1977,1,7,0.01534503
8,1977,1,7,0.01380759
9,1977,1,7,0.01304759
10,1977,1,7,0.01259771
11,1977,1,7,0.01238797
12,1977,1,7,0.01228945
13,1977,1,7,0.01221851
14,1977,1,7,0.01217789
15,1977,1,7,0.01214536
16,1977,1,7,0.01216091
1,1978,1,7,0.003548799
2,1978,1,7,0.01131333
3,1978,1,7,0.03858817
4,1978,1,7,0.03829878
5,1978,1,7,0.03132344
6,1978,1,7,0.02442783
7,1978,1,7,0.02051471
8,1978,1,7,0.01843569
9,1978,1,7,0.0174063
10,1978,1,7,0.0167967
11,1978,1,7,0.01651068
12,1978,1,7,0.01637491
13,1978,1,7,0.01627732
14,1978,1,7,0.01622101
15,1978,1,7,0.01617605
16,1978,1,7,0.01619549
1,1979,1,7,0.002168789
2,1979,1,7,0.007470638
3,1979,1,7,0.02404765
4,1979,1,7,0.02353181
5,1979,1,7,0.01902314
6,1979,1,7,0.01479543
7,1979,1,7,0.01241636
8,1979,1,7,0.0111552
9,1979,1,7,0.01053098
10,1979,1,7,0.01016111
11,1979,1,7,0.009987373
12,1979,1,7,0.009904612
13,1979,1,7,0.009845158
14,1979,1,7,0.00981077
15,1979,1,7,0.009783175
16,1979,1,7,0.009794512
1,1980,1,7,0.001793392
2,1980,1,7,0.006320104
3,1980,1,7,0.02109119
4,1980,1,7,0.02056436
5,1980,1,7,0.01640908
6,1980,1,7,0.01261796
7,1980,1,7,0.01051121
8,1980,1,7,0.009399425
9,1980,1,7,0.008846227
10,1980,1,7,0.0085179
11,1980,1,7,0.008360336
12,1980,1,7,0.008282667
13,1980,1,7,0.008227156
14,1980,1,7,0.00819427
15,1980,1,7,0.008168081
16,1980,1,7,0.00817505
1,1981,1,7,0.002434888
2,1981,1,7,0.0145354
3,1981,1,7,0.03744135
4,1981,1,7,0.03305268
5,1981,1,7,0.02349864
6,1981,1,7,0.01717811
7,1981,1,7,0.01394733
8,1981,1,7,0.01228703
9,1981,1,7,0.01145316
10,1981,1,7,0.01095441
11,1981,1,7,0.01070187
12,1981,1,7,0.01056595
13,1981,1,7,0.01047007
14,1981,1,7,0.01040994
15,1981,1,7,0.01036138
16,1981,1,7,0.01035701
1,1982,1,7,0.002643777
2,1982,1,7,0.02431253
3,1982,1,7,0.05306173
4,1982,1,7,0.04303687
5,1982,1,7,0.02712767
6,1982,1,7,0.01863943
7,1982,1,7,0.0146279
8,1982,1,7,0.01262263
9,1982,1,7,0.0116059
10,1982,1,7,0.01099287
11,1982,1,7,0.01066603
12,1982,1,7,0.01047656
13,1982,1,7,0.01034429
14,1982,1,7,0.01025768
15,1982,1,7,0.01018695
16,1982,1,7,0.01016282
1,1983,1,7,0.00183732
2,1983,1,7,0.01533006
3,1983,1,7,0.0414471
4,1983,1,7,0.03536111
5,1983,1,7,0.02302672
6,1983,1,7,0.0155878
7,1983,1,7,0.01199342
8,1983,1,7,0.0101875
9,1983,1,7,0.009260156
10,1983,1,7,0.008701227
11,1983,1,7,0.008394472
12,1983,1,7,0.008211954
13,1983,1,7,0.008084896
14,1983,1,7,0.008000539
15,1983,1,7,0.007933627
16,1983,1,7,0.007906145
1,1984,1,7,0.005684124
2,1984,1,7,0.0417133
3,1984,1,7,0.1280566
4,1984,1,7,0.1126504
5,1984,1,7,0.0754715
6,1984,1,7,0.051361
7,1984,1,7,0.03950965
8,1984,1,7,0.03352396
9,1984,1,7,0.03044286
10,1984,1,7,0.02858799
11,1984,1,7,0.02756811
12,1984,1,7,0.02696192
13,1984,1,7,0.02653979
14,1984,1,7,0.02625972
15,1984,1,7,0.02603973
16,1984,1,7,0.02595072
1,1985,1,7,0.002551152
2,1985,1,7,0.02705945
3,1985,1,7,0.0795852
4,1985,1,7,0.06740595
5,1985,1,7,0.04196471
6,1985,1,7,0.02687542
7,1985,1,7,0.01975388
8,1985,1,7,0.0162143
9,1985,1,7,0.0143711
10,1985,1,7,0.0132559
11,1985,1,7,0.0126166
12,1985,1,7,0.01221828
13,1985,1,7,0.01194255
14,1985,1,7,0.01175507
15,1985,1,7,0.01160805
16,1985,1,7,0.01152835
1,1986,1,7,0.004254511
2,1986,1,7,0.03259272
3,1986,1,7,0.07658032
4,1986,1,7,0.06446703
5,1986,1,7,0.04287211
6,1986,1,7,0.03027123
7,1986,1,7,0.02411039
8,1986,1,7,0.02099304
9,1986,1,7,0.01941772
10,1986,1,7,0.01847118
11,1986,1,7,0.01797649
12,1986,1,7,0.01769774
13,1986,1,7,0.01750238
14,1986,1,7,0.01737649
15,1986,1,7,0.01727432
16,1986,1,7,0.0172489
1,1987,1,7,0.003127319
2,1987,1,7,0.03984128
3,1987,1,7,0.1033226
4,1987,1,7,0.08432846
5,1987,1,7,0.05013242
6,1987,1,7,0.03142159
7,1987,1,7,0.02281498
8,1987,1,7,0.01857618
9,1987,1,7,0.01636838
10,1987,1,7,0.0150294
11,1987,1,7,0.01425591
12,1987,1,7,0.01376855
13,1987,1,7,0.0134317
14,1987,1,7,0.01320136
15,1987,1,7,0.01301917
16,1987,1,7,0.01291453
1,1988,1,7,0.003098998
2,1988,1,7,0.03761755
3,1988,1,7,0.07761162
4,1988,1,7,0.06021136
5,1988,1,7,0.03492549
6,1988,1,7,0.02266132
7,1988,1,7,0.01713868
8,1988,1,7,0.01443061
9,1988,1,7,0.01304413
10,1988,1,7,0.01220331
11,1988,1,7,0.01173592
12,1988,1,7,0.01145068
13,1988,1,7,0.01125288
14,1988,1,7,0.01111974
15,1988,1,7,0.01101099
16,1988,1,7,0.01095751
1,1989,1,7,0.007947273
2,1989,1,7,0.05944634
3,1989,1,7,0.1820351
4,1989,1,7,0.1597845
5,1989,1,7,0.1066185
6,1989,1,7,0.07232999
7,1989,1,7,0.05551559
8,1989,1,7,0.04703097
9,1989,1,7,0.04266069
10,1989,1,7,0.04002896
11,1989,1,7,0.03857839
12,1989,1,7,0.03771374
13,1989,1,7,0.03711184
14,1989,1,7,0.03671189
15,1989,1,7,0.03639776
16,1989,1,7,0.03626794
1,1990,1,7,0.01202083
2,1990,1,7,0.1461508
3,1990,1,7,0.3629151
4,1990,1,7,0.2945141
5,1990,1,7,0.1756703
6,1990,1,7,0.1115412
7,1990,1,7,0.08203057
8,1990,1,7,0.06748291
9,1990,1,7,0.0599353
10,1990,1,7,0.05536023
11,1990,1,7,0.0527439
12,1990,1,7,0.05111058
13,1990,1,7,0.0499805
14,1990,1,7,0.04921126
15,1990,1,7,0.04859974
16,1990,1,7,0.04826355
1,1991,1,7,0.00911292
2,1991,1,7,0.1209774
3,1991,1,7,0.3445395
4,1991,1,7,0.2857311
5,1991,1,7,0.1707373
6,1991,1,7,0.1055255
7,1991,1,7,0.07538574
8,1991,1,7,0.06053188
9,1991,1,7,0.05275433
10,1991,1,7,0.04803653
11,1991,1,7,0.04527856
12,1991,1,7,0.04352371
13,1991,1,7,0.04231204
14,1991,1,7,0.04147958
15,1991,1,7,0.04082658
16,1991,1,7,0.04043479
1,1992,1,7,0.005083648
2,1992,1,7,0.06839244
3,1992,1,7,0.1664015
4,1992,1,7,0.1333729
5,1992,1,7,0.0777198
6,1992,1,7,0.04844685
7,1992,1,7,0.03513894
8,1992,1,7,0.02861083
9,1992,1,7,0.02521519
10,1992,1,7,0.02315388
11,1992,1,7,0.0219632
12,1992,1,7,0.02121154
13,1992,1,7,0.02069219
14,1992,1,7,0.02033671
15,1992,1,7,0.02005391
16,1992,1,7,0.0198898
1,1993,1,7,0.01106919
2,1993,1,7,0.1475929
3,1993,1,7,0.432923
4,1993,1,7,0.3609254
5,1993,1,7,0.2163107
6,1993,1,7,0.1333583
7,1993,1,7,0.09494076
8,1993,1,7,0.07599807
9,1993,1,7,0.06606772
10,1993,1,7,0.06004431
11,1993,1,7,0.05651456
12,1993,1,7,0.05426461
13,1993,1,7,0.05271136
14,1993,1,7,0.05164331
15,1993,1,7,0.05080731
16,1993,1,7,0.05030185
1,1994,1,7,0.007566075
2,1994,1,7,0.09582687
3,1994,1,7,0.2420251
4,1994,1,7,0.196507
5,1994,1,7,0.1165285
6,1994,1,7,0.07328123
7,1994,1,7,0.05342779
8,1994,1,7,0.04365391
9,1994,1,7,0.03857087
10,1994,1,7,0.03548814
11,1994,1,7,0.03371319
12,1994,1,7,0.03259778
13,1994,1,7,0.03182663
14,1994,1,7,0.03129999
15,1994,1,7,0.03088233
16,1994,1,7,0.0306453
1,1995,1,7,0.007641
2,1995,1,7,0.09087331
3,1995,1,7,0.3181709
4,1995,1,7,0.2748221
5,1995,1,7,0.170301
6,1995,1,7,0.1056519
7,1995,1,7,0.075144
8,1995,1,7,0.06000999
9,1995,1,7,0.05205431
10,1995,1,7,0.04723522
11,1995,1,7,0.04440594
12,1995,1,7,0.04260486
13,1995,1,7,0.04136104
14,1995,1,7,0.04050641
15,1995,1,7,0.03984387
16,1995,1,7,0.03944632
1,1996,1,7,0.01167084
2,1996,1,7,0.1585691
3,1996,1,7,0.447688
4,1996,1,7,0.3701174
5,1996,1,7,0.2201012
6,1996,1,7,0.1355832
7,1996,1,7,0.09661764
8,1996,1,7,0.0774325
9,1996,1,7,0.06738384
10,1996,1,7,0.06128676
11,1996,1,7,0.0577172
12,1996,1,7,0.05544209
13,1996,1,7,0.05387153
14,1996,1,7,0.05279159
15,1996,1,7,0.05194409
16,1996,1,7,0.05143166
1,1997,1,7,0.004686118
2,1997,1,7,0.06047604
3,1997,1,7,0.1648414
4,1997,1,7,0.1357911
5,1997,1,7,0.08106887
6,1997,1,7,0.05049802
7,1997,1,7,0.03638896
8,1997,1,7,0.02943555
9,1997,1,7,0.02580413
10,1997,1,7,0.02360174
11,1997,1,7,0.02232205
12,1997,1,7,0.02151199
13,1997,1,7,0.02095236
14,1997,1,7,0.02056883
15,1997,1,7,0.02026686
16,1997,1,7,0.02008976
1,1998,1,7,0.007162993
2,1998,1,7,0.09929403
3,1998,1,7,0.248358
4,1998,1,7,0.1998955
5,1998,1,7,0.1163514
6,1998,1,7,0.07196107
7,1998,1,7,0.05177238
8,1998,1,7,0.04187222
9,1998,1,7,0.03671017
10,1998,1,7,0.03357576
11,1998,1,7,0.03175441
12,1998,1,7,0.03059858
13,1998,1,7,0.02980044
14,1998,1,7,0.02925273
15,1998,1,7,0.02881846
16,1998,1,7,0.02856049
1,1999,1,7,0.006061528
2,1999,1,7,0.08090418
3,1999,1,7,0.2131274
4,1999,1,7,0.1739487
5,1999,1,7,0.1027644
6,1999,1,7,0.06378187
7,1999,1,7,0.04589752
8,1999,1,7,0.03710161
9,1999,1,7,0.03250996
10,1999,1,7,0.0297238
11,1999,1,7,0.02810402
12,1999,1,7,0.02707717
13,1999,1,7,0.02636793
14,1999,1,7,0.0258815
15,1999,1,7,0.02549752
16,1999,1,7,0.02527069
1,2000,1,7,0.009194896
2,2000,1,7,0.1095791
3,2000,1,7,0.365232
4,2000,1,7,0.3131511
5,2000,1,7,0.1932479
6,2000,1,7,0.1202321
7,2000,1,7,0.08586531
8,2000,1,7,0.06882767
9,2000,1,7,0.05988398
10,2000,1,7,0.0544661
11,2000,1,7,0.0512943
12,2000,1,7,0.04927942
13,2000,1,7,0.04788766
14,2000,1,7,0.04693234
15,2000,1,7,0.04618986
16,2000,1,7,0.0457484
1,2001,1,7,0.006909685
2,2001,1,7,0.09419858
3,2001,1,7,0.3252115
4,2001,1,7,0.2783506
5,2001,1,7,0.1693302
6,2001,1,7,0.1032088
7,2001,1,7,0.07228556
8,2001,1,7,0.05700177
9,2001,1,7,0.0489462
10,2001,1,7,0.04406111
11,2001,1,7,0.04116771
12,2001,1,7,0.03930902
13,2001,1,7,0.03802683
14,2001,1,7,0.03714194
15,2001,1,7,0.03645593
16,2001,1,7,0.03602742
1,2002,1,7,0.01373419
2,2002,1,7,0.1954002
3,2002,1,7,0.4078761
4,2002,1,7,0.3127987
5,2002,1,7,0.1746884
6,2002,1,7,0.1089145
7,2002,1,7,0.07983361
8,2002,1,7,0.0656947
9,2002,1,7,0.05839438
10,2002,1,7,0.05395456
11,2002,1,7,0.05141699
12,2002,1,7,0.04982241
13,2002,1,7,0.04872048
14,2002,1,7,0.04796777
15,2002,1,7,0.04735705
16,2002,1,7,0.04700861
1,2003,1,7,0.01412702
2,2003,1,7,0.1675393
3,2003,1,7,0.5364022
4,2003,1,7,0.457181
5,2003,1,7,0.2813816
6,2003,1,7,0.1756767
7,2003,1,7,0.1260149
8,2003,1,7,0.1014032
9,2003,1,7,0.0885021
10,2003,1,7,0.08068698
11,2003,1,7,0.07612584
12,2003,1,7,0.07323544
13,2003,1,7,0.07123844
14,2003,1,7,0.06986928
15,2003,1,7,0.06880267
16,2003,1,7,0.06817535
1,2004,1,7,0.01894656
2,2004,1,7,0.2668731
3,2004,1,7,0.5656596
4,2004,1,7,0.4360688
5,2004,1,7,0.2449765
6,2004,1,7,0.1529019
7,2004,1,7,0.1120381
8,2004,1,7,0.09214462
9,2004,1,7,0.08186601
10,2004,1,7,0.07561675
11,2004,1,7,0.07204285
12,2004,1,7,0.06979737
13,2004,1,7,0.06824556
14,2004,1,7,0.06718562
15,2004,1,7,0.0663276
16,2004,1,7,0.06583866
1,2005,1,7,0.01016364
2,2005,1,7,0.1251646
3,2005,1,7,0.3356893
4,2005,1,7,0.2765449
5,2005,1,7,0.1661424
6,2005,1,7,0.1044981
7,2005,1,7,0.0759713
8,2005,1,7,0.06189258
9,2005,1,7,0.0545562
10,2005,1,7,0.05010911
11,2005,1,7,0.04754143
12,2005,1,7,0.04592595
13,2005,1,7,0.04480911
14,2005,1,7,0.04404599
15,2005,1,7,0.04344401
16,2005,1,7,0.04310086
1,2006,1,7,0.01482217
2,2006,1,7,0.1974823
3,2006,1,7,0.5175893
4,2006,1,7,0.4220409
5,2006,1,7,0.249227
6,2006,1,7,0.1547909
7,2006,1,7,0.1114805
8,2006,1,7,0.09018093
9,2006,1,7,0.07906526
10,2006,1,7,0.07232042
11,2006,1,7,0.06840161
12,2006,1,7,0.0659185
13,2006,1,7,0.06420335
14,2006,1,7,0.0630273
15,2006,1,7,0.06209851
16,2006,1,7,0.061551
1,2007,1,7,0.01218364
2,2007,1,7,0.1724855
3,2007,1,7,0.3917103
4,2007,1,7,0.3075084
5,2007,1,7,0.1751184
6,2007,1,7,0.1085792
7,2007,1,7,0.07874675
8,2007,1,7,0.06418169
9,2007,1,7,0.05662066
10,2007,1,7,0.05202568
11,2007,1,7,0.04937418
12,2007,1,7,0.04769783
13,2007,1,7,0.04653997
14,2007,1,7,0.04574677
15,2007,1,7,0.04511109
16,2007,1,7,0.04473906
1,2008,1,7,0.01162494
2,2008,1,7,0.1586029
3,2008,1,7,0.3511017
4,2008,1,7,0.2746168
5,2008,1,7,0.1568494
6,2008,1,7,0.09824574
7,2008,1,7,0.07196583
8,2008,1,7,0.05912649
9,2008,1,7,0.05248164
10,2008,1,7,0.048445
11,2008,1,7,0.04613386
12,2008,1,7,0.04468299
13,2008,1,7,0.04368009
14,2008,1,7,0.04299541
15,2008,1,7,0.04244441
16,2008,1,7,0.0421321
1,2009,1,7,0.01887051
2,2009,1,7,0.2557219
3,2009,1,7,0.6726914
4,2009,1,7,0.5483011
5,2009,1,7,0.3229909
6,2009,1,7,0.1999352
7,2009,1,7,0.1435603
8,2009,1,7,0.1158504
9,2009,1,7,0.1013793
10,2009,1,7,0.0925968
11,2009,1,7,0.08748366
12,2009,1,7,0.08423733
13,2009,1,7,0.08199553
14,2009,1,7,0.08045685
15,2009,1,7,0.07924232
16,2009,1,7,0.07851991
1,2010,1,7,0.004280014
2,2010,1,7,0.05958863
3,2010,1,7,0.1517838
4,2010,1,7,0.1226299
5,2010,1,7,0.07153488
6,2010,1,7,0.04415391
7,2010,1,7,0.03168058
8,2010,1,7,0.02556143
9,2010,1,7,0.02236766
10,2010,1,7,0.02042848
11,2010,1,7,0.01929937
12,2010,1,7,0.01858175
13,2010,1,7,0.01808629
14,2010,1,7,0.01774604
15,2010,1,7,0.01747675
16,2010,1,7,0.01731575
1,2011,1,7,0.009987292
2,2011,1,7,0.1288983
3,2011,1,7,0.2997259
4,2011,1,7,0.238446
5,2011,1,7,0.1391005
6,2011,1,7,0.08779516
7,2011,1,7,0.06449782
8,2011,1,7,0.05306487
9,2011,1,7,0.04714252
10,2011,1,7,0.04354876
11,2011,1,7,0.041494
12,2011,1,7,0.04020852
13,2011,1,7,0.03931946
14,2011,1,7,0.03871359
15,2011,1,7,0.0382287
16,2011,1,7,0.03795879
1,2012,1,7,0.01554883
2,2012,1,7,0.2140582
3,2012,1,7,0.6170847
4,2012,1,7,0.5118075
5,2012,1,7,0.3045777
6,2012,1,7,0.1869962
7,2012,1,7,0.1327435
8,2012,1,7,0.1060299
9,2012,1,7,0.09202235
10,2012,1,7,0.08352269
11,2012,1,7,0.07853383
12,2012,1,7,0.07534742
13,2012,1,7,0.07314826
14,2012,1,7,0.07163457
15,2012,1,7,0.07044861
16,2012,1,7,0.06972503
1,2013,1,7,0.01631724
2,2013,1,7,0.218947
3,2013,1,7,0.5244427
4,2013,1,7,0.4188934
5,2013,1,7,0.2435914
6,2013,1,7,0.1521114
7,2013,1,7,0.1105889
8,2013,1,7,0.09022824
9,2013,1,7,0.07964745
10,2013,1,7,0.07322414
11,2013,1,7,0.06952097
12,2013,1,7,0.0671866
13,2013,1,7,0.06557348
14,2013,1,7,0.06447008
15,2013,1,7,0.06359074
16,2013,1,7,0.06308368
1,2014,1,7,0.009163228
2,2014,1,7,0.1257854
3,2014,1,7,0.2863928
4,2014,1,7,0.2255251
5,2014,1,7,0.1293425
6,2014,1,7,0.08071491
7,2014,1,7,0.05883606
8,2014,1,7,0.048138
9,2014,1,7,0.04259011
10,2014,1,7,0.03922013
11,2014,1,7,0.03728257
12,2014,1,7,0.03606233
13,2014,1,7,0.03521911
14,2014,1,7,0.03464256
15,2014,1,7,0.0341804
16,2014,1,7,0.03391472
1,2015,1,7,0.005561403
2,2015,1,7,0.07388137
3,2015,1,7,0.2195205
4,2015,1,7,0.1834856
5,2015,1,7,0.1101986
6,2015,1,7,0.06792739
7,2015,1,7,0.04832574
8,2015,1,7,0.03865702
9,2015,1,7,0.03358659
10,2015,1,7,0.03051127
11,2015,1,7,0.02870816
12,2015,1,7,0.0275585
13,2015,1,7,0.02676485
14,2015,1,7,0.02621905
15,2015,1,7,0.0257922
16,2015,1,7,0.02553385
1,2016,1,7,0.003752999
2,2016,1,7,0.0500185
3,2016,1,7,0.1762321
4,2016,1,7,0.1514703
5,2016,1,7,0.09257725
6,2016,1,7,0.0565436
7,2016,1,7,0.0396499
8,2016,1,7,0.03129303
9,2016,1,7,0.02688824
10,2016,1,7,0.02421765
11,2016,1,7,0.02263675
12,2016,1,7,0.02162206
13,2016,1,7,0.02092201
14,2016,1,7,0.02043908
15,2016,1,7,0.02006501
16,2016,1,7,0.01983225
1,2017,1,7,0.007878647
2,2017,1,7,0.1095378
3,2017,1,7,0.2994425
4,2017,1,7,0.2456193
5,2017,1,7,0.1448756
6,2017,1,7,0.08906391
7,2017,1,7,0.06345278
8,2017,1,7,0.05086257
9,2017,1,7,0.044272
10,2017,1,7,0.04027168
11,2017,1,7,0.03793007
12,2017,1,7,0.0364367
13,2017,1,7,0.03540592
14,2017,1,7,0.0346969
15,2017,1,7,0.03413922
16,2017,1,7,0.03380097
1,2018,1,7,0.008728685
2,2018,1,7,0.1219562
3,2018,1,7,0.3242855
4,2018,1,7,0.2643884
5,2018,1,7,0.1551788
6,2018,1,7,0.09546874
7,2018,1,7,0.06815322
8,2018,1,7,0.05473754
9,2018,1,7,0.04772167
10,2018,1,7,0.04346246
11,2018,1,7,0.04097317
12,2018,1,7,0.03938698
13,2018,1,7,0.03829206
14,2018,1,7,0.03753923
15,2018,1,7,0.03694575
16,2018,1,7,0.03658702
1,2019,1,7,0.005673571
2,2019,1,7,0.07968153
3,2019,1,7,0.1989154
4,2019,1,7,0.1598837
5,2019,1,7,0.09280729
6,2019,1,7,0.05726358
7,2019,1,7,0.04112051
8,2019,1,7,0.03320875
9,2019,1,7,0.02908208
10,2019,1,7,0.02657594
11,2019,1,7,0.02511786
12,2019,1,7,0.02419136
13,2019,1,7,0.02355167
14,2019,1,7,0.02311241
15,2019,1,7,0.02276412
16,2019,1,7,0.02255599
1,2020,1,7,0.00486057
2,2020,1,7,0.06585897
3,2020,1,7,0.2491919
4,2020,1,7,0.2162171
5,2020,1,7,0.1327511
6,2020,1,7,0.08067594
7,2020,1,7,0.05618919
8,2020,1,7,0.04406852
9,2020,1,7,0.03766723
10,2020,1,7,0.03378628
11,2020,1,7,0.03147955
12,2020,1,7,0.02999449
13,2020,1,7,0.02897023
14,2020,1,7,0.02826262
15,2020,1,7,0.02771629
16,2020,1,7,0.02737199
1,2021,1,7,0.01247912
2,2021,1,7,0.175377
3,2021,1,7,0.427004
4,2021,1,7,0.3412138
5,2021,1,7,0.1971813
6,2021,1,7,0.1218474
7,2021,1,7,0.08773565
8,2021,1,7,0.07103192
9,2021,1,7,0.06232991
10,2021,1,7,0.05704437
11,2021,1,7,0.05397583
12,2021,1,7,0.05202869
13,2021,1,7,0.05068417
14,2021,1,7,0.04976151
15,2021,1,7,0.04902804
16,2021,1,7,0.04859226
1,2022,1,7,0.01423851
2,2022,1,7,0.1978737
3,2022,1,7,0.4898557
4,2022,1,7,0.3932717
5,2022,1,7,0.2284053
6,2022,1,7,0.1412935
7,2022,1,7,0.1017307
8,2022,1,7,0.08233824
9,2022,1,7,0.07223096
10,2022,1,7,0.06609329
11,2022,1,7,0.06252908
12,2022,1,7,0.06026801
13,2022,1,7,0.05870661
14,2022,1,7,0.0576353
15,2022,1,7,0.056785
16,2022,1,7,0.05628057
1,2023,1,7,0.00491368
2,2023,1,7,0.06670129
3,2023,1,7,0.2038856
4,2023,1,7,0.1710717
5,2023,1,7,0.1027629
6,2023,1,7,0.06303396
7,2023,1,7,0.0445996
8,2023,1,7,0.03550734
9,2023,1,7,0.03073209
10,2023,1,7,0.02783544
11,2023,1,7,0.0261311
12,2023,1,7,0.02504118
13,2023,1,7,0.024289
14,2023,1,7,0.02377099
15,2023,1,7,0.02336668
16,2023,1,7,0.02311879
1,2024,1,7,0.006400185
2,2024,1,7,0.09013348
3,2024,1,7,0.2157532
4,2024,1,7,0.1716817
5,2024,1,7,0.09886825
6,2024,1,7,0.06114004
7,2024,1,7,0.04409576
8,2024,1,7,0.03575531
9,2024,1,7,0.03141373
10,2024,1,7,0.02877635
11,2024,1,7,0.02724728
12,2024,1,7,0.02627779
13,2024,1,7,0.0256083
14,2024,1,7,0.02514905
15,2024,1,7,0.0247833
16,2024,1,7,0.0245667
1,1972,2,7,0.0004659206
2,1972,2,7,0.001350336
3,1972,2,7,0.004819568
4,1972,2,7,0.004865431
5,1972,2,7,0.004054089
6,1972,2,7,0.00318799
7,1972,2,7,0.002688809
8,1972,2,7,0.002422361
9,1972,2,7,0.002290746
10,1972,2,7,0.002212916
11,1972,2,7,0.002176852
12,1972,2,7,0.00216012
13,1972,2,7,0.002148049
14,1972,2,7,0.0021412
15,1972,2,7,0.002135736
16,1972,2,7,0.002138701
1,1973,2,7,0.0002522527
2,1973,2,7,0.0007351126
3,1973,2,7,0.002614238
4,1973,2,7,0.002636594
5,1973,2,7,0.002195039
6,1973,2,7,0.00172562
7,1973,2,7,0.00145525
8,1973,2,7,0.001310961
9,1973,2,7,0.001239685
10,1973,2,7,0.001197535
11,1973,2,7,0.001177998
12,1973,2,7,0.001168927
13,1973,2,7,0.001162384
14,1973,2,7,0.00115867
15,1973,2,7,0.001155706
16,1973,2,7,0.001157304
1,1974,2,7,0.0007697412
2,1974,2,7,0.002230872
3,1974,2,7,0.007962345
4,1974,2,7,0.008038114
5,1974,2,7,0.006697707
6,1974,2,7,0.005266836
7,1974,2,7,0.004442146
8,1974,2,7,0.00400195
9,1974,2,7,0.003784511
10,1974,2,7,0.003655929
11,1974,2,7,0.003596349
12,1974,2,7,0.003568706
13,1974,2,7,0.003548763
14,1974,2,7,0.003537448
15,1974,2,7,0.003528421
16,1974,2,7,0.003533319
1,1975,2,7,0.0004665259
2,1975,2,7,0.001505375
3,1975,2,7,0.00508189
4,1975,2,7,0.005032887
5,1975,2,7,0.004109936
6,1975,2,7,0.003204622
7,1975,2,7,0.002691401
8,1975,2,7,0.002418795
9,1975,2,7,0.002283844
10,1975,2,7,0.002203923
11,1975,2,7,0.002166436
12,1975,2,7,0.002148646
13,1975,2,7,0.002135858
14,1975,2,7,0.002128482
15,1975,2,7,0.002122586
16,1975,2,7,0.002125137
1,1976,2,7,0.0009781284
2,1976,2,7,0.003171897
3,1976,2,7,0.01052677
4,1976,2,7,0.01041621
5,1976,2,7,0.008521487
6,1976,2,7,0.006660887
7,1976,2,7,0.005603732
8,1976,2,7,0.00504171
9,1976,2,7,0.004763876
10,1976,2,7,0.004599396
11,1976,2,7,0.004522669
12,1976,2,7,0.004486583
13,1976,2,7,0.004460608
14,1976,2,7,0.004445722
15,1976,2,7,0.00443379
16,1976,2,7,0.004439418
1,1977,2,7,0.001477618
2,1977,2,7,0.005338477
3,1977,2,7,0.01720324
4,1977,2,7,0.0166928
5,1977,2,7,0.01330634
6,1977,2,7,0.01025575
7,1977,2,7,0.008560127
8,1977,2,7,0.007664948
9,1977,2,7,0.0072203
10,1977,2,7,0.006956468
11,1977,2,7,0.006830597
12,1977,2,7,0.00676908
13,1977,2,7,0.006725059
14,1977,2,7,0.006699132
15,1977,2,7,0.0066784
16,1977,2,7,0.006684606
1,1978,2,7,0.001027248
2,1978,2,7,0.003072695
3,1978,2,7,0.01081217
4,1978,2,7,0.01085381
5,1978,2,7,0.008987193
6,1978,2,7,0.007046778
7,1978,2,7,0.005934367
8,1978,2,7,0.005341545
9,1978,2,7,0.005048456
10,1978,2,7,0.004875053
11,1978,2,7,0.004794336
12,1978,2,7,0.004756573
13,1978,2,7,0.004729365
14,1978,2,7,0.004713834
15,1978,2,7,0.00470144
16,1978,2,7,0.004707661
1,1979,2,7,0.0005859922
2,1979,2,7,0.002086223
3,1979,2,7,0.00656286
4,1979,2,7,0.006382145
5,1979,2,7,0.005131098
6,1979,2,7,0.003984791
7,1979,2,7,0.003342336
8,1979,2,7,0.003002147
9,1979,2,7,0.00283377
10,1979,2,7,0.002733974
11,1979,2,7,0.002687045
12,1979,2,7,0.002664634
13,1979,2,7,0.002648541
14,1979,2,7,0.002639216
15,1979,2,7,0.00263172
16,1979,2,7,0.002634698
1,1980,2,7,0.0006563468
2,1980,2,7,0.004274469
3,1980,2,7,0.01070803
4,1980,2,7,0.009304119
5,1980,2,7,0.006465
6,1980,2,7,0.004667293
7,1980,2,7,0.003762634
8,1980,2,7,0.003300254
9,1980,2,7,0.00306741
10,1980,2,7,0.002927913
11,1980,2,7,0.002856374
12,1980,2,7,0.002817156
13,1980,2,7,0.002789563
14,1980,2,7,0.002772067
15,1980,2,7,0.002757926
16,1980,2,7,0.002755736
1,1981,2,7,0.00120163
2,1981,2,7,0.01134052
3,1981,2,7,0.02295691
4,1981,2,7,0.01824116
5,1981,2,7,0.01135201
6,1981,2,7,0.007863409
7,1981,2,7,0.006230676
8,1981,2,7,0.005416217
9,1981,2,7,0.005006036
10,1981,2,7,0.00475871
11,1981,2,7,0.004628992
12,1981,2,7,0.004554973
13,1981,2,7,0.004503208
14,1981,2,7,0.004469603
15,1981,2,7,0.004441711
16,1981,2,7,0.004433383
1,1982,2,7,0.001867818
2,1982,2,7,0.01873405
3,1982,2,7,0.03906508
4,1982,2,7,0.03103082
5,1982,2,7,0.01901095
6,1982,2,7,0.01290199
7,1982,2,7,0.01006624
8,1982,2,7,0.008657719
9,1982,2,7,0.007943312
10,1982,2,7,0.007511828
11,1982,2,7,0.007280278
12,1982,2,7,0.007144653
13,1982,2,7,0.007050111
14,1982,2,7,0.006987846
15,1982,2,7,0.006936709
16,1982,2,7,0.006917559
1,1983,2,7,0.001317144
2,1983,2,7,0.01064512
3,1983,2,7,0.02850859
4,1983,2,7,0.02436691
5,1983,2,7,0.01598369
6,1983,2,7,0.01090514
7,1983,2,7,0.008440962
8,1983,2,7,0.007200631
9,1983,2,7,0.006565075
10,1983,2,7,0.006182258
11,1983,2,7,0.005973636
12,1983,2,7,0.00585049
13,1983,2,7,0.005764677
14,1983,2,7,0.005707945
15,1983,2,7,0.005662866
16,1983,2,7,0.005645412
1,1984,2,7,0.002337034
2,1984,2,7,0.01865292
3,1984,2,7,0.05237795
4,1984,2,7,0.04514769
5,1984,2,7,0.02971
6,1984,2,7,0.02017041
7,1984,2,7,0.01553165
8,1984,2,7,0.01319628
9,1984,2,7,0.01199644
10,1984,2,7,0.01127362
11,1984,2,7,0.01087707
12,1984,2,7,0.01064146
13,1984,2,7,0.01047741
14,1984,2,7,0.01036858
15,1984,2,7,0.01028252
16,1984,2,7,0.01024763
1,1985,2,7,0.001954584
2,1985,2,7,0.02276215
3,1985,2,7,0.04893837
4,1985,2,7,0.03854085
5,1985,2,7,0.02275264
6,1985,2,7,0.01482815
7,1985,2,7,0.01121947
8,1985,2,7,0.009443134
9,1985,2,7,0.008532308
10,1985,2,7,0.007980442
11,1985,2,7,0.007673488
12,1985,2,7,0.007486444
13,1985,2,7,0.007356692
14,1985,2,7,0.007269434
15,1985,2,7,0.007198604
16,1985,2,7,0.007164167
1,1986,2,7,0.002517179
2,1986,2,7,0.02407819
3,1986,2,7,0.06142751
4,1986,2,7,0.05119102
5,1986,2,7,0.03223977
6,1986,2,7,0.02141656
7,1986,2,7,0.01628827
8,1986,2,7,0.01372994
9,1986,2,7,0.01241332
10,1986,2,7,0.01161818
11,1986,2,7,0.01117672
12,1986,2,7,0.01091011
13,1986,2,7,0.01072488
14,1986,2,7,0.01060092
15,1986,2,7,0.01050224
16,1986,2,7,0.01045725
1,1987,2,7,0.002587061
2,1987,2,7,0.03554696
3,1987,2,7,0.07794787
4,1987,2,7,0.06077879
5,1987,2,7,0.0345927
6,1987,2,7,0.02165132
7,1987,2,7,0.0158606
8,1987,2,7,0.01303359
9,1987,2,7,0.011571
10,1987,2,7,0.01068235
11,1987,2,7,0.01017368
12,1987,2,7,0.009854283
13,1987,2,7,0.009633516
14,1987,2,7,0.009482784
15,1987,2,7,0.009361332
16,1987,2,7,0.009292411
1,1988,2,7,0.00336763
2,1988,2,7,0.03199613
3,1988,2,7,0.08070609
4,1988,2,7,0.06715932
5,1988,2,7,0.0423345
6,1988,2,7,0.02820713
7,1988,2,7,0.02151121
8,1988,2,7,0.01816977
9,1988,2,7,0.01645199
10,1988,2,7,0.01541473
11,1988,2,7,0.01484057
12,1988,2,7,0.01449486
13,1988,2,7,0.01425459
14,1988,2,7,0.01409405
15,1988,2,7,0.01396605
16,1988,2,7,0.01390876
1,1989,2,7,0.005159368
2,1989,2,7,0.04188114
3,1989,2,7,0.1073535
4,1989,2,7,0.09107394
5,1989,2,7,0.05965268
6,1989,2,7,0.04095487
7,1989,2,7,0.03189326
8,1989,2,7,0.02733124
9,1989,2,7,0.02500073
10,1989,2,7,0.02359739
11,1989,2,7,0.02283881
12,1989,2,7,0.02239471
13,1989,2,7,0.02208494
14,1989,2,7,0.02188105
15,1989,2,7,0.02171818
16,1989,2,7,0.02165895
1,1990,2,7,0.008683172
2,1990,2,7,0.1230806
3,1990,2,7,0.2452516
4,1990,2,7,0.1855708
5,1990,2,7,0.1025547
6,1990,2,7,0.06426622
7,1990,2,7,0.04747643
8,1990,2,7,0.03933281
9,1990,2,7,0.03514427
10,1990,2,7,0.03259598
11,1990,2,7,0.03115029
12,1990,2,7,0.03024656
13,1990,2,7,0.02962175
14,1990,2,7,0.02919601
15,1990,2,7,0.02884763
16,1990,2,7,0.02865328
1,1991,2,7,0.004646315
2,1991,2,7,0.06266095
3,1991,2,7,0.1740603
4,1991,2,7,0.1435099
5,1991,2,7,0.08525901
6,1991,2,7,0.05263709
7,1991,2,7,0.03761005
8,1991,2,7,0.03021234
9,1991,2,7,0.02634084
10,1991,2,7,0.02399184
11,1991,2,7,0.02261913
12,1991,2,7,0.0217455
13,1991,2,7,0.02114232
14,1991,2,7,0.02072786
15,1991,2,7,0.02040218
16,1991,2,7,0.02020651
1,1992,2,7,0.00762902
2,1992,2,7,0.1065756
3,1992,2,7,0.267028
4,1992,2,7,0.2148897
5,1992,2,7,0.124936
6,1992,2,7,0.07714766
7,1992,2,7,0.05542417
8,1992,2,7,0.04477398
9,1992,2,7,0.03921899
10,1992,2,7,0.03584569
11,1992,2,7,0.03388361
12,1992,2,7,0.0326373
13,1992,2,7,0.03177677
14,1992,2,7,0.03118598
15,1992,2,7,0.03071767
16,1992,2,7,0.0304383
1,1993,2,7,0.004752604
2,1993,2,7,0.06120999
3,1993,2,7,0.1697713
4,1993,2,7,0.140351
5,1993,2,7,0.08400441
6,1993,2,7,0.0522796
7,1993,2,7,0.03761393
8,1993,2,7,0.03038292
9,1993,2,7,0.026604
10,1993,2,7,0.02431231
11,1993,2,7,0.0229791
12,1993,2,7,0.02213448
13,1993,2,7,0.021551
14,1993,2,7,0.02115098
15,1993,2,7,0.02083647
16,1993,2,7,0.02065137
1,1994,2,7,0.00569278
2,1994,2,7,0.07844305
3,1994,2,7,0.1997068
4,1994,2,7,0.1614443
5,1994,2,7,0.09434511
6,1994,2,7,0.05834796
7,1994,2,7,0.04193585
8,1994,2,7,0.03388139
9,1994,2,7,0.02967903
10,1994,2,7,0.02712775
11,1994,2,7,0.02564391
12,1994,2,7,0.02470192
13,1994,2,7,0.02405144
14,1994,2,7,0.02360499
15,1994,2,7,0.02325159
16,1994,2,7,0.02304137
1,1995,2,7,0.006322102
2,1995,2,7,0.07454011
3,1995,2,7,0.2006311
4,1995,2,7,0.1659278
5,1995,2,7,0.1005295
6,1995,2,7,0.06371708
7,1995,2,7,0.04660853
8,1995,2,7,0.03814999
9,1995,2,7,0.03374793
10,1995,2,7,0.03108101
11,1995,2,7,0.02954801
12,1995,2,7,0.02858808
13,1995,2,7,0.02792406
14,1995,2,7,0.02747142
15,1995,2,7,0.02711428
16,1995,2,7,0.02691536
1,1996,2,7,0.004173723
2,1996,2,7,0.05828103
3,1996,2,7,0.1651536
4,1996,2,7,0.1364083
5,1996,2,7,0.08081302
6,1996,2,7,0.04954641
7,1996,2,7,0.03515608
8,1996,2,7,0.02807643
9,1996,2,7,0.02436502
10,1996,2,7,0.0221125
11,1996,2,7,0.02079024
12,1996,2,7,0.01994528
13,1996,2,7,0.01936216
14,1996,2,7,0.0189607
15,1996,2,7,0.0186458
16,1996,2,7,0.01845321
1,1997,2,7,0.004607799
2,1997,2,7,0.06270547
3,1997,2,7,0.1345154
4,1997,2,7,0.1043525
5,1997,2,7,0.05925688
6,1997,2,7,0.03724442
7,1997,2,7,0.02741715
8,1997,2,7,0.02262177
9,1997,2,7,0.02014561
10,1997,2,7,0.01864113
11,1997,2,7,0.01778364
12,1997,2,7,0.0172471
13,1997,2,7,0.01687611
14,1997,2,7,0.01662323
15,1997,2,7,0.01641876
16,1997,2,7,0.01630454
1,1998,2,7,0.006828512
2,1998,2,7,0.09309158
3,1998,2,7,0.284571
4,1998,2,7,0.2387168
5,1998,2,7,0.1433113
6,1998,2,7,0.08784889
7,1998,2,7,0.0621214
8,1998,2,7,0.04943354
9,1998,2,7,0.04276917
10,1998,2,7,0.03872642
11,1998,2,7,0.03634692
12,1998,2,7,0.03482473
13,1998,2,7,0.03377427
14,1998,2,7,0.03305071
15,1998,2,7,0.03248599
16,1998,2,7,0.03213925
1,1999,2,7,0.008379515
2,1999,2,7,0.1069497
3,1999,2,7,0.2309853
4,1999,2,7,0.1805414
5,1999,2,7,0.1042462
6,1999,2,7,0.06646005
7,1999,2,7,0.04944444
8,1999,2,7,0.04111077
9,1999,2,7,0.03681761
10,1999,2,7,0.03421209
11,1999,2,7,0.03273986
12,1999,2,7,0.03182741
13,1999,2,7,0.03119575
14,1999,2,7,0.03076726
15,1999,2,7,0.03042061
16,1999,2,7,0.03023594
1,2000,2,7,0.008409154
2,2000,2,7,0.1164011
3,2000,2,7,0.319699
4,2000,2,7,0.2625572
5,2000,2,7,0.1550815
6,2000,2,7,0.09538414
7,2000,2,7,0.06796862
8,2000,2,7,0.05448776
9,2000,2,7,0.04743056
10,2000,2,7,0.04314728
11,2000,2,7,0.04064023
12,2000,2,7,0.03904164
13,2000,2,7,0.03793821
14,2000,2,7,0.0371793
15,2000,2,7,0.03658256
16,2000,2,7,0.03622095
1,2001,2,7,0.005653045
2,2001,2,7,0.07511182
3,2001,2,7,0.2836589
4,2001,2,7,0.246273
5,2001,2,7,0.1515026
6,2001,2,7,0.09229402
7,2001,2,7,0.0644278
8,2001,2,7,0.05062883
9,2001,2,7,0.04334416
10,2001,2,7,0.0389282
11,2001,2,7,0.03630671
12,2001,2,7,0.03462101
13,2001,2,7,0.0334582
14,2001,2,7,0.03265534
15,2001,2,7,0.03203537
16,2001,2,7,0.03164665
1,2002,2,7,0.007725971
2,2002,2,7,0.1076417
3,2002,2,7,0.2724569
4,2002,2,7,0.2198034
5,2002,2,7,0.1280713
6,2002,2,7,0.07907173
7,2002,2,7,0.056767
8,2002,2,7,0.04582721
9,2002,2,7,0.04011894
10,2002,2,7,0.03665286
11,2002,2,7,0.03463562
12,2002,2,7,0.03335391
13,2002,2,7,0.03246895
14,2002,2,7,0.0318613
15,2002,2,7,0.0313801
16,2002,2,7,0.03109273
1,2003,2,7,0.006631785
2,2003,2,7,0.08003833
3,2003,2,7,0.3054192
4,2003,2,7,0.2667345
5,2003,2,7,0.1660241
6,2003,2,7,0.1022908
7,2003,2,7,0.07212434
8,2003,2,7,0.0571519
9,2003,2,7,0.04926078
10,2003,2,7,0.04448056
11,2003,2,7,0.04165837
12,2003,2,7,0.03985381
13,2003,2,7,0.03860815
14,2003,2,7,0.03775044
15,2003,2,7,0.03708816
16,2003,2,7,0.036683
1,2004,2,7,0.01220403
2,2004,2,7,0.1718431
3,2004,2,7,0.3955139
4,2004,2,7,0.3116895
5,2004,2,7,0.1781739
6,2004,2,7,0.1104923
7,2004,2,7,0.08007397
8,2004,2,7,0.06521115
9,2004,2,7,0.05749107
10,2004,2,7,0.05280022
11,2004,2,7,0.05009133
12,2004,2,7,0.04837828
13,2004,2,7,0.04719506
14,2004,2,7,0.0463844
15,2004,2,7,0.04573577
16,2004,2,7,0.04535586
1,2005,2,7,0.01039633
2,2005,2,7,0.1434957
3,2005,2,7,0.4391368
4,2005,2,7,0.368195
5,2005,2,7,0.2206861
6,2005,2,7,0.1350195
7,2005,2,7,0.09531065
8,2005,2,7,0.07573417
9,2005,2,7,0.06544802
10,2005,2,7,0.05920756
11,2005,2,7,0.05553073
12,2005,2,7,0.05317621
13,2005,2,7,0.05155158
14,2005,2,7,0.05043197
15,2005,2,7,0.04955828
16,2005,2,7,0.04901945
1,2006,2,7,0.009148105
2,2006,2,7,0.1263044
3,2006,2,7,0.3188914
4,2006,2,7,0.257281
5,2006,2,7,0.1500949
6,2006,2,7,0.09284343
7,2006,2,7,0.06676907
8,2006,2,7,0.05397695
9,2006,2,7,0.0473049
10,2006,2,7,0.04325401
11,2006,2,7,0.04089918
12,2006,2,7,0.03940466
13,2006,2,7,0.03837262
14,2006,2,7,0.03766437
15,2006,2,7,0.0371033
16,2006,2,7,0.0367699
1,2007,2,7,0.00640368
2,2007,2,7,0.08894459
3,2007,2,7,0.2377346
4,2007,2,7,0.1941094
5,2007,2,7,0.1141324
6,2007,2,7,0.0702681
7,2007,2,7,0.05018166
8,2007,2,7,0.040313
9,2007,2,7,0.03515188
10,2007,2,7,0.03201894
11,2007,2,7,0.03018823
12,2007,2,7,0.02902205
13,2007,2,7,0.02821703
14,2007,2,7,0.02766361
15,2007,2,7,0.0272275
16,2007,2,7,0.02696428
1,2008,2,7,0.01082318
2,2008,2,7,0.1464669
3,2008,2,7,0.3662519
4,2008,2,7,0.2952713
5,2008,2,7,0.172633
6,2008,2,7,0.1072665
7,2008,2,7,0.07747457
8,2008,2,7,0.06285142
9,2008,2,7,0.05523294
10,2008,2,7,0.05060837
11,2008,2,7,0.04792822
12,2008,2,7,0.04623201
13,2008,2,7,0.04506032
14,2008,2,7,0.04425734
15,2008,2,7,0.04362046
16,2008,2,7,0.04324675
1,2009,2,7,0.0209361
2,2009,2,7,0.291014
3,2009,2,7,0.7028274
4,2009,2,7,0.5609899
5,2009,2,7,0.3244077
6,2009,2,7,0.2010157
7,2009,2,7,0.1451418
8,2009,2,7,0.117777
9,2009,2,7,0.1035323
10,2009,2,7,0.09488096
11,2009,2,7,0.08986845
12,2009,2,7,0.08669339
13,2009,2,7,0.08450055
14,2009,2,7,0.08299705
15,2009,2,7,0.0818006
16,2009,2,7,0.0810953
1,2010,2,7,0.007694916
2,2010,2,7,0.1046072
3,2010,2,7,0.3450241
4,2010,2,7,0.2932275
5,2010,2,7,0.1776091
6,2010,2,7,0.1085159
7,2010,2,7,0.07628965
8,2010,2,7,0.06037292
9,2010,2,7,0.05199433
10,2010,2,7,0.0469129
11,2010,2,7,0.04391037
12,2010,2,7,0.04198475
13,2010,2,7,0.04065618
14,2010,2,7,0.03973999
15,2010,2,7,0.03902804
16,2010,2,7,0.03858634
1,2011,2,7,0.01303598
2,2011,2,7,0.1749924
3,2011,2,7,0.3704842
4,2011,2,7,0.2867163
5,2011,2,7,0.1629
6,2011,2,7,0.102847
7,2011,2,7,0.07604928
8,2011,2,7,0.06297106
9,2011,2,7,0.05622859
10,2011,2,7,0.05213254
11,2011,2,7,0.04980711
12,2011,2,7,0.04835717
13,2011,2,7,0.04735421
14,2011,2,7,0.04667177
15,2011,2,7,0.04611857
16,2011,2,7,0.0458146
1,2012,2,7,0.01158813
2,2012,2,7,0.1619201
3,2012,2,7,0.4545106
4,2012,2,7,0.3746874
5,2012,2,7,0.2216628
6,2012,2,7,0.1359554
7,2012,2,7,0.09654423
8,2012,2,7,0.07716002
9,2012,2,7,0.06700141
10,2012,2,7,0.06083572
11,2012,2,7,0.05721841
12,2012,2,7,0.05490765
13,2012,2,7,0.05331293
14,2012,2,7,0.05221516
15,2012,2,7,0.05135351
16,2012,2,7,0.05082728
1,2013,2,7,0.01420941
2,2013,2,7,0.1910423
3,2013,2,7,0.6525848
4,2013,2,7,0.5580179
5,2013,2,7,0.3396805
6,2013,2,7,0.207518
7,2013,2,7,0.1456991
8,2013,2,7,0.1151401
9,2013,2,7,0.0990425
10,2013,2,7,0.08928138
11,2013,2,7,0.08350818
12,2013,2,7,0.07980419
13,2013,2,7,0.07724869
14,2013,2,7,0.07548609
15,2013,2,7,0.07411884
16,2013,2,7,0.07326935
1,2014,2,7,0.005233267
2,2014,2,7,0.07267596
3,2014,2,7,0.2120283
4,2014,2,7,0.176164
5,2014,2,7,0.1048623
6,2014,2,7,0.06425012
7,2014,2,7,0.04550434
8,2014,2,7,0.03627397
9,2014,2,7,0.03143083
10,2014,2,7,0.02849192
11,2014,2,7,0.02676437
12,2014,2,7,0.0256596
13,2014,2,7,0.02489723
14,2014,2,7,0.02437218
15,2014,2,7,0.02396117
16,2014,2,7,0.02370908
1,2015,2,7,0.002492539
2,2015,2,7,0.03358007
3,2015,2,7,0.1316722
4,2015,2,7,0.1148299
5,2015,2,7,0.07075774
6,2015,2,7,0.04297201
7,2015,2,7,0.02987972
8,2015,2,7,0.02339536
9,2015,2,7,0.01996857
10,2015,2,7,0.01789121
11,2015,2,7,0.0166552
12,2015,2,7,0.015859
13,2015,2,7,0.01530987
14,2015,2,7,0.01493042
15,2015,2,7,0.01463785
16,2015,2,7,0.01445305
1,2016,2,7,0.01156775
2,2016,2,7,0.1622739
3,2016,2,7,0.4012717
4,2016,2,7,0.321856
5,2016,2,7,0.1865637
6,2016,2,7,0.1152091
7,2016,2,7,0.08283404
8,2016,2,7,0.06697121
9,2016,2,7,0.05870145
10,2016,2,7,0.053679
11,2016,2,7,0.05075972
12,2016,2,7,0.04890596
13,2016,2,7,0.047626
14,2016,2,7,0.04674735
15,2016,2,7,0.04604998
16,2016,2,7,0.04563444
1,2017,2,7,0.007440708
2,2017,2,7,0.1047663
3,2017,2,7,0.2678563
4,2017,2,7,0.2164215
5,2017,2,7,0.1260699
6,2017,2,7,0.07763397
7,2017,2,7,0.05558122
8,2017,2,7,0.04476589
9,2017,2,7,0.0391181
10,2017,2,7,0.03568848
11,2017,2,7,0.03368863
12,2017,2,7,0.03241586
13,2017,2,7,0.03153722
14,2017,2,7,0.03093344
15,2017,2,7,0.03045581
16,2017,2,7,0.03016851
1,2018,2,7,0.007042049
2,2018,2,7,0.0970792
3,2018,2,7,0.326925
4,2018,2,7,0.2785782
5,2018,2,7,0.1688084
6,2018,2,7,0.1028476
7,2018,2,7,0.07206658
8,2018,2,7,0.05686359
9,2018,2,7,0.04885381
10,2018,2,7,0.04399578
11,2018,2,7,0.04111958
12,2018,2,7,0.03927198
13,2018,2,7,0.03799746
14,2018,2,7,0.03711786
15,2018,2,7,0.03643514
16,2018,2,7,0.03600865
1,2019,2,7,0.002495607
2,2019,2,7,0.03438279
3,2019,2,7,0.117637
4,2019,2,7,0.1004939
5,2019,2,7,0.06100033
6,2019,2,7,0.03714305
7,2019,2,7,0.02599843
8,2019,2,7,0.02049244
9,2019,2,7,0.01759044
10,2019,2,7,0.01583042
11,2019,2,7,0.01478768
12,2019,2,7,0.01411756
13,2019,2,7,0.01365531
14,2019,2,7,0.01333622
15,2019,2,7,0.01308875
16,2019,2,7,0.01293389
1,2020,2,7,0.01291048
2,2020,2,7,0.1816171
3,2020,2,7,0.4663375
4,2020,2,7,0.3771711
5,2020,2,7,0.2198995
6,2020,2,7,0.1354016
7,2020,2,7,0.09690902
8,2020,2,7,0.07802795
9,2020,2,7,0.0681666
10,2020,2,7,0.0621785
11,2020,2,7,0.05868588
12,2020,2,7,0.05646277
13,2020,2,7,0.0549281
14,2020,2,7,0.05387343
15,2020,2,7,0.05303946
16,2020,2,7,0.05253754
1,2021,2,7,0.0101349
2,2021,2,7,0.1428857
3,2021,2,7,0.3001312
4,2021,2,7,0.2307631
5,2021,2,7,0.1293442
6,2021,2,7,0.08077559
7,2021,2,7,0.0592556
8,2021,2,7,0.04878438
9,2021,2,7,0.04337742
10,2021,2,7,0.04008977
11,2021,2,7,0.03821163
12,2021,2,7,0.03703241
13,2021,2,7,0.03621742
14,2021,2,7,0.03566094
15,2021,2,7,0.03520981
16,2021,2,7,0.03495348
1,2022,2,7,0.009695711
2,2022,2,7,0.1362477
3,2022,2,7,0.3469482
4,2022,2,7,0.2801125
5,2022,2,7,0.1631209
6,2022,2,7,0.1005116
7,2022,2,7,0.07201369
8,2022,2,7,0.05803818
9,2022,2,7,0.0507419
10,2022,2,7,0.04631125
11,2022,2,7,0.04372905
12,2022,2,7,0.04208635
13,2022,2,7,0.04095229
14,2022,2,7,0.04017313
15,2022,2,7,0.03955653
16,2022,2,7,0.03918629
1,2023,2,7,0.002543806
2,2023,2,7,0.03503155
3,2023,2,7,0.1204717
4,2023,2,7,0.1029998
5,2023,2,7,0.06255738
6,2023,2,7,0.03808523
7,2023,2,7,0.02664949
8,2023,2,7,0.02099913
9,2023,2,7,0.01802068
10,2023,2,7,0.01621432
11,2023,2,7,0.01514391
12,2023,2,7,0.01445592
13,2023,2,7,0.01398135
14,2023,2,7,0.01365374
15,2023,2,7,0.01339973
16,2023,2,7,0.01324069
1,2024,2,7,0.007014357
2,2024,2,7,0.09115924
3,2024,2,7,0.3892485
4,2024,2,7,0.3436193
5,2024,2,7,0.2138684
6,2024,2,7,0.1299878
7,2024,2,7,0.09024886
8,2024,2,7,0.07053392
9,2024,2,7,0.0601043
10,2024,2,7,0.05378397
11,2024,2,7,0.05001916
12,2024,2,7,0.04759359
13,2024,2,7,0.04592064
14,2024,2,7,0.04476454
15,2024,2,7,0.04387581
16,2024,2,7,0.04331424
1,1972,3,7,0.0001654824
2,1972,3,7,0.0004796028
3,1972,3,7,0.001711781
4,1972,3,7,0.00172807
5,1972,3,7,0.001439903
6,1972,3,7,0.001132288
7,1972,3,7,0.0009549926
8,1972,3,7,0.0008603572
9,1972,3,7,0.0008136112
10,1972,3,7,0.0007859681
11,1972,3,7,0.0007731593
12,1972,3,7,0.0007672165
13,1972,3,7,0.000762929
14,1972,3,7,0.0007604966
15,1972,3,7,0.0007585559
16,1972,3,7,0.0007596089
1,1973,3,7,0.0009861162
2,1973,3,7,0.002857971
3,1973,3,7,0.01020057
4,1973,3,7,0.01029763
5,1973,3,7,0.008580438
6,1973,3,7,0.006747348
7,1973,3,7,0.005690837
8,1973,3,7,0.005126901
9,1973,3,7,0.00484834
10,1973,3,7,0.004683614
11,1973,3,7,0.004607286
12,1973,3,7,0.004571872
13,1973,3,7,0.004546323
14,1973,3,7,0.004531828
15,1973,3,7,0.004520264
16,1973,3,7,0.004526538
1,1974,3,7,0.001818599
2,1974,3,7,0.005329725
3,1974,3,7,0.01890307
4,1974,3,7,0.01904561
5,1974,3,7,0.01583867
6,1974,3,7,0.01244542
7,1974,3,7,0.01049282
8,1974,3,7,0.009451061
9,1974,3,7,0.008936381
10,1974,3,7,0.008631986
11,1974,3,7,0.008490788
12,1974,3,7,0.008425143
13,1974,3,7,0.008377799
14,1974,3,7,0.008350899
15,1974,3,7,0.008329431
16,1974,3,7,0.008340857
1,1975,3,7,0.0008541228
2,1975,3,7,0.002600805
3,1975,3,7,0.009061559
4,1975,3,7,0.009067781
5,1975,3,7,0.007484341
6,1975,3,7,0.005860919
7,1975,3,7,0.00493265
8,1975,3,7,0.004438335
9,1975,3,7,0.004193875
10,1975,3,7,0.00404921
11,1975,3,7,0.003981751
12,1975,3,7,0.003950086
13,1975,3,7,0.003927284
14,1975,3,7,0.003914236
15,1975,3,7,0.00390382
16,1975,3,7,0.003908878
1,1976,3,7,0.0009417668
2,1976,3,7,0.003522976
3,1976,3,7,0.01073826
4,1976,3,7,0.01034362
5,1976,3,7,0.008241576
6,1976,3,7,0.006382084
7,1976,3,7,0.005346961
8,1976,3,7,0.004799907
9,1976,3,7,0.004529076
10,1976,3,7,0.004368473
11,1976,3,7,0.004292739
12,1976,3,7,0.00425637
13,1976,3,7,0.004230278
14,1976,3,7,0.004215099
15,1976,3,7,0.004202866
16,1976,3,7,0.004207384
1,1977,3,7,0.0007580684
2,1977,3,7,0.003569778
3,1977,3,7,0.009630809
4,1977,3,7,0.008861568
5,1977,3,7,0.006720221
6,1977,3,7,0.005105192
7,1977,3,7,0.004239219
8,1977,3,7,0.003786732
9,1977,3,7,0.003561986
10,1977,3,7,0.003428276
11,1977,3,7,0.003363835
12,1977,3,7,0.003331645
13,1977,3,7,0.003308693
14,1977,3,7,0.003294969
15,1977,3,7,0.003283822
16,1977,3,7,0.003285958
1,1978,3,7,0.0004113597
2,1978,3,7,0.003062954
3,1978,3,7,0.006711899
4,1978,3,7,0.005602161
5,1978,3,7,0.003760452
6,1978,3,7,0.002710299
7,1978,3,7,0.002193854
8,1978,3,7,0.001931552
9,1978,3,7,0.001800251
10,1978,3,7,0.001721495
11,1978,3,7,0.00168156
12,1978,3,7,0.001659862
13,1978,3,7,0.001644583
14,1978,3,7,0.001634944
15,1978,3,7,0.001626987
16,1978,3,7,0.001625904
1,1979,3,7,0.0002752897
2,1979,3,7,0.003528972
3,1979,3,7,0.006968081
4,1979,3,7,0.005309335
5,1979,3,7,0.003008172
6,1979,3,7,0.001936384
7,1979,3,7,0.001460833
8,1979,3,7,0.001228869
9,1979,3,7,0.001110261
10,1979,3,7,0.001038237
11,1979,3,7,0.0009981538
12,1979,3,7,0.0009735949
13,1979,3,7,0.000956575
14,1979,3,7,0.0009450949
15,1979,3,7,0.0009356505
16,1979,3,7,0.0009308883
1,1980,3,7,0.0006269751
2,1980,3,7,0.007497558
3,1980,3,7,0.01421955
4,1980,3,7,0.01078524
5,1980,3,7,0.006184396
6,1980,3,7,0.004078459
7,1980,3,7,0.003140808
8,1980,3,7,0.002682106
9,1980,3,7,0.002449489
10,1980,3,7,0.002308424
11,1980,3,7,0.002231741
12,1980,3,7,0.002185852
13,1980,3,7,0.002153963
14,1980,3,7,0.002132713
15,1980,3,7,0.002115003
16,1980,3,7,0.002107187
1,1981,3,7,0.001182642
2,1981,3,7,0.01245823
3,1981,3,7,0.02624753
4,1981,3,7,0.02078474
5,1981,3,7,0.01257097
6,1981,3,7,0.00841616
7,1981,3,7,0.006500767
8,1981,3,7,0.005552432
9,1981,3,7,0.005069589
10,1981,3,7,0.004777634
11,1981,3,7,0.004618935
12,1981,3,7,0.004524619
13,1981,3,7,0.004458992
14,1981,3,7,0.004415431
15,1981,3,7,0.004379811
16,1981,3,7,0.004364985
1,1982,3,7,0.001810436
2,1982,3,7,0.0199763
3,1982,3,7,0.0403446
4,1982,3,7,0.03143834
5,1982,3,7,0.01866324
6,1982,3,7,0.01243974
7,1982,3,7,0.009605399
8,1982,3,7,0.008207788
9,1982,3,7,0.0074974
10,1982,3,7,0.007067445
11,1982,3,7,0.006833938
12,1982,3,7,0.00669496
13,1982,3,7,0.006598288
14,1982,3,7,0.006534066
15,1982,3,7,0.006481171
16,1982,3,7,0.006458821
1,1983,3,7,0.003536545
2,1983,3,7,0.03209232
3,1983,3,7,0.06981576
4,1983,3,7,0.05667757
5,1983,3,7,0.03585559
6,1983,3,7,0.02472747
7,1983,3,7,0.01945736
8,1983,3,7,0.01682049
9,1983,3,7,0.01548499
10,1983,3,7,0.01468004
11,1983,3,7,0.0142525
12,1983,3,7,0.01400576
13,1983,3,7,0.01383341
14,1983,3,7,0.01372083
15,1983,3,7,0.01362879
16,1983,3,7,0.01359861
1,1984,3,7,0.002266491
2,1984,3,7,0.02320077
3,1984,3,7,0.05080274
4,1984,3,7,0.04073134
5,1984,3,7,0.02493148
6,1984,3,7,0.01669975
7,1984,3,7,0.01287428
8,1984,3,7,0.01097559
9,1984,3,7,0.01000686
10,1984,3,7,0.009421394
11,1984,3,7,0.009102099
12,1984,3,7,0.008911994
13,1984,3,7,0.008779729
14,1984,3,7,0.008691859
15,1984,3,7,0.008620459
16,1984,3,7,0.008590492
1,1985,3,7,0.002731387
2,1985,3,7,0.03536679
3,1985,3,7,0.07472643
4,1985,3,7,0.05798816
5,1985,3,7,0.03322672
6,1985,3,7,0.02116276
7,1985,3,7,0.01575724
8,1985,3,7,0.01311417
9,1985,3,7,0.01175398
10,1985,3,7,0.01092818
11,1985,3,7,0.01046212
12,1985,3,7,0.01017334
13,1985,3,7,0.009973426
14,1985,3,7,0.009837827
15,1985,3,7,0.009727765
16,1985,3,7,0.009669133
1,1986,3,7,0.002486653
2,1986,3,7,0.03202257
3,1986,3,7,0.07166953
4,1986,3,7,0.05649092
5,1986,3,7,0.03275758
6,1986,3,7,0.02076293
7,1986,3,7,0.01534106
8,1986,3,7,0.01268344
9,1986,3,7,0.0113103
10,1986,3,7,0.01047695
11,1986,3,7,0.01000299
12,1986,3,7,0.00970766
13,1986,3,7,0.009503328
14,1986,3,7,0.009364355
15,1986,3,7,0.00925255
16,1986,3,7,0.009191456
1,1987,3,7,0.002372899
2,1987,3,7,0.03225937
3,1987,3,7,0.06365787
4,1987,3,7,0.04821361
5,1987,3,7,0.02687638
6,1987,3,7,0.01704087
7,1987,3,7,0.01271266
8,1987,3,7,0.01060929
9,1987,3,7,0.00953059
10,1987,3,7,0.008874779
11,1987,3,7,0.008505954
12,1987,3,7,0.008277383
13,1987,3,7,0.008119198
14,1987,3,7,0.008011879
15,1987,3,7,0.007923766
16,1987,3,7,0.007876622
1,1988,3,7,0.003417281
2,1988,3,7,0.04014901
3,1988,3,7,0.1054842
4,1988,3,7,0.08684776
5,1988,3,7,0.05251356
6,1988,3,7,0.03338215
7,1988,3,7,0.0245046
8,1988,3,7,0.02011676
9,1988,3,7,0.01783623
10,1988,3,7,0.01645462
11,1988,3,7,0.0156628
12,1988,3,7,0.01516818
13,1988,3,7,0.01482594
14,1988,3,7,0.01459293
15,1988,3,7,0.01440866
16,1988,3,7,0.0143072
1,1989,3,7,0.004512313
2,1989,3,7,0.05741906
3,1989,3,7,0.1214083
4,1989,3,7,0.09438474
5,1989,3,7,0.05432505
6,1989,3,7,0.03474163
7,1989,3,7,0.02594664
8,1989,3,7,0.02164192
9,1989,3,7,0.01942828
10,1989,3,7,0.01808476
11,1989,3,7,0.01732855
12,1989,3,7,0.01686134
13,1989,3,7,0.01653779
14,1989,3,7,0.01631866
15,1989,3,7,0.01614073
16,1989,3,7,0.01604736
1,1990,3,7,0.0101583
2,1990,3,7,0.1436601
3,1990,3,7,0.3063125
4,1990,3,7,0.2364502
5,1990,3,7,0.1328867
6,1990,3,7,0.0828218
7,1990,3,7,0.06059042
8,1990,3,7,0.04976671
9,1990,3,7,0.04417098
10,1990,3,7,0.04076879
11,1990,3,7,0.03882047
12,1990,3,7,0.03759496
13,1990,3,7,0.03674813
14,1990,3,7,0.03616941
15,1990,3,7,0.03570141
16,1990,3,7,0.03543338
1,1991,3,7,0.008377352
2,1991,3,7,0.1161826
3,1991,3,7,0.2452941
4,1991,3,7,0.1891421
5,1991,3,7,0.1065564
6,1991,3,7,0.06677442
7,1991,3,7,0.04909866
8,1991,3,7,0.04048836
9,1991,3,7,0.03604383
10,1991,3,7,0.03334223
11,1991,3,7,0.03180153
12,1991,3,7,0.03083617
13,1991,3,7,0.03016881
14,1991,3,7,0.02971361
15,1991,3,7,0.02934474
16,1991,3,7,0.02913721
1,1992,3,7,0.01194614
2,1992,3,7,0.1680421
3,1992,3,7,0.4069205
4,1992,3,7,0.3247242
5,1992,3,7,0.1874367
6,1992,3,7,0.1158468
7,1992,3,7,0.08345478
8,1992,3,7,0.06759677
9,1992,3,7,0.05933737
10,1992,3,7,0.05432045
11,1992,3,7,0.05140902
12,1992,3,7,0.04956199
13,1992,3,7,0.04828657
14,1992,3,7,0.04741143
15,1992,3,7,0.04671533
16,1992,3,7,0.04630213
1,1993,3,7,0.004683602
2,1993,3,7,0.0656325
3,1993,3,7,0.1638453
4,1993,3,7,0.1317158
5,1993,3,7,0.07648816
6,1993,3,7,0.04721437
7,1993,3,7,0.03391635
8,1993,3,7,0.0273984
9,1993,3,7,0.02399896
10,1993,3,7,0.02193452
11,1993,3,7,0.02073372
12,1993,3,7,0.01997087
13,1993,3,7,0.01944417
14,1993,3,7,0.01908253
15,1993,3,7,0.01879578
16,1993,3,7,0.01862461
1,1994,3,7,0.004526873
2,1994,3,7,0.06382875
3,1994,3,7,0.1514102
4,1994,3,7,0.1202069
5,1994,3,7,0.06909283
6,1994,3,7,0.04274307
7,1994,3,7,0.0308543
8,1994,3,7,0.02503888
9,1994,3,7,0.02201301
10,1994,3,7,0.02017476
11,1994,3,7,0.01910977
12,1994,3,7,0.01843482
13,1994,3,7,0.01796872
14,1994,3,7,0.01764904
15,1994,3,7,0.01739419
16,1994,3,7,0.01724354
1,1995,3,7,0.004273741
2,1995,3,7,0.05848905
3,1995,3,7,0.1763096
4,1995,3,7,0.1474979
5,1995,3,7,0.08835113
6,1995,3,7,0.05416571
7,1995,3,7,0.03832899
8,1995,3,7,0.03052203
9,1995,3,7,0.02642282
10,1995,3,7,0.02393596
11,1995,3,7,0.02247299
12,1995,3,7,0.02153733
13,1995,3,7,0.02089163
14,1995,3,7,0.02044691
15,1995,3,7,0.02009952
16,1995,3,7,0.01988642
1,1996,3,7,0.003728495
2,1996,3,7,0.05199738
3,1996,3,7,0.1383471
4,1996,3,7,0.1128219
5,1996,3,7,0.06624604
6,1996,3,7,0.04076769
7,1996,3,7,0.02910967
8,1996,3,7,0.02338351
9,1996,3,7,0.02038904
10,1996,3,7,0.01857119
11,1996,3,7,0.0175089
12,1996,3,7,0.0168321
13,1996,3,7,0.01636491
14,1996,3,7,0.01604371
15,1996,3,7,0.0157905
16,1996,3,7,0.01563756
1,1997,3,7,0.001511547
2,1997,3,7,0.02090028
3,1997,3,7,0.03976491
4,1997,3,7,0.02972651
5,1997,3,7,0.01634099
6,1997,3,7,0.01035666
7,1997,3,7,0.007748941
8,1997,3,7,0.006485796
9,1997,3,7,0.005839716
10,1997,3,7,0.005446648
11,1997,3,7,0.00522643
12,1997,3,7,0.005090181
13,1997,3,7,0.004995883
14,1997,3,7,0.004931956
15,1997,3,7,0.004879072
16,1997,3,7,0.004850944
1,1998,3,7,0.001762549
2,1998,3,7,0.02440958
3,1998,3,7,0.06470091
4,1998,3,7,0.05274541
5,1998,3,7,0.0309897
6,1998,3,7,0.01909897
7,1998,3,7,0.01365717
8,1998,3,7,0.0109839
9,1998,3,7,0.009586444
10,1998,3,7,0.008738144
11,1998,3,7,0.0082429
12,1998,3,7,0.00792765
13,1998,3,7,0.007710014
14,1998,3,7,0.007560449
15,1998,3,7,0.007442498
16,1998,3,7,0.007371525
1,1999,3,7,0.008385943
2,1999,3,7,0.1178566
3,1999,3,7,0.2872371
4,1999,3,7,0.2295805
5,1999,3,7,0.1326928
6,1999,3,7,0.08199106
7,1999,3,7,0.0590303
8,1999,3,7,0.04778658
9,1999,3,7,0.04192872
10,1999,3,7,0.03837072
11,1999,3,7,0.03630492
12,1999,3,7,0.03499398
13,1999,3,7,0.03408877
14,1999,3,7,0.03346757
15,1999,3,7,0.03297379
16,1999,3,7,0.03268035
1,2000,3,7,0.007273126
2,2000,3,7,0.1014742
3,2000,3,7,0.2961267
4,2000,3,7,0.2459906
5,2000,3,7,0.1463345
6,2000,3,7,0.08959605
7,2000,3,7,0.0634142
8,2000,3,7,0.05052382
9,2000,3,7,0.04375927
10,2000,3,7,0.03965418
11,2000,3,7,0.03724011
12,2000,3,7,0.03569568
13,2000,3,7,0.03462995
14,2000,3,7,0.03389582
15,2000,3,7,0.03332119
16,2000,3,7,0.03296811
1,2001,3,7,0.00248601
2,2001,3,7,0.03494111
3,2001,3,7,0.09178453
4,2001,3,7,0.07460858
5,2001,3,7,0.04366383
6,2001,3,7,0.02685353
7,2001,3,7,0.01917656
8,2001,3,7,0.01540822
9,2001,3,7,0.01343818
10,2001,3,7,0.01224206
11,2001,3,7,0.01154323
12,2001,3,7,0.01109793
13,2001,3,7,0.01079056
14,2001,3,7,0.01057922
15,2001,3,7,0.01041245
16,2001,3,7,0.01031164
1,2002,3,7,0.003150289
2,2002,3,7,0.04406251
3,2002,3,7,0.1224224
4,2002,3,7,0.10071
5,2002,3,7,0.05948381
6,2002,3,7,0.03649815
7,2002,3,7,0.02593923
8,2002,3,7,0.02074739
9,2002,3,7,0.01802749
10,2002,3,7,0.01637658
11,2002,3,7,0.01540859
12,2002,3,7,0.01479046
13,2002,3,7,0.01436386
14,2002,3,7,0.01407024
15,2002,3,7,0.0138396
16,2002,3,7,0.01369895
1,2003,3,7,0.007260417
2,2003,3,7,0.1015052
3,2003,3,7,0.2878352
4,2003,3,7,0.2377514
5,2003,3,7,0.1408392
6,2003,3,7,0.08632832
7,2003,3,7,0.06124057
8,2003,3,7,0.04889837
9,2003,3,7,0.04242775
10,2003,3,7,0.03850059
11,2003,3,7,0.03619495
12,2003,3,7,0.03472138
13,2003,3,7,0.03370448
14,2003,3,7,0.03300431
15,2003,3,7,0.03245515
16,2003,3,7,0.0321191
1,2004,3,7,0.01087128
2,2004,3,7,0.153956
3,2004,3,7,0.358424
4,2004,3,7,0.2831519
5,2004,3,7,0.1620306
6,2004,3,7,0.1002781
7,2004,3,7,0.07249659
8,2004,3,7,0.05891944
9,2004,3,7,0.0518611
10,2004,3,7,0.04757231
11,2004,3,7,0.04509096
12,2004,3,7,0.04351943
13,2004,3,7,0.04243414
14,2004,3,7,0.04169004
15,2004,3,7,0.04109556
16,2004,3,7,0.04074508
1,2005,3,7,0.01006583
2,2005,3,7,0.1393701
3,2005,3,7,0.4373413
4,2005,3,7,0.3682431
5,2005,3,7,0.2212779
6,2005,3,7,0.135157
7,2005,3,7,0.09517136
8,2005,3,7,0.07545017
9,2005,3,7,0.0650793
10,2005,3,7,0.05878775
11,2005,3,7,0.05507483
12,2005,3,7,0.05269449
13,2005,3,7,0.05105221
14,2005,3,7,0.04991984
15,2005,3,7,0.04903754
16,2005,3,7,0.04849082
1,2006,3,7,0.005746642
2,2006,3,7,0.07979631
3,2006,3,7,0.2333124
4,2006,3,7,0.1939294
5,2006,3,7,0.1154722
6,2006,3,7,0.07074419
7,2006,3,7,0.05009469
8,2006,3,7,0.03992639
9,2006,3,7,0.03459074
10,2006,3,7,0.031353
11,2006,3,7,0.02944955
12,2006,3,7,0.0282322
13,2006,3,7,0.02739214
14,2006,3,7,0.02681356
15,2006,3,7,0.02636073
16,2006,3,7,0.02608288
1,2007,3,7,0.005532228
2,2007,3,7,0.07642287
3,2007,3,7,0.2314357
4,2007,3,7,0.1936747
5,2007,3,7,0.1159214
6,2007,3,7,0.07095039
7,2007,3,7,0.05012289
8,2007,3,7,0.03985743
9,2007,3,7,0.03446528
10,2007,3,7,0.0311938
11,2007,3,7,0.0292673
12,2007,3,7,0.02803404
13,2007,3,7,0.02718306
14,2007,3,7,0.0265967
15,2007,3,7,0.02613883
16,2007,3,7,0.02585682
1,2008,3,7,0.006968992
2,2008,3,7,0.09654846
3,2008,3,7,0.2976105
4,2008,3,7,0.2498011
5,2008,3,7,0.1497767
6,2008,3,7,0.09155301
7,2008,3,7,0.06455653
8,2008,3,7,0.05124668
9,2008,3,7,0.04425104
10,2008,3,7,0.04000684
11,2008,3,7,0.03750446
12,2008,3,7,0.03590113
13,2008,3,7,0.03479489
14,2008,3,7,0.03403233
15,2008,3,7,0.03343754
16,2008,3,7,0.03306986
1,2009,3,7,0.008239823
2,2009,3,7,0.1126364
3,2009,3,7,0.4156736
4,2009,3,7,0.3592647
5,2009,3,7,0.2198765
6,2009,3,7,0.1336105
7,2009,3,7,0.09311818
8,2009,3,7,0.07308579
9,2009,3,7,0.06251012
10,2009,3,7,0.05609762
11,2009,3,7,0.05228802
12,2009,3,7,0.04983576
13,2009,3,7,0.04814441
14,2009,3,7,0.04697601
15,2009,3,7,0.046073
16,2009,3,7,0.04550418
1,2010,3,7,0.004428772
2,2010,3,7,0.0564546
3,2010,3,7,0.3765669
4,2010,3,7,0.3467972
5,2010,3,7,0.2212364
6,2010,3,7,0.132949
7,2010,3,7,0.0905456
8,2010,3,7,0.06943466
9,2010,3,7,0.05820146
10,2010,3,7,0.05139741
11,2010,3,7,0.04730139
12,2010,3,7,0.04464384
13,2010,3,7,0.04281205
14,2010,3,7,0.04154207
15,2010,3,7,0.04057609
16,2010,3,7,0.03994811
1,2011,3,7,0.002846694
2,2011,3,7,0.03704735
3,2011,3,7,0.2137127
4,2011,3,7,0.1944736
5,2011,3,7,0.1231352
6,2011,3,7,0.07414302
7,2011,3,7,0.05070633
8,2011,3,7,0.0390508
9,2011,3,7,0.03285718
10,2011,3,7,0.02910497
11,2011,3,7,0.02685119
12,2011,3,7,0.02539084
13,2011,3,7,0.02438415
14,2011,3,7,0.02368663
15,2011,3,7,0.02315466
16,2011,3,7,0.02281063
1,2012,3,7,0.001801644
2,2012,3,7,0.02361658
3,2012,3,7,0.1292583
4,2012,3,7,0.1170548
5,2012,3,7,0.0738873
6,2012,3,7,0.04452449
7,2012,3,7,0.0305013
8,2012,3,7,0.02353045
9,2012,3,7,0.01982827
10,2012,3,7,0.01758526
11,2012,3,7,0.01623922
12,2012,3,7,0.01536751
13,2012,3,7,0.01476658
14,2012,3,7,0.0143503
15,2012,3,7,0.01403247
16,2012,3,7,0.01382736
1,2013,3,7,0.004057565
2,2013,3,7,0.05232274
3,2013,3,7,0.3220096
4,2013,3,7,0.2946607
5,2013,3,7,0.1872298
6,2013,3,7,0.1126339
7,2013,3,7,0.07688181
8,2013,3,7,0.05909244
9,2013,3,7,0.0496334
10,2013,3,7,0.04390345
11,2013,3,7,0.04045814
12,2013,3,7,0.03822435
13,2013,3,7,0.03668457
14,2013,3,7,0.03561738
15,2013,3,7,0.0348045
16,2013,3,7,0.03427752
1,2014,3,7,0.001739361
2,2014,3,7,0.0223499
3,2014,3,7,0.1329651
4,2014,3,7,0.1213517
5,2014,3,7,0.07701074
6,2014,3,7,0.04637884
7,2014,3,7,0.03170806
8,2014,3,7,0.02440938
9,2014,3,7,0.02053012
10,2014,3,7,0.01818017
11,2014,3,7,0.01676834
12,2014,3,7,0.01585352
13,2014,3,7,0.01522289
14,2014,3,7,0.01478593
15,2014,3,7,0.01445288
16,2014,3,7,0.01423748
1,2015,3,7,0.0006592683
2,2015,3,7,0.008397527
3,2015,3,7,0.05628839
4,2015,3,7,0.05185778
5,2015,3,7,0.03308988
6,2015,3,7,0.01988372
7,2015,3,7,0.01354018
8,2015,3,7,0.01038189
9,2015,3,7,0.008701281
10,2015,3,7,0.007683329
11,2015,3,7,0.007070482
12,2015,3,7,0.006672844
13,2015,3,7,0.006398761
14,2015,3,7,0.006208736
15,2015,3,7,0.00606421
16,2015,3,7,0.005970239
1,2016,3,7,0.002013712
2,2016,3,7,0.02653429
3,2016,3,7,0.138883
4,2016,3,7,0.1252297
5,2016,3,7,0.07883138
6,2016,3,7,0.04754021
7,2016,3,7,0.03261824
8,2016,3,7,0.02520362
9,2016,3,7,0.02126777
10,2016,3,7,0.01888303
11,2016,3,7,0.01745318
12,2016,3,7,0.01652767
13,2016,3,7,0.01588962
14,2016,3,7,0.01544774
15,2016,3,7,0.01511001
16,2016,3,7,0.01489252
1,2017,3,7,0.002612394
2,2017,3,7,0.03527321
3,2017,3,7,0.1495741
4,2017,3,7,0.1317316
5,2017,3,7,0.08165172
6,2017,3,7,0.04944017
7,2017,3,7,0.03421008
8,2017,3,7,0.02666022
9,2017,3,7,0.0226642
10,2017,3,7,0.02024205
11,2017,3,7,0.0187968
12,2017,3,7,0.01786403
13,2017,3,7,0.01722083
14,2017,3,7,0.01677596
15,2017,3,7,0.01643393
16,2017,3,7,0.01621619
1,2018,3,7,0.00357949
2,2018,3,7,0.04619985
3,2018,3,7,0.2833429
4,2018,3,7,0.2592002
5,2018,3,7,0.1646638
6,2018,3,7,0.09906037
7,2018,3,7,0.06762158
8,2018,3,7,0.05197889
9,2018,3,7,0.04366154
10,2018,3,7,0.03862315
11,2018,3,7,0.03559377
12,2018,3,7,0.03362971
13,2018,3,7,0.03227584
14,2018,3,7,0.03133751
15,2018,3,7,0.03062274
16,2018,3,7,0.0301594
1,2019,3,7,0.001674664
2,2019,3,7,0.02149226
3,2019,3,7,0.1370619
4,2019,3,7,0.1257842
5,2019,3,7,0.08006774
6,2019,3,7,0.048143
7,2019,3,7,0.03282762
8,2019,3,7,0.02520509
9,2019,3,7,0.02115069
10,2019,3,7,0.01869477
11,2019,3,7,0.01721727
12,2019,3,7,0.016259
13,2019,3,7,0.01559847
14,2019,3,7,0.0151406
15,2019,3,7,0.01479207
16,2019,3,7,0.01456583
1,2020,3,7,0.005007511
2,2020,3,7,0.0688046
3,2020,3,7,0.2428666
4,2020,3,7,0.2084951
5,2020,3,7,0.1269939
6,2020,3,7,0.07725483
7,2020,3,7,0.05397266
8,2020,3,7,0.04246355
9,2020,3,7,0.0363932
10,2020,3,7,0.03271198
11,2020,3,7,0.03052837
12,2020,3,7,0.02912402
13,2020,3,7,0.02815537
14,2020,3,7,0.02748649
15,2020,3,7,0.02696852
16,2020,3,7,0.02664342
1,2021,3,7,0.004751366
2,2021,3,7,0.06349311
3,2021,3,7,0.2933361
4,2021,3,7,0.2610167
5,2021,3,7,0.1629061
6,2021,3,7,0.09847317
7,2021,3,7,0.06789102
8,2021,3,7,0.0527146
9,2021,3,7,0.04467165
10,2021,3,7,0.03979738
11,2021,3,7,0.03688279
12,2021,3,7,0.03499934
13,2021,3,7,0.03370071
14,2021,3,7,0.03280201
15,2021,3,7,0.03211289
16,2021,3,7,0.03167199
1,2022,3,7,0.004464615
2,2022,3,7,0.06061807
3,2022,3,7,0.24322
4,2022,3,7,0.2126797
5,2022,3,7,0.1311933
6,2022,3,7,0.07953965
7,2022,3,7,0.05518351
8,2022,3,7,0.04311882
9,2022,3,7,0.03673919
10,2022,3,7,0.03287174
11,2022,3,7,0.03056777
12,2022,3,7,0.02908217
13,2022,3,7,0.02805769
14,2022,3,7,0.02734942
15,2022,3,7,0.02680382
16,2022,3,7,0.02645781
1,2023,3,7,0.002046359
2,2023,3,7,0.02823883
3,2023,3,7,0.0947882
4,2023,3,7,0.08072465
5,2023,3,7,0.04889336
6,2023,3,7,0.02978868
7,2023,3,7,0.02087575
8,2023,3,7,0.01647394
9,2023,3,7,0.01415497
10,2023,3,7,0.01274846
11,2023,3,7,0.01191581
12,2023,3,7,0.01138095
13,2023,3,7,0.01101199
14,2023,3,7,0.01075735
15,2023,3,7,0.01055969
16,2023,3,7,0.01043622
1,2024,3,7,0.006488882
2,2024,3,7,0.08479954
3,2024,3,7,0.4750688
4,2024,3,7,0.431153
5,2024,3,7,0.2725299
6,2024,3,7,0.1641669
7,2024,3,7,0.1123759
8,2024,3,7,0.08662561
9,2024,3,7,0.07294632
10,2024,3,7,0.06465883
11,2024,3,7,0.05968339
12,2024,3,7,0.05646046
13,2024,3,7,0.05423869
14,2024,3,7,0.05269946
15,2024,3,7,0.05152483
16,2024,3,7,0.05076607
1,1972,4,7,0.0008919628
2,1972,4,7,0.002652368
3,1972,4,7,0.009308236
4,1972,4,7,0.009354756
5,1972,4,7,0.007763303
6,1972,4,7,0.006096776
7,1972,4,7,0.005139302
8,1972,4,7,0.004628679
9,1972,4,7,0.004376409
10,1972,4,7,0.004227193
11,1972,4,7,0.004157949
12,1972,4,7,0.004125726
13,1972,4,7,0.004102489
14,1972,4,7,0.004089277
15,1972,4,7,0.004078725
16,1972,4,7,0.004084281
1,1973,4,7,0.003546758
2,1973,4,7,0.0103818
3,1973,4,7,0.03691853
4,1973,4,7,0.03720341
5,1973,4,7,0.03093349
6,1973,4,7,0.02429913
7,1973,4,7,0.0204825
8,1973,4,7,0.01844644
9,1973,4,7,0.01744035
10,1973,4,7,0.01684529
11,1973,4,7,0.01656907
12,1973,4,7,0.01644051
13,1973,4,7,0.0163478
14,1973,4,7,0.01629508
15,1973,4,7,0.01625302
16,1973,4,7,0.01627518
1,1974,4,7,0.001969384
2,1974,4,7,0.006449259
3,1974,4,7,0.02150131
4,1974,4,7,0.02123728
5,1974,4,7,0.01730956
6,1974,4,7,0.01349369
7,1974,4,7,0.01133326
8,1974,4,7,0.01018607
9,1974,4,7,0.009618282
10,1974,4,7,0.009282005
11,1974,4,7,0.00912433
12,1974,4,7,0.009049528
13,1974,4,7,0.008995755
14,1974,4,7,0.008964745
15,1974,4,7,0.008939928
16,1974,4,7,0.008950668
1,1975,4,7,0.002419385
2,1975,4,7,0.009318183
3,1975,4,7,0.0279955
4,1975,4,7,0.02681637
5,1975,4,7,0.02123594
6,1975,4,7,0.01640264
7,1975,4,7,0.01372504
8,1975,4,7,0.01231202
9,1975,4,7,0.01161208
10,1975,4,7,0.01119683
11,1975,4,7,0.01100036
12,1975,4,7,0.01090545
13,1975,4,7,0.01083742
14,1975,4,7,0.01079767
15,1975,4,7,0.01076562
16,1975,4,7,0.01077658
1,1976,4,7,0.001995242
2,1976,4,7,0.009025792
3,1976,4,7,0.02457852
4,1976,4,7,0.02278482
5,1976,4,7,0.01746645
6,1976,4,7,0.01334838
7,1976,4,7,0.01112139
8,1976,4,7,0.009954436
9,1976,4,7,0.009375893
10,1976,4,7,0.009032007
11,1976,4,7,0.008867703
12,1976,4,7,0.008786775
13,1976,4,7,0.008728951
14,1976,4,7,0.008694705
15,1976,4,7,0.008666857
16,1976,4,7,0.008673805
1,1977,4,7,0.002334251
2,1977,4,7,0.00856729
3,1977,4,7,0.02650136
4,1977,4,7,0.02562323
5,1977,4,7,0.02047806
6,1977,4,7,0.01586692
7,1977,4,7,0.01329456
8,1977,4,7,0.01193433
9,1977,4,7,0.01126079
10,1977,4,7,0.01086143
11,1977,4,7,0.0106731
12,1977,4,7,0.0105827
13,1977,4,7,0.01051783
14,1977,4,7,0.01048011
15,1977,4,7,0.01044975
16,1977,4,7,0.01046106
1,1978,4,7,0.002576967
2,1978,4,7,0.01133904
3,1978,4,7,0.03144401
4,1978,4,7,0.02932158
5,1978,4,7,0.02260474
6,1978,4,7,0.01730307
7,1978,4,7,0.01442426
8,1978,4,7,0.01291396
9,1978,4,7,0.01216517
10,1978,4,7,0.01172023
11,1978,4,7,0.01150787
12,1978,4,7,0.01140352
13,1978,4,7,0.01132893
14,1978,4,7,0.01128483
15,1978,4,7,0.01124904
16,1978,4,7,0.01125839
1,1979,4,7,0.001552459
2,1979,4,7,0.008201671
3,1979,4,7,0.02399956
4,1979,4,7,0.02183788
5,1979,4,7,0.01587598
6,1979,4,7,0.01159885
7,1979,4,7,0.009381648
8,1979,4,7,0.008238247
9,1979,4,7,0.007661409
10,1979,4,7,0.007316576
11,1979,4,7,0.007140264
12,1979,4,7,0.007044497
13,1979,4,7,0.006977012
14,1979,4,7,0.006934462
15,1979,4,7,0.006900587
16,1979,4,7,0.006896728
1,1980,4,7,0.002781103
2,1980,4,7,0.0153142
3,1980,4,7,0.03906106
4,1980,4,7,0.03486521
5,1980,4,7,0.02540169
6,1980,4,7,0.01891917
7,1980,4,7,0.0155453
8,1980,4,7,0.01379963
9,1980,4,7,0.01292847
10,1980,4,7,0.01240862
11,1980,4,7,0.01215197
12,1980,4,7,0.01201869
13,1980,4,7,0.01192421
14,1980,4,7,0.01186626
15,1980,4,7,0.01181913
16,1980,4,7,0.01182089
1,1981,4,7,0.003187564
2,1981,4,7,0.02930037
3,1981,4,7,0.06201668
4,1981,4,7,0.04996182
5,1981,4,7,0.03143867
6,1981,4,7,0.02172775
7,1981,4,7,0.01714654
8,1981,4,7,0.01485646
9,1981,4,7,0.0136991
10,1981,4,7,0.01300145
11,1981,4,7,0.01263276
12,1981,4,7,0.01242096
13,1981,4,7,0.01227294
14,1981,4,7,0.0121765
15,1981,4,7,0.01209722
16,1981,4,7,0.0120722
1,1982,4,7,0.003362654
2,1982,4,7,0.03300009
3,1982,4,7,0.06844326
4,1982,4,7,0.05443762
5,1982,4,7,0.03354744
6,1982,4,7,0.02291031
7,1982,4,7,0.01795674
8,1982,4,7,0.01549259
9,1982,4,7,0.0142451
10,1982,4,7,0.01349205
11,1982,4,7,0.01309048
12,1982,4,7,0.01285696
13,1982,4,7,0.01269403
14,1982,4,7,0.01258715
15,1982,4,7,0.01249917
16,1982,4,7,0.01246807
1,1983,4,7,0.005146343
2,1983,4,7,0.05198906
3,1983,4,7,0.1264287
4,1983,4,7,0.1038369
5,1983,4,7,0.0643632
6,1983,4,7,0.04256151
7,1983,4,7,0.03233062
8,1983,4,7,0.02724302
9,1983,4,7,0.02462702
10,1983,4,7,0.02304591
11,1983,4,7,0.02216772
12,1983,4,7,0.02163622
13,1983,4,7,0.02126709
14,1983,4,7,0.02101978
15,1983,4,7,0.02082197
16,1983,4,7,0.02073032
1,1984,4,7,0.00426967
2,1984,4,7,0.04722545
3,1984,4,7,0.09908747
4,1984,4,7,0.07796622
5,1984,4,7,0.04649954
6,1984,4,7,0.03078752
7,1984,4,7,0.02360101
8,1984,4,7,0.02005453
9,1984,4,7,0.01824477
10,1984,4,7,0.01714936
11,1984,4,7,0.01654877
12,1984,4,7,0.0161882
13,1984,4,7,0.01593762
14,1984,4,7,0.0157704
15,1984,4,7,0.01563381
16,1984,4,7,0.01557298
1,1985,4,7,0.002874545
2,1985,4,7,0.02280769
3,1985,4,7,0.05598421
4,1985,4,7,0.04727655
5,1985,4,7,0.03113754
6,1985,4,7,0.02164221
7,1985,4,7,0.0170265
8,1985,4,7,0.01469823
9,1985,4,7,0.01351448
10,1985,4,7,0.0128023
11,1985,4,7,0.01242282
12,1985,4,7,0.01220414
13,1985,4,7,0.01205131
14,1985,4,7,0.01195159
15,1985,4,7,0.01187137
16,1985,4,7,0.01184595
1,1986,4,7,0.003633475
2,1986,4,7,0.04461865
3,1986,4,7,0.09942689
4,1986,4,7,0.07861403
5,1986,4,7,0.04606034
6,1986,4,7,0.02952108
7,1986,4,7,0.02200727
8,1986,4,7,0.01831573
9,1986,4,7,0.01641287
10,1986,4,7,0.01525893
11,1986,4,7,0.01460763
12,1986,4,7,0.01420502
13,1986,4,7,0.01392619
14,1986,4,7,0.01373731
15,1986,4,7,0.0135851
16,1986,4,7,0.01350522
1,1987,4,7,0.003748263
2,1987,4,7,0.0517202
3,1987,4,7,0.09687033
4,1987,4,7,0.07206336
5,1987,4,7,0.03946971
6,1987,4,7,0.02507476
7,1987,4,7,0.01882206
8,1987,4,7,0.01579606
9,1987,4,7,0.014251
10,1987,4,7,0.01331089
11,1987,4,7,0.01278606
12,1987,4,7,0.01246224
13,1987,4,7,0.01223806
14,1987,4,7,0.01208628
15,1987,4,7,0.01196023
16,1987,4,7,0.01189402
1,1988,4,7,0.005340104
2,1988,4,7,0.05336964
3,1988,4,7,0.1541169
4,1988,4,7,0.1307359
5,1988,4,7,0.08218871
6,1988,4,7,0.05329711
7,1988,4,7,0.03959567
8,1988,4,7,0.03277042
9,1988,4,7,0.02922652
10,1988,4,7,0.02708402
11,1988,4,7,0.02586654
12,1988,4,7,0.02511476
13,1988,4,7,0.02459377
14,1988,4,7,0.02424116
15,1988,4,7,0.02396402
16,1988,4,7,0.02382071
1,1989,4,7,0.01229121
2,1989,4,7,0.152959
3,1989,4,7,0.3366466
4,1989,4,7,0.2650259
5,1989,4,7,0.1544738
6,1989,4,7,0.0988471
7,1989,4,7,0.07365612
8,1989,4,7,0.06129342
9,1989,4,7,0.05492292
10,1989,4,7,0.05105866
11,1989,4,7,0.0488773
12,1989,4,7,0.04752796
13,1989,4,7,0.04659359
14,1989,4,7,0.0459604
15,1989,4,7,0.04544933
16,1989,4,7,0.04518
1,1990,4,7,0.01260556
2,1990,4,7,0.1602383
3,1990,4,7,0.3419512
4,1990,4,7,0.266524
5,1990,4,7,0.1537073
6,1990,4,7,0.09821809
7,1990,4,7,0.07326075
8,1990,4,7,0.06104031
9,1990,4,7,0.05475182
10,1990,4,7,0.05093539
11,1990,4,7,0.0487844
12,1990,4,7,0.04745412
13,1990,4,7,0.046533
14,1990,4,7,0.04590884
15,1990,4,7,0.04540281
16,1990,4,7,0.04513604
1,1991,4,7,0.01274076
2,1991,4,7,0.168754
3,1991,4,7,0.4374193
4,1991,4,7,0.3559777
5,1991,4,7,0.2101006
6,1991,4,7,0.130736
7,1991,4,7,0.09435873
8,1991,4,7,0.07647006
9,1991,4,7,0.06714092
10,1991,4,7,0.06148029
11,1991,4,7,0.05819662
12,1991,4,7,0.05611869
13,1991,4,7,0.05468321
14,1991,4,7,0.05369955
15,1991,4,7,0.05292186
16,1991,4,7,0.05246608
1,1992,4,7,0.02566164
2,1992,4,7,0.3288543
3,1992,4,7,0.8514715
4,1992,4,7,0.6944111
5,1992,4,7,0.4122781
6,1992,4,7,0.2581519
7,1992,4,7,0.1873057
8,1992,4,7,0.152423
9,1992,4,7,0.134252
10,1992,4,7,0.1232309
11,1992,4,7,0.1168611
12,1992,4,7,0.1128454
13,1992,4,7,0.11007
14,1992,4,7,0.1081717
15,1992,4,7,0.1066701
16,1992,4,7,0.1058053
1,1993,4,7,0.006518987
2,1993,4,7,0.08940131
3,1993,4,7,0.2398265
4,1993,4,7,0.1961282
5,1993,4,7,0.1156294
6,1993,4,7,0.07133392
7,1993,4,7,0.05102208
8,1993,4,7,0.04103726
9,1993,4,7,0.03581658
10,1993,4,7,0.03264797
11,1993,4,7,0.03079818
12,1993,4,7,0.02962111
13,1993,4,7,0.02880845
14,1993,4,7,0.02825008
15,1993,4,7,0.02781013
16,1993,4,7,0.02754587
1,1994,4,7,0.007543025
2,1994,4,7,0.09270163
3,1994,4,7,0.2596689
4,1994,4,7,0.2157579
5,1994,4,7,0.1303236
6,1994,4,7,0.08170849
7,1994,4,7,0.05912937
8,1994,4,7,0.04797574
9,1994,4,7,0.04215276
10,1994,4,7,0.03862343
11,1994,4,7,0.03657807
12,1994,4,7,0.03528767
13,1994,4,7,0.0343958
14,1994,4,7,0.03378561
15,1994,4,7,0.033306
16,1994,4,7,0.03302923
1,1995,4,7,0.00732746
2,1995,4,7,0.0858505
3,1995,4,7,0.3534439
4,1995,4,7,0.3120499
5,1995,4,7,0.1958375
6,1995,4,7,0.1206116
7,1995,4,7,0.08484175
8,1995,4,7,0.06706424
9,1995,4,7,0.05768377
10,1995,4,7,0.05200283
11,1995,4,7,0.04864317
12,1995,4,7,0.04649326
13,1995,4,7,0.04500928
14,1995,4,7,0.04398711
15,1995,4,7,0.04320008
16,1995,4,7,0.04271715
1,1996,4,7,0.004761469
2,1996,4,7,0.06022229
3,1996,4,7,0.1982679
4,1996,4,7,0.1691033
5,1996,4,7,0.10339
6,1996,4,7,0.06382244
7,1996,4,7,0.04528553
8,1996,4,7,0.03611261
9,1996,4,7,0.03129225
10,1996,4,7,0.02837059
11,1996,4,7,0.0266535
12,1996,4,7,0.02555819
13,1996,4,7,0.02480201
14,1996,4,7,0.0242819
15,1996,4,7,0.02387753
16,1996,4,7,0.02363253
1,1997,4,7,0.006725137
2,1997,4,7,0.08456871
3,1997,4,7,0.2020941
4,1997,4,7,0.1621601
5,1997,4,7,0.0955342
6,1997,4,7,0.06046971
7,1997,4,7,0.04445308
8,1997,4,7,0.03657715
9,1997,4,7,0.03249476
10,1997,4,7,0.03001871
11,1997,4,7,0.02860312
12,1997,4,7,0.02771847
13,1997,4,7,0.02710652
14,1997,4,7,0.02668974
15,1997,4,7,0.02635714
16,1997,4,7,0.02617314
1,1998,4,7,0.005681494
2,1998,4,7,0.07536494
3,1998,4,7,0.2254509
4,1998,4,7,0.18869
5,1998,4,7,0.1134398
6,1998,4,7,0.06991411
7,1998,4,7,0.04971825
8,1998,4,7,0.03975463
9,1998,4,7,0.03452854
10,1998,4,7,0.03135891
11,1998,4,7,0.02949992
12,1998,4,7,0.02831443
13,1998,4,7,0.02749605
14,1998,4,7,0.02693319
15,1998,4,7,0.0264932
16,1998,4,7,0.0262267
1,1999,4,7,0.01040152
2,1999,4,7,0.1421513
3,1999,4,7,0.3899869
4,1999,4,7,0.3204687
5,1999,4,7,0.1896528
6,1999,4,7,0.1169109
7,1999,4,7,0.08347503
8,1999,4,7,0.06702721
9,1999,4,7,0.05842035
10,1999,4,7,0.05319723
11,1999,4,7,0.05014393
12,1999,4,7,0.04819949
13,1999,4,7,0.04685712
14,1999,4,7,0.04593444
15,1999,4,7,0.04520878
16,1999,4,7,0.04477149
1,2000,4,7,0.00764488
2,2000,4,7,0.1069897
3,2000,4,7,0.2749739
4,2000,4,7,0.2225204
5,2000,4,7,0.1298728
6,2000,4,7,0.08003995
7,2000,4,7,0.05732667
8,2000,4,7,0.04618311
9,2000,4,7,0.04036366
10,2000,4,7,0.03683015
11,2000,4,7,0.03477012
12,2000,4,7,0.03345951
13,2000,4,7,0.03255471
14,2000,4,7,0.03193305
15,2000,4,7,0.03144149
16,2000,4,7,0.03114629
1,2001,4,7,0.00816703
2,2001,4,7,0.1144871
3,2001,4,7,0.2983316
4,2001,4,7,0.2421252
5,2001,4,7,0.1415858
6,2001,4,7,0.08715893
7,2001,4,7,0.06231865
8,2001,4,7,0.05012723
9,2001,4,7,0.04375639
10,2001,4,7,0.03988826
11,2001,4,7,0.0376303
12,2001,4,7,0.0361925
13,2001,4,7,0.03519996
14,2001,4,7,0.03451774
15,2001,4,7,0.03397898
16,2001,4,7,0.03365423
1,2002,4,7,0.01092031
2,2002,4,7,0.127664
3,2002,4,7,0.4404465
4,2002,4,7,0.379993
5,2002,4,7,0.2357532
6,2002,4,7,0.1467482
7,2002,4,7,0.1047292
8,2002,4,7,0.08387844
9,2002,4,7,0.07292672
10,2002,4,7,0.06629372
11,2002,4,7,0.06240799
12,2002,4,7,0.0599393
13,2002,4,7,0.05823406
14,2002,4,7,0.05706351
15,2002,4,7,0.05615531
16,2002,4,7,0.05561521
1,2003,4,7,0.01026798
2,2003,4,7,0.1404905
3,2003,4,7,0.3340449
4,2003,4,7,0.2659516
5,2003,4,7,0.1538511
6,2003,4,7,0.0957466
7,2003,4,7,0.06944684
8,2003,4,7,0.05656472
9,2003,4,7,0.04986826
10,2003,4,7,0.04580179
11,2003,4,7,0.04345369
12,2003,4,7,0.04197073
13,2003,4,7,0.0409462
14,2003,4,7,0.04024474
15,2003,4,7,0.03968543
16,2003,4,7,0.03936002
1,2004,4,7,0.01333954
2,2004,4,7,0.1866446
3,2004,4,7,0.383402
4,2004,4,7,0.2930947
5,2004,4,7,0.163733
6,2004,4,7,0.1026444
7,2004,4,7,0.07565883
8,2004,4,7,0.06253795
9,2004,4,7,0.05577662
10,2004,4,7,0.0516652
11,2004,4,7,0.0493266
12,2004,4,7,0.04786321
13,2004,4,7,0.04685149
14,2004,4,7,0.04616181
15,2004,4,7,0.04560045
16,2004,4,7,0.04528621
1,2005,4,7,0.01884988
2,2005,4,7,0.2678684
3,2005,4,7,0.534674
4,2005,4,7,0.4046815
5,2005,4,7,0.223596
6,2005,4,7,0.140004
7,2005,4,7,0.1033475
8,2005,4,7,0.08556871
9,2005,4,7,0.07642201
10,2005,4,7,0.07085703
11,2005,4,7,0.06769776
12,2005,4,7,0.0657216
13,2005,4,7,0.06435545
14,2005,4,7,0.06342428
15,2005,4,7,0.06266262
16,2005,4,7,0.06223651
1,2006,4,7,0.01194946
2,2006,4,7,0.1687509
3,2006,4,7,0.3564072
4,2006,4,7,0.2744186
5,2006,4,7,0.1539449
6,2006,4,7,0.09605522
7,2006,4,7,0.07038619
8,2006,4,7,0.05789377
9,2006,4,7,0.0514401
10,2006,4,7,0.04751607
11,2006,4,7,0.04527218
12,2006,4,7,0.04386225
13,2006,4,7,0.04288788
14,2006,4,7,0.04222233
15,2006,4,7,0.04168329
16,2006,4,7,0.04137598
1,2007,4,7,0.008248672
2,2007,4,7,0.1154289
3,2007,4,7,0.3002465
4,2007,4,7,0.2436128
5,2007,4,7,0.1424587
6,2007,4,7,0.08773368
7,2007,4,7,0.06275845
8,2007,4,7,0.05050066
9,2007,4,7,0.04409598
10,2007,4,7,0.04020736
11,2007,4,7,0.03793815
12,2007,4,7,0.03649356
13,2007,4,7,0.03549632
14,2007,4,7,0.03481095
15,2007,4,7,0.03426961
16,2007,4,7,0.03394368
1,2008,4,7,0.0126209
2,2008,4,7,0.1685031
3,2008,4,7,0.4255929
4,2008,4,7,0.3442129
5,2008,4,7,0.2020751
6,2008,4,7,0.125794
7,2008,4,7,0.09094734
8,2008,4,7,0.0738289
9,2008,4,7,0.0649101
10,2008,4,7,0.05949736
11,2008,4,7,0.05636219
12,2008,4,7,0.05437976
13,2008,4,7,0.0530102
14,2008,4,7,0.05207203
15,2008,4,7,0.05132853
16,2008,4,7,0.05089412
1,2009,4,7,0.007357453
2,2009,4,7,0.1042705
3,2009,4,7,0.2244223
4,2009,4,7,0.1736588
5,2009,4,7,0.09775459
6,2009,4,7,0.0608488
7,2009,4,7,0.04443928
8,2009,4,7,0.03644727
9,2009,4,7,0.03231243
10,2009,4,7,0.02979857
11,2009,4,7,0.02835681
12,2009,4,7,0.02744893
13,2009,4,7,0.02682164
14,2009,4,7,0.02639272
15,2009,4,7,0.02604639
16,2009,4,7,0.02584708
1,2010,4,7,0.01075422
2,2010,4,7,0.1427903
3,2010,4,7,0.4530829
4,2010,4,7,0.3830926
5,2010,4,7,0.2318106
6,2010,4,7,0.142381
7,2010,4,7,0.1007144
8,2010,4,7,0.08013595
9,2010,4,7,0.06932145
10,2010,4,7,0.06276337
11,2010,4,7,0.05890303
12,2010,4,7,0.05643501
13,2010,4,7,0.05473166
14,2010,4,7,0.05355877
15,2010,4,7,0.05264525
16,2010,4,7,0.05208603
1,2011,4,7,0.01285238
2,2011,4,7,0.1796797
3,2011,4,7,0.4220645
4,2011,4,7,0.334492
5,2011,4,7,0.1922369
6,2011,4,7,0.1192149
7,2011,4,7,0.08628308
8,2011,4,7,0.07017446
9,2011,4,7,0.06179986
10,2011,4,7,0.05671247
11,2011,4,7,0.05377095
12,2011,4,7,0.05190983
13,2011,4,7,0.05062436
14,2011,4,7,0.04974345
15,2011,4,7,0.04904028
16,2011,4,7,0.04862766
1,2012,4,7,0.007040552
2,2012,4,7,0.0939023
3,2012,4,7,0.2124735
4,2012,4,7,0.1674426
5,2012,4,7,0.09652244
6,2012,4,7,0.06064427
7,2012,4,7,0.04446604
8,2012,4,7,0.03654655
9,2012,4,7,0.03244584
10,2012,4,7,0.02995592
11,2012,4,7,0.02853084
12,2012,4,7,0.02763737
13,2012,4,7,0.02701963
14,2012,4,7,0.02659819
15,2012,4,7,0.02625991
16,2012,4,7,0.02606948
1,2013,4,7,0.01196754
2,2013,4,7,0.1614286
3,2013,4,7,0.3977926
4,2013,4,7,0.3197101
5,2013,4,7,0.1865963
6,2013,4,7,0.1161417
7,2013,4,7,0.08407346
8,2013,4,7,0.068338
9,2013,4,7,0.06014696
10,2013,4,7,0.05517471
11,2013,4,7,0.05229811
12,2013,4,7,0.05048
13,2013,4,7,0.04922394
14,2013,4,7,0.0483637
15,2013,4,7,0.04768032
16,2013,4,7,0.04728167
1,2014,4,7,0.005783057
2,2014,4,7,0.08128155
3,2014,4,7,0.1698575
4,2014,4,7,0.1304426
5,2014,4,7,0.07308148
6,2014,4,7,0.04569353
7,2014,4,7,0.03356479
8,2014,4,7,0.02766374
9,2014,4,7,0.02461824
10,2014,4,7,0.02276646
11,2014,4,7,0.02170982
12,2014,4,7,0.02104703
13,2014,4,7,0.02058891
14,2014,4,7,0.02027625
15,2014,4,7,0.02002255
16,2014,4,7,0.01987901
1,2015,4,7,0.002380037
2,2015,4,7,0.03187719
3,2015,4,7,0.135331
4,2015,4,7,0.119242
5,2015,4,7,0.07397288
6,2015,4,7,0.04482678
7,2015,4,7,0.03104049
8,2015,4,7,0.02420523
9,2015,4,7,0.02058785
10,2015,4,7,0.01839531
11,2015,4,7,0.01708754
12,2015,4,7,0.01624382
13,2015,4,7,0.01566199
14,2015,4,7,0.01525964
15,2015,4,7,0.01495031
16,2015,4,7,0.0147537
1,2016,4,7,0.005663016
2,2016,4,7,0.07591053
3,2016,4,7,0.2221424
4,2016,4,7,0.1850597
5,2016,4,7,0.1107891
6,2016,4,7,0.06825414
7,2016,4,7,0.04856624
8,2016,4,7,0.03886074
9,2016,4,7,0.03377251
10,2016,4,7,0.03068597
11,2016,4,7,0.02887671
12,2016,4,7,0.02772303
13,2016,4,7,0.02692662
14,2016,4,7,0.0263789
15,2016,4,7,0.02595012
16,2016,4,7,0.02569046
1,2017,4,7,0.006993546
2,2017,4,7,0.09758052
3,2017,4,7,0.273057
4,2017,4,7,0.224982
5,2017,4,7,0.1330697
6,2017,4,7,0.08165052
7,2017,4,7,0.0580104
8,2017,4,7,0.04638349
9,2017,4,7,0.04029117
10,2017,4,7,0.03659348
11,2017,4,7,0.03442483
12,2017,4,7,0.03303985
13,2017,4,7,0.03208401
14,2017,4,7,0.03142611
15,2017,4,7,0.03090959
16,2017,4,7,0.03059449
1,2018,4,7,0.005585721
2,2018,4,7,0.07871307
3,2018,4,7,0.1980408
4,2018,4,7,0.1594274
5,2018,4,7,0.09260792
6,2018,4,7,0.05707566
7,2018,4,7,0.04092808
8,2018,4,7,0.03301311
9,2018,4,7,0.02888281
10,2018,4,7,0.02637445
11,2018,4,7,0.0249136
12,2018,4,7,0.02398459
13,2018,4,7,0.02334322
14,2018,4,7,0.02290264
15,2018,4,7,0.02255359
16,2018,4,7,0.02234429
1,2019,4,7,0.003354861
2,2019,4,7,0.0461854
3,2019,4,7,0.1491861
4,2019,4,7,0.1262728
5,2019,4,7,0.07618652
6,2019,4,7,0.04651111
7,2019,4,7,0.03269983
8,2019,4,7,0.02588318
9,2019,4,7,0.02229595
10,2019,4,7,0.02012002
11,2019,4,7,0.01883451
12,2019,4,7,0.01800991
13,2019,4,7,0.01744101
14,2019,4,7,0.01704864
15,2019,4,7,0.01674342
16,2019,4,7,0.01655387
1,2020,4,7,0.009080119
2,2020,4,7,0.1269248
3,2020,4,7,0.3597827
4,2020,4,7,0.2971611
5,2020,4,7,0.1760278
6,2020,4,7,0.1079024
7,2020,4,7,0.07654947
8,2020,4,7,0.06112511
9,2020,4,7,0.05303876
10,2020,4,7,0.04813098
11,2020,4,7,0.04524973
12,2020,4,7,0.04340833
13,2020,4,7,0.04213759
14,2020,4,7,0.04126265
15,2020,4,7,0.0405764
16,2020,4,7,0.04015651
1,2021,4,7,0.006832435
2,2021,4,7,0.09259296
3,2021,4,7,0.3193642
4,2021,4,7,0.2733853
5,2021,4,7,0.1664139
6,2021,4,7,0.1015149
7,2021,4,7,0.07115467
8,2021,4,7,0.05614726
9,2021,4,7,0.04823853
10,2021,4,7,0.04344271
11,2021,4,7,0.04060341
12,2021,4,7,0.03878025
13,2021,4,7,0.0375225
14,2021,4,7,0.03665465
15,2021,4,7,0.03598181
16,2021,4,7,0.03556228
1,2022,4,7,0.006506901
2,2022,4,7,0.0915864
3,2022,4,7,0.226816
4,2022,4,7,0.1819471
5,2022,4,7,0.1054269
6,2022,4,7,0.06505596
7,2022,4,7,0.04674108
8,2022,4,7,0.03776805
9,2022,4,7,0.03308928
10,2022,4,7,0.03024765
11,2022,4,7,0.02859514
12,2022,4,7,0.02754531
13,2022,4,7,0.02682047
14,2022,4,7,0.02632278
15,2022,4,7,0.02592785
16,2022,4,7,0.02569205
1,2023,4,7,0.001398133
2,2023,4,7,0.01977293
3,2023,4,7,0.04713113
4,2023,4,7,0.0374539
5,2023,4,7,0.02153442
6,2023,4,7,0.01330938
7,2023,4,7,0.009597055
8,2023,4,7,0.007781065
9,2023,4,7,0.00683583
10,2023,4,7,0.006261582
11,2023,4,7,0.005928625
12,2023,4,7,0.005717467
13,2023,4,7,0.005571657
14,2023,4,7,0.005471623
15,2023,4,7,0.005391921
16,2023,4,7,0.00534467
1,2024,4,7,0.003708547
2,2024,4,7,0.04995343
3,2024,4,7,0.2156832
4,2024,4,7,0.1903847
5,2024,4,7,0.1181892
6,2024,4,7,0.0715391
7,2024,4,7,0.04946318
8,2024,4,7,0.03851704
9,2024,4,7,0.03272181
10,2024,4,7,0.02920923
11,2024,4,7,0.02711238
12,2024,4,7,0.0257587
13,2024,4,7,0.02482528
14,2024,4,7,0.0241796
15,2024,4,7,0.02368348
16,2024,4,7,0.0233673
1,1972,1,8,5.439967e-06
2,1972,1,8,5.396611e-05
3,1972,1,8,0.0001956444
4,1972,1,8,0.0001829365
5,1972,1,8,0.0001330804
6,1972,1,8,9.309048e-05
7,1972,1,8,7.068937e-05
8,1972,1,8,5.816712e-05
9,1972,1,8,5.098633e-05
10,1972,1,8,4.635553e-05
11,1972,1,8,4.347679e-05
12,1972,1,8,4.155682e-05
13,1972,1,8,4.020419e-05
14,1972,1,8,3.925236e-05
15,1972,1,8,3.851397e-05
16,1972,1,8,3.803263e-05
1,1973,1,8,5.162625e-06
2,1973,1,8,5.121479e-05
3,1973,1,8,0.00018567
4,1973,1,8,0.0001736099
5,1973,1,8,0.0001262957
6,1973,1,8,8.834451e-05
7,1973,1,8,6.708546e-05
8,1973,1,8,5.520163e-05
9,1973,1,8,4.838692e-05
10,1973,1,8,4.399222e-05
11,1973,1,8,4.126024e-05
12,1973,1,8,3.943816e-05
13,1973,1,8,3.815449e-05
14,1973,1,8,3.725118e-05
15,1973,1,8,3.655044e-05
16,1973,1,8,3.609363e-05
1,1974,1,8,2.278154e-06
2,1974,1,8,2.259997e-05
3,1974,1,8,8.193213e-05
4,1974,1,8,7.661028e-05
5,1974,1,8,5.573153e-05
6,1974,1,8,3.89845e-05
7,1974,1,8,2.960335e-05
8,1974,1,8,2.435927e-05
9,1974,1,8,2.135209e-05
10,1974,1,8,1.941281e-05
11,1974,1,8,1.820724e-05
12,1974,1,8,1.74032e-05
13,1974,1,8,1.683674e-05
14,1974,1,8,1.643813e-05
15,1974,1,8,1.612891e-05
16,1974,1,8,1.592733e-05
1,1975,1,8,0.0001005711
2,1975,1,8,0.0009976963
3,1975,1,8,0.003616971
4,1975,1,8,0.003382033
5,1975,1,8,0.00246032
6,1975,1,8,0.001721007
7,1975,1,8,0.001306867
8,1975,1,8,0.001075362
9,1975,1,8,0.0009426074
10,1975,1,8,0.0008569958
11,1975,1,8,0.0008037751
12,1975,1,8,0.0007682799
13,1975,1,8,0.0007432731
14,1975,1,8,0.0007256761
15,1975,1,8,0.0007120252
16,1975,1,8,0.0007031264
1,1976,1,8,0.0001950002
2,1976,1,8,0.001934461
3,1976,1,8,0.007013044
4,1976,1,8,0.006557516
5,1976,1,8,0.004770383
6,1976,1,8,0.003336908
7,1976,1,8,0.002533921
8,1976,1,8,0.00208505
9,1976,1,8,0.001827648
10,1976,1,8,0.001661653
11,1976,1,8,0.001558462
12,1976,1,8,0.00148964
13,1976,1,8,0.001441153
14,1976,1,8,0.001407034
15,1976,1,8,0.001380566
16,1976,1,8,0.001363312
1,1977,1,8,0.0003002096
2,1977,1,8,0.00297817
3,1977,1,8,0.01079682
4,1977,1,8,0.01009552
5,1977,1,8,0.007344169
6,1977,1,8,0.005137285
7,1977,1,8,0.003901059
8,1977,1,8,0.003210006
9,1977,1,8,0.002813728
10,1977,1,8,0.002558173
11,1977,1,8,0.002399307
12,1977,1,8,0.002293352
13,1977,1,8,0.002218705
14,1977,1,8,0.002166178
15,1977,1,8,0.002125429
16,1977,1,8,0.002098866
1,1978,1,8,0.0006311949
2,1978,1,8,0.006261644
3,1978,1,8,0.02270047
4,1978,1,8,0.02122597
5,1978,1,8,0.01544122
6,1978,1,8,0.01080121
7,1978,1,8,0.008202029
8,1978,1,8,0.006749083
9,1978,1,8,0.005915901
10,1978,1,8,0.005378594
11,1978,1,8,0.005044576
12,1978,1,8,0.004821804
13,1978,1,8,0.004664859
14,1978,1,8,0.004554418
15,1978,1,8,0.004468744
16,1978,1,8,0.004412894
1,1979,1,8,9.511536e-05
2,1979,1,8,0.0009435734
3,1979,1,8,0.003420758
4,1979,1,8,0.003198564
5,1979,1,8,0.002326853
6,1979,1,8,0.001627646
7,1979,1,8,0.001235972
8,1979,1,8,0.001017026
9,1979,1,8,0.0008914729
10,1979,1,8,0.0008105056
11,1979,1,8,0.000760172
12,1979,1,8,0.0007266023
13,1979,1,8,0.000702952
14,1979,1,8,0.0006863097
15,1979,1,8,0.0006733993
16,1979,1,8,0.0006649833
1,1980,1,8,0.00025882
2,1980,1,8,0.002567573
3,1980,1,8,0.009308275
4,1980,1,8,0.008703661
5,1980,1,8,0.006331635
6,1980,1,8,0.004429012
7,1980,1,8,0.003363223
8,1980,1,8,0.002767446
9,1980,1,8,0.002425801
10,1980,1,8,0.00220548
11,1980,1,8,0.002068516
12,1980,1,8,0.001977169
13,1980,1,8,0.001912814
14,1980,1,8,0.001867529
15,1980,1,8,0.001832398
16,1980,1,8,0.001809497
1,1981,1,8,0.0005364479
2,1981,1,8,0.005321725
3,1981,1,8,0.01929296
4,1981,1,8,0.0180398
5,1981,1,8,0.01312338
6,1981,1,8,0.009179871
7,1981,1,8,0.006970845
8,1981,1,8,0.005735996
9,1981,1,8,0.005027881
10,1981,1,8,0.004571228
11,1981,1,8,0.004287348
12,1981,1,8,0.004098016
13,1981,1,8,0.003964629
14,1981,1,8,0.003870767
15,1981,1,8,0.003797952
16,1981,1,8,0.003750486
1,1982,1,8,0.0003333856
2,1982,1,8,0.003709382
3,1982,1,8,0.01175541
4,1982,1,8,0.01072407
5,1982,1,8,0.007630329
6,1982,1,8,0.00530512
7,1982,1,8,0.004022401
8,1982,1,8,0.003309659
9,1982,1,8,0.002902321
10,1982,1,8,0.002640022
11,1982,1,8,0.002477298
12,1982,1,8,0.002368882
13,1982,1,8,0.00229255
14,1982,1,8,0.002238863
15,1982,1,8,0.002197141
16,1982,1,8,0.002169972
1,1983,1,8,0.0006686131
2,1983,1,8,0.008698953
3,1983,1,8,0.02286672
4,1983,1,8,0.02004627
5,1983,1,8,0.01375888
6,1983,1,8,0.009470062
7,1983,1,8,0.007155139
8,1983,1,8,0.005879659
9,1983,1,8,0.005154333
10,1983,1,8,0.004688706
11,1983,1,8,0.004400817
12,1983,1,8,0.004209384
13,1983,1,8,0.00407485
14,1983,1,8,0.00398034
15,1983,1,8,0.003906728
16,1983,1,8,0.003858804
1,1984,1,8,0.0003880547
2,1984,1,8,0.006393698
3,1984,1,8,0.01262142
4,1984,1,8,0.01034331
5,1984,1,8,0.00676009
6,1984,1,8,0.004592446
7,1984,1,8,0.003421515
8,1984,1,8,0.002773749
9,1984,1,8,0.002405256
10,1984,1,8,0.002170867
11,1984,1,8,0.002026381
12,1984,1,8,0.001930722
13,1984,1,8,0.001864127
14,1984,1,8,0.001817544
15,1984,1,8,0.001781439
16,1984,1,8,0.001757591
1,1985,1,8,0.0003152835
2,1985,1,8,0.003394145
3,1985,1,8,0.01120918
4,1985,1,8,0.01034418
5,1985,1,8,0.007466328
6,1985,1,8,0.005213042
7,1985,1,8,0.003949871
8,1985,1,8,0.0032431
9,1985,1,8,0.002837731
10,1985,1,8,0.002576708
11,1985,1,8,0.00241451
12,1985,1,8,0.002306407
13,1985,1,8,0.002230363
14,1985,1,8,0.002176889
15,1985,1,8,0.002135443
16,1985,1,8,0.002108359
1,1986,1,8,9.388502e-05
2,1986,1,8,0.0009534538
3,1986,1,8,0.003507213
4,1986,1,8,0.003491435
5,1986,1,8,0.002836236
6,1986,1,8,0.00204784
7,1986,1,8,0.001528587
8,1986,1,8,0.001218941
9,1986,1,8,0.001035916
10,1986,1,8,0.0009186763
11,1986,1,8,0.0008449463
12,1986,1,8,0.0007957777
13,1986,1,8,0.0007616143
14,1986,1,8,0.0007376774
15,1986,1,8,0.0007195852
16,1986,1,8,0.0007073197
1,1987,1,8,0.0002802104
2,1987,1,8,0.002801288
3,1987,1,8,0.01015782
4,1987,1,8,0.009630236
5,1987,1,8,0.007194129
6,1987,1,8,0.005073034
7,1987,1,8,0.003835055
8,1987,1,8,0.003130572
9,1987,1,8,0.002723087
10,1987,1,8,0.002460824
11,1987,1,8,0.002297246
12,1987,1,8,0.002188154
13,1987,1,8,0.002111606
14,1987,1,8,0.002057807
15,1987,1,8,0.00201638
16,1987,1,8,0.00198907
1,1988,1,8,0.0002824842
2,1988,1,8,0.002838698
3,1988,1,8,0.01029603
4,1988,1,8,0.009852395
5,1988,1,8,0.007488044
6,1988,1,8,0.005307204
7,1988,1,8,0.004000802
8,1988,1,8,0.003249333
9,1988,1,8,0.002812445
10,1988,1,8,0.002531584
11,1988,1,8,0.002356064
12,1988,1,8,0.00223901
13,1988,1,8,0.00215707
14,1988,1,8,0.002099525
15,1988,1,8,0.002055406
16,1988,1,8,0.002026128
1,1989,1,8,9.579685e-05
2,1989,1,8,0.001007359
3,1989,1,8,0.003422683
4,1989,1,8,0.003179255
5,1989,1,8,0.002311285
6,1989,1,8,0.001617053
7,1989,1,8,0.001225119
8,1989,1,8,0.001005178
9,1989,1,8,0.0008788377
10,1989,1,8,0.0007974749
11,1989,1,8,0.0007468786
12,1989,1,8,0.0007131494
13,1989,1,8,0.0006894289
14,1989,1,8,0.0006727486
15,1989,1,8,0.000659834
16,1989,1,8,0.0006513841
1,1990,1,8,0.0005201834
2,1990,1,8,0.007451163
3,1990,1,8,0.01828459
4,1990,1,8,0.01701297
5,1990,1,8,0.01334548
6,1990,1,8,0.009568436
7,1990,1,8,0.007065002
8,1990,1,8,0.005565331
9,1990,1,8,0.004678011
10,1990,1,8,0.004112889
11,1990,1,8,0.003757983
12,1990,1,8,0.003521911
13,1990,1,8,0.003358882
14,1990,1,8,0.003244965
15,1990,1,8,0.003159229
16,1990,1,8,0.003100494
1,1991,1,8,8.124952e-05
2,1991,1,8,0.0008056171
3,1991,1,8,0.0029592
4,1991,1,8,0.002825495
5,1991,1,8,0.002134156
6,1991,1,8,0.001509749
7,1991,1,8,0.00113974
8,1991,1,8,0.0009278615
9,1991,1,8,0.0008049376
10,1991,1,8,0.0007258631
11,1991,1,8,0.0006764833
12,1991,1,8,0.0006435494
13,1991,1,8,0.0006204688
14,1991,1,8,0.0006042534
15,1991,1,8,0.0005917978
16,1991,1,8,0.0005835567
1,1992,1,8,0.001045164
2,1992,1,8,0.01639777
3,1992,1,8,0.0361671
4,1992,1,8,0.03311216
5,1992,1,8,0.02598507
6,1992,1,8,0.01865012
7,1992,1,8,0.01368927
8,1992,1,8,0.01069424
9,1992,1,8,0.008916622
10,1992,1,8,0.007787297
11,1992,1,8,0.007077638
12,1992,1,8,0.006605997
13,1992,1,8,0.006281356
14,1992,1,8,0.006054809
15,1992,1,8,0.005884975
16,1992,1,8,0.005767786
1,1993,1,8,0.002547821
2,1993,1,8,0.04266073
3,1993,1,8,0.08384956
4,1993,1,8,0.07055354
5,1993,1,8,0.0489552
6,1993,1,8,0.03392585
7,1993,1,8,0.02506841
8,1993,1,8,0.01998037
9,1993,1,8,0.01703126
10,1993,1,8,0.01515879
11,1993,1,8,0.01399504
12,1993,1,8,0.01322369
13,1993,1,8,0.01269014
14,1993,1,8,0.01231754
15,1993,1,8,0.01203321
16,1993,1,8,0.01184131
1,1994,1,8,0.001183916
2,1994,1,8,0.01997583
3,1994,1,8,0.03903673
4,1994,1,8,0.03300885
5,1994,1,8,0.02319282
6,1994,1,8,0.01613756
7,1994,1,8,0.01190005
8,1994,1,8,0.009447168
9,1994,1,8,0.008020235
10,1994,1,8,0.007114693
11,1994,1,8,0.006551032
12,1994,1,8,0.006177379
13,1994,1,8,0.005919278
14,1994,1,8,0.00573911
15,1994,1,8,0.005602047
16,1994,1,8,0.005509133
1,1995,1,8,0.0007720151
2,1995,1,8,0.00981126
3,1995,1,8,0.02849027
4,1995,1,8,0.02833446
5,1995,1,8,0.02391457
6,1995,1,8,0.01746108
7,1995,1,8,0.0128661
8,1995,1,8,0.01004982
9,1995,1,8,0.008365849
10,1995,1,8,0.007292567
11,1995,1,8,0.006615204
12,1995,1,8,0.006164025
13,1995,1,8,0.005852958
14,1995,1,8,0.005635618
15,1995,1,8,0.005473256
16,1995,1,8,0.00536104
1,1996,1,8,0.0005057903
2,1996,1,8,0.007715428
3,1996,1,8,0.01690934
4,1996,1,8,0.01447666
5,1996,1,8,0.01000675
6,1996,1,8,0.006916674
7,1996,1,8,0.005158027
8,1996,1,8,0.004163786
9,1996,1,8,0.003591609
10,1996,1,8,0.003226784
11,1996,1,8,0.003000475
12,1996,1,8,0.002850287
13,1996,1,8,0.002745767
14,1996,1,8,0.002672609
15,1996,1,8,0.00261634
16,1996,1,8,0.002578886
1,1997,1,8,0.001102318
2,1997,1,8,0.01920563
3,1997,1,8,0.03481224
4,1997,1,8,0.0270319
5,1997,1,8,0.01613042
6,1997,1,8,0.01061489
7,1997,1,8,0.007936309
8,1997,1,8,0.006528407
9,1997,1,8,0.005749696
10,1997,1,8,0.005255429
11,1997,1,8,0.004955115
12,1997,1,8,0.004757119
13,1997,1,8,0.004618594
14,1997,1,8,0.004521674
15,1997,1,8,0.004444939
16,1997,1,8,0.004395529
1,1998,1,8,0.002088157
2,1998,1,8,0.04280002
3,1998,1,8,0.06268217
4,1998,1,8,0.04463984
5,1998,1,8,0.02407039
6,1998,1,8,0.01527461
7,1998,1,8,0.01117878
8,1998,1,8,0.009061618
9,1998,1,8,0.007905293
10,1998,1,8,0.00718333
11,1998,1,8,0.006750141
12,1998,1,8,0.006467359
13,1998,1,8,0.006272318
14,1998,1,8,0.006136905
15,1998,1,8,0.006029349
16,1998,1,8,0.005959271
1,1999,1,8,0.0003950212
2,1999,1,8,0.007987754
3,1999,1,8,0.01182802
4,1999,1,8,0.008342178
5,1999,1,8,0.004326841
6,1999,1,8,0.002697166
7,1999,1,8,0.001987247
8,1999,1,8,0.001634584
9,1999,1,8,0.001446496
10,1999,1,8,0.001329086
11,1999,1,8,0.001259525
12,1999,1,8,0.001214261
13,1999,1,8,0.001182843
14,1999,1,8,0.001161008
15,1999,1,8,0.001143303
16,1999,1,8,0.001132067
1,2000,1,8,0.001764044
2,2000,1,8,0.0360943
3,2000,1,8,0.05268732
4,2000,1,8,0.03702728
5,2000,1,8,0.01922026
6,2000,1,8,0.01199138
7,2000,1,8,0.008806759
8,2000,1,8,0.007212811
9,2000,1,8,0.00635899
10,2000,1,8,0.005826745
11,2000,1,8,0.005510841
12,2000,1,8,0.005305314
13,2000,1,8,0.005163046
14,2000,1,8,0.005064265
15,2000,1,8,0.004984517
16,2000,1,8,0.00493355
1,2001,1,8,0.001085656
2,2001,1,8,0.0206007
3,2001,1,8,0.03376554
4,2001,1,8,0.0257449
5,2001,1,8,0.01551565
6,2001,1,8,0.01027099
7,2001,1,8,0.007567259
8,2001,1,8,0.006098741
9,2001,1,8,0.005272778
10,2001,1,8,0.004752021
11,2001,1,8,0.004433749
12,2001,1,8,0.004224206
13,2001,1,8,0.00407926
14,2001,1,8,0.003978257
15,2001,1,8,0.003899617
16,2001,1,8,0.003847551
1,2002,1,8,0.005502396
2,2002,1,8,0.1080001
3,2002,1,8,0.1701954
4,2002,1,8,0.1290415
5,2002,1,8,0.07852516
6,2002,1,8,0.05221783
7,2002,1,8,0.03821065
8,2002,1,8,0.03047822
9,2002,1,8,0.02609366
10,2002,1,8,0.02333606
11,2002,1,8,0.02164547
12,2002,1,8,0.02053275
13,2002,1,8,0.01976666
14,2002,1,8,0.01923366
15,2002,1,8,0.01882195
16,2002,1,8,0.01854595
1,2003,1,8,3.686538e-05
2,2003,1,8,0.0006090124
3,2003,1,8,0.001226571
4,2003,1,8,0.001052247
5,2003,1,8,0.0007527951
6,2003,1,8,0.000526526
7,2003,1,8,0.0003883666
8,2003,1,8,0.0003079071
9,2003,1,8,0.0002609575
10,2003,1,8,0.0002311431
11,2003,1,8,0.0002125546
12,2003,1,8,0.0002002243
13,2003,1,8,0.0001917074
14,2003,1,8,0.0001857611
15,2003,1,8,0.0001812462
16,2003,1,8,0.0001781798
1,2004,1,8,0.002500154
2,2004,1,8,0.04728614
3,2004,1,8,0.07749736
4,2004,1,8,0.05859149
5,2004,1,8,0.03454145
6,2004,1,8,0.02267262
7,2004,1,8,0.01674849
8,2004,1,8,0.01358203
9,2004,1,8,0.01181646
10,2004,1,8,0.01070323
11,2004,1,8,0.01002575
12,2004,1,8,0.009580144
13,2004,1,8,0.009271203
14,2004,1,8,0.009055831
15,2004,1,8,0.008886947
16,2004,1,8,0.008776157
1,2005,1,8,0.001199097
2,2005,1,8,0.0240672
3,2005,1,8,0.03626889
4,2005,1,8,0.02619375
5,2005,1,8,0.0143973
6,2005,1,8,0.009204056
7,2005,1,8,0.006759878
8,2005,1,8,0.005490284
9,2005,1,8,0.004794547
10,2005,1,8,0.004358892
11,2005,1,8,0.004096749
12,2005,1,8,0.003925294
13,2005,1,8,0.003806765
14,2005,1,8,0.003724361
15,2005,1,8,0.003659012
16,2005,1,8,0.003616472
1,2006,1,8,0.000436574
2,2006,1,8,0.007245647
3,2006,1,8,0.01415094
4,2006,1,8,0.01152788
5,2006,1,8,0.007465771
6,2006,1,8,0.00505662
7,2006,1,8,0.003768225
8,2006,1,8,0.003058654
9,2006,1,8,0.00265596
10,2006,1,8,0.002399876
11,2006,1,8,0.002242208
12,2006,1,8,0.00213786
13,2006,1,8,0.002065191
14,2006,1,8,0.002014359
15,2006,1,8,0.001974892
16,2006,1,8,0.001948877
1,2007,1,8,0.000557306
2,2007,1,8,0.01147293
3,2007,1,8,0.0166647
4,2007,1,8,0.01176457
5,2007,1,8,0.006219126
6,2007,1,8,0.003913082
7,2007,1,8,0.00286496
8,2007,1,8,0.002330426
9,2007,1,8,0.002040844
10,2007,1,8,0.001860291
11,2007,1,8,0.001752473
12,2007,1,8,0.001682215
13,2007,1,8,0.001633723
14,2007,1,8,0.001600068
15,2007,1,8,0.001573163
16,2007,1,8,0.001555754
1,2008,1,8,0.001074836
2,2008,1,8,0.02158928
3,2008,1,8,0.0325556
4,2008,1,8,0.02359707
5,2008,1,8,0.01310037
6,2008,1,8,0.008410357
7,2008,1,8,0.006170758
8,2008,1,8,0.004998215
9,2008,1,8,0.004352733
10,2008,1,8,0.003948446
11,2008,1,8,0.003704588
12,2008,1,8,0.003544981
13,2008,1,8,0.003434748
14,2008,1,8,0.003358117
15,2008,1,8,0.003297574
16,2008,1,8,0.003257982
1,2009,1,8,0.002622443
2,2009,1,8,0.05370097
3,2009,1,8,0.07853037
4,2009,1,8,0.05557127
5,2009,1,8,0.02942716
6,2009,1,8,0.01852567
7,2009,1,8,0.01358064
8,2009,1,8,0.0110623
9,2009,1,8,0.009698969
10,2009,1,8,0.008848364
11,2009,1,8,0.008340482
12,2009,1,8,0.00800944
13,2009,1,8,0.00778074
14,2009,1,8,0.007621952
15,2009,1,8,0.007494897
16,2009,1,8,0.007412834
1,2010,1,8,0.003593747
2,2010,1,8,0.06974723
3,2010,1,8,0.1113684
4,2010,1,8,0.08460563
5,2010,1,8,0.05132468
6,2010,1,8,0.03407996
7,2010,1,8,0.02499522
8,2010,1,8,0.02000647
9,2010,1,8,0.01718504
10,2010,1,8,0.01540912
11,2010,1,8,0.01432143
12,2010,1,8,0.01360546
13,2010,1,8,0.01311177
14,2010,1,8,0.01276812
15,2010,1,8,0.01250199
16,2010,1,8,0.01232429
1,2011,1,8,0.001907689
2,2011,1,8,0.03952049
3,2011,1,8,0.05661829
4,2011,1,8,0.03926328
5,2011,1,8,0.01985119
6,2011,1,8,0.01224082
7,2011,1,8,0.008978115
8,2011,1,8,0.007371171
9,2011,1,8,0.006519373
10,2011,1,8,0.005989992
11,2011,1,8,0.005677948
12,2011,1,8,0.005475551
13,2011,1,8,0.005335505
14,2011,1,8,0.005238376
15,2011,1,8,0.005159313
16,2011,1,8,0.005109159
1,2012,1,8,0.003124781
2,2012,1,8,0.05723668
3,2012,1,8,0.1009038
4,2012,1,8,0.08292343
5,2012,1,8,0.0573137
6,2012,1,8,0.03973216
7,2012,1,8,0.02907591
8,2012,1,8,0.02287635
9,2012,1,8,0.01926359
10,2012,1,8,0.01697953
11,2012,1,8,0.01555843
12,2012,1,8,0.01461791
13,2012,1,8,0.01397107
14,2012,1,8,0.0135204
15,2012,1,8,0.01317879
16,2012,1,8,0.01294535
1,2013,1,8,0.001119273
2,2013,1,8,0.02292033
3,2013,1,8,0.03355068
4,2013,1,8,0.02380244
5,2013,1,8,0.01269271
6,2013,1,8,0.008015317
7,2013,1,8,0.005872501
8,2013,1,8,0.00477502
9,2013,1,8,0.004178863
10,2013,1,8,0.003806792
11,2013,1,8,0.003584209
12,2013,1,8,0.003439039
13,2013,1,8,0.003338808
14,2013,1,8,0.003269216
15,2013,1,8,0.003213688
16,2013,1,8,0.003177706
1,2014,1,8,0.00426224
2,2014,1,8,0.08078227
3,2014,1,8,0.1343691
4,2014,1,8,0.1055919
5,2014,1,8,0.06797037
6,2014,1,8,0.04606804
7,2014,1,8,0.03375369
8,2014,1,8,0.02679795
9,2014,1,8,0.02280477
10,2014,1,8,0.02028562
11,2014,1,8,0.01873036
12,2014,1,8,0.01770376
13,2014,1,8,0.0169968
14,2014,1,8,0.01650445
15,2014,1,8,0.01612728
16,2014,1,8,0.01587248
1,2015,1,8,0.00442281
2,2015,1,8,0.0784129
3,2015,1,8,0.1456638
4,2015,1,8,0.1238583
5,2015,1,8,0.08977598
6,2015,1,8,0.06310688
7,2015,1,8,0.04616864
8,2015,1,8,0.03614735
9,2015,1,8,0.03025896
10,2015,1,8,0.026531
11,2015,1,8,0.02420163
12,2015,1,8,0.02265762
13,2015,1,8,0.02159624
14,2015,1,8,0.0208565
15,2015,1,8,0.02029889
16,2015,1,8,0.01991562
1,2016,1,8,0.00259559
2,2016,1,8,0.05008688
3,2016,1,8,0.08118833
4,2016,1,8,0.06292438
5,2016,1,8,0.03975821
6,2016,1,8,0.02678548
7,2016,1,8,0.01959961
8,2016,1,8,0.01556453
9,2016,1,8,0.01325555
10,2016,1,8,0.01180084
11,2016,1,8,0.01090454
12,2016,1,8,0.0103135
13,2016,1,8,0.009906749
14,2016,1,8,0.009623623
15,2016,1,8,0.009406327
16,2016,1,8,0.009259695
1,2017,1,8,0.002923704
2,2017,1,8,0.06013751
3,2017,1,8,0.08755256
4,2017,1,8,0.06202542
5,2017,1,8,0.03307887
6,2017,1,8,0.02089375
7,2017,1,8,0.01529032
8,2017,1,8,0.01241361
9,2017,1,8,0.01084894
10,2017,1,8,0.009872872
11,2017,1,8,0.009288674
12,2017,1,8,0.008907689
13,2017,1,8,0.008644872
14,2017,1,8,0.008462453
15,2017,1,8,0.008317097
16,2017,1,8,0.008222694
1,2018,1,8,0.003760689
2,2018,1,8,0.0769492
3,2018,1,8,0.1130741
4,2018,1,8,0.08082849
5,2018,1,8,0.04395375
6,2018,1,8,0.02799188
7,2018,1,8,0.02048141
8,2018,1,8,0.01657724
9,2018,1,8,0.01443777
10,2018,1,8,0.01310126
11,2018,1,8,0.01229778
12,2018,1,8,0.01177291
13,2018,1,8,0.011411
14,2018,1,8,0.01115971
15,2018,1,8,0.01096064
16,2018,1,8,0.01083056
1,2019,1,8,0.004294516
2,2019,1,8,0.08101514
3,2019,1,8,0.1363237
4,2019,1,8,0.1086508
5,2019,1,8,0.0718145
6,2019,1,8,0.04910373
7,2019,1,8,0.03592502
8,2019,1,8,0.02838365
9,2019,1,8,0.02402571
10,2019,1,8,0.02127523
11,2019,1,8,0.01957161
12,2019,1,8,0.01844604
13,2019,1,8,0.01767178
14,2019,1,8,0.0171326
15,2019,1,8,0.0167216
16,2019,1,8,0.0164423
1,2020,1,8,0.003196151
2,2020,1,8,0.06190863
3,2020,1,8,0.09960978
4,2020,1,8,0.07662865
5,2020,1,8,0.04775103
6,2020,1,8,0.03201626
7,2020,1,8,0.02343833
8,2020,1,8,0.01865452
9,2020,1,8,0.01592689
10,2020,1,8,0.01420916
11,2020,1,8,0.01315277
12,2020,1,8,0.01245659
13,2020,1,8,0.01197727
14,2020,1,8,0.01164365
15,2020,1,8,0.01138692
16,2020,1,8,0.01121419
1,2021,1,8,0.002350367
2,2021,1,8,0.04835594
3,2021,1,8,0.0703378
4,2021,1,8,0.04975015
5,2021,1,8,0.02642244
6,2021,1,8,0.016659
7,2021,1,8,0.01219444
8,2021,1,8,0.009909694
9,2021,1,8,0.008669366
10,2021,1,8,0.0078958
11,2021,1,8,0.007433305
12,2021,1,8,0.007131799
13,2021,1,8,0.006923752
14,2021,1,8,0.006779351
15,2021,1,8,0.006664109
16,2021,1,8,0.006589398
1,2022,1,8,0.002614657
2,2022,1,8,0.05252772
3,2022,1,8,0.07963554
4,2022,1,8,0.05851226
5,2022,1,8,0.03362096
6,2022,1,8,0.02188841
7,2022,1,8,0.0160151
8,2022,1,8,0.01286422
9,2022,1,8,0.01110565
10,2022,1,8,0.01000311
11,2022,1,8,0.009333193
12,2022,1,8,0.008893775
13,2022,1,8,0.008591052
14,2022,1,8,0.00838063
15,2022,1,8,0.00821622
16,2022,1,8,0.008107271
1,2023,1,8,0.001310486
2,2023,1,8,0.02694525
3,2023,1,8,0.03926604
4,2023,1,8,0.02785563
5,2023,1,8,0.01490601
6,2023,1,8,0.009428948
7,2023,1,8,0.006899105
8,2023,1,8,0.005597108
9,2023,1,8,0.004887888
10,2023,1,8,0.004445379
11,2023,1,8,0.004180303
12,2023,1,8,0.004007383
13,2023,1,8,0.003888119
14,2023,1,8,0.003805336
15,2023,1,8,0.003739451
16,2023,1,8,0.003696604
1,2024,1,8,0.007764839
2,2024,1,8,0.1572343
3,2024,1,8,0.2351997
4,2024,1,8,0.1708224
5,2024,1,8,0.09595631
6,2024,1,8,0.06192066
7,2024,1,8,0.04530557
8,2024,1,8,0.03650216
9,2024,1,8,0.03162365
10,2024,1,8,0.02856933
11,2024,1,8,0.02672108
12,2024,1,8,0.02551065
13,2024,1,8,0.02467651
14,2024,1,8,0.02409692
15,2024,1,8,0.02364168
16,2024,1,8,0.02334162
1,1972,2,8,1.361883e-05
2,1972,2,8,0.0001351029
3,1972,2,8,0.0004897911
4,1972,2,8,0.000457977
5,1972,2,8,0.0003331637
6,1972,2,8,0.0002330498
7,1972,2,8,0.0001769691
8,1972,2,8,0.00014562
9,1972,2,8,0.000127643
10,1972,2,8,0.00011605
11,1972,2,8,0.0001088431
12,1972,2,8,0.0001040365
13,1972,2,8,0.0001006502
14,1972,2,8,9.826733e-05
15,1972,2,8,9.641879e-05
16,1972,2,8,9.521376e-05
1,1973,2,8,0
2,1973,2,8,0
3,1973,2,8,0
4,1973,2,8,0
5,1973,2,8,0
6,1973,2,8,0
7,1973,2,8,0
8,1973,2,8,0
9,1973,2,8,0
10,1973,2,8,0
11,1973,2,8,0
12,1973,2,8,0
13,1973,2,8,0
14,1973,2,8,0
15,1973,2,8,0
16,1973,2,8,0
1,1974,2,8,0.0001593604
2,1974,2,8,0.001580903
3,1974,2,8,0.005731281
4,1974,2,8,0.005359009
5,1974,2,8,0.003898508
6,1974,2,8,0.002727027
7,1974,2,8,0.002070801
8,1974,2,8,0.001703969
9,1974,2,8,0.001493612
10,1974,2,8,0.001357956
11,1974,2,8,0.001273625
12,1974,2,8,0.001217381
13,1974,2,8,0.001177756
14,1974,2,8,0.001149873
15,1974,2,8,0.001128242
16,1974,2,8,0.001114142
1,1975,2,8,9.963983e-06
2,1975,2,8,9.884605e-05
3,1975,2,8,0.000358351
4,1975,2,8,0.0003350743
5,1975,2,8,0.0002437551
6,1975,2,8,0.0001705076
7,1975,2,8,0.0001294768
8,1975,2,8,0.0001065405
9,1975,2,8,9.338795e-05
10,1975,2,8,8.490604e-05
11,1975,2,8,7.963323e-05
12,1975,2,8,7.611657e-05
13,1975,2,8,7.363904e-05
14,1975,2,8,7.189563e-05
15,1975,2,8,7.054318e-05
16,1975,2,8,6.966154e-05
1,1976,2,8,2.832066e-05
2,1976,2,8,0.0002809498
3,1976,2,8,0.001018535
4,1976,2,8,0.0009523768
5,1976,2,8,0.000692823
6,1976,2,8,0.000484633
7,1976,2,8,0.0003680116
8,1976,2,8,0.0003028202
9,1976,2,8,0.0002654367
10,1976,2,8,0.0002413286
11,1976,2,8,0.0002263417
12,1976,2,8,0.0002163463
13,1976,2,8,0.0002093044
14,1976,2,8,0.0002043492
15,1976,2,8,0.0002005051
16,1976,2,8,0.0001979992
1,1977,2,8,2.649919e-05
2,1977,2,8,0.0002628803
3,1977,2,8,0.0009530275
4,1977,2,8,0.000891124
5,1977,2,8,0.0006482636
6,1977,2,8,0.0004534634
7,1977,2,8,0.0003443426
8,1977,2,8,0.0002833441
9,1977,2,8,0.0002483649
10,1977,2,8,0.0002258073
11,1977,2,8,0.0002117843
12,1977,2,8,0.0002024318
13,1977,2,8,0.0001958428
14,1977,2,8,0.0001912062
15,1977,2,8,0.0001876094
16,1977,2,8,0.0001852647
1,1978,2,8,6.509956e-05
2,1978,2,8,0.0006458076
3,1978,2,8,0.002341262
4,1978,2,8,0.002189186
5,1978,2,8,0.001592562
6,1978,2,8,0.001114005
7,1978,2,8,0.0008459332
8,1978,2,8,0.0006960805
9,1978,2,8,0.0006101485
10,1978,2,8,0.0005547323
11,1978,2,8,0.0005202826
12,1978,2,8,0.0004973065
13,1978,2,8,0.0004811197
14,1978,2,8,0.0004697292
15,1978,2,8,0.000460893
16,1978,2,8,0.0004551328
1,1979,2,8,6.692656e-05
2,1979,2,8,0.0006639319
3,1979,2,8,0.002406968
4,1979,2,8,0.002250625
5,1979,2,8,0.001637257
6,1979,2,8,0.00114527
7,1979,2,8,0.000869674
8,1979,2,8,0.0007156157
9,1979,2,8,0.0006272721
10,1979,2,8,0.0005703006
11,1979,2,8,0.0005348841
12,1979,2,8,0.0005112632
13,1979,2,8,0.0004946221
14,1979,2,8,0.000482912
15,1979,2,8,0.0004738277
16,1979,2,8,0.0004679059
1,1980,2,8,0.0003632033
2,1980,2,8,0.003603087
3,1980,2,8,0.01306235
4,1980,2,8,0.01221389
5,1980,2,8,0.008885213
6,1980,2,8,0.006215254
7,1980,2,8,0.004719627
8,1980,2,8,0.00388357
9,1980,2,8,0.003404139
10,1980,2,8,0.003094961
11,1980,2,8,0.002902759
12,1980,2,8,0.002774571
13,1980,2,8,0.002684262
14,1980,2,8,0.002620712
15,1980,2,8,0.002571413
16,1980,2,8,0.002539276
1,1981,2,8,0.0004068526
2,1981,2,8,0.004106482
3,1981,2,8,0.01459085
4,1981,2,8,0.01359583
5,1981,2,8,0.009860035
6,1981,2,8,0.006891369
7,1981,2,8,0.005232021
8,1981,2,8,0.004305232
9,1981,2,8,0.003774023
10,1981,2,8,0.00343152
11,1981,2,8,0.003218662
12,1981,2,8,0.003076717
13,1981,2,8,0.002976723
14,1981,2,8,0.002906363
15,1981,2,8,0.002851767
16,1981,2,8,0.002816183
1,1982,2,8,0.0004669701
2,1982,2,8,0.004986044
3,1982,2,8,0.01658831
4,1982,2,8,0.01527589
5,1982,2,8,0.01096297
6,1982,2,8,0.007640373
7,1982,2,8,0.005796382
8,1982,2,8,0.004769325
9,1982,2,8,0.004181566
10,1982,2,8,0.003802871
11,1982,2,8,0.003567747
12,1982,2,8,0.00341103
13,1982,2,8,0.003300665
14,1982,2,8,0.003223027
15,1982,2,8,0.003162735
16,1982,2,8,0.003123455
1,1983,2,8,0.00101237
2,1983,2,8,0.01926439
3,1983,2,8,0.03130111
4,1983,2,8,0.02355543
5,1983,2,8,0.01378993
6,1983,2,8,0.009028618
7,1983,2,8,0.006666616
8,1983,2,8,0.005407781
9,1983,2,8,0.004707072
10,1983,2,8,0.004265516
11,1983,2,8,0.003997082
12,1983,2,8,0.003820611
13,1983,2,8,0.003698283
14,1983,2,8,0.003613024
15,1983,2,8,0.003546093
16,1983,2,8,0.003502224
1,1984,2,8,0.0002164848
2,1984,2,8,0.002343592
3,1984,2,8,0.007680824
4,1984,2,8,0.0070663
5,1984,2,8,0.005077208
6,1984,2,8,0.003540088
7,1984,2,8,0.002683514
8,1984,2,8,0.002205495
9,1984,2,8,0.001931687
10,1984,2,8,0.00175535
11,1984,2,8,0.001645837
12,1984,2,8,0.001572852
13,1984,2,8,0.001521488
14,1984,2,8,0.001485364
15,1984,2,8,0.001457336
16,1984,2,8,0.001439048
1,1985,2,8,9.666531e-05
2,1985,2,8,0.0010752
3,1985,2,8,0.003435913
4,1985,2,8,0.003178313
5,1985,2,8,0.002320631
6,1985,2,8,0.001626394
7,1985,2,8,0.001228302
8,1985,2,8,0.001003291
9,1985,2,8,0.0008736084
10,1985,2,8,0.0007902359
11,1985,2,8,0.0007383399
12,1985,2,8,0.0007037602
13,1985,2,8,0.0006795022
14,1985,2,8,0.0006624595
15,1985,2,8,0.0006493082
16,1985,2,8,0.0006406537
1,1986,2,8,0.0003030197
2,1986,2,8,0.003041747
3,1986,2,8,0.01132133
4,1986,2,8,0.01126373
5,1986,2,8,0.009124744
6,1986,2,8,0.006583073
7,1986,2,8,0.004917549
8,1986,2,8,0.003926195
9,1986,2,8,0.003340704
10,1986,2,8,0.002965545
11,1986,2,8,0.002729675
12,1986,2,8,0.002572371
13,1986,2,8,0.002463018
14,1986,2,8,0.002386386
15,1986,2,8,0.00232842
16,1986,2,8,0.002289171
1,1987,2,8,0.0002241725
2,1987,2,8,0.003966035
3,1987,2,8,0.007245698
4,1987,2,8,0.005930364
5,1987,2,8,0.003998294
6,1987,2,8,0.002748082
7,1987,2,8,0.00202398
8,1987,2,8,0.001610534
9,1987,2,8,0.001371717
10,1987,2,8,0.001220453
11,1987,2,8,0.001126668
12,1987,2,8,0.001064602
13,1987,2,8,0.001021743
14,1987,2,8,0.0009918442
15,1987,2,8,0.0009689984
16,1987,2,8,0.0009535712
1,1988,2,8,0.0001037984
2,1988,2,8,0.001282911
3,1988,2,8,0.003629172
4,1988,2,8,0.003294048
5,1988,2,8,0.002381922
6,1988,2,8,0.00166585
7,1988,2,8,0.001253161
8,1988,2,8,0.001019185
9,1988,2,8,0.0008841912
10,1988,2,8,0.000797614
11,1988,2,8,0.00074374
12,1988,2,8,0.000707879
13,1988,2,8,0.0006827895
14,1988,2,8,0.0006651827
15,1988,2,8,0.0006516243
16,1988,2,8,0.0006426594
1,1989,2,8,0.0001367431
2,1989,2,8,0.001356533
3,1989,2,8,0.004917868
4,1989,2,8,0.00459843
5,1989,2,8,0.003345211
6,1989,2,8,0.002339992
7,1989,2,8,0.001776901
8,1989,2,8,0.001462132
9,1989,2,8,0.00128163
10,1989,2,8,0.001165227
11,1989,2,8,0.001092865
12,1989,2,8,0.001044603
13,1989,2,8,0.001010602
14,1989,2,8,0.0009866765
15,1989,2,8,0.0009681158
16,1989,2,8,0.0009560164
1,1990,2,8,0.0003185979
2,1990,2,8,0.00310763
3,1990,2,8,0.01298755
4,1990,2,8,0.01454553
5,1990,2,8,0.01379457
6,1990,2,8,0.01033882
7,1990,2,8,0.007579023
8,1990,2,8,0.005830967
9,1990,2,8,0.004770598
10,1990,2,8,0.004094764
11,1990,2,8,0.003665545
12,1990,2,8,0.003379256
13,1990,2,8,0.003182499
14,1990,2,8,0.003045105
15,1990,2,8,0.002943551
16,1990,2,8,0.002872407
1,1991,2,8,0.0003629261
2,1991,2,8,0.003095011
3,1991,2,8,0.01508177
4,1991,2,8,0.0171778
5,1991,2,8,0.01640464
6,1991,2,8,0.0123089
7,1991,2,8,0.009038938
8,1991,2,8,0.006968597
9,1991,2,8,0.005712761
10,1991,2,8,0.004911705
11,1991,2,8,0.004402839
12,1991,2,8,0.004063302
13,1991,2,8,0.003829757
14,1991,2,8,0.003666612
15,1991,2,8,0.003545955
16,1991,2,8,0.00346155
1,1992,2,8,0.002815022
2,1992,2,8,0.03702572
3,1992,2,8,0.1054222
4,1992,2,8,0.107501
5,1992,2,8,0.09453877
6,1992,2,8,0.06973801
7,1992,2,8,0.05109125
8,1992,2,8,0.03946818
9,1992,2,8,0.0324683
10,1992,2,8,0.02801381
11,1992,2,8,0.025195
12,1992,2,8,0.02331748
13,1992,2,8,0.02202715
14,1992,2,8,0.02112651
15,1992,2,8,0.02045796
16,1992,2,8,0.01999152
1,1993,2,8,0.002499889
2,1993,2,8,0.03404715
3,1993,2,8,0.09177987
4,1993,2,8,0.09113659
5,1993,2,8,0.07783881
6,1993,2,8,0.05702812
7,1993,2,8,0.04184206
8,1993,2,8,0.03245883
9,1993,2,8,0.02682957
10,1993,2,8,0.0232472
11,1993,2,8,0.02098408
12,1993,2,8,0.01947723
13,1993,2,8,0.01844072
14,1993,2,8,0.01771713
15,1993,2,8,0.01717845
16,1993,2,8,0.016804
1,1994,2,8,0.0009886882
2,1994,2,8,0.009184816
3,1994,2,8,0.04106736
4,1994,2,8,0.04694151
5,1994,2,8,0.04537119
6,1994,2,8,0.03414062
7,1994,2,8,0.02499807
8,1994,2,8,0.0191775
9,1994,2,8,0.01563918
10,1994,2,8,0.01338435
11,1994,2,8,0.01195107
12,1994,2,8,0.01099494
13,1994,2,8,0.01033824
14,1994,2,8,0.009879742
15,1994,2,8,0.009541416
16,1994,2,8,0.009303864
1,1995,2,8,0.0001995597
2,1995,2,8,0.001983126
3,1995,2,8,0.007175008
4,1995,2,8,0.006706653
5,1995,2,8,0.004877388
6,1995,2,8,0.003411477
7,1995,2,8,0.002590496
8,1995,2,8,0.002131605
9,1995,2,8,0.001868469
10,1995,2,8,0.00169878
11,1995,2,8,0.001593295
12,1995,2,8,0.001522944
13,1995,2,8,0.001473381
14,1995,2,8,0.001438504
15,1995,2,8,0.001411448
16,1995,2,8,0.00139381
1,1996,2,8,0.0009522013
2,1996,2,8,0.01253272
3,1996,2,8,0.03562141
4,1996,2,8,0.03626858
5,1996,2,8,0.0318349
6,1996,2,8,0.02347301
7,1996,2,8,0.01719957
8,1996,2,8,0.01329163
9,1996,2,8,0.01093875
10,1996,2,8,0.009441411
11,1996,2,8,0.008493996
12,1996,2,8,0.00786296
13,1996,2,8,0.007429238
14,1996,2,8,0.007126501
15,1996,2,8,0.006901724
16,1996,2,8,0.006744947
1,1997,2,8,0.003229322
2,1997,2,8,0.06021785
3,1997,2,8,0.1026984
4,1997,2,8,0.0819946
5,1997,2,8,0.05404143
6,1997,2,8,0.03690688
7,1997,2,8,0.0270522
8,1997,2,8,0.02143507
9,1997,2,8,0.018195
10,1997,2,8,0.01614869
11,1997,2,8,0.01488204
12,1997,2,8,0.01404506
13,1997,2,8,0.01346866
14,1997,2,8,0.0130671
15,1997,2,8,0.01276045
16,1997,2,8,0.01255267
1,1998,2,8,0.001301022
2,1998,2,8,0.02403829
3,1998,2,8,0.04181988
4,1998,2,8,0.03409581
5,1998,2,8,0.02331069
6,1998,2,8,0.01610728
7,1998,2,8,0.01178505
8,1998,2,8,0.009279792
9,1998,2,8,0.007822607
10,1998,2,8,0.006901759
11,1998,2,8,0.006329413
12,1998,2,8,0.005950772
13,1998,2,8,0.005690374
14,1998,2,8,0.005508974
15,1998,2,8,0.005371304
16,1998,2,8,0.005277332
1,1999,2,8,0.001996966
2,1999,2,8,0.04046875
3,1999,2,8,0.05983457
4,1999,2,8,0.04229529
5,1999,2,8,0.0221197
6,1999,2,8,0.01384183
7,1999,2,8,0.01018527
8,1999,2,8,0.008353083
9,1999,2,8,0.007370717
10,1999,2,8,0.006757421
11,1999,2,8,0.006393009
12,1999,2,8,0.006155704
13,1999,2,8,0.00599121
14,1999,2,8,0.005876911
15,1999,2,8,0.005784658
16,1999,2,8,0.005725772
1,2000,2,8,0.002716476
2,2000,2,8,0.0560362
3,2000,2,8,0.08117737
4,2000,2,8,0.05724388
5,2000,2,8,0.03022449
6,2000,2,8,0.0190087
7,2000,2,8,0.01391099
8,2000,2,8,0.01131092
9,2000,2,8,0.009902327
10,2000,2,8,0.009024325
11,2000,2,8,0.008500081
12,2000,2,8,0.008158514
13,2000,2,8,0.007922842
14,2000,2,8,0.007759303
15,2000,2,8,0.007628582
16,2000,2,8,0.007543956
1,2001,2,8,0.007247466
2,2001,2,8,0.1176936
3,2001,2,8,0.250025
4,2001,2,8,0.2286957
5,2001,2,8,0.1811436
6,2001,2,8,0.1303854
7,2001,2,8,0.09538636
8,2001,2,8,0.07411284
9,2001,2,8,0.06145033
10,2001,2,8,0.05341476
11,2001,2,8,0.04836058
12,2001,2,8,0.04500233
13,2001,2,8,0.04269498
14,2001,2,8,0.04108587
15,2001,2,8,0.03988306
16,2001,2,8,0.03904921
1,2002,2,8,0.006347911
2,2002,2,8,0.110186
3,2002,2,8,0.211484
4,2002,2,8,0.1832462
5,2002,2,8,0.1360591
6,2002,2,8,0.09628252
7,2002,2,8,0.07044432
8,2002,2,8,0.05503968
9,2002,2,8,0.04595427
10,2002,2,8,0.04019813
11,2002,2,8,0.0365945
12,2002,2,8,0.03420412
13,2002,2,8,0.03256111
14,2002,2,8,0.03141579
15,2002,2,8,0.03055453
16,2002,2,8,0.0299611
1,2003,2,8,0.0003295089
2,2003,2,8,0.00694521
3,2003,2,8,0.009694446
4,2003,2,8,0.006598365
5,2003,2,8,0.003211444
6,2003,2,8,0.001945533
7,2003,2,8,0.001423633
8,2003,2,8,0.001172767
9,2003,2,8,0.001041959
10,2003,2,8,0.0009610754
11,2003,2,8,0.0009139323
12,2003,2,8,0.0008835115
13,2003,2,8,0.0008624819
14,2003,2,8,0.0008479257
15,2003,2,8,0.0008359177
16,2003,2,8,0.0008283894
1,2004,2,8,0.002838905
2,2004,2,8,0.05489048
3,2004,2,8,0.08802756
4,2004,2,8,0.06691102
5,2004,2,8,0.04054013
6,2004,2,8,0.02690373
7,2004,2,8,0.01974725
8,2004,2,8,0.01582484
9,2004,2,8,0.0136086
10,2004,2,8,0.01221323
11,2004,2,8,0.01135893
12,2004,2,8,0.01079657
13,2004,2,8,0.0104086
14,2004,2,8,0.01013849
15,2004,2,8,0.009929116
16,2004,2,8,0.009789522
1,2005,2,8,0.002245285
2,2005,2,8,0.03239335
3,2005,2,8,0.08136753
4,2005,2,8,0.07964027
5,2005,2,8,0.06751404
6,2005,2,8,0.04939419
7,2005,2,8,0.03616785
8,2005,2,8,0.0279915
9,2005,2,8,0.02308611
10,2005,2,8,0.01996738
11,2005,2,8,0.01799773
12,2005,2,8,0.01668684
13,2005,2,8,0.01578604
14,2005,2,8,0.01515747
15,2005,2,8,0.01468984
16,2005,2,8,0.01436423
1,2006,2,8,0.0005629555
2,2006,2,8,0.01112042
3,2006,2,8,0.01714085
4,2006,2,8,0.01253655
5,2006,2,8,0.007028297
6,2006,2,8,0.004527793
7,2006,2,8,0.003331649
8,2006,2,8,0.002705269
9,2006,2,8,0.002360282
10,2006,2,8,0.002143792
11,2006,2,8,0.002013084
12,2006,2,8,0.001927446
13,2006,2,8,0.001868184
14,2006,2,8,0.001826947
15,2006,2,8,0.001794352
16,2006,2,8,0.001773089
1,2007,2,8,0.001307646
2,2007,2,8,0.0237532
3,2007,2,8,0.04246868
4,2007,2,8,0.03526128
5,2007,2,8,0.02474628
6,2007,2,8,0.01723386
7,2007,2,8,0.01260838
8,2007,2,8,0.009901715
9,2007,2,8,0.008319892
10,2007,2,8,0.007319434
11,2007,2,8,0.006696063
12,2007,2,8,0.006283292
13,2007,2,8,0.005999486
14,2007,2,8,0.005801737
15,2007,2,8,0.005652139
16,2007,2,8,0.005549688
1,2008,2,8,0.002225849
2,2008,2,8,0.0418076
3,2008,2,8,0.07085027
4,2008,2,8,0.05675407
5,2008,2,8,0.03780507
6,2008,2,8,0.02591324
7,2008,2,8,0.01895826
8,2008,2,8,0.01496614
9,2008,2,8,0.01265559
10,2008,2,8,0.01119688
11,2008,2,8,0.01029262
12,2008,2,8,0.009694997
13,2008,2,8,0.009283934
14,2008,2,8,0.008997655
15,2008,2,8,0.008779665
16,2008,2,8,0.008631364
1,2009,2,8,0.003529964
2,2009,2,8,0.06904892
3,2009,2,8,0.1094384
4,2009,2,8,0.08335891
5,2009,2,8,0.05113907
6,2009,2,8,0.03410431
7,2009,2,8,0.02495544
8,2009,2,8,0.01988564
9,2009,2,8,0.01700495
10,2009,2,8,0.01519249
11,2009,2,8,0.01408008
12,2009,2,8,0.0133476
13,2009,2,8,0.01284334
14,2009,2,8,0.01249248
15,2009,2,8,0.01222185
16,2009,2,8,0.01204016
1,2010,2,8,0.001217371
2,2010,2,8,0.02093191
3,2010,2,8,0.04078041
4,2010,2,8,0.03565205
5,2010,2,8,0.02677615
6,2010,2,8,0.01900754
7,2010,2,8,0.01390532
8,2010,2,8,0.01085213
9,2010,2,8,0.009048214
10,2010,2,8,0.007905013
11,2010,2,8,0.007188673
12,2010,2,8,0.00671336
13,2010,2,8,0.006386697
14,2010,2,8,0.006158968
15,2010,2,8,0.005987925
16,2010,2,8,0.005869924
1,2011,2,8,0.003266643
2,2011,2,8,0.06877655
3,2011,2,8,0.09617592
4,2011,2,8,0.0655665
5,2011,2,8,0.03203163
6,2011,2,8,0.01944047
7,2011,2,8,0.01422647
8,2011,2,8,0.01171298
9,2011,2,8,0.01039981
10,2011,2,8,0.009587449
11,2011,2,8,0.009113347
12,2011,2,8,0.008807249
13,2011,2,8,0.008595657
14,2011,2,8,0.008449174
15,2011,2,8,0.008328536
16,2011,2,8,0.008252778
1,2012,2,8,0.006238049
2,2012,2,8,0.1150329
3,2012,2,8,0.2008032
4,2012,2,8,0.1641477
5,2012,2,8,0.1126848
6,2012,2,8,0.0779611
7,2012,2,8,0.05703599
8,2012,2,8,0.04488757
9,2012,2,8,0.03781572
10,2012,2,8,0.03334629
11,2012,2,8,0.0305672
12,2012,2,8,0.02872842
13,2012,2,8,0.02746396
14,2012,2,8,0.02658309
15,2012,2,8,0.02591495
16,2012,2,8,0.0254586
1,2013,2,8,0.002032579
2,2013,2,8,0.03863836
3,2013,2,8,0.06417472
4,2013,2,8,0.05062728
5,2013,2,8,0.03291182
6,2013,2,8,0.02238299
7,2013,2,8,0.01637934
8,2013,2,8,0.01296781
9,2013,2,8,0.01100344
10,2013,2,8,0.009764337
11,2013,2,8,0.008998297
12,2013,2,8,0.008492509
13,2013,2,8,0.008144497
14,2013,2,8,0.007902178
15,2013,2,8,0.007716996
16,2013,2,8,0.007591492
1,2014,2,8,0.005382949
2,2014,2,8,0.09370257
3,2014,2,8,0.1791069
4,2014,2,8,0.1548831
5,2014,2,8,0.1147374
6,2014,2,8,0.08114432
7,2014,2,8,0.05936401
8,2014,2,8,0.04638673
9,2014,2,8,0.03873528
10,2014,2,8,0.0338881
11,2014,2,8,0.03085404
12,2014,2,8,0.02884163
13,2014,2,8,0.02745845
14,2014,2,8,0.02649428
15,2014,2,8,0.02576912
16,2014,2,8,0.02526954
1,2015,2,8,0.005457823
2,2015,2,8,0.1036806
3,2015,2,8,0.1724954
4,2015,2,8,0.1363656
5,2015,2,8,0.08899721
6,2015,2,8,0.06060527
7,2015,2,8,0.04433999
8,2015,2,8,0.03507957
9,2015,2,8,0.02974223
10,2015,2,8,0.02637526
11,2015,2,8,0.02429271
12,2015,2,8,0.0229175
13,2015,2,8,0.02197142
14,2015,2,8,0.02131268
15,2015,2,8,0.02080963
16,2015,2,8,0.0204684
1,2016,2,8,0.003845624
2,2016,2,8,0.07695857
3,2016,2,8,0.1174446
4,2016,2,8,0.08678038
5,2016,2,8,0.05040494
6,2016,2,8,0.03295096
7,2016,2,8,0.02410879
8,2016,2,8,0.0193379
9,2016,2,8,0.01666657
10,2016,2,8,0.01499071
11,2016,2,8,0.01397057
12,2016,2,8,0.01330097
13,2016,2,8,0.01283973
14,2016,2,8,0.01251908
15,2016,2,8,0.01226913
16,2016,2,8,0.0121031
1,2017,2,8,0.004668602
2,2017,2,8,0.08487427
3,2017,2,8,0.1515609
4,2017,2,8,0.1257525
5,2017,2,8,0.08817378
6,2017,2,8,0.06139022
7,2017,2,8,0.0449124
8,2017,2,8,0.0352729
9,2017,2,8,0.02964021
10,2017,2,8,0.02607783
11,2017,2,8,0.02385834
12,2017,2,8,0.02238873
13,2017,2,8,0.02137829
14,2017,2,8,0.02067425
15,2017,2,8,0.02014159
16,2017,2,8,0.01977683
1,2018,2,8,0.002785609
2,2018,2,8,0.05452306
3,2018,2,8,0.08635304
4,2018,2,8,0.06576896
5,2018,2,8,0.0403568
6,2018,2,8,0.0269163
7,2018,2,8,0.01969315
8,2018,2,8,0.01568923
9,2018,2,8,0.01341384
10,2018,2,8,0.01198228
11,2018,2,8,0.01110359
12,2018,2,8,0.01052501
13,2018,2,8,0.01012674
14,2018,2,8,0.009849626
15,2018,2,8,0.009635919
16,2018,2,8,0.009492404
1,2019,2,8,0.006382491
2,2019,2,8,0.1091556
3,2019,2,8,0.2144221
4,2019,2,8,0.1883187
5,2019,2,8,0.1422355
6,2019,2,8,0.1011218
7,2019,2,8,0.07397743
8,2019,2,8,0.05770586
9,2019,2,8,0.04808417
10,2019,2,8,0.04198566
11,2019,2,8,0.03816265
12,2019,2,8,0.03562558
13,2019,2,8,0.03388201
14,2019,2,8,0.03266645
15,2019,2,8,0.03175396
16,2019,2,8,0.0311241
1,2020,2,8,0.005231304
2,2020,2,8,0.1061804
3,2020,2,8,0.1581735
4,2020,2,8,0.1144341
5,2020,2,8,0.06377069
6,2020,2,8,0.04102003
7,2020,2,8,0.03001544
8,2020,2,8,0.02421194
9,2020,2,8,0.02100455
10,2020,2,8,0.01899746
11,2020,2,8,0.0177848
12,2020,2,8,0.01699109
13,2020,2,8,0.01644402
14,2020,2,8,0.01606395
15,2020,2,8,0.01576481
16,2020,2,8,0.01556806
1,2021,2,8,0.002825379
2,2021,2,8,0.05198353
3,2021,2,8,0.09100966
4,2021,2,8,0.0744689
5,2021,2,8,0.05115922
6,2021,2,8,0.03540118
7,2021,2,8,0.02590516
8,2021,2,8,0.02039236
9,2021,2,8,0.01718325
10,2021,2,8,0.01515485
11,2021,2,8,0.01389354
12,2021,2,8,0.01305895
13,2021,2,8,0.01248496
14,2021,2,8,0.01208508
15,2021,2,8,0.01178175
16,2021,2,8,0.01157461
1,2022,2,8,0.003240921
2,2022,2,8,0.06589367
3,2022,2,8,0.0978887
4,2022,2,8,0.07066281
5,2022,2,8,0.03920979
6,2022,2,8,0.02517819
7,2022,2,8,0.0184223
8,2022,2,8,0.0148678
9,2022,2,8,0.01290606
10,2022,2,8,0.01167885
11,2022,2,8,0.01093799
12,2022,2,8,0.01045324
13,2022,2,8,0.01011912
14,2022,2,8,0.009887023
15,2022,2,8,0.009704154
16,2022,2,8,0.009584
1,2023,2,8,0.002762805
2,2023,2,8,0.04225464
3,2023,2,8,0.09806382
4,2023,2,8,0.09343313
5,2023,2,8,0.07732878
6,2023,2,8,0.05626438
7,2023,2,8,0.04115986
8,2023,2,8,0.03186913
9,2023,2,8,0.02630847
10,2023,2,8,0.02277622
11,2023,2,8,0.02054837
12,2023,2,8,0.01906659
13,2023,2,8,0.01804872
14,2023,2,8,0.01733871
15,2023,2,8,0.01680984
16,2023,2,8,0.01644187
1,2024,2,8,0.001960569
2,2024,2,8,0.03551357
3,2024,2,8,0.06378331
4,2024,2,8,0.05311756
5,2024,2,8,0.03743587
6,2024,2,8,0.02610368
7,2024,2,8,0.01909712
8,2024,2,8,0.01499093
9,2024,2,8,0.01258941
10,2024,2,8,0.01107032
11,2024,2,8,0.01012343
12,2024,2,8,0.009496354
13,2024,2,8,0.009065217
14,2024,2,8,0.008764803
15,2024,2,8,0.008537653
16,2024,2,8,0.008382008
1,1972,3,8,2.807857e-05
2,1972,3,8,0.0002785478
3,1972,3,8,0.001009825
4,1972,3,8,0.0009442325
5,1972,3,8,0.000686899
6,1972,3,8,0.0004804895
7,1972,3,8,0.0003648655
8,1972,3,8,0.0003002315
9,1972,3,8,0.0002631676
10,1972,3,8,0.0002392656
11,1972,3,8,0.0002244068
12,1972,3,8,0.0002144969
13,1972,3,8,0.0002075152
14,1972,3,8,0.0002026023
15,1972,3,8,0.0001987911
16,1972,3,8,0.0001963066
1,1973,3,8,7.468151e-05
2,1973,3,8,0.0007408631
3,1973,3,8,0.002685866
4,1973,3,8,0.002511407
5,1973,3,8,0.001826968
6,1973,3,8,0.001277974
7,1973,3,8,0.000970445
8,1973,3,8,0.0007985358
9,1973,3,8,0.0006999557
10,1973,3,8,0.0006363827
11,1973,3,8,0.0005968624
12,1973,3,8,0.0005705046
13,1973,3,8,0.0005519352
14,1973,3,8,0.0005388682
15,1973,3,8,0.0005287314
16,1973,3,8,0.0005221234
1,1974,3,8,4.060076e-05
2,1974,3,8,0.0004027718
3,1974,3,8,0.001460177
4,1974,3,8,0.001365332
5,1974,3,8,0.0009932353
6,1974,3,8,0.0006947734
7,1974,3,8,0.0005275845
8,1974,3,8,0.0004341257
9,1974,3,8,0.0003805324
10,1974,3,8,0.0003459708
11,1974,3,8,0.0003244855
12,1974,3,8,0.000310156
13,1974,3,8,0.0003000608
14,1974,3,8,0.0002929568
15,1974,3,8,0.0002874459
16,1974,3,8,0.0002838535
1,1975,3,8,0.0002704403
2,1975,3,8,0.002682849
3,1975,3,8,0.00972619
4,1975,3,8,0.009094431
5,1975,3,8,0.006615908
6,1975,3,8,0.004627862
7,1975,3,8,0.003514222
8,1975,3,8,0.002891696
9,1975,3,8,0.002534713
10,1975,3,8,0.0023045
11,1975,3,8,0.002161387
12,1975,3,8,0.002065939
13,1975,3,8,0.001998694
14,1975,3,8,0.001951375
15,1975,3,8,0.001914667
16,1975,3,8,0.001890738
1,1976,3,8,0.0002516788
2,1976,3,8,0.002496729
3,1976,3,8,0.009051446
4,1976,3,8,0.008463514
5,1976,3,8,0.006156936
6,1976,3,8,0.004306809
7,1976,3,8,0.003270427
8,1976,3,8,0.002691088
9,1976,3,8,0.00235887
10,1976,3,8,0.002144628
11,1976,3,8,0.002011443
12,1976,3,8,0.001922616
13,1976,3,8,0.001860037
14,1976,3,8,0.001816001
15,1976,3,8,0.001781839
16,1976,3,8,0.00175957
1,1977,3,8,0.0004545376
2,1977,3,8,0.004509151
3,1977,3,8,0.01634712
4,1977,3,8,0.0152853
5,1977,3,8,0.01111957
6,1977,3,8,0.007778196
7,1977,3,8,0.005906466
8,1977,3,8,0.004860167
9,1977,3,8,0.004260174
10,1977,3,8,0.003873247
11,1977,3,8,0.003632712
12,1977,3,8,0.003472289
13,1977,3,8,0.00335927
14,1977,3,8,0.003279739
15,1977,3,8,0.003218043
16,1977,3,8,0.003177824
1,1978,3,8,0.0002197072
2,1978,3,8,0.002179562
3,1978,3,8,0.007901614
4,1978,3,8,0.007388369
5,1978,3,8,0.005374802
6,1978,3,8,0.003759702
7,1978,3,8,0.002854975
8,1978,3,8,0.002349231
9,1978,3,8,0.002059216
10,1978,3,8,0.001872189
11,1978,3,8,0.001755923
12,1978,3,8,0.001678381
13,1978,3,8,0.001623751
14,1978,3,8,0.001585309
15,1978,3,8,0.001555487
16,1978,3,8,0.001536047
1,1979,3,8,0.0003666639
2,1979,3,8,0.003637416
3,1979,3,8,0.0131868
4,1979,3,8,0.01233026
5,1979,3,8,0.00896987
6,1979,3,8,0.006274472
7,1979,3,8,0.004764595
8,1979,3,8,0.003920572
9,1979,3,8,0.003436573
10,1979,3,8,0.003124449
11,1979,3,8,0.002930416
12,1979,3,8,0.002801007
13,1979,3,8,0.002709837
14,1979,3,8,0.002645682
15,1979,3,8,0.002595913
16,1979,3,8,0.002563469
1,1980,3,8,0.0005124175
2,1980,3,8,0.005083337
3,1980,3,8,0.01842872
4,1980,3,8,0.0172317
5,1980,3,8,0.01253551
6,1980,3,8,0.008768655
7,1980,3,8,0.006658583
8,1980,3,8,0.00547905
9,1980,3,8,0.004802655
10,1980,3,8,0.004366458
11,1980,3,8,0.004095295
12,1980,3,8,0.003914444
13,1980,3,8,0.003787032
14,1980,3,8,0.003697374
15,1980,3,8,0.003627822
16,1980,3,8,0.003582482
1,1981,3,8,0.0006188203
2,1981,3,8,0.006138273
3,1981,3,8,0.02225761
4,1981,3,8,0.02081518
5,1981,3,8,0.01514655
6,1981,3,8,0.01059598
7,1981,3,8,0.008045858
8,1981,3,8,0.006620081
9,1981,3,8,0.005802406
10,1981,3,8,0.005275108
11,1981,3,8,0.004947301
12,1981,3,8,0.004728671
13,1981,3,8,0.00457465
14,1981,3,8,0.004466269
15,1981,3,8,0.004382198
16,1981,3,8,0.004327387
1,1982,3,8,0.0006777969
2,1982,3,8,0.008784572
3,1982,3,8,0.0232288
4,1982,3,8,0.02043361
5,1982,3,8,0.01410386
6,1982,3,8,0.009724885
7,1982,3,8,0.007343524
8,1982,3,8,0.00602694
9,1982,3,8,0.005276923
10,1982,3,8,0.004795521
11,1982,3,8,0.004497648
12,1982,3,8,0.004299555
13,1982,3,8,0.004160423
14,1982,3,8,0.004062696
15,1982,3,8,0.003986686
16,1982,3,8,0.003937104
1,1983,3,8,0.0005856591
2,1983,3,8,0.008828536
3,1983,3,8,0.01952551
4,1983,3,8,0.01660014
5,1983,3,8,0.01126786
6,1983,3,8,0.007741428
7,1983,3,8,0.005792021
8,1983,3,8,0.004704018
9,1983,3,8,0.00408184
10,1983,3,8,0.003684707
11,1983,3,8,0.003438999
12,1983,3,8,0.003275962
13,1983,3,8,0.0031622
14,1983,3,8,0.003082512
15,1983,3,8,0.003020886
16,1983,3,8,0.002980191
1,1984,3,8,0.0006260513
2,1984,3,8,0.007510528
3,1984,3,8,0.02175643
4,1984,3,8,0.01947642
5,1984,3,8,0.0136138
6,1984,3,8,0.009418053
7,1984,3,8,0.00713211
8,1984,3,8,0.005868265
9,1984,3,8,0.005148009
10,1984,3,8,0.004684771
11,1984,3,8,0.004397888
12,1984,3,8,0.004206914
13,1984,3,8,0.004072523
14,1984,3,8,0.003978043
15,1984,3,8,0.003904507
16,1984,3,8,0.003856665
1,1985,3,8,0.0002615798
2,1985,3,8,0.003246849
3,1985,3,8,0.009291189
4,1985,3,8,0.008670352
5,1985,3,8,0.006592023
6,1985,3,8,0.004679417
7,1985,3,8,0.003495443
8,1985,3,8,0.002804505
9,1985,3,8,0.00240035
10,1985,3,8,0.002141758
11,1985,3,8,0.001979955
12,1985,3,8,0.001872221
13,1985,3,8,0.00179727
14,1985,3,8,0.00174476
15,1985,3,8,0.001704789
16,1985,3,8,0.001677909
1,1986,3,8,0.0006532166
2,1986,3,8,0.007432569
3,1986,3,8,0.02299368
4,1986,3,8,0.02095561
5,1986,3,8,0.01496031
6,1986,3,8,0.01041421
7,1986,3,8,0.007883352
8,1986,3,8,0.006471015
9,1986,3,8,0.005662194
10,1986,3,8,0.005141818
11,1986,3,8,0.004818777
12,1986,3,8,0.004603591
13,1986,3,8,0.004452291
14,1986,3,8,0.004345929
15,1986,3,8,0.004263432
16,1986,3,8,0.004209535
1,1987,3,8,0.0006023266
2,1987,3,8,0.01185654
3,1987,3,8,0.01856364
4,1987,3,8,0.01396592
5,1987,3,8,0.008364849
6,1987,3,8,0.005530225
7,1987,3,8,0.004049686
8,1987,3,8,0.003239546
9,1987,3,8,0.002782333
10,1987,3,8,0.002494919
11,1987,3,8,0.002319152
12,1987,3,8,0.002203556
13,1987,3,8,0.002123918
14,1987,3,8,0.002068514
15,1987,3,8,0.002025563
16,1987,3,8,0.001996888
1,1988,3,8,0.0005241567
2,1988,3,8,0.005216146
3,1988,3,8,0.01887627
4,1988,3,8,0.01769439
5,1988,3,8,0.01293945
6,1988,3,8,0.009065858
7,1988,3,8,0.006877669
8,1988,3,8,0.005649874
9,1988,3,8,0.004944515
10,1988,3,8,0.004489842
11,1988,3,8,0.004206996
12,1988,3,8,0.004018358
13,1988,3,8,0.003885577
14,1988,3,8,0.003792167
15,1988,3,8,0.003719817
16,1988,3,8,0.00367254
1,1989,3,8,0.0002427589
2,1989,3,8,0.002468387
3,1989,3,8,0.008697885
4,1989,3,8,0.008096532
5,1989,3,8,0.005869321
6,1989,3,8,0.004101846
7,1989,3,8,0.00311345
8,1989,3,8,0.002561261
9,1989,3,8,0.002244729
10,1989,3,8,0.002040672
11,1989,3,8,0.001913856
12,1989,3,8,0.001829293
13,1989,3,8,0.001769733
14,1989,3,8,0.001727827
15,1989,3,8,0.001695314
16,1989,3,8,0.001674117
1,1990,3,8,0.001185099
2,1990,3,8,0.01434445
3,1990,3,8,0.04584721
4,1990,3,8,0.04862389
5,1990,3,8,0.04435433
6,1990,3,8,0.0329833
7,1990,3,8,0.02414523
8,1990,3,8,0.01858531
9,1990,3,8,0.0152233
10,1990,3,8,0.01308307
11,1990,3,8,0.01172618
12,1990,3,8,0.01082189
13,1990,3,8,0.01020075
14,1990,3,8,0.009767195
15,1990,3,8,0.009446253
16,1990,3,8,0.009221616
1,1991,3,8,0.002666814
2,1991,3,8,0.02720024
3,1991,3,8,0.1068211
4,1991,3,8,0.1173023
5,1991,3,8,0.1091736
6,1991,3,8,0.08149524
7,1991,3,8,0.05980854
8,1991,3,8,0.04614333
9,1991,3,8,0.03787223
10,1991,3,8,0.03259986
11,1991,3,8,0.02925445
12,1991,3,8,0.02702338
13,1991,3,8,0.02548908
14,1991,3,8,0.02441753
15,1991,3,8,0.02362414
16,1991,3,8,0.02306961
1,1992,3,8,0.001044992
2,1992,3,8,0.01293215
3,1992,3,8,0.04016867
4,1992,3,8,0.04229838
5,1992,3,8,0.03837246
6,1992,3,8,0.0285023
7,1992,3,8,0.02086164
8,1992,3,8,0.01606004
9,1992,3,8,0.01315796
10,1992,3,8,0.01131081
11,1992,3,8,0.01014004
12,1992,3,8,0.009359882
13,1992,3,8,0.008824031
14,1992,3,8,0.008450034
15,1992,3,8,0.008173109
16,1992,3,8,0.007979315
1,1993,3,8,0.004581986
2,1993,3,8,0.07381162
3,1993,3,8,0.158649
4,1993,3,8,0.1458877
5,1993,3,8,0.116214
6,1993,3,8,0.08376872
7,1993,3,8,0.06128715
8,1993,3,8,0.04760159
9,1993,3,8,0.03944983
10,1993,3,8,0.03427591
11,1993,3,8,0.03102044
12,1993,3,8,0.02885703
13,1993,3,8,0.0273706
14,1993,3,8,0.02633394
15,1993,3,8,0.02555937
16,1993,3,8,0.02502218
1,1994,3,8,0.003593808
2,1994,3,8,0.05037149
3,1994,3,8,0.1322924
4,1994,3,8,0.1322627
5,1994,3,8,0.1147176
6,1994,3,8,0.08437983
7,1994,3,8,0.06173492
8,1994,3,8,0.04764455
9,1994,3,8,0.03916657
10,1994,3,8,0.03377575
11,1994,3,8,0.03036665
12,1994,3,8,0.02809698
13,1994,3,8,0.02653811
14,1994,3,8,0.02545042
15,1994,3,8,0.02464288
16,1994,3,8,0.02407919
1,1995,3,8,3.97671e-05
2,1995,3,8,0.0004712178
3,1995,3,8,0.001519982
4,1995,3,8,0.001582611
5,1995,3,8,0.001405111
6,1995,3,8,0.001038228
7,1995,3,8,0.0007627446
8,1995,3,8,0.0005911857
9,1995,3,8,0.0004878824
10,1995,3,8,0.0004220585
11,1995,3,8,0.0003803913
12,1995,3,8,0.0003526221
13,1995,3,8,0.0003335114
14,1995,3,8,0.0003201642
15,1995,3,8,0.0003102466
16,1995,3,8,0.0003033437
1,1996,3,8,0.001233981
2,1996,3,8,0.01743523
3,1996,3,8,0.04516886
4,1996,3,8,0.04480745
5,1996,3,8,0.03851844
6,1996,3,8,0.02827258
7,1996,3,8,0.02069524
8,1996,3,8,0.01599314
9,1996,3,8,0.0131673
10,1996,3,8,0.01137043
11,1996,3,8,0.01023469
12,1996,3,8,0.00947863
13,1996,3,8,0.008959202
14,1996,3,8,0.008596754
15,1996,3,8,0.008327421
16,1996,3,8,0.008139632
1,1997,3,8,0.005690311
2,1997,3,8,0.08480076
3,1997,3,8,0.2042966
4,1997,3,8,0.1977079
5,1997,3,8,0.1662296
6,1997,3,8,0.1214001
7,1997,3,8,0.08881054
8,1997,3,8,0.06868417
9,1997,3,8,0.05661594
10,1997,3,8,0.04894735
11,1997,3,8,0.04410616
12,1997,3,8,0.04088512
13,1997,3,8,0.03867266
14,1997,3,8,0.03712921
15,1997,3,8,0.03598088
16,1997,3,8,0.03518097
1,1998,3,8,0.003248707
2,1998,3,8,0.0431753
3,1998,3,8,0.1221399
4,1998,3,8,0.1253738
5,1998,3,8,0.111435
6,1998,3,8,0.08241354
7,1998,3,8,0.06028851
8,1998,3,8,0.04644048
9,1998,3,8,0.03808629
10,1998,3,8,0.03277199
11,1998,3,8,0.02940695
12,1998,3,8,0.02716563
13,1998,3,8,0.02562646
14,1998,3,8,0.02455242
15,1998,3,8,0.02375637
16,1998,3,8,0.0231997
1,1999,3,8,0.004971264
2,1999,3,8,0.1041145
3,1999,3,8,0.1469464
4,1999,3,8,0.1011066
5,1999,3,8,0.05050263
6,1999,3,8,0.03097735
7,1999,3,8,0.02266827
8,1999,3,8,0.01859231
9,1999,3,8,0.01643806
10,1999,3,8,0.01510217
11,1999,3,8,0.01431671
12,1999,3,8,0.01380806
13,1999,3,8,0.01345668
14,1999,3,8,0.01321324
15,1999,3,8,0.01301472
16,1999,3,8,0.01288879
1,2000,3,8,0.005413015
2,2000,3,8,0.1037961
3,2000,3,8,0.1700607
4,2000,3,8,0.1329345
5,2000,3,8,0.08520902
6,2000,3,8,0.05768598
7,2000,3,8,0.04220624
8,2000,3,8,0.03345825
9,2000,3,8,0.02843557
10,2000,3,8,0.02526932
11,2000,3,8,0.02331497
12,2000,3,8,0.02202539
13,2000,3,8,0.02113807
14,2000,3,8,0.02052036
15,2000,3,8,0.02004738
16,2000,3,8,0.01972742
1,2001,3,8,0.0116084
2,2001,3,8,0.2006403
3,2001,3,8,0.3877669
4,2001,3,8,0.3374649
5,2001,3,8,0.2520171
6,2001,3,8,0.1786243
7,2001,3,8,0.1306768
8,2001,3,8,0.1020354
9,2001,3,8,0.08512765
10,2001,3,8,0.07441424
11,2001,3,8,0.06770405
12,2001,3,8,0.06325233
13,2001,3,8,0.06019274
14,2001,3,8,0.05805987
15,2001,3,8,0.05645702
16,2001,3,8,0.05535185
1,2002,3,8,0.008123372
2,2002,3,8,0.1192956
3,2002,3,8,0.2935104
4,2002,3,8,0.2864717
5,2002,3,8,0.2429029
6,2002,3,8,0.1777455
7,2002,3,8,0.130029
8,2002,3,8,0.100498
9,2002,3,8,0.08277337
10,2002,3,8,0.07150857
11,2002,3,8,0.06439365
12,2002,3,8,0.05965899
13,2002,3,8,0.05640699
14,2002,3,8,0.05413824
15,2002,3,8,0.05245131
16,2002,3,8,0.0512755
1,2003,3,8,0.001756727
2,2003,3,8,0.03642084
3,2003,3,8,0.05232141
4,2003,3,8,0.03662471
5,2003,3,8,0.01903449
6,2003,3,8,0.0118888
7,2003,3,8,0.008699141
8,2003,3,8,0.007088871
9,2003,3,8,0.006222045
10,2003,3,8,0.005682493
11,2003,3,8,0.005361596
12,2003,3,8,0.005152848
13,2003,3,8,0.005008789
14,2003,3,8,0.004908867
15,2003,3,8,0.004828595
16,2003,3,8,0.004776888
1,2004,3,8,0.001452941
2,2004,3,8,0.02899106
3,2004,3,8,0.04446197
4,2004,3,8,0.03299021
5,2004,3,8,0.01931249
6,2004,3,8,0.01266238
7,2004,3,8,0.009264478
8,2004,3,8,0.007423646
9,2004,3,8,0.006390575
10,2004,3,8,0.005742195
11,2004,3,8,0.005347002
12,2004,3,8,0.005087474
13,2004,3,8,0.004908727
14,2004,3,8,0.004784443
15,2004,3,8,0.004687727
16,2004,3,8,0.004623371
1,2005,3,8,0.003659311
2,2005,3,8,0.0636572
3,2005,3,8,0.1218076
4,2005,3,8,0.1054075
5,2005,3,8,0.07815974
6,2005,3,8,0.05529045
7,2005,3,8,0.04044896
8,2005,3,8,0.03160316
9,2005,3,8,0.02638685
10,2005,3,8,0.02308226
11,2005,3,8,0.02101361
12,2005,3,8,0.0196415
13,2005,3,8,0.01869843
14,2005,3,8,0.01804105
15,2005,3,8,0.01754667
16,2005,3,8,0.01720605
1,2006,3,8,0.004873884
2,2006,3,8,0.09070061
3,2006,3,8,0.1560258
4,2006,3,8,0.1262868
5,2006,3,8,0.08544437
6,2006,3,8,0.05885288
7,2006,3,8,0.04305678
8,2006,3,8,0.0339355
9,2006,3,8,0.02864025
10,2006,3,8,0.02529533
11,2006,3,8,0.02321845
12,2006,3,8,0.02184501
13,2006,3,8,0.02090044
14,2006,3,8,0.02024251
15,2006,3,8,0.01974256
16,2006,3,8,0.01940172
1,2007,3,8,0.002671973
2,2007,3,8,0.04784153
3,2007,3,8,0.08751382
4,2007,3,8,0.07372327
5,2007,3,8,0.05278097
6,2007,3,8,0.03697166
7,2007,3,8,0.02704782
8,2007,3,8,0.02120051
9,2007,3,8,0.01777159
10,2007,3,8,0.01560156
11,2007,3,8,0.01424705
12,2007,3,8,0.01334957
13,2007,3,8,0.01273259
14,2007,3,8,0.01230262
15,2007,3,8,0.01197808
16,2007,3,8,0.01175531
1,2008,3,8,0.003995117
2,2008,3,8,0.06986158
3,2008,3,8,0.1326047
4,2008,3,8,0.1142154
5,2008,3,8,0.08418813
6,2008,3,8,0.0594574
7,2008,3,8,0.04349749
8,2008,3,8,0.03400309
9,2008,3,8,0.02840942
10,2008,3,8,0.02486636
11,2008,3,8,0.02264948
12,2008,3,8,0.0211793
13,2008,3,8,0.02016879
14,2008,3,8,0.01946442
15,2008,3,8,0.0189344
16,2008,3,8,0.01856944
1,2009,3,8,0.004991705
2,2009,3,8,0.06266809
3,2009,3,8,0.1913542
4,2009,3,8,0.2009636
5,2009,3,8,0.1821228
6,2009,3,8,0.1352554
7,2009,3,8,0.09895944
8,2009,3,8,0.07614579
9,2009,3,8,0.06235665
10,2009,3,8,0.05358142
11,2009,3,8,0.0480196
12,2009,3,8,0.0443137
13,2009,3,8,0.04176877
14,2009,3,8,0.03999268
15,2009,3,8,0.03867777
16,2009,3,8,0.03775728
1,2010,3,8,0.0006824993
2,2010,3,8,0.005382278
3,2010,3,8,0.02953435
4,2010,3,8,0.0351394
5,2010,3,8,0.03505116
6,2010,3,8,0.02654087
7,2010,3,8,0.01941478
8,2010,3,8,0.01484542
9,2010,3,8,0.01205927
10,2010,3,8,0.01028359
11,2010,3,8,0.009153367
12,2010,3,8,0.008399157
13,2010,3,8,0.007881429
14,2010,3,8,0.007519983
15,2010,3,8,0.007253846
16,2010,3,8,0.007066486
1,2011,3,8,0.0003284656
2,2011,3,8,0.002950421
3,2011,3,8,0.0138358
4,2011,3,8,0.01605266
5,2011,3,8,0.01573313
6,2011,3,8,0.01187291
7,2011,3,8,0.008685127
8,2011,3,8,0.006648017
9,2011,3,8,0.005407733
10,2011,3,8,0.004617476
11,2011,3,8,0.004114834
12,2011,3,8,0.003779503
13,2011,3,8,0.003549302
14,2011,3,8,0.0033886
15,2011,3,8,0.003270167
16,2011,3,8,0.003186866
1,2012,3,8,0.002653229
2,2012,3,8,0.02204756
3,2012,3,8,0.1136351
4,2012,3,8,0.1339247
5,2012,3,8,0.132717
6,2012,3,8,0.1003681
7,2012,3,8,0.07341985
8,2012,3,8,0.05616192
9,2012,3,8,0.04564469
10,2012,3,8,0.03894245
11,2012,3,8,0.03467758
12,2012,3,8,0.03183185
13,2012,3,8,0.02987836
14,2012,3,8,0.02851459
15,2012,3,8,0.0275101
16,2012,3,8,0.02680317
1,2013,3,8,0.001014669
2,2013,3,8,0.009120722
3,2013,3,8,0.04265919
4,2013,3,8,0.04938599
5,2013,3,8,0.04828652
6,2013,3,8,0.03642056
7,2013,3,8,0.02664879
8,2013,3,8,0.02040885
9,2013,3,8,0.01661083
10,2013,3,8,0.01419074
11,2013,3,8,0.01265162
12,2013,3,8,0.01162481
13,2013,3,8,0.01091982
14,2013,3,8,0.01042766
15,2013,3,8,0.01006485
16,2013,3,8,0.009809767
1,2014,3,8,0.002879163
2,2014,3,8,0.0333511
3,2014,3,8,0.1133622
4,2014,3,8,0.1227205
5,2014,3,8,0.1140844
6,2014,3,8,0.08518285
7,2014,3,8,0.06231746
8,2014,3,8,0.04786397
9,2014,3,8,0.03910599
10,2014,3,8,0.03353029
11,2014,3,8,0.02999207
12,2014,3,8,0.02763352
13,2014,3,8,0.02601408
14,2014,3,8,0.02488377
15,2014,3,8,0.02404829
16,2014,3,8,0.02346245
1,2015,3,8,0.002430269
2,2015,3,8,0.02325223
3,2015,3,8,0.1008753
4,2015,3,8,0.1153786
5,2015,3,8,0.11192
6,2015,3,8,0.08428914
7,2015,3,8,0.06165834
8,2015,3,8,0.04722593
9,2015,3,8,0.03844665
10,2015,3,8,0.03285374
11,2015,3,8,0.02929792
12,2015,3,8,0.02692606
13,2015,3,8,0.02529775
14,2015,3,8,0.02416109
15,2015,3,8,0.02332294
16,2015,3,8,0.02273375
1,2016,3,8,0.003306711
2,2016,3,8,0.03145179
3,2016,3,8,0.1374498
4,2016,3,8,0.1574319
5,2016,3,8,0.1528691
6,2016,3,8,0.1151519
7,2016,3,8,0.08423474
8,2016,3,8,0.06451381
9,2016,3,8,0.05251645
10,2016,3,8,0.04487331
11,2016,3,8,0.0400138
12,2016,3,8,0.03677228
13,2016,3,8,0.03454695
14,2016,3,8,0.03299353
15,2016,3,8,0.03184812
16,2016,3,8,0.0310429
1,2017,3,8,0.003193678
2,2017,3,8,0.04893211
3,2017,3,8,0.1132653
4,2017,3,8,0.1077954
5,2017,3,8,0.08911209
6,2017,3,8,0.06481992
7,2017,3,8,0.04741863
8,2017,3,8,0.03671839
9,2017,3,8,0.03031501
10,2017,3,8,0.02624755
11,2017,3,8,0.0236823
12,2017,3,8,0.02197616
13,2017,3,8,0.02080417
14,2017,3,8,0.01998665
15,2017,3,8,0.01937765
16,2017,3,8,0.01895397
1,2018,3,8,0.001950028
2,2018,3,8,0.02964133
3,2018,3,8,0.06940667
4,2018,3,8,0.06638203
5,2018,3,8,0.05515585
6,2018,3,8,0.04016885
7,2018,3,8,0.02938524
8,2018,3,8,0.02274556
9,2018,3,8,0.01876974
10,2018,3,8,0.01624401
11,2018,3,8,0.01465061
12,2018,3,8,0.01359073
13,2018,3,8,0.01286269
14,2018,3,8,0.01235483
15,2018,3,8,0.01197665
16,2018,3,8,0.01171345
1,2019,3,8,0.003054142
2,2019,3,8,0.03675945
3,2019,3,8,0.1188546
4,2019,3,8,0.1270187
5,2019,3,8,0.1168724
6,2019,3,8,0.08707862
7,2019,3,8,0.06369979
8,2019,3,8,0.04895324
9,2019,3,8,0.04002619
10,2019,3,8,0.03434402
11,2019,3,8,0.03073994
12,2019,3,8,0.02833794
13,2019,3,8,0.02668865
14,2019,3,8,0.02553759
15,2019,3,8,0.02468628
16,2019,3,8,0.02408966
1,2020,3,8,0.003432664
2,2020,3,8,0.05173064
3,2020,3,8,0.1226475
4,2020,3,8,0.1179204
5,2020,3,8,0.09850305
6,2020,3,8,0.07182858
7,2020,3,8,0.05254559
8,2020,3,8,0.0406564
9,2020,3,8,0.03353271
10,2020,3,8,0.02900671
11,2020,3,8,0.02615051
12,2020,3,8,0.02425043
13,2020,3,8,0.02294529
14,2020,3,8,0.02203483
15,2020,3,8,0.02135713
16,2020,3,8,0.02088527
1,2021,3,8,0.001094291
2,2021,3,8,0.01479165
3,2021,3,8,0.04088317
4,2021,3,8,0.04164476
5,2021,3,8,0.0367623
6,2021,3,8,0.02714732
7,2021,3,8,0.01985906
8,2021,3,8,0.01530449
9,2021,3,8,0.01255877
10,2021,3,8,0.01081238
11,2021,3,8,0.009706946
12,2021,3,8,0.008970752
13,2021,3,8,0.008465182
14,2021,3,8,0.008112402
15,2021,3,8,0.007850817
16,2021,3,8,0.007667974
1,2022,3,8,0.001261616
2,2022,3,8,0.02371332
3,2022,3,8,0.04014057
4,2022,3,8,0.03212855
5,2022,3,8,0.02137538
6,2022,3,8,0.01464597
7,2022,3,8,0.01071508
8,2022,3,8,0.008459837
9,2022,3,8,0.007154872
10,2022,3,8,0.006331053
11,2022,3,8,0.00582043
12,2022,3,8,0.005482975
13,2022,3,8,0.005250861
14,2022,3,8,0.005089212
15,2022,3,8,0.004966102
16,2022,3,8,0.004882363
1,2023,3,8,0.004044186
2,2023,3,8,0.06459216
3,2023,3,8,0.1406682
4,2023,3,8,0.1302323
5,2023,3,8,0.1045507
6,2023,3,8,0.0755087
7,2023,3,8,0.05523849
8,2023,3,8,0.04287122
9,2023,3,8,0.03549701
10,2023,3,8,0.03081593
11,2023,3,8,0.02786905
12,2023,3,8,0.02591038
13,2023,3,8,0.02456475
14,2023,3,8,0.02362625
15,2023,3,8,0.02292552
16,2023,3,8,0.02243916
1,2024,3,8,0.001402413
2,2024,3,8,0.02661544
3,2024,3,8,0.04435175
4,2024,3,8,0.03510426
5,2024,3,8,0.02295429
6,2024,3,8,0.01564112
7,2024,3,8,0.01144322
8,2024,3,8,0.009051317
9,2024,3,8,0.007672153
10,2024,3,8,0.006802069
11,2024,3,8,0.006263787
12,2024,3,8,0.005908303
13,2024,3,8,0.005663753
14,2024,3,8,0.005493472
15,2024,3,8,0.005363475
16,2024,3,8,0.005275269
1,1972,4,8,7.25838e-05
2,1972,4,8,0.0007200532
3,1972,4,8,0.002610423
4,1972,4,8,0.002440865
5,1972,4,8,0.001775651
6,1972,4,8,0.001242078
7,1972,4,8,0.0009431864
8,1972,4,8,0.0007761059
9,1972,4,8,0.0006802948
10,1972,4,8,0.0006185076
11,1972,4,8,0.0005800973
12,1972,4,8,0.0005544799
13,1972,4,8,0.0005364321
14,1972,4,8,0.0005237321
15,1972,4,8,0.00051388
16,1972,4,8,0.0005074576
1,1973,4,8,1.455959e-05
2,1973,4,8,0.0001444356
3,1973,4,8,0.0005236252
4,1973,4,8,0.0004896134
5,1973,4,8,0.0003561781
6,1973,4,8,0.0002491485
7,1973,4,8,0.0001891939
8,1973,4,8,0.0001556792
9,1973,4,8,0.0001364604
10,1973,4,8,0.0001240665
11,1973,4,8,0.0001163618
12,1973,4,8,0.0001112232
13,1973,4,8,0.000107603
14,1973,4,8,0.0001050555
15,1973,4,8,0.0001030793
16,1973,4,8,0.000101791
1,1974,4,8,9.161638e-05
2,1974,4,8,0.0009088621
3,1974,4,8,0.003294916
4,1974,4,8,0.003080897
5,1974,4,8,0.002241254
6,1974,4,8,0.001567769
7,1974,4,8,0.001190504
8,1974,4,8,0.0009796128
9,1974,4,8,0.0008586785
10,1974,4,8,0.0007806897
11,1974,4,8,0.0007322077
12,1974,4,8,0.000699873
13,1974,4,8,0.0006770928
14,1974,4,8,0.0006610626
15,1974,4,8,0.0006486272
16,1974,4,8,0.0006405207
1,1975,4,8,7.176022e-05
2,1975,4,8,0.0007118833
3,1975,4,8,0.002580807
4,1975,4,8,0.002413172
5,1975,4,8,0.001755505
6,1975,4,8,0.001227985
7,1975,4,8,0.0009324847
8,1975,4,8,0.0007672999
9,1975,4,8,0.0006725758
10,1975,4,8,0.0006114896
11,1975,4,8,0.0005735152
12,1975,4,8,0.0005481884
13,1975,4,8,0.0005303454
14,1975,4,8,0.0005177895
15,1975,4,8,0.0005080492
16,1975,4,8,0.0005016997
1,1976,4,8,0.0003773729
2,1976,4,8,0.003743653
3,1976,4,8,0.01357194
4,1976,4,8,0.01269039
5,1976,4,8,0.009231851
6,1976,4,8,0.006457728
7,1976,4,8,0.004903753
8,1976,4,8,0.004035079
9,1976,4,8,0.003536944
10,1976,4,8,0.003215704
11,1976,4,8,0.003016004
12,1976,4,8,0.002882815
13,1976,4,8,0.002788982
14,1976,4,8,0.002722953
15,1976,4,8,0.002671731
16,1976,4,8,0.00263834
1,1977,4,8,0.000524958
2,1977,4,8,0.005207742
3,1977,4,8,0.01887973
4,1977,4,8,0.01765341
5,1977,4,8,0.01284229
6,1977,4,8,0.008983252
7,1977,4,8,0.00682154
8,1977,4,8,0.00561314
9,1977,4,8,0.004920191
10,1977,4,8,0.004473319
11,1977,4,8,0.004195519
12,1977,4,8,0.004010242
13,1977,4,8,0.003879713
14,1977,4,8,0.003787861
15,1977,4,8,0.003716606
16,1977,4,8,0.003670156
1,1978,4,8,0.0003977193
2,1978,4,8,0.003945496
3,1978,4,8,0.01430369
4,1978,4,8,0.0133746
5,1978,4,8,0.009729594
6,1978,4,8,0.006805902
7,1978,4,8,0.005168143
8,1978,4,8,0.004252634
9,1978,4,8,0.003727641
10,1978,4,8,0.003389081
11,1978,4,8,0.003178614
12,1978,4,8,0.003038245
13,1978,4,8,0.002939353
14,1978,4,8,0.002869764
15,1978,4,8,0.00281578
16,1978,4,8,0.002780588
1,1979,4,8,0.0004279767
2,1979,4,8,0.004245658
3,1979,4,8,0.01539187
4,1979,4,8,0.0143921
5,1979,4,8,0.01046979
6,1979,4,8,0.007323676
7,1979,4,8,0.005561321
8,1979,4,8,0.004576162
9,1979,4,8,0.00401123
10,1979,4,8,0.003646913
11,1979,4,8,0.003420434
12,1979,4,8,0.003269386
13,1979,4,8,0.00316297
14,1979,4,8,0.003088087
15,1979,4,8,0.003029996
16,1979,4,8,0.002992128
1,1980,4,8,0.0006945376
2,1980,4,8,0.006890022
3,1980,4,8,0.02497854
4,1980,4,8,0.02335607
5,1980,4,8,0.0169908
6,1980,4,8,0.01188515
7,1980,4,8,0.009025133
8,1980,4,8,0.007426378
9,1980,4,8,0.006509583
10,1980,4,8,0.005918356
11,1980,4,8,0.005550817
12,1980,4,8,0.005305689
13,1980,4,8,0.005132994
14,1980,4,8,0.005011471
15,1980,4,8,0.004917199
16,1980,4,8,0.004855744
1,1981,4,8,0.0007746912
2,1981,4,8,0.008034328
3,1981,4,8,0.02765982
4,1981,4,8,0.02563429
5,1981,4,8,0.01850445
6,1981,4,8,0.01291693
7,1981,4,8,0.009802909
8,1981,4,8,0.008065585
9,1981,4,8,0.007070438
10,1981,4,8,0.00642903
11,1981,4,8,0.006030575
12,1981,4,8,0.005764924
13,1981,4,8,0.005577819
14,1981,4,8,0.005446182
15,1981,4,8,0.005344006
16,1981,4,8,0.005277418
1,1982,4,8,0.001045417
2,1982,4,8,0.01383816
3,1982,4,8,0.03561199
4,1982,4,8,0.03104819
5,1982,4,8,0.02119002
6,1982,4,8,0.01456061
7,1982,4,8,0.0109974
8,1982,4,8,0.009037582
9,1982,4,8,0.007924203
10,1982,4,8,0.007209733
11,1982,4,8,0.006768252
12,1982,4,8,0.006474771
13,1982,4,8,0.006268548
14,1982,4,8,0.006123693
15,1982,4,8,0.006010806
16,1982,4,8,0.005937343
1,1983,4,8,0.001131837
2,1983,4,8,0.01271911
3,1983,4,8,0.04035173
4,1983,4,8,0.03755232
5,1983,4,8,0.02778198
6,1983,4,8,0.01954959
7,1983,4,8,0.01472872
8,1983,4,8,0.0119793
9,1983,4,8,0.0103879
10,1983,4,8,0.009365824
11,1983,4,8,0.00872858
12,1983,4,8,0.008303984
13,1983,4,8,0.008006733
14,1983,4,8,0.007798028
15,1983,4,8,0.007637578
16,1983,4,8,0.00753139
1,1984,4,8,0.0008229055
2,1984,4,8,0.01078257
3,1984,4,8,0.02805844
4,1984,4,8,0.0244777
5,1984,4,8,0.01667343
6,1984,4,8,0.01144847
7,1984,4,8,0.008655384
8,1984,4,8,0.007123266
9,1984,4,8,0.006254008
10,1984,4,8,0.005695906
11,1984,4,8,0.0053512
12,1984,4,8,0.005122028
13,1984,4,8,0.004960858
14,1984,4,8,0.004847617
15,1984,4,8,0.004759257
16,1984,4,8,0.004701872
1,1985,4,8,0.000480054
2,1985,4,8,0.004766361
3,1985,4,8,0.01739982
4,1985,4,8,0.01648389
5,1985,4,8,0.01228233
6,1985,4,8,0.008654055
7,1985,4,8,0.006546494
8,1985,4,8,0.005349633
9,1985,4,8,0.004658018
10,1985,4,8,0.004212745
11,1985,4,8,0.003935115
12,1985,4,8,0.003749951
13,1985,4,8,0.003619955
14,1985,4,8,0.003528576
15,1985,4,8,0.003458148
16,1985,4,8,0.003411785
1,1986,4,8,0.0007551019
2,1986,4,8,0.008384362
3,1986,4,8,0.02668062
4,1986,4,8,0.02442387
5,1986,4,8,0.01748357
6,1986,4,8,0.01217865
7,1986,4,8,0.009226216
8,1986,4,8,0.007579186
9,1986,4,8,0.006636031
10,1986,4,8,0.006028906
11,1986,4,8,0.005651957
12,1986,4,8,0.005400802
13,1986,4,8,0.005224116
14,1986,4,8,0.005099877
15,1986,4,8,0.005003485
16,1986,4,8,0.004940563
1,1987,4,8,0.0004176437
2,1987,4,8,0.006061035
3,1987,4,8,0.01397357
4,1987,4,8,0.0119026
5,1987,4,8,0.007996291
6,1987,4,8,0.005472192
7,1987,4,8,0.004113132
8,1987,4,8,0.003364068
9,1987,4,8,0.002938319
10,1987,4,8,0.00266599
11,1987,4,8,0.002497861
12,1987,4,8,0.002386261
13,1987,4,8,0.002308105
14,1987,4,8,0.00225329
15,1987,4,8,0.002210654
16,1987,4,8,0.00218276
1,1988,4,8,0.0003417276
2,1988,4,8,0.00338863
3,1988,4,8,0.01229505
4,1988,4,8,0.01150405
5,1988,4,8,0.008378448
6,1988,4,8,0.005862818
7,1988,4,8,0.004451252
8,1988,4,8,0.003661591
9,1988,4,8,0.003208597
10,1988,4,8,0.002916489
11,1988,4,8,0.002734873
12,1988,4,8,0.002613745
13,1988,4,8,0.002528422
14,1988,4,8,0.002468385
15,1988,4,8,0.002421825
16,1988,4,8,0.002391459
1,1989,4,8,0.0004721662
2,1989,4,8,0.005088312
3,1989,4,8,0.01690946
4,1989,4,8,0.01580114
5,1989,4,8,0.01167238
6,1989,4,8,0.008207446
7,1989,4,8,0.006196409
8,1989,4,8,0.005054125
9,1989,4,8,0.004394147
10,1989,4,8,0.003969805
11,1989,4,8,0.003705359
12,1989,4,8,0.003529099
13,1989,4,8,0.003405512
14,1989,4,8,0.00331869
15,1989,4,8,0.003251813
16,1989,4,8,0.003207704
1,1990,4,8,0.0009669244
2,1990,4,8,0.009457573
3,1990,4,8,0.03959209
4,1990,4,8,0.04459316
5,1990,4,8,0.04258728
6,1990,4,8,0.03196764
7,1990,4,8,0.02341473
8,1990,4,8,0.01798467
9,1990,4,8,0.01468767
10,1990,4,8,0.01258676
11,1990,4,8,0.01125202
12,1990,4,8,0.01036175
13,1990,4,8,0.009750168
14,1990,4,8,0.009323162
15,1990,4,8,0.009007809
16,1990,4,8,0.008786612
1,1991,4,8,0.001482543
2,1991,4,8,0.01519494
3,1991,4,8,0.05744591
4,1991,4,8,0.06035648
5,1991,4,8,0.05309352
6,1991,4,8,0.03911723
7,1991,4,8,0.02889392
8,1991,4,8,0.02258144
9,1991,4,8,0.01879317
10,1991,4,8,0.01637429
11,1991,4,8,0.01484437
12,1991,4,8,0.01382411
13,1991,4,8,0.01311994
14,1991,4,8,0.01262759
15,1991,4,8,0.01226034
16,1991,4,8,0.01200643
1,1992,4,8,0.001006028
2,1992,4,8,0.01353028
3,1992,4,8,0.0361293
4,1992,4,8,0.03460689
5,1992,4,8,0.02796421
6,1992,4,8,0.02019889
7,1992,4,8,0.01491693
8,1992,4,8,0.01172635
9,1992,4,8,0.009831056
10,1992,4,8,0.008623046
11,1992,4,8,0.007862865
12,1992,4,8,0.00735684
13,1992,4,8,0.007007426
14,1992,4,8,0.006763224
15,1992,4,8,0.006579893
16,1992,4,8,0.006453982
1,1993,4,8,0.00137692
2,1993,4,8,0.01571699
3,1993,4,8,0.05251908
4,1993,4,8,0.05436884
5,1993,4,8,0.04761752
6,1993,4,8,0.03506339
7,1993,4,8,0.0258304
8,1993,4,8,0.02011732
9,1993,4,8,0.01668634
10,1993,4,8,0.01449825
11,1993,4,8,0.01311439
12,1993,4,8,0.01219198
13,1993,4,8,0.01155623
14,1993,4,8,0.01111199
15,1993,4,8,0.01078105
16,1993,4,8,0.01055163
1,1994,4,8,0.001631646
2,1994,4,8,0.01808965
3,1994,4,8,0.06411097
4,1994,4,8,0.06900697
5,1994,4,8,0.06331606
6,1994,4,8,0.04712733
7,1994,4,8,0.03456767
8,1994,4,8,0.02667348
9,1994,4,8,0.02190097
10,1994,4,8,0.01886014
11,1994,4,8,0.01693193
12,1994,4,8,0.01564641
13,1994,4,8,0.01476255
14,1994,4,8,0.01414537
15,1994,4,8,0.01368814
16,1994,4,8,0.01336867
1,1995,4,8,0.0002733314
2,1995,4,8,0.003438119
3,1995,4,8,0.009461935
4,1995,4,8,0.008451309
5,1995,4,8,0.005957344
6,1995,4,8,0.004134197
7,1995,4,8,0.003118198
8,1995,4,8,0.002550421
9,1995,4,8,0.002225181
10,1995,4,8,0.002016435
11,1995,4,8,0.001886938
12,1995,4,8,0.001800772
13,1995,4,8,0.001740338
14,1995,4,8,0.0016979
15,1995,4,8,0.001665031
16,1995,4,8,0.001643473
1,1996,4,8,0.00126407
2,1996,4,8,0.0236352
3,1996,4,8,0.03895756
4,1996,4,8,0.02898876
5,1996,4,8,0.01630083
6,1996,4,8,0.01049594
7,1996,4,8,0.007807463
8,1996,4,8,0.00642752
9,1996,4,8,0.005675456
10,1996,4,8,0.005200961
11,1996,4,8,0.004915441
12,1996,4,8,0.004728097
13,1996,4,8,0.004597335
14,1996,4,8,0.004506053
15,1996,4,8,0.00443309
16,1996,4,8,0.00438642
1,1997,4,8,0.001709437
2,1997,4,8,0.03351473
3,1997,4,8,0.05276468
4,1997,4,8,0.03980285
5,1997,4,8,0.02392153
6,1997,4,8,0.0158336
7,1997,4,8,0.01160021
8,1997,4,8,0.00928173
9,1997,4,8,0.007972574
10,1997,4,8,0.0071493
11,1997,4,8,0.006645633
12,1997,4,8,0.006314307
13,1997,4,8,0.006085982
14,1997,4,8,0.00592711
15,1997,4,8,0.005803977
16,1997,4,8,0.005721775
1,1998,4,8,0.0009657326
2,1998,4,8,0.01704973
3,1998,4,8,0.031636
4,1998,4,8,0.0265988
5,1998,4,8,0.0188575
6,1998,4,8,0.01316702
7,1998,4,8,0.009655589
8,1998,4,8,0.007600197
9,1998,4,8,0.006398524
10,1998,4,8,0.005637527
11,1998,4,8,0.005163076
12,1998,4,8,0.00484871
13,1998,4,8,0.004632291
14,1998,4,8,0.004481404
15,1998,4,8,0.004367202
16,1998,4,8,0.004289131
1,1999,4,8,0.004176811
2,1999,4,8,0.08556911
3,1999,4,8,0.124591
4,1999,4,8,0.087298
5,1999,4,8,0.04498526
6,1999,4,8,0.02797347
7,1999,4,8,0.02054996
8,1999,4,8,0.01685561
9,1999,4,8,0.0148838
10,1999,4,8,0.01365529
11,1999,4,8,0.0129277
12,1999,4,8,0.01245469
13,1999,4,8,0.01212713
14,1999,4,8,0.01189972
15,1999,4,8,0.01171558
16,1999,4,8,0.01159828
1,2000,4,8,0.002905259
2,2000,4,8,0.05607187
3,2000,4,8,0.0908166
4,2000,4,8,0.07028827
5,2000,4,8,0.04428152
6,2000,4,8,0.02980244
7,2000,4,8,0.02181167
8,2000,4,8,0.01733176
9,2000,4,8,0.01477033
10,2000,4,8,0.01315665
11,2000,4,8,0.01216281
12,2000,4,8,0.01150752
13,2000,4,8,0.01105648
14,2000,4,8,0.01074252
15,2000,4,8,0.01050141
16,2000,4,8,0.01033883
1,2001,4,8,0.003012876
2,2001,4,8,0.05413108
3,2001,4,8,0.0984662
4,2001,4,8,0.08264093
5,2001,4,8,0.05885773
6,2001,4,8,0.04116607
7,2001,4,8,0.0301181
8,2001,4,8,0.02362045
9,2001,4,8,0.01981359
10,2001,4,8,0.01740471
11,2001,4,8,0.01590181
12,2001,4,8,0.01490616
13,2001,4,8,0.01422165
14,2001,4,8,0.01374463
15,2001,4,8,0.01338436
16,2001,4,8,0.01313723
1,2002,4,8,0.005136514
2,2002,4,8,0.0636897
3,2002,4,8,0.197244
4,2002,4,8,0.2074415
5,2002,4,8,0.1879482
6,2002,4,8,0.1395648
7,2002,4,8,0.1021581
8,2002,4,8,0.07865902
9,2002,4,8,0.06445844
10,2002,4,8,0.05541985
11,2002,4,8,0.0496913
12,2002,4,8,0.04587409
13,2002,4,8,0.04325213
14,2002,4,8,0.04142213
15,2002,4,8,0.04006695
16,2002,4,8,0.03911873
1,2003,4,8,0.003450302
2,2003,4,8,0.06714656
3,2003,4,8,0.1069101
4,2003,4,8,0.08124267
5,2003,4,8,0.04940833
6,2003,4,8,0.03284039
7,2003,4,8,0.02406934
8,2003,4,8,0.01924148
9,2003,4,8,0.01650776
10,2003,4,8,0.01478733
11,2003,4,8,0.01373308
12,2003,4,8,0.01303909
13,2003,4,8,0.01256078
14,2003,4,8,0.01222788
15,2003,4,8,0.01197035
16,2003,4,8,0.01179814
1,2004,4,8,0.002133757
2,2004,4,8,0.04320996
3,2004,4,8,0.06448552
4,2004,4,8,0.04657326
5,2004,4,8,0.02579018
6,2004,4,8,0.01654443
7,2004,4,8,0.01211844
8,2004,4,8,0.009797321
9,2004,4,8,0.008518546
10,2004,4,8,0.00771832
11,2004,4,8,0.007235607
12,2004,4,8,0.006919782
13,2004,4,8,0.006701914
14,2004,4,8,0.006550534
15,2004,4,8,0.006431064
16,2004,4,8,0.006352759
1,2005,4,8,0.003336571
2,2005,4,8,0.05447997
3,2005,4,8,0.1146984
4,2005,4,8,0.1043377
5,2005,4,8,0.08207889
6,2005,4,8,0.05897522
7,2005,4,8,0.04315359
8,2005,4,8,0.0335577
9,2005,4,8,0.02785175
10,2005,4,8,0.02423107
11,2005,4,8,0.02195484
12,2005,4,8,0.02044261
13,2005,4,8,0.01940345
14,2005,4,8,0.01867876
15,2005,4,8,0.01813667
16,2005,4,8,0.01776117
1,2006,4,8,0.003714016
2,2006,4,8,0.07527871
3,2006,4,8,0.1124236
4,2006,4,8,0.08153551
5,2006,4,8,0.04567102
6,2006,4,8,0.02943823
7,2006,4,8,0.02153914
8,2006,4,8,0.0173606
9,2006,4,8,0.01504717
10,2006,4,8,0.01359905
11,2006,4,8,0.01272323
12,2006,4,8,0.01214977
13,2006,4,8,0.01175456
14,2006,4,8,0.01147998
15,2006,4,8,0.01126415
16,2006,4,8,0.01112199
1,2007,4,8,0.002304713
2,2007,4,8,0.04078503
3,2007,4,8,0.07585474
4,2007,4,8,0.06439656
5,2007,4,8,0.04650729
6,2007,4,8,0.03265558
7,2007,4,8,0.0239026
8,2007,4,8,0.0187337
9,2007,4,8,0.01569915
10,2007,4,8,0.01377779
11,2007,4,8,0.01257768
12,2007,4,8,0.01178223
13,2007,4,8,0.01123526
14,2007,4,8,0.01085402
15,2007,4,8,0.01056643
16,2007,4,8,0.01036895
1,2008,4,8,0.003603203
2,2008,4,8,0.06421358
3,2008,4,8,0.118199
4,2008,4,8,0.09980546
5,2008,4,8,0.07160636
6,2008,4,8,0.05018635
7,2008,4,8,0.03672752
8,2008,4,8,0.02879517
9,2008,4,8,0.02414278
10,2008,4,8,0.02119788
11,2008,4,8,0.01935945
12,2008,4,8,0.01814119
13,2008,4,8,0.01730354
14,2008,4,8,0.01671974
15,2008,4,8,0.0162791
16,2008,4,8,0.01597668
1,2009,4,8,0.007048459
2,2009,4,8,0.1269004
3,2009,4,8,0.2291908
4,2009,4,8,0.190471
5,2009,4,8,0.1333455
6,2009,4,8,0.09277987
7,2009,4,8,0.06796232
8,2009,4,8,0.05347743
9,2009,4,8,0.04502201
10,2009,4,8,0.03967192
11,2009,4,8,0.03633968
12,2009,4,8,0.03413302
13,2009,4,8,0.03261471
14,2009,4,8,0.03155652
15,2009,4,8,0.03075506
16,2009,4,8,0.03020721
1,2010,4,8,0.001257159
2,2010,4,8,0.02298616
3,2010,4,8,0.04029483
4,2010,4,8,0.03259517
5,2010,4,8,0.02182686
6,2010,4,8,0.01497837
7,2010,4,8,0.01099311
8,2010,4,8,0.008711644
9,2010,4,8,0.007392529
10,2010,4,8,0.006558478
11,2010,4,8,0.006041431
12,2010,4,8,0.005699501
13,2010,4,8,0.005463878
14,2010,4,8,0.005299652
15,2010,4,8,0.005174388
16,2010,4,8,0.005089473
1,2011,4,8,0.003931333
2,2011,4,8,0.07925203
3,2011,4,8,0.1194332
4,2011,4,8,0.08728096
5,2011,4,8,0.04961865
6,2011,4,8,0.0321697
7,2011,4,8,0.02353946
8,2011,4,8,0.0189369
9,2011,4,8,0.01637675
10,2011,4,8,0.01477263
11,2011,4,8,0.01379982
12,2011,4,8,0.01316217
13,2011,4,8,0.0127228
14,2011,4,8,0.01241745
15,2011,4,8,0.01217826
16,2011,4,8,0.01202017
1,2012,4,8,0.004285908
2,2012,4,8,0.08089049
3,2012,4,8,0.1359128
4,2012,4,8,0.1080968
5,2012,4,8,0.0711638
6,2012,4,8,0.04859495
7,2012,4,8,0.03556186
8,2012,4,8,0.02811844
9,2012,4,8,0.02382132
10,2012,4,8,0.02110936
11,2012,4,8,0.0194304
12,2012,4,8,0.01832126
13,2012,4,8,0.01755817
14,2012,4,8,0.01702676
15,2012,4,8,0.01662138
16,2012,4,8,0.01634614
1,2013,4,8,0.004890297
2,2013,4,8,0.09362968
3,2013,4,8,0.1535586
4,2013,4,8,0.119858
5,2013,4,8,0.07651672
6,2013,4,8,0.05172537
7,2013,4,8,0.03786513
8,2013,4,8,0.03005285
9,2013,4,8,0.02557338
10,2013,4,8,0.02274947
11,2013,4,8,0.0210075
12,2013,4,8,0.0198582
13,2013,4,8,0.01906711
14,2013,4,8,0.01851634
15,2013,4,8,0.01809417
16,2013,4,8,0.01780899
1,2014,4,8,0.005984687
2,2014,4,8,0.1011726
3,2014,4,8,0.2022958
4,2014,4,8,0.1793928
5,2014,4,8,0.1370883
6,2014,4,8,0.09776616
7,2014,4,8,0.07152229
8,2014,4,8,0.0557348
9,2014,4,8,0.04638359
10,2014,4,8,0.04045468
11,2014,4,8,0.0367348
12,2014,4,8,0.03426538
13,2014,4,8,0.03256841
14,2014,4,8,0.03138526
15,2014,4,8,0.03049806
16,2014,4,8,0.02988497
1,2015,4,8,0.004612517
2,2015,4,8,0.07955414
3,2015,4,8,0.154256
4,2015,4,8,0.1344976
5,2015,4,8,0.1006786
6,2015,4,8,0.07140445
7,2015,4,8,0.05223737
8,2015,4,8,0.04077948
9,2015,4,8,0.03401317
10,2015,4,8,0.02972552
11,2015,4,8,0.02703952
12,2015,4,8,0.02525744
13,2015,4,8,0.02403267
14,2015,4,8,0.02317886
15,2015,4,8,0.02253737
16,2015,4,8,0.02209495
1,2016,4,8,0.004433975
2,2016,4,8,0.08799186
3,2016,4,8,0.1361892
4,2016,4,8,0.1018204
5,2016,4,8,0.06044772
6,2016,4,8,0.03983994
7,2016,4,8,0.02914893
8,2016,4,8,0.02331586
9,2016,4,8,0.02002946
10,2016,4,8,0.01796527
11,2016,4,8,0.01670434
12,2016,4,8,0.01587557
13,2016,4,8,0.01530487
14,2016,4,8,0.01490797
15,2016,4,8,0.01459998
16,2016,4,8,0.01439445
1,2017,4,8,0.006216864
2,2017,4,8,0.1222528
3,2017,4,8,0.1921282
4,2017,4,8,0.145437
5,2017,4,8,0.08829205
6,2017,4,8,0.05866439
7,2017,4,8,0.04292122
8,2017,4,8,0.03423798
9,2017,4,8,0.02931667
10,2017,4,8,0.02622205
11,2017,4,8,0.02432541
12,2017,4,8,0.02307726
13,2017,4,8,0.02221799
14,2017,4,8,0.02162021
15,2017,4,8,0.02115832
16,2017,4,8,0.02084874
1,2018,4,8,0.007298401
2,2018,4,8,0.1481352
3,2018,4,8,0.2207077
4,2018,4,8,0.1597357
5,2018,4,8,0.08910056
6,2018,4,8,0.05733577
7,2018,4,8,0.04195112
8,2018,4,8,0.0338322
9,2018,4,8,0.02934343
10,2018,4,8,0.02653439
11,2018,4,8,0.02483686
12,2018,4,8,0.02372571
13,2018,4,8,0.0229599
14,2018,4,8,0.02242787
15,2018,4,8,0.02200924
16,2018,4,8,0.02173381
1,2019,4,8,0.003863477
2,2019,4,8,0.0671307
3,2019,4,8,0.1284865
4,2019,4,8,0.110974
5,2019,4,8,0.08197837
6,2019,4,8,0.05792789
7,2019,4,8,0.04239682
8,2019,4,8,0.03315629
9,2019,4,8,0.02771161
10,2019,4,8,0.02426211
11,2019,4,8,0.02210351
12,2019,4,8,0.02067179
13,2019,4,8,0.01968751
14,2019,4,8,0.01900134
15,2019,4,8,0.01848498
16,2019,4,8,0.01812953
1,2020,4,8,0.007539278
2,2020,4,8,0.1483031
3,2020,4,8,0.2329467
4,2020,4,8,0.1762597
5,2020,4,8,0.1069212
6,2020,4,8,0.0710226
7,2020,4,8,0.05196321
8,2020,4,8,0.04145479
9,2020,4,8,0.03550025
10,2020,4,8,0.03175605
11,2020,4,8,0.02946156
12,2020,4,8,0.02795164
13,2020,4,8,0.02691215
14,2020,4,8,0.026189
15,2020,4,8,0.02563016
16,2020,4,8,0.02525566
1,2021,4,8,0.002389523
2,2021,4,8,0.04691165
3,2021,4,8,0.07381313
4,2021,4,8,0.0557962
5,2021,4,8,0.03372548
6,2021,4,8,0.02237123
7,2021,4,8,0.0163783
8,2021,4,8,0.01308324
9,2021,4,8,0.01121879
10,2021,4,8,0.01004632
11,2021,4,8,0.009328294
12,2021,4,8,0.008855849
13,2021,4,8,0.008530446
14,2021,4,8,0.008304049
15,2021,4,8,0.008128878
16,2021,4,8,0.008011681
1,2022,4,8,0.002492735
2,2022,4,8,0.05158697
3,2022,4,8,0.07433987
4,2022,4,8,0.05219086
5,2022,4,8,0.02730246
6,2022,4,8,0.01710219
7,2022,4,8,0.01251377
8,2022,4,8,0.01018704
9,2022,4,8,0.00893108
10,2022,4,8,0.008148873
11,2022,4,8,0.007682871
12,2022,4,8,0.00737953
13,2022,4,8,0.00717022
14,2022,4,8,0.007025014
15,2022,4,8,0.00690862
16,2022,4,8,0.006833476
1,2023,4,8,0.01400198
2,2023,4,8,0.2865846
3,2023,4,8,0.4209208
4,2023,4,8,0.3007594
5,2023,4,8,0.1634092
6,2023,4,8,0.1040298
7,2023,4,8,0.07611722
8,2023,4,8,0.06161487
9,2023,4,8,0.05367007
10,2023,4,8,0.04870734
11,2023,4,8,0.04572441
12,2023,4,8,0.04377595
13,2023,4,8,0.04243246
14,2023,4,8,0.0414996
15,2023,4,8,0.04076044
16,2023,4,8,0.04027757
1,2024,4,8,0.003991978
2,2024,4,8,0.07934839
3,2024,4,8,0.1224803
4,2024,4,8,0.09136861
5,2024,4,8,0.05402354
6,2024,4,8,0.03555276
7,2024,4,8,0.02601216
8,2024,4,8,0.02081724
9,2024,4,8,0.01789365
10,2024,4,8,0.01605773
11,2024,4,8,0.01493695
12,2024,4,8,0.01420048
13,2024,4,8,0.0136933
14,2024,4,8,0.0133406
15,2024,4,8,0.0130667
16,2024,4,8,0.01288406
1,1972,1,all,0.0007805001
2,1972,1,all,0.008512669
3,1972,1,all,0.009904903
4,1972,1,all,0.006317323
5,1972,1,all,0.005550415
6,1972,1,all,0.004799927
7,1972,1,all,0.003665054
8,1972,1,all,0.003223451
9,1972,1,all,0.003202834
10,1972,1,all,0.002775517
11,1972,1,all,0.002882604
12,1972,1,all,0.00290734
13,1972,1,all,0.002886164
14,1972,1,all,0.002550726
15,1972,1,all,0.002732323
16,1972,1,all,0.002131298
1,1973,1,all,0.001254035
2,1973,1,all,0.009352144
3,1973,1,all,0.01126042
4,1973,1,all,0.008077947
5,1973,1,all,0.006690793
6,1973,1,all,0.005475659
7,1973,1,all,0.004401008
8,1973,1,all,0.003975924
9,1973,1,all,0.003795809
10,1973,1,all,0.003130583
11,1973,1,all,0.003398332
12,1973,1,all,0.003485326
13,1973,1,all,0.003364259
14,1973,1,all,0.002869108
15,1973,1,all,0.003176761
16,1973,1,all,0.00308743
1,1974,1,all,0.0004848883
2,1974,1,all,0.009074582
3,1974,1,all,0.004308178
4,1974,1,all,0.007167337
5,1974,1,all,0.006237192
6,1974,1,all,0.004856085
7,1974,1,all,0.003262307
8,1974,1,all,0.002572723
9,1974,1,all,0.003008587
10,1974,1,all,0.002544804
11,1974,1,all,0.002378328
12,1974,1,all,0.002284916
13,1974,1,all,0.002598548
14,1974,1,all,0.002298217
15,1974,1,all,0.002264424
16,1974,1,all,0.002258276
1,1975,1,all,0.005395023
2,1975,1,all,0.007627073
3,1975,1,all,0.01154466
4,1975,1,all,0.02129785
5,1975,1,all,0.00826401
6,1975,1,all,0.004428999
7,1975,1,all,0.003770446
8,1975,1,all,0.002965886
9,1975,1,all,0.0038797
10,1975,1,all,0.00305617
11,1975,1,all,0.003100815
12,1975,1,all,0.003126879
13,1975,1,all,0.003257019
14,1975,1,all,0.002749673
15,1975,1,all,0.0029459
16,1975,1,all,0.002908908
1,1976,1,all,0.000935236
2,1976,1,all,0.00474601
3,1976,1,all,0.005287988
4,1976,1,all,0.007893709
5,1976,1,all,0.004801108
6,1976,1,all,0.004539157
7,1976,1,all,0.003664092
8,1976,1,all,0.003115946
9,1976,1,all,0.00360947
10,1976,1,all,0.00251432
11,1976,1,all,0.002454521
12,1976,1,all,0.0027032
13,1976,1,all,0.003019903
14,1976,1,all,0.002663639
15,1976,1,all,0.002569504
16,1976,1,all,0.002661122
1,1977,1,all,0.005085245
2,1977,1,all,0.009365161
3,1977,1,all,0.01515544
4,1977,1,all,0.01286905
5,1977,1,all,0.01098462
6,1977,1,all,0.007389737
7,1977,1,all,0.007160575
8,1977,1,all,0.005491732
9,1977,1,all,0.006383492
10,1977,1,all,0.004944448
11,1977,1,all,0.005877128
12,1977,1,all,0.00496312
13,1977,1,all,0.005668043
14,1977,1,all,0.005686437
15,1977,1,all,0.005658792
16,1977,1,all,0.004983139
1,1978,1,all,0.008802456
2,1978,1,all,0.01045111
3,1978,1,all,0.03548765
4,1978,1,all,0.01883181
5,1978,1,all,0.016998
6,1978,1,all,0.01281342
7,1978,1,all,0.009277278
8,1978,1,all,0.008831229
9,1978,1,all,0.008327482
10,1978,1,all,0.007616001
11,1978,1,all,0.008626834
12,1978,1,all,0.007328427
13,1978,1,all,0.008329961
14,1978,1,all,0.00720371
15,1978,1,all,0.008023032
16,1978,1,all,0.007755752
1,1979,1,all,0.003925331
2,1979,1,all,0.01315509
3,1979,1,all,0.008818713
4,1979,1,all,0.01463819
5,1979,1,all,0.01302396
6,1979,1,all,0.007180155
7,1979,1,all,0.005450353
8,1979,1,all,0.005478949
9,1979,1,all,0.006019355
10,1979,1,all,0.00409984
11,1979,1,all,0.003620665
12,1979,1,all,0.004621633
13,1979,1,all,0.003963785
14,1979,1,all,0.003768744
15,1979,1,all,0.003451482
16,1979,1,all,0.003776833
1,1980,1,all,0.01103296
2,1980,1,all,0.01032984
3,1980,1,all,0.01729273
4,1980,1,all,0.02171412
5,1980,1,all,0.01189616
6,1980,1,all,0.007419764
7,1980,1,all,0.00688273
8,1980,1,all,0.005811296
9,1980,1,all,0.006056025
10,1980,1,all,0.004703614
11,1980,1,all,0.004720556
12,1980,1,all,0.004840601
13,1980,1,all,0.005274027
14,1980,1,all,0.004262554
15,1980,1,all,0.004269916
16,1980,1,all,0.004556962
1,1981,1,all,0.01621686
2,1981,1,all,0.01337093
3,1981,1,all,0.02877431
4,1981,1,all,0.01952999
5,1981,1,all,0.02446139
6,1981,1,all,0.01155468
7,1981,1,all,0.0091744
8,1981,1,all,0.009571747
9,1981,1,all,0.008858062
10,1981,1,all,0.007514796
11,1981,1,all,0.007765843
12,1981,1,all,0.006851116
13,1981,1,all,0.007258099
14,1981,1,all,0.006509643
15,1981,1,all,0.006532018
16,1981,1,all,0.006583052
1,1982,1,all,0.01742819
2,1982,1,all,0.02142409
3,1982,1,all,0.02111252
4,1982,1,all,0.0255483
5,1982,1,all,0.01425769
6,1982,1,all,0.009581716
7,1982,1,all,0.007890603
8,1982,1,all,0.00917941
9,1982,1,all,0.009827196
10,1982,1,all,0.006170353
11,1982,1,all,0.005694651
12,1982,1,all,0.006742721
13,1982,1,all,0.00702309
14,1982,1,all,0.006286707
15,1982,1,all,0.006608649
16,1982,1,all,0.005909421
1,1983,1,all,0.01775665
2,1983,1,all,0.01867725
3,1983,1,all,0.03673246
4,1983,1,all,0.02198832
5,1983,1,all,0.01757162
6,1983,1,all,0.01182499
7,1983,1,all,0.008966176
8,1983,1,all,0.01019742
9,1983,1,all,0.008370829
10,1983,1,all,0.006488376
11,1983,1,all,0.006448484
12,1983,1,all,0.007561924
13,1983,1,all,0.007808998
14,1983,1,all,0.006254506
15,1983,1,all,0.006030242
16,1983,1,all,0.00652554
1,1984,1,all,0.01134962
2,1984,1,all,0.03163716
3,1984,1,all,0.04663369
4,1984,1,all,0.02237731
5,1984,1,all,0.01530646
6,1984,1,all,0.0169765
7,1984,1,all,0.01279874
8,1984,1,all,0.0105925
9,1984,1,all,0.008624388
10,1984,1,all,0.008611269
11,1984,1,all,0.007688928
12,1984,1,all,0.00839353
13,1984,1,all,0.007786074
14,1984,1,all,0.0074203
15,1984,1,all,0.007410746
16,1984,1,all,0.007518814
1,1985,1,all,0.0263403
2,1985,1,all,0.01993416
3,1985,1,all,0.053369
4,1985,1,all,0.03471613
5,1985,1,all,0.01730382
6,1985,1,all,0.01300076
7,1985,1,all,0.009437883
8,1985,1,all,0.008825067
9,1985,1,all,0.0093809
10,1985,1,all,0.00698678
11,1985,1,all,0.007115194
12,1985,1,all,0.007649037
13,1985,1,all,0.008124585
14,1985,1,all,0.006109223
15,1985,1,all,0.005955597
16,1985,1,all,0.006943506
1,1986,1,all,0.01764476
2,1986,1,all,0.03107831
3,1986,1,all,0.04242739
4,1986,1,all,0.0231737
5,1986,1,all,0.02015364
6,1986,1,all,0.01249012
7,1986,1,all,0.01405728
8,1986,1,all,0.01076156
9,1986,1,all,0.01147105
10,1986,1,all,0.007812902
11,1986,1,all,0.008297042
12,1986,1,all,0.009451565
13,1986,1,all,0.01043073
14,1986,1,all,0.007647823
15,1986,1,all,0.007916517
16,1986,1,all,0.008537847
1,1987,1,all,0.009321456
2,1987,1,all,0.02410068
3,1987,1,all,0.05663197
4,1987,1,all,0.03295702
5,1987,1,all,0.02606298
6,1987,1,all,0.01562714
7,1987,1,all,0.01112918
8,1987,1,all,0.01401371
9,1987,1,all,0.0165325
10,1987,1,all,0.009205968
11,1987,1,all,0.01266934
12,1987,1,all,0.009917974
13,1987,1,all,0.01354865
14,1987,1,all,0.008122968
15,1987,1,all,0.009367918
16,1987,1,all,0.01061009
1,1988,1,all,0.02237219
2,1988,1,all,0.01670561
3,1988,1,all,0.04518734
4,1988,1,all,0.0197982
5,1988,1,all,0.01843171
6,1988,1,all,0.01021159
7,1988,1,all,0.009076623
8,1988,1,all,0.007544388
9,1988,1,all,0.01130953
10,1988,1,all,0.00674172
11,1988,1,all,0.006151849
12,1988,1,all,0.009044704
13,1988,1,all,0.01025564
14,1988,1,all,0.006703279
15,1988,1,all,0.008501234
16,1988,1,all,0.007824513
1,1989,1,all,0.005867021
2,1989,1,all,0.03635663
3,1989,1,all,0.08192492
4,1989,1,all,0.06317697
5,1989,1,all,0.02798851
6,1989,1,all,0.0269704
7,1989,1,all,0.01659589
8,1989,1,all,0.01309705
9,1989,1,all,0.01311117
10,1989,1,all,0.01042813
11,1989,1,all,0.01097487
12,1989,1,all,0.0128377
13,1989,1,all,0.013434
14,1989,1,all,0.01069958
15,1989,1,all,0.01015693
16,1989,1,all,0.01201025
1,1990,1,all,0.009151477
2,1990,1,all,0.1137558
3,1990,1,all,0.1041265
4,1990,1,all,0.04407358
5,1990,1,all,0.03173658
6,1990,1,all,0.02388155
7,1990,1,all,0.03045945
8,1990,1,all,0.02675801
9,1990,1,all,0.02153793
10,1990,1,all,0.02260769
11,1990,1,all,0.0163109
12,1990,1,all,0.0171577
13,1990,1,all,0.01776445
14,1990,1,all,0.01456948
15,1990,1,all,0.01530337
16,1990,1,all,0.01701149
1,1991,1,all,0.001765891
2,1991,1,all,0.05944157
3,1991,1,all,0.1519196
4,1991,1,all,0.08189782
5,1991,1,all,0.03412267
6,1991,1,all,0.02641472
7,1991,1,all,0.02291295
8,1991,1,all,0.01858793
9,1991,1,all,0.02100445
10,1991,1,all,0.01494513
11,1991,1,all,0.01954938
12,1991,1,all,0.01870249
13,1991,1,all,0.02086243
14,1991,1,all,0.01774735
15,1991,1,all,0.01379722
16,1991,1,all,0.01587266
1,1992,1,all,0.01267919
2,1992,1,all,0.1144315
3,1992,1,all,0.08074929
4,1992,1,all,0.03202432
5,1992,1,all,0.02043632
6,1992,1,all,0.02236425
7,1992,1,all,0.02189457
8,1992,1,all,0.01705546
9,1992,1,all,0.01357991
10,1992,1,all,0.01269469
11,1992,1,all,0.01301193
12,1992,1,all,0.01232626
13,1992,1,all,0.01332289
14,1992,1,all,0.01119443
15,1992,1,all,0.01224601
16,1992,1,all,0.01182564
1,1993,1,all,0.005971101
2,1993,1,all,0.05265373
3,1993,1,all,0.04248901
4,1993,1,all,0.03977973
5,1993,1,all,0.03800247
6,1993,1,all,0.0352065
7,1993,1,all,0.02435118
8,1993,1,all,0.01743767
9,1993,1,all,0.01643878
10,1993,1,all,0.01929074
11,1993,1,all,0.0185769
12,1993,1,all,0.0171232
13,1993,1,all,0.016223
14,1993,1,all,0.01685506
15,1993,1,all,0.01623247
16,1993,1,all,0.01645571
1,1994,1,all,0.01466369
2,1994,1,all,0.0882702
3,1994,1,all,0.107435
4,1994,1,all,0.03657689
5,1994,1,all,0.024648
6,1994,1,all,0.0249954
7,1994,1,all,0.01848724
8,1994,1,all,0.01280598
9,1994,1,all,0.01294319
10,1994,1,all,0.01400749
11,1994,1,all,0.01311919
12,1994,1,all,0.01185964
13,1994,1,all,0.011712
14,1994,1,all,0.01075928
15,1994,1,all,0.0120042
16,1994,1,all,0.01158708
1,1995,1,all,0.01654223
2,1995,1,all,0.06789717
3,1995,1,all,0.1486159
4,1995,1,all,0.07096028
5,1995,1,all,0.05176852
6,1995,1,all,0.03767865
7,1995,1,all,0.03161516
8,1995,1,all,0.02622897
9,1995,1,all,0.02124603
10,1995,1,all,0.02091208
11,1995,1,all,0.0266092
12,1995,1,all,0.01948313
13,1995,1,all,0.01974735
14,1995,1,all,0.01996463
15,1995,1,all,0.02014998
16,1995,1,all,0.01797585
1,1996,1,all,0.09861505
2,1996,1,all,0.0846753
3,1996,1,all,0.239614
4,1996,1,all,0.04451078
5,1996,1,all,0.04418119
6,1996,1,all,0.03731266
7,1996,1,all,0.04081983
8,1996,1,all,0.03827484
9,1996,1,all,0.03176149
10,1996,1,all,0.03253544
11,1996,1,all,0.03234005
12,1996,1,all,0.03433783
13,1996,1,all,0.02789394
14,1996,1,all,0.02963965
15,1996,1,all,0.03981316
16,1996,1,all,0.02705582
1,1997,1,all,0.0141827
2,1997,1,all,0.09041265
3,1997,1,all,0.08830213
4,1997,1,all,0.06978634
5,1997,1,all,0.03800397
6,1997,1,all,0.0186767
7,1997,1,all,0.01881048
8,1997,1,all,0.01323698
9,1997,1,all,0.01289421
10,1997,1,all,0.01281804
11,1997,1,all,0.01333141
12,1997,1,all,0.01429056
13,1997,1,all,0.01352112
14,1997,1,all,0.01336511
15,1997,1,all,0.01318295
16,1997,1,all,0.01325595
1,1998,1,all,0.01210917
2,1998,1,all,0.07523064
3,1998,1,all,0.1009324
4,1998,1,all,0.07871469
5,1998,1,all,0.03509034
6,1998,1,all,0.03377707
7,1998,1,all,0.02924883
8,1998,1,all,0.02455333
9,1998,1,all,0.02230248
10,1998,1,all,0.0169172
11,1998,1,all,0.01706393
12,1998,1,all,0.01865264
13,1998,1,all,0.01625008
14,1998,1,all,0.01649933
15,1998,1,all,0.01543473
16,1998,1,all,0.01698419
1,1999,1,all,0.03020004
2,1999,1,all,0.07917307
3,1999,1,all,0.09759373
4,1999,1,all,0.04304506
5,1999,1,all,0.0261287
6,1999,1,all,0.01833236
7,1999,1,all,0.02215973
8,1999,1,all,0.0194333
9,1999,1,all,0.01534804
10,1999,1,all,0.01280588
11,1999,1,all,0.01528061
12,1999,1,all,0.01430429
13,1999,1,all,0.01394895
14,1999,1,all,0.01105441
15,1999,1,all,0.01110356
16,1999,1,all,0.01156024
1,2000,1,all,0.01108906
2,2000,1,all,0.1195187
3,2000,1,all,0.09522936
4,2000,1,all,0.05782104
5,2000,1,all,0.05208337
6,2000,1,all,0.0282164
7,2000,1,all,0.02815167
8,2000,1,all,0.01898818
9,2000,1,all,0.01849166
10,2000,1,all,0.01710324
11,2000,1,all,0.02104959
12,2000,1,all,0.02033431
13,2000,1,all,0.01866829
14,2000,1,all,0.01684115
15,2000,1,all,0.01850984
16,2000,1,all,0.01706534
1,2001,1,all,0.01163349
2,2001,1,all,0.1183439
3,2001,1,all,0.05771965
4,2001,1,all,0.05234836
5,2001,1,all,0.04352131
6,2001,1,all,0.02593594
7,2001,1,all,0.01994976
8,2001,1,all,0.01801194
9,2001,1,all,0.0165397
10,2001,1,all,0.01514864
11,2001,1,all,0.01452874
12,2001,1,all,0.01246629
13,2001,1,all,0.01264973
14,2001,1,all,0.0125978
15,2001,1,all,0.0137128
16,2001,1,all,0.01306367
1,2002,1,all,0.01803688
2,2002,1,all,0.09249795
3,2002,1,all,0.05820139
4,2002,1,all,0.05472775
5,2002,1,all,0.05538103
6,2002,1,all,0.03236481
7,2002,1,all,0.02547479
8,2002,1,all,0.02476238
9,2002,1,all,0.02367735
10,2002,1,all,0.02283051
11,2002,1,all,0.02168627
12,2002,1,all,0.02024101
13,2002,1,all,0.02005005
14,2002,1,all,0.02027451
15,2002,1,all,0.01966476
16,2002,1,all,0.02080578
1,2003,1,all,0.006737177
2,2003,1,all,0.06404504
3,2003,1,all,0.07534798
4,2003,1,all,0.06556036
5,2003,1,all,0.04048367
6,2003,1,all,0.03297234
7,2003,1,all,0.02741511
8,2003,1,all,0.02565034
9,2003,1,all,0.02350172
10,2003,1,all,0.0219357
11,2003,1,all,0.02621029
12,2003,1,all,0.02539029
13,2003,1,all,0.02143622
14,2003,1,all,0.02071625
15,2003,1,all,0.02409773
16,2003,1,all,0.01951741
1,2004,1,all,0.0217009
2,2004,1,all,0.1688491
3,2004,1,all,0.1955757
4,2004,1,all,0.05272197
5,2004,1,all,0.04042523
6,2004,1,all,0.03914459
7,2004,1,all,0.02724517
8,2004,1,all,0.0257192
9,2004,1,all,0.02306355
10,2004,1,all,0.02367904
11,2004,1,all,0.0240368
12,2004,1,all,0.02398492
13,2004,1,all,0.02139207
14,2004,1,all,0.02189896
15,2004,1,all,0.02549371
16,2004,1,all,0.02299889
1,2005,1,all,0.01404372
2,2005,1,all,0.1098383
3,2005,1,all,0.09094455
4,2005,1,all,0.06340073
5,2005,1,all,0.02997144
6,2005,1,all,0.02365895
7,2005,1,all,0.01959686
8,2005,1,all,0.01750024
9,2005,1,all,0.01394856
10,2005,1,all,0.01326302
11,2005,1,all,0.01494643
12,2005,1,all,0.01598117
13,2005,1,all,0.01490704
14,2005,1,all,0.01515433
15,2005,1,all,0.01547212
16,2005,1,all,0.01440467
1,2006,1,all,0.0228536
2,2006,1,all,0.1308497
3,2006,1,all,0.1196176
4,2006,1,all,0.1007012
5,2006,1,all,0.03228211
6,2006,1,all,0.03191168
7,2006,1,all,0.0268752
8,2006,1,all,0.02504378
9,2006,1,all,0.01955026
10,2006,1,all,0.02105802
11,2006,1,all,0.01972742
12,2006,1,all,0.02184645
13,2006,1,all,0.01633892
14,2006,1,all,0.01597148
15,2006,1,all,0.01932524
16,2006,1,all,0.01984552
1,2007,1,all,0.03041455
2,2007,1,all,0.138479
3,2007,1,all,0.1651111
4,2007,1,all,0.07960087
5,2007,1,all,0.04587743
6,2007,1,all,0.03305163
7,2007,1,all,0.02597021
8,2007,1,all,0.02429437
9,2007,1,all,0.02127083
10,2007,1,all,0.02176511
11,2007,1,all,0.02255958
12,2007,1,all,0.02233988
13,2007,1,all,0.01862822
14,2007,1,all,0.02049289
15,2007,1,all,0.01897019
16,2007,1,all,0.01915297
1,2008,1,all,0.04012518
2,2008,1,all,0.2545255
3,2008,1,all,0.1757115
4,2008,1,all,0.09469965
5,2008,1,all,0.04892524
6,2008,1,all,0.03202299
7,2008,1,all,0.02830688
8,2008,1,all,0.02912641
9,2008,1,all,0.02013834
10,2008,1,all,0.01952671
11,2008,1,all,0.02158857
12,2008,1,all,0.02067467
13,2008,1,all,0.01919655
14,2008,1,all,0.02050674
15,2008,1,all,0.02162319
16,2008,1,all,0.01995313
1,2009,1,all,0.04513444
2,2009,1,all,0.24311
3,2009,1,all,0.1705049
4,2009,1,all,0.132007
5,2009,1,all,0.06323939
6,2009,1,all,0.04775437
7,2009,1,all,0.0441134
8,2009,1,all,0.03579354
9,2009,1,all,0.03172053
10,2009,1,all,0.02946696
11,2009,1,all,0.03136716
12,2009,1,all,0.03196075
13,2009,1,all,0.02614587
14,2009,1,all,0.02649482
15,2009,1,all,0.02743619
16,2009,1,all,0.02709559
1,2010,1,all,0.03009479
2,2010,1,all,0.1153983
3,2010,1,all,0.1220579
4,2010,1,all,0.08457938
5,2010,1,all,0.0474548
6,2010,1,all,0.03709298
7,2010,1,all,0.02916176
8,2010,1,all,0.02745521
9,2010,1,all,0.02227796
10,2010,1,all,0.02274369
11,2010,1,all,0.01959098
12,2010,1,all,0.01974197
13,2010,1,all,0.01886319
14,2010,1,all,0.01825348
15,2010,1,all,0.01889737
16,2010,1,all,0.01888934
1,2011,1,all,0.0227915
2,2011,1,all,0.1583348
3,2011,1,all,0.1516456
4,2011,1,all,0.07020589
5,2011,1,all,0.04271695
6,2011,1,all,0.02648949
7,2011,1,all,0.02483001
8,2011,1,all,0.02268276
9,2011,1,all,0.01935768
10,2011,1,all,0.02110191
11,2011,1,all,0.01895382
12,2011,1,all,0.02070586
13,2011,1,all,0.0178157
14,2011,1,all,0.01893656
15,2011,1,all,0.01730051
16,2011,1,all,0.01726151
1,2012,1,all,0.01720936
2,2012,1,all,0.2195933
3,2012,1,all,0.2565128
4,2012,1,all,0.1417629
5,2012,1,all,0.07504062
6,2012,1,all,0.06487543
7,2012,1,all,0.04744608
8,2012,1,all,0.0359232
9,2012,1,all,0.03322445
10,2012,1,all,0.03004164
11,2012,1,all,0.03114353
12,2012,1,all,0.03154937
13,2012,1,all,0.02975834
14,2012,1,all,0.03138759
15,2012,1,all,0.03007708
16,2012,1,all,0.02923374
1,2013,1,all,0.02911067
2,2013,1,all,0.1370039
3,2013,1,all,0.1395012
4,2013,1,all,0.104988
5,2013,1,all,0.066218
6,2013,1,all,0.03798109
7,2013,1,all,0.02905592
8,2013,1,all,0.02651952
9,2013,1,all,0.02070091
10,2013,1,all,0.02134144
11,2013,1,all,0.01917881
12,2013,1,all,0.01803999
13,2013,1,all,0.01897
14,2013,1,all,0.01834605
15,2013,1,all,0.01839727
16,2013,1,all,0.01954116
1,2014,1,all,0.02754808
2,2014,1,all,0.1510049
3,2014,1,all,0.1546565
4,2014,1,all,0.1033955
5,2014,1,all,0.06696924
6,2014,1,all,0.03150622
7,2014,1,all,0.03168389
8,2014,1,all,0.02711499
9,2014,1,all,0.02396705
10,2014,1,all,0.02183345
11,2014,1,all,0.02222421
12,2014,1,all,0.02236719
13,2014,1,all,0.0201985
14,2014,1,all,0.02033837
15,2014,1,all,0.01962905
16,2014,1,all,0.01962002
1,2015,1,all,0.02067134
2,2015,1,all,0.1265661
3,2015,1,all,0.1572141
4,2015,1,all,0.1122457
5,2015,1,all,0.07283408
6,2015,1,all,0.05129528
7,2015,1,all,0.04037032
8,2015,1,all,0.03297436
9,2015,1,all,0.02909835
10,2015,1,all,0.02575888
11,2015,1,all,0.02620812
12,2015,1,all,0.02406916
13,2015,1,all,0.02253245
14,2015,1,all,0.0228727
15,2015,1,all,0.02363633
16,2015,1,all,0.02261694
1,2016,1,all,0.02073749
2,2016,1,all,0.2560445
3,2016,1,all,0.1152728
4,2016,1,all,0.08961705
5,2016,1,all,0.05009454
6,2016,1,all,0.03352575
7,2016,1,all,0.0263228
8,2016,1,all,0.02426577
9,2016,1,all,0.02053029
10,2016,1,all,0.01882579
11,2016,1,all,0.01827339
12,2016,1,all,0.01966972
13,2016,1,all,0.01769218
14,2016,1,all,0.01907625
15,2016,1,all,0.01848419
16,2016,1,all,0.01682329
1,2017,1,all,0.0447416
2,2017,1,all,0.2589125
3,2017,1,all,0.1913914
4,2017,1,all,0.1175801
5,2017,1,all,0.05873724
6,2017,1,all,0.04781538
7,2017,1,all,0.03083005
8,2017,1,all,0.02799549
9,2017,1,all,0.02300651
10,2017,1,all,0.02134426
11,2017,1,all,0.02241946
12,2017,1,all,0.02610699
13,2017,1,all,0.02333872
14,2017,1,all,0.02231339
15,2017,1,all,0.02216101
16,2017,1,all,0.02274842
1,2018,1,all,0.01904534
2,2018,1,all,0.160158
3,2018,1,all,0.1897491
4,2018,1,all,0.1290368
5,2018,1,all,0.06788698
6,2018,1,all,0.04690882
7,2018,1,all,0.03592079
8,2018,1,all,0.0270472
9,2018,1,all,0.02442222
10,2018,1,all,0.0267798
11,2018,1,all,0.02226613
12,2018,1,all,0.02237198
13,2018,1,all,0.02113928
14,2018,1,all,0.02057188
15,2018,1,all,0.02150436
16,2018,1,all,0.02248986
1,2019,1,all,0.0128922
2,2019,1,all,0.1280532
3,2019,1,all,0.1574073
4,2019,1,all,0.1138551
5,2019,1,all,0.0701615
6,2019,1,all,0.04889515
7,2019,1,all,0.0370591
8,2019,1,all,0.03107267
9,2019,1,all,0.02770065
10,2019,1,all,0.02534955
11,2019,1,all,0.02424792
12,2019,1,all,0.02210932
13,2019,1,all,0.02185101
14,2019,1,all,0.02351813
15,2019,1,all,0.02138274
16,2019,1,all,0.02164096
1,2020,1,all,0.07254
2,2020,1,all,0.3798043
3,2020,1,all,0.1217906
4,2020,1,all,0.108092
5,2020,1,all,0.06559813
6,2020,1,all,0.0469695
7,2020,1,all,0.03983428
8,2020,1,all,0.03316925
9,2020,1,all,0.02860809
10,2020,1,all,0.02695339
11,2020,1,all,0.02803922
12,2020,1,all,0.02770713
13,2020,1,all,0.02792184
14,2020,1,all,0.02577089
15,2020,1,all,0.02637346
16,2020,1,all,0.02483969
1,2021,1,all,0.03415071
2,2021,1,all,0.08732305
3,2021,1,all,0.2642753
4,2021,1,all,0.1815212
5,2021,1,all,0.08525959
6,2021,1,all,0.04861394
7,2021,1,all,0.02506281
8,2021,1,all,0.02465169
9,2021,1,all,0.02303839
10,2021,1,all,0.02583292
11,2021,1,all,0.02451931
12,2021,1,all,0.02432037
13,2021,1,all,0.02390351
14,2021,1,all,0.02363188
15,2021,1,all,0.02399755
16,2021,1,all,0.02364338
1,2022,1,all,0.03280976
2,2022,1,all,0.2105477
3,2022,1,all,0.1283088
4,2022,1,all,0.2054701
5,2022,1,all,0.09338853
6,2022,1,all,0.03429089
7,2022,1,all,0.04277383
8,2022,1,all,0.03770627
9,2022,1,all,0.03135476
10,2022,1,all,0.02762039
11,2022,1,all,0.02104078
12,2022,1,all,0.02237342
13,2022,1,all,0.02243858
14,2022,1,all,0.02523539
15,2022,1,all,0.02464466
16,2022,1,all,0.02508074
1,2023,1,all,0.01840335
2,2023,1,all,0.1035531
3,2023,1,all,0.1184245
4,2023,1,all,0.0988947
5,2023,1,all,0.04256832
6,2023,1,all,0.02719691
7,2023,1,all,0.01378534
8,2023,1,all,0.01956944
9,2023,1,all,0.01798071
10,2023,1,all,0.01192022
11,2023,1,all,0.01543937
12,2023,1,all,0.01601375
13,2023,1,all,0.01483874
14,2023,1,all,0.01429813
15,2023,1,all,0.01181167
16,2023,1,all,0.01369657
1,2024,1,all,0.01681712
2,2024,1,all,0.1298284
3,2024,1,all,0.2044168
4,2024,1,all,0.1620438
5,2024,1,all,0.08658829
6,2024,1,all,0.04269031
7,2024,1,all,0.04046112
8,2024,1,all,0.03366816
9,2024,1,all,0.02877772
10,2024,1,all,0.02627384
11,2024,1,all,0.02450541
12,2024,1,all,0.02425219
13,2024,1,all,0.02291423
14,2024,1,all,0.0219975
15,2024,1,all,0.02273887
16,2024,1,all,0.0222285
1,1972,2,all,0.006740668
2,1972,2,all,0.01000065
3,1972,2,all,0.008437321
4,1972,2,all,0.009766814
5,1972,2,all,0.007566235
6,1972,2,all,0.008771633
7,1972,2,all,0.003102151
8,1972,2,all,0.003313756
9,1972,2,all,0.00416819
10,1972,2,all,0.005423598
11,1972,2,all,0.002615551
12,1972,2,all,0.002942304
13,1972,2,all,0.003588497
14,1972,2,all,0.004346559
15,1972,2,all,0.002675058
16,1972,2,all,0.002520044
1,1973,2,all,0.0002942607
2,1973,2,all,0.007863388
3,1973,2,all,0.008549726
4,1973,2,all,0.01050075
5,1973,2,all,0.007270928
6,1973,2,all,0.005822797
7,1973,2,all,0.002369128
8,1973,2,all,0.003784889
9,1973,2,all,0.004486513
10,1973,2,all,0.00448478
11,1973,2,all,0.002240516
12,1973,2,all,0.003170718
13,1973,2,all,0.003788111
14,1973,2,all,0.00384535
15,1973,2,all,0.002336772
16,1973,2,all,0.003011199
1,1974,2,all,0.002000142
2,1974,2,all,0.00709057
3,1974,2,all,0.008026732
4,1974,2,all,0.006578875
5,1974,2,all,0.006147496
6,1974,2,all,0.005883026
7,1974,2,all,0.003778899
8,1974,2,all,0.003060456
9,1974,2,all,0.003053609
10,1974,2,all,0.00382118
11,1974,2,all,0.00265211
12,1974,2,all,0.002579367
13,1974,2,all,0.002751371
14,1974,2,all,0.003260201
15,1974,2,all,0.002563041
16,1974,2,all,0.002638089
1,1975,2,all,0.0003177871
2,1975,2,all,0.0149469
3,1975,2,all,0.0103792
4,1975,2,all,0.01275669
5,1975,2,all,0.007260444
6,1975,2,all,0.008811653
7,1975,2,all,0.002754335
8,1975,2,all,0.002442095
9,1975,2,all,0.002138844
10,1975,2,all,0.004440944
11,1975,2,all,0.002272732
12,1975,2,all,0.002319018
13,1975,2,all,0.002727736
14,1975,2,all,0.003495508
15,1975,2,all,0.002205704
16,1975,2,all,0.002479682
1,1976,2,all,0.0007736139
2,1976,2,all,0.03569124
3,1976,2,all,0.009955523
4,1976,2,all,0.007980068
5,1976,2,all,0.003205426
6,1976,2,all,0.004768466
7,1976,2,all,0.002321196
8,1976,2,all,0.003387829
9,1976,2,all,0.002413922
10,1976,2,all,0.003827246
11,1976,2,all,0.002626806
12,1976,2,all,0.002581484
13,1976,2,all,0.002007395
14,1976,2,all,0.002996652
15,1976,2,all,0.002144983
16,1976,2,all,0.002390527
1,1977,2,all,0.004210178
2,1977,2,all,0.057641
3,1977,2,all,0.01109915
4,1977,2,all,0.01959134
5,1977,2,all,0.0144197
6,1977,2,all,0.009390539
7,1977,2,all,0.005067441
8,1977,2,all,0.007979473
9,1977,2,all,0.003945996
10,1977,2,all,0.007710702
11,1977,2,all,0.003903118
12,1977,2,all,0.006360585
13,1977,2,all,0.004224904
14,1977,2,all,0.006553968
15,1977,2,all,0.006072025
16,1977,2,all,0.005278954
1,1978,2,all,0.006112493
2,1978,2,all,0.0517968
3,1978,2,all,0.01353061
4,1978,2,all,0.019979
5,1978,2,all,0.01484137
6,1978,2,all,0.01331436
7,1978,2,all,0.00525216
8,1978,2,all,0.006403793
9,1978,2,all,0.007257149
10,1978,2,all,0.005862611
11,1978,2,all,0.004582245
12,1978,2,all,0.008310418
13,1978,2,all,0.004271199
14,1978,2,all,0.007565133
15,1978,2,all,0.004417825
16,1978,2,all,0.006199234
1,1979,2,all,0.0141877
2,1979,2,all,0.0417579
3,1979,2,all,0.009039061
4,1979,2,all,0.009634231
5,1979,2,all,0.01152284
6,1979,2,all,0.008627033
7,1979,2,all,0.004218686
8,1979,2,all,0.00342417
9,1979,2,all,0.004473039
10,1979,2,all,0.004773628
11,1979,2,all,0.002922832
12,1979,2,all,0.003060739
13,1979,2,all,0.003775133
14,1979,2,all,0.00320669
15,1979,2,all,0.002871443
16,1979,2,all,0.002965281
1,1980,2,all,0.001732552
2,1980,2,all,0.1389977
3,1980,2,all,0.01636875
4,1980,2,all,0.01556749
5,1980,2,all,0.01550622
6,1980,2,all,0.01222206
7,1980,2,all,0.007324017
8,1980,2,all,0.006984326
9,1980,2,all,0.005733222
10,1980,2,all,0.006665586
11,1980,2,all,0.005312708
12,1980,2,all,0.005057065
13,1980,2,all,0.00548908
14,1980,2,all,0.006021737
15,1980,2,all,0.004833539
16,1980,2,all,0.005040712
1,1981,2,all,0.004406838
2,1981,2,all,0.03144434
3,1981,2,all,0.0296288
4,1981,2,all,0.02325124
5,1981,2,all,0.02101467
6,1981,2,all,0.01804203
7,1981,2,all,0.008441132
8,1981,2,all,0.00655902
9,1981,2,all,0.007974599
10,1981,2,all,0.006633794
11,1981,2,all,0.005726392
12,1981,2,all,0.005145172
13,1981,2,all,0.006121339
14,1981,2,all,0.006635002
15,1981,2,all,0.005997419
16,1981,2,all,0.005697565
1,1982,2,all,0.0009594977
2,1982,2,all,0.04163483
3,1982,2,all,0.02726861
4,1982,2,all,0.01973444
5,1982,2,all,0.01366871
6,1982,2,all,0.006824466
7,1982,2,all,0.006521974
8,1982,2,all,0.005390002
9,1982,2,all,0.006570842
10,1982,2,all,0.006305278
11,1982,2,all,0.004825382
12,1982,2,all,0.004411242
13,1982,2,all,0.004862614
14,1982,2,all,0.004547258
15,1982,2,all,0.004408847
16,1982,2,all,0.004361731
1,1983,2,all,0.001810929
2,1983,2,all,0.03658122
3,1983,2,all,0.02923623
4,1983,2,all,0.02766646
5,1983,2,all,0.01908017
6,1983,2,all,0.01035132
7,1983,2,all,0.007507768
8,1983,2,all,0.006833887
9,1983,2,all,0.009157522
10,1983,2,all,0.005956723
11,1983,2,all,0.005330698
12,1983,2,all,0.005156715
13,1983,2,all,0.006948342
14,1983,2,all,0.006589177
15,1983,2,all,0.005404474
16,1983,2,all,0.005213563
1,1984,2,all,0.00363019
2,1984,2,all,0.03294765
3,1984,2,all,0.0327815
4,1984,2,all,0.02310402
5,1984,2,all,0.01516618
6,1984,2,all,0.0106579
7,1984,2,all,0.007303934
8,1984,2,all,0.006429617
9,1984,2,all,0.007778559
10,1984,2,all,0.005920545
11,1984,2,all,0.004630666
12,1984,2,all,0.004592442
13,1984,2,all,0.006317359
14,1984,2,all,0.005256949
15,1984,2,all,0.004426935
16,1984,2,all,0.004841473
1,1985,2,all,0.007072109
2,1985,2,all,0.07299266
3,1985,2,all,0.03111371
4,1985,2,all,0.04093196
5,1985,2,all,0.01862024
6,1985,2,all,0.01244739
7,1985,2,all,0.007319817
8,1985,2,all,0.008010147
9,1985,2,all,0.00963218
10,1985,2,all,0.007454608
11,1985,2,all,0.005935433
12,1985,2,all,0.005873079
13,1985,2,all,0.007627938
14,1985,2,all,0.006795881
15,1985,2,all,0.00514173
16,1985,2,all,0.005924121
1,1986,2,all,0.002599681
2,1986,2,all,0.04766366
3,1986,2,all,0.03888462
4,1986,2,all,0.02773542
5,1986,2,all,0.01889666
6,1986,2,all,0.01334956
7,1986,2,all,0.009438996
8,1986,2,all,0.01044028
9,1986,2,all,0.007420922
10,1986,2,all,0.008580606
11,1986,2,all,0.006101176
12,1986,2,all,0.007225814
13,1986,2,all,0.008676548
14,1986,2,all,0.007414882
15,1986,2,all,0.006246492
16,1986,2,all,0.006530343
1,1987,2,all,0.004655734
2,1987,2,all,0.04765446
3,1987,2,all,0.03863191
4,1987,2,all,0.034678
5,1987,2,all,0.02441724
6,1987,2,all,0.02611734
7,1987,2,all,0.01083406
8,1987,2,all,0.008642844
9,1987,2,all,0.01558994
10,1987,2,all,0.017542
11,1987,2,all,0.009240283
12,1987,2,all,0.0133081
13,1987,2,all,0.01011244
14,1987,2,all,0.01462698
15,1987,2,all,0.008114593
16,1987,2,all,0.0110367
1,1988,2,all,0.0006849207
2,1988,2,all,0.04912842
3,1988,2,all,0.02069694
4,1988,2,all,0.02738478
5,1988,2,all,0.01622115
6,1988,2,all,0.01456162
7,1988,2,all,0.006158632
8,1988,2,all,0.006430815
9,1988,2,all,0.006024366
10,1988,2,all,0.008632925
11,1988,2,all,0.005103532
12,1988,2,all,0.004908118
13,1988,2,all,0.007386722
14,1988,2,all,0.00674032
15,1988,2,all,0.005377404
16,1988,2,all,0.00574777
1,1989,2,all,0.009103221
2,1989,2,all,0.04102084
3,1989,2,all,0.03925236
4,1989,2,all,0.07085985
5,1989,2,all,0.03797123
6,1989,2,all,0.03089739
7,1989,2,all,0.02015256
8,1989,2,all,0.01203131
9,1989,2,all,0.01482419
10,1989,2,all,0.01622352
11,1989,2,all,0.00927988
12,1989,2,all,0.01072067
13,1989,2,all,0.01281979
14,1989,2,all,0.01701773
15,1989,2,all,0.01088955
16,1989,2,all,0.01272371
1,1990,2,all,0.03389406
2,1990,2,all,0.077151
3,1990,2,all,0.1018752
4,1990,2,all,0.07863257
5,1990,2,all,0.04523913
6,1990,2,all,0.04208963
7,1990,2,all,0.02463598
8,1990,2,all,0.02939206
9,1990,2,all,0.02600602
10,1990,2,all,0.03047903
11,1990,2,all,0.02331944
12,1990,2,all,0.01713509
13,1990,2,all,0.02289665
14,1990,2,all,0.02462738
15,1990,2,all,0.01587059
16,1990,2,all,0.02044891
1,1991,2,all,0.04863908
2,1991,2,all,0.04404932
3,1991,2,all,0.07618378
4,1991,2,all,0.1575685
5,1991,2,all,0.07649672
6,1991,2,all,0.03821372
7,1991,2,all,0.03197838
8,1991,2,all,0.03308432
9,1991,2,all,0.02829866
10,1991,2,all,0.03543715
11,1991,2,all,0.02257361
12,1991,2,all,0.02551802
13,1991,2,all,0.02250447
14,1991,2,all,0.03413118
15,1991,2,all,0.02200812
16,1991,2,all,0.02175692
1,1992,2,all,0.003671513
2,1992,2,all,0.09123053
3,1992,2,all,0.1469175
4,1992,2,all,0.09084077
5,1992,2,all,0.04287113
6,1992,2,all,0.03356719
7,1992,2,all,0.04528383
8,1992,2,all,0.03331404
9,1992,2,all,0.02755337
10,1992,2,all,0.02451178
11,1992,2,all,0.02522372
12,1992,2,all,0.02361985
13,1992,2,all,0.02251781
14,1992,2,all,0.02273045
15,1992,2,all,0.02191836
16,1992,2,all,0.02222667
1,1993,2,all,0.02589807
2,1993,2,all,0.0413892
3,1993,2,all,0.0465094
4,1993,2,all,0.05170636
5,1993,2,all,0.0379564
6,1993,2,all,0.03371303
7,1993,2,all,0.02917556
8,1993,2,all,0.02469385
9,1993,2,all,0.02252888
10,1993,2,all,0.02152067
11,1993,2,all,0.01983352
12,1993,2,all,0.01757959
13,1993,2,all,0.0178155
14,1993,2,all,0.01826687
15,1993,2,all,0.01714869
16,1993,2,all,0.0170524
1,1994,2,all,0.01934996
2,1994,2,all,0.09471375
3,1994,2,all,0.08364552
4,1994,2,all,0.07280022
5,1994,2,all,0.03816277
6,1994,2,all,0.02830735
7,1994,2,all,0.0213195
8,1994,2,all,0.02253089
9,1994,2,all,0.0194489
10,1994,2,all,0.01827882
11,1994,2,all,0.01677488
12,1994,2,all,0.01687894
13,1994,2,all,0.01696907
14,1994,2,all,0.01669409
15,1994,2,all,0.01375172
16,1994,2,all,0.01460882
1,1995,2,all,0.005210032
2,1995,2,all,0.0681879
3,1995,2,all,0.07194318
4,1995,2,all,0.08435681
5,1995,2,all,0.04858247
6,1995,2,all,0.03370871
7,1995,2,all,0.02933809
8,1995,2,all,0.02791964
9,1995,2,all,0.0286615
10,1995,2,all,0.02041337
11,1995,2,all,0.01957443
12,1995,2,all,0.03340022
13,1995,2,all,0.02013903
14,1995,2,all,0.02098582
15,1995,2,all,0.02149364
16,1995,2,all,0.01881756
1,1996,2,all,0.03570586
2,1996,2,all,0.1910989
3,1996,2,all,0.07244511
4,1996,2,all,0.09501863
5,1996,2,all,0.03559351
6,1996,2,all,0.0338231
7,1996,2,all,0.02589668
8,1996,2,all,0.02460424
9,1996,2,all,0.02433567
10,1996,2,all,0.02201112
11,1996,2,all,0.02085401
12,1996,2,all,0.02015768
13,1996,2,all,0.02194459
14,1996,2,all,0.01963009
15,1996,2,all,0.01897879
16,1996,2,all,0.01966533
1,1997,2,all,0.03857983
2,1997,2,all,0.07414008
3,1997,2,all,0.1083103
4,1997,2,all,0.07398212
5,1997,2,all,0.04493775
6,1997,2,all,0.03231857
7,1997,2,all,0.02558
8,1997,2,all,0.02232499
9,1997,2,all,0.02140358
10,1997,2,all,0.01896113
11,1997,2,all,0.01820971
12,1997,2,all,0.01674283
13,1997,2,all,0.01741066
14,1997,2,all,0.01807072
15,1997,2,all,0.01705737
16,1997,2,all,0.0170196
1,1998,2,all,0.01571913
2,1998,2,all,0.09467837
3,1998,2,all,0.09384763
4,1998,2,all,0.09744678
5,1998,2,all,0.0615073
6,1998,2,all,0.03652395
7,1998,2,all,0.03029627
8,1998,2,all,0.03125136
9,1998,2,all,0.02760539
10,1998,2,all,0.02579161
11,1998,2,all,0.0195606
12,1998,2,all,0.01940115
13,1998,2,all,0.02222828
14,1998,2,all,0.01874534
15,1998,2,all,0.01931899
16,1998,2,all,0.01927864
1,1999,2,all,0.0265782
2,1999,2,all,0.1719733
3,1999,2,all,0.07056137
4,1999,2,all,0.08436509
5,1999,2,all,0.03483288
6,1999,2,all,0.02469392
7,1999,2,all,0.01790624
8,1999,2,all,0.02528061
9,1999,2,all,0.02231081
10,1999,2,all,0.01654025
11,1999,2,all,0.01619382
12,1999,2,all,0.01917686
13,1999,2,all,0.01806541
14,1999,2,all,0.01768751
15,1999,2,all,0.01418879
16,1999,2,all,0.01509642
1,2000,2,all,0.04837362
2,2000,2,all,0.1240729
3,2000,2,all,0.1130071
4,2000,2,all,0.09938874
5,2000,2,all,0.04638502
6,2000,2,all,0.03951364
7,2000,2,all,0.02688399
8,2000,2,all,0.02839752
9,2000,2,all,0.01889912
10,2000,2,all,0.01924716
11,2000,2,all,0.01820337
12,2000,2,all,0.02426713
13,2000,2,all,0.02316124
14,2000,2,all,0.02122189
15,2000,2,all,0.01841243
16,2000,2,all,0.01955942
1,2001,2,all,0.04748307
2,2001,2,all,0.06807646
3,2001,2,all,0.11027
4,2001,2,all,0.07365655
5,2001,2,all,0.05936917
6,2001,2,all,0.05834434
7,2001,2,all,0.04874452
8,2001,2,all,0.03169962
9,2001,2,all,0.03177623
10,2001,2,all,0.03227108
11,2001,2,all,0.03167844
12,2001,2,all,0.02994906
13,2001,2,all,0.03277515
14,2001,2,all,0.03055854
15,2001,2,all,0.02994357
16,2001,2,all,0.02795627
1,2002,2,all,0.02012829
2,2002,2,all,0.06925457
3,2002,2,all,0.0789896
4,2002,2,all,0.05426326
5,2002,2,all,0.04015335
6,2002,2,all,0.0428091
7,2002,2,all,0.03010083
8,2002,2,all,0.02382427
9,2002,2,all,0.02381201
10,2002,2,all,0.02309705
11,2002,2,all,0.02376938
12,2002,2,all,0.02162623
13,2002,2,all,0.02063317
14,2002,2,all,0.02108538
15,2002,2,all,0.02148501
16,2002,2,all,0.02251083
1,2003,2,all,0.06889396
2,2003,2,all,0.04219611
3,2003,2,all,0.08024649
4,2003,2,all,0.08566604
5,2003,2,all,0.06270299
6,2003,2,all,0.03820978
7,2003,2,all,0.03246245
8,2003,2,all,0.02986962
9,2003,2,all,0.02702918
10,2003,2,all,0.02122271
11,2003,2,all,0.02175669
12,2003,2,all,0.02279422
13,2003,2,all,0.02118941
14,2003,2,all,0.01969593
15,2003,2,all,0.01813963
16,2003,2,all,0.01786876
1,2004,2,all,0.03928504
2,2004,2,all,0.1082114
3,2004,2,all,0.1191729
4,2004,2,all,0.09706371
5,2004,2,all,0.0452661
6,2004,2,all,0.02600186
7,2004,2,all,0.02535942
8,2004,2,all,0.02461792
9,2004,2,all,0.0243482
10,2004,2,all,0.02185003
11,2004,2,all,0.02171611
12,2004,2,all,0.02187676
13,2004,2,all,0.02135166
14,2004,2,all,0.01919861
15,2004,2,all,0.0196621
16,2004,2,all,0.01931503
1,2005,2,all,0.02750368
2,2005,2,all,0.0657973
3,2005,2,all,0.1192816
4,2005,2,all,0.09299467
5,2005,2,all,0.05963345
6,2005,2,all,0.04110387
7,2005,2,all,0.03215003
8,2005,2,all,0.02876802
9,2005,2,all,0.02407154
10,2005,2,all,0.02282302
11,2005,2,all,0.02229374
12,2005,2,all,0.02168394
13,2005,2,all,0.02155016
14,2005,2,all,0.02106557
15,2005,2,all,0.0209081
16,2005,2,all,0.0206334
1,2006,2,all,0.05758013
2,2006,2,all,0.1264655
3,2006,2,all,0.1339939
4,2006,2,all,0.07765009
5,2006,2,all,0.05260517
6,2006,2,all,0.02725534
7,2006,2,all,0.02842337
8,2006,2,all,0.02705167
9,2006,2,all,0.02600641
10,2006,2,all,0.01989459
11,2006,2,all,0.02235504
12,2006,2,all,0.020304
13,2006,2,all,0.0246777
14,2006,2,all,0.01764686
15,2006,2,all,0.01543932
16,2006,2,all,0.02103102
1,2007,2,all,0.03419748
2,2007,2,all,0.1270824
3,2007,2,all,0.1078669
4,2007,2,all,0.08135462
5,2007,2,all,0.04911663
6,2007,2,all,0.0302082
7,2007,2,all,0.02487555
8,2007,2,all,0.0239253
9,2007,2,all,0.02183043
10,2007,2,all,0.02096047
11,2007,2,all,0.0205676
12,2007,2,all,0.02147143
13,2007,2,all,0.02100271
14,2007,2,all,0.01820137
15,2007,2,all,0.01956017
16,2007,2,all,0.01846805
1,2008,2,all,0.08666072
2,2008,2,all,0.1863071
3,2008,2,all,0.1489022
4,2008,2,all,0.1382024
5,2008,2,all,0.07209345
6,2008,2,all,0.04691952
7,2008,2,all,0.03604608
8,2008,2,all,0.0347972
9,2008,2,all,0.03578173
10,2008,2,all,0.02679929
11,2008,2,all,0.02643228
12,2008,2,all,0.02780421
13,2008,2,all,0.02726569
14,2008,2,all,0.02621554
15,2008,2,all,0.02693612
16,2008,2,all,0.02683552
1,2009,2,all,0.04904323
2,2009,2,all,0.1931387
3,2009,2,all,0.2762509
4,2009,2,all,0.1243086
5,2009,2,all,0.08024038
6,2009,2,all,0.05014162
7,2009,2,all,0.04448826
8,2009,2,all,0.04004629
9,2009,2,all,0.0359645
10,2009,2,all,0.03331312
11,2009,2,all,0.03171974
12,2009,2,all,0.03290573
13,2009,2,all,0.03405232
14,2009,2,all,0.02964022
15,2009,2,all,0.02969433
16,2009,2,all,0.03031632
1,2010,2,all,0.02856973
2,2010,2,all,0.1539882
3,2010,2,all,0.1210252
4,2010,2,all,0.1180051
5,2010,2,all,0.06504445
6,2010,2,all,0.03745818
7,2010,2,all,0.03378941
8,2010,2,all,0.02754475
9,2010,2,all,0.02823506
10,2010,2,all,0.02234485
11,2010,2,all,0.02344137
12,2010,2,all,0.01959215
13,2010,2,all,0.02000018
14,2010,2,all,0.01906895
15,2010,2,all,0.01835082
16,2010,2,all,0.01945184
1,2011,2,all,0.04691789
2,2011,2,all,0.1859161
3,2011,2,all,0.1995345
4,2011,2,all,0.1226385
5,2011,2,all,0.04999303
6,2011,2,all,0.03603319
7,2011,2,all,0.02627627
8,2011,2,all,0.02620326
9,2011,2,all,0.02614017
10,2011,2,all,0.02341386
11,2011,2,all,0.0251167
12,2011,2,all,0.02366713
13,2011,2,all,0.02548351
14,2011,2,all,0.02213507
15,2011,2,all,0.02337987
16,2011,2,all,0.02133848
1,2012,2,all,0.03685721
2,2012,2,all,0.1841256
3,2012,2,all,0.2483504
4,2012,2,all,0.1704427
5,2012,2,all,0.09193516
6,2012,2,all,0.05964251
7,2012,2,all,0.05622551
8,2012,2,all,0.04746577
9,2012,2,all,0.04050299
10,2012,2,all,0.03672476
11,2012,2,all,0.03377357
12,2012,2,all,0.03493673
13,2012,2,all,0.03503276
14,2012,2,all,0.03356062
15,2012,2,all,0.03441415
16,2012,2,all,0.03305235
1,2013,2,all,0.04566693
2,2013,2,all,0.2167523
3,2013,2,all,0.1377094
4,2013,2,all,0.1249024
5,2013,2,all,0.07462754
6,2013,2,all,0.0522558
7,2013,2,all,0.03844159
8,2013,2,all,0.03496928
9,2013,2,all,0.03347495
10,2013,2,all,0.02681847
11,2013,2,all,0.02703172
12,2013,2,all,0.0245578
13,2013,2,all,0.02344602
14,2013,2,all,0.02448454
15,2013,2,all,0.02371834
16,2013,2,all,0.02443181
1,2014,2,all,0.03932787
2,2014,2,all,0.1563383
3,2014,2,all,0.156614
4,2014,2,all,0.1336075
5,2014,2,all,0.07739105
6,2014,2,all,0.05925144
7,2014,2,all,0.0361503
8,2014,2,all,0.03553619
9,2014,2,all,0.03220984
10,2014,2,all,0.02915818
11,2014,2,all,0.0263162
12,2014,2,all,0.02562428
13,2014,2,all,0.024981
14,2014,2,all,0.02403437
15,2014,2,all,0.02398485
16,2014,2,all,0.02369775
1,2015,2,all,0.02665758
2,2015,2,all,0.1465699
3,2015,2,all,0.153047
4,2015,2,all,0.1187638
5,2015,2,all,0.06428798
6,2015,2,all,0.04614311
7,2015,2,all,0.03553525
8,2015,2,all,0.03137649
9,2015,2,all,0.0284611
10,2015,2,all,0.02571172
11,2015,2,all,0.02496618
12,2015,2,all,0.02472443
13,2015,2,all,0.02303791
14,2015,2,all,0.02190506
15,2015,2,all,0.02251324
16,2015,2,all,0.02256315
1,2016,2,all,0.02848173
2,2016,2,all,0.2388284
3,2016,2,all,0.2326189
4,2016,2,all,0.1477212
5,2016,2,all,0.08449313
6,2016,2,all,0.048522
7,2016,2,all,0.03676149
8,2016,2,all,0.03262303
9,2016,2,all,0.03387043
10,2016,2,all,0.028675
11,2016,2,all,0.02666439
12,2016,2,all,0.02623469
13,2016,2,all,0.02837393
14,2016,2,all,0.02553894
15,2016,2,all,0.02590388
16,2016,2,all,0.02492628
1,2017,2,all,0.04855597
2,2017,2,all,0.338495
3,2017,2,all,0.2022318
4,2017,2,all,0.1515511
5,2017,2,all,0.09146469
6,2017,2,all,0.06022953
7,2017,2,all,0.05050245
8,2017,2,all,0.0385695
9,2017,2,all,0.03446703
10,2017,2,all,0.03031854
11,2017,2,all,0.02849158
12,2017,2,all,0.02936151
13,2017,2,all,0.03215553
14,2017,2,all,0.02941849
15,2017,2,all,0.02841381
16,2017,2,all,0.02915564
1,2018,2,all,0.05123521
2,2018,2,all,0.1694607
3,2018,2,all,0.1951197
4,2018,2,all,0.1357099
5,2018,2,all,0.07480726
6,2018,2,all,0.04763391
7,2018,2,all,0.03730876
8,2018,2,all,0.03166789
9,2018,2,all,0.0239292
10,2018,2,all,0.02281694
11,2018,2,all,0.02835759
12,2018,2,all,0.02194022
13,2018,2,all,0.02238876
14,2018,2,all,0.02101932
15,2018,2,all,0.02032424
16,2018,2,all,0.02350577
1,2019,2,all,0.02430488
2,2019,2,all,0.1589518
3,2019,2,all,0.1436611
4,2019,2,all,0.1622694
5,2019,2,all,0.1073849
6,2019,2,all,0.07637637
7,2019,2,all,0.05620564
8,2019,2,all,0.04723859
9,2019,2,all,0.0418608
10,2019,2,all,0.0377025
11,2019,2,all,0.03554937
12,2019,2,all,0.03428389
13,2019,2,all,0.03191204
14,2019,2,all,0.03171536
15,2019,2,all,0.03353753
16,2019,2,all,0.03130582
1,2020,2,all,0.06217244
2,2020,2,all,0.3256409
3,2020,2,all,0.3023038
4,2020,2,all,0.1439806
5,2020,2,all,0.08893641
6,2020,2,all,0.05707859
7,2020,2,all,0.04449559
8,2020,2,all,0.04133585
9,2020,2,all,0.03566132
10,2020,2,all,0.03270794
11,2020,2,all,0.03199084
12,2020,2,all,0.03185961
13,2020,2,all,0.03149196
14,2020,2,all,0.03134296
15,2020,2,all,0.03013859
16,2020,2,all,0.02936841
1,2021,2,all,0.08831213
2,2021,2,all,0.2470395
3,2021,2,all,0.09573713
4,2021,2,all,0.1288848
5,2021,2,all,0.07651727
6,2021,2,all,0.04946809
7,2021,2,all,0.03505827
8,2021,2,all,0.02427376
9,2021,2,all,0.02268353
10,2021,2,all,0.02118864
11,2021,2,all,0.02327482
12,2021,2,all,0.0224596
13,2021,2,all,0.02280882
14,2021,2,all,0.022049
15,2021,2,all,0.02172032
16,2021,2,all,0.02268062
1,2022,2,all,0.03271566
2,2022,2,all,0.2618423
3,2022,2,all,0.2579645
4,2022,2,all,0.09771078
5,2022,2,all,0.1000987
6,2022,2,all,0.05944832
7,2022,2,all,0.02848127
8,2022,2,all,0.03813223
9,2022,2,all,0.03698345
10,2022,2,all,0.03204748
11,2022,2,all,0.02948921
12,2022,2,all,0.02272835
13,2022,2,all,0.02461399
14,2022,2,all,0.02489996
15,2022,2,all,0.02865606
16,2022,2,all,0.02822346
1,2023,2,all,0.01974852
2,2023,2,all,0.1589285
3,2023,2,all,0.09156798
4,2023,2,all,0.1050784
5,2023,2,all,0.07391791
6,2023,2,all,0.05105045
7,2023,2,all,0.038104
8,2023,2,all,0.03011873
9,2023,2,all,0.02794019
10,2023,2,all,0.02405456
11,2023,2,all,0.02072215
12,2023,2,all,0.02260209
13,2023,2,all,0.02261172
14,2023,2,all,0.02148914
15,2023,2,all,0.02069423
16,2023,2,all,0.01991318
1,2024,2,all,0.0210227
2,2024,2,all,0.1945151
3,2024,2,all,0.1872557
4,2024,2,all,0.2109897
5,2024,2,all,0.1369353
6,2024,2,all,0.07223266
7,2024,2,all,0.0399553
8,2024,2,all,0.03760902
9,2024,2,all,0.03261248
10,2024,2,all,0.02731592
11,2024,2,all,0.02655016
12,2024,2,all,0.02161177
13,2024,2,all,0.02669053
14,2024,2,all,0.02610724
15,2024,2,all,0.02226971
16,2024,2,all,0.02493304
1,1972,3,all,0.003096707
2,1972,3,all,0.01491733
3,1972,3,all,0.01107589
4,1972,3,all,0.004945009
5,1972,3,all,0.004109402
6,1972,3,all,0.004242426
7,1972,3,all,0.005041004
8,1972,3,all,0.002143201
9,1972,3,all,0.002408714
10,1972,3,all,0.002958157
11,1972,3,all,0.00357267
12,1972,3,all,0.001984506
13,1972,3,all,0.002231461
14,1972,3,all,0.002622802
15,1972,3,all,0.002978163
16,1972,3,all,0.002020707
1,1973,3,all,0.008505969
2,1973,3,all,0.004285102
3,1973,3,all,0.02000874
4,1973,3,all,0.01216975
5,1973,3,all,0.007573562
6,1973,3,all,0.006462438
7,1973,3,all,0.007839067
8,1973,3,all,0.004117502
9,1973,3,all,0.004017037
10,1973,3,all,0.004480318
11,1973,3,all,0.005419628
12,1973,3,all,0.003599368
13,1973,3,all,0.003699243
14,1973,3,all,0.00405645
15,1973,3,all,0.004570352
16,1973,3,all,0.003692583
1,1974,3,all,0.005176554
2,1974,3,all,0.01395076
3,1974,3,all,0.01590347
4,1974,3,all,0.007976081
5,1974,3,all,0.005488919
6,1974,3,all,0.004220843
7,1974,3,all,0.005002034
8,1974,3,all,0.00400147
9,1974,3,all,0.003618379
10,1974,3,all,0.003419125
11,1974,3,all,0.003679782
12,1974,3,all,0.003190374
13,1974,3,all,0.003250302
14,1974,3,all,0.003248911
15,1974,3,all,0.003356962
16,1974,3,all,0.003123243
1,1975,3,all,0.006381616
2,1975,3,all,0.005604118
3,1975,3,all,0.01615858
4,1975,3,all,0.01360734
5,1975,3,all,0.008427002
6,1975,3,all,0.007439799
7,1975,3,all,0.009452298
8,1975,3,all,0.003988272
9,1975,3,all,0.00367421
10,1975,3,all,0.004519552
11,1975,3,all,0.00565762
12,1975,3,all,0.004222883
13,1975,3,all,0.003943436
14,1975,3,all,0.00413296
15,1975,3,all,0.004773839
16,1975,3,all,0.004052601
1,1976,3,all,0.002820513
2,1976,3,all,0.01148666
3,1976,3,all,0.02880319
4,1976,3,all,0.01202162
5,1976,3,all,0.006206002
6,1976,3,all,0.006260346
7,1976,3,all,0.006365363
8,1976,3,all,0.004401796
9,1976,3,all,0.004401237
10,1976,3,all,0.003620375
11,1976,3,all,0.005420822
12,1976,3,all,0.003660309
13,1976,3,all,0.003587133
14,1976,3,all,0.003764362
15,1976,3,all,0.004393371
16,1976,3,all,0.00375327
1,1977,3,all,0.00606521
2,1977,3,all,0.02894643
3,1977,3,all,0.03508049
4,1977,3,all,0.0185321
5,1977,3,all,0.0142821
6,1977,3,all,0.01397437
7,1977,3,all,0.009184147
8,1977,3,all,0.007798075
9,1977,3,all,0.008488769
10,1977,3,all,0.006885271
11,1977,3,all,0.008761129
12,1977,3,all,0.00643786
13,1977,3,all,0.007649449
14,1977,3,all,0.00611469
15,1977,3,all,0.007947995
16,1977,3,all,0.007052554
1,1978,3,all,0.01755186
2,1978,3,all,0.02150964
3,1978,3,all,0.02621576
4,1978,3,all,0.01131433
5,1978,3,all,0.008999019
6,1978,3,all,0.00777262
7,1978,3,all,0.006832515
8,1978,3,all,0.00399489
9,1978,3,all,0.004570997
10,1978,3,all,0.004642043
11,1978,3,all,0.004120706
12,1978,3,all,0.003546436
13,1978,3,all,0.005060385
14,1978,3,all,0.003322107
15,1978,3,all,0.004652686
16,1978,3,all,0.003999585
1,1979,3,all,0.002843408
2,1979,3,all,0.01794415
3,1979,3,all,0.0408499
4,1979,3,all,0.01336456
5,1979,3,all,0.00808311
6,1979,3,all,0.00885791
7,1979,3,all,0.008076029
8,1979,3,all,0.005861338
9,1979,3,all,0.004790885
10,1979,3,all,0.005539133
11,1979,3,all,0.005612838
12,1979,3,all,0.004542919
13,1979,3,all,0.004288177
14,1979,3,all,0.004930016
15,1979,3,all,0.004427839
16,1979,3,all,0.004303648
1,1980,3,all,0.005264486
2,1980,3,all,0.02842071
3,1980,3,all,0.0445401
4,1980,3,all,0.02372808
5,1980,3,all,0.01578158
6,1980,3,all,0.01256867
7,1980,3,all,0.01161878
8,1980,3,all,0.008616973
9,1980,3,all,0.008698291
10,1980,3,all,0.008168308
11,1980,3,all,0.008271676
12,1980,3,all,0.006904496
13,1980,3,all,0.006791567
14,1980,3,all,0.007421991
15,1980,3,all,0.007627597
16,1980,3,all,0.006800284
1,1981,3,all,0.003488637
2,1981,3,all,0.01844211
3,1981,3,all,0.0231869
4,1981,3,all,0.02707856
5,1981,3,all,0.01657168
6,1981,3,all,0.01347587
7,1981,3,all,0.0107307
8,1981,3,all,0.008187596
9,1981,3,all,0.007352716
10,1981,3,all,0.007463609
11,1981,3,all,0.007074283
12,1981,3,all,0.006591419
13,1981,3,all,0.006538515
14,1981,3,all,0.00686249
15,1981,3,all,0.006853564
16,1981,3,all,0.006440025
1,1982,3,all,0.005054125
2,1982,3,all,0.02295896
3,1982,3,all,0.02784827
4,1982,3,all,0.02622041
5,1982,3,all,0.01650278
6,1982,3,all,0.01501911
7,1982,3,all,0.009338614
8,1982,3,all,0.007648019
9,1982,3,all,0.00704942
10,1982,3,all,0.009160881
11,1982,3,all,0.008856773
12,1982,3,all,0.006821572
13,1982,3,all,0.006329149
14,1982,3,all,0.007074468
15,1982,3,all,0.006961071
16,1982,3,all,0.006628207
1,1983,3,all,0.003418394
2,1983,3,all,0.02038883
3,1983,3,all,0.03032052
4,1983,3,all,0.03422089
5,1983,3,all,0.02256664
6,1983,3,all,0.01445695
7,1983,3,all,0.01031442
8,1983,3,all,0.009964881
9,1983,3,all,0.008426337
10,1983,3,all,0.009223188
11,1983,3,all,0.008368182
12,1983,3,all,0.007708066
13,1983,3,all,0.00772822
14,1983,3,all,0.008469184
15,1983,3,all,0.008274253
16,1983,3,all,0.007740426
1,1984,3,all,0.01358236
2,1984,3,all,0.03666434
3,1984,3,all,0.03611338
4,1984,3,all,0.03230232
5,1984,3,all,0.01964389
6,1984,3,all,0.01446073
7,1984,3,all,0.008900043
8,1984,3,all,0.009166144
9,1984,3,all,0.00836959
10,1984,3,all,0.009345654
11,1984,3,all,0.007341234
12,1984,3,all,0.007247038
13,1984,3,all,0.007095259
14,1984,3,all,0.007915078
15,1984,3,all,0.007105013
16,1984,3,all,0.007073904
1,1985,3,all,0.002985206
2,1985,3,all,0.03346575
3,1985,3,all,0.04217584
4,1985,3,all,0.04059778
5,1985,3,all,0.0260027
6,1985,3,all,0.01875379
7,1985,3,all,0.01577239
8,1985,3,all,0.01152357
9,1985,3,all,0.01320515
10,1985,3,all,0.01506304
11,1985,3,all,0.01097736
12,1985,3,all,0.0100994
13,1985,3,all,0.009664154
14,1985,3,all,0.01174676
15,1985,3,all,0.01035944
16,1985,3,all,0.009495711
1,1986,3,all,0.003270528
2,1986,3,all,0.02771641
3,1986,3,all,0.03021442
4,1986,3,all,0.03737982
5,1986,3,all,0.02115879
6,1986,3,all,0.01276708
7,1986,3,all,0.01385196
8,1986,3,all,0.009079399
9,1986,3,all,0.01035617
10,1986,3,all,0.008852167
11,1986,3,all,0.01029898
12,1986,3,all,0.007421357
13,1986,3,all,0.007820098
14,1986,3,all,0.008658717
15,1986,3,all,0.009628281
16,1986,3,all,0.007839848
1,1987,3,all,0.008046428
2,1987,3,all,0.03653176
3,1987,3,all,0.05019286
4,1987,3,all,0.03436052
5,1987,3,all,0.02497179
6,1987,3,all,0.02048373
7,1987,3,all,0.02802585
8,1987,3,all,0.0130507
9,1987,3,all,0.01105383
10,1987,3,all,0.01777844
11,1987,3,all,0.02246927
12,1987,3,all,0.01195663
13,1987,3,all,0.01691388
14,1987,3,all,0.01337799
15,1987,3,all,0.01867081
16,1987,3,all,0.01317096
1,1988,3,all,0.01276323
2,1988,3,all,0.01653915
3,1988,3,all,0.0482707
4,1988,3,all,0.03368605
5,1988,3,all,0.02629291
6,1988,3,all,0.01598593
7,1988,3,all,0.01403818
8,1988,3,all,0.009693266
9,1988,3,all,0.009466342
10,1988,3,all,0.00889677
11,1988,3,all,0.01113781
12,1988,3,all,0.008264012
13,1988,3,all,0.007985056
14,1988,3,all,0.009871684
15,1988,3,all,0.01010868
16,1988,3,all,0.008699489
1,1989,3,all,0.01035383
2,1989,3,all,0.06663872
3,1989,3,all,0.03378279
4,1989,3,all,0.03551148
5,1989,3,all,0.05044623
6,1989,3,all,0.03388197
7,1989,3,all,0.02766681
8,1989,3,all,0.02184949
9,1989,3,all,0.01307964
10,1989,3,all,0.0161297
11,1989,3,all,0.01743199
12,1989,3,all,0.01095149
13,1989,3,all,0.01236265
14,1989,3,all,0.01481095
15,1989,3,all,0.01871298
16,1989,3,all,0.01393102
1,1990,3,all,0.03245477
2,1990,3,all,0.1004002
3,1990,3,all,0.07751254
4,1990,3,all,0.09166103
5,1990,3,all,0.04868273
6,1990,3,all,0.03005605
7,1990,3,all,0.02671072
8,1990,3,all,0.0238166
9,1990,3,all,0.02569293
10,1990,3,all,0.02343335
11,1990,3,all,0.0256705
12,1990,3,all,0.02180423
13,1990,3,all,0.01871639
14,1990,3,all,0.02055461
15,1990,3,all,0.02160586
16,1990,3,all,0.0194264
1,1991,3,all,0.01414676
2,1991,3,all,0.1387545
3,1991,3,all,0.05525644
4,1991,3,all,0.1195051
5,1991,3,all,0.09534126
6,1991,3,all,0.05445102
7,1991,3,all,0.03669746
8,1991,3,all,0.0432086
9,1991,3,all,0.03522801
10,1991,3,all,0.03026773
11,1991,3,all,0.0332011
12,1991,3,all,0.02930114
13,1991,3,all,0.03138642
14,1991,3,all,0.02974792
15,1991,3,all,0.03438197
16,1991,3,all,0.02877148
1,1992,3,all,0.07495271
2,1992,3,all,0.0419075
3,1992,3,all,0.1319516
4,1992,3,all,0.1343429
5,1992,3,all,0.05572133
6,1992,3,all,0.02741406
7,1992,3,all,0.02226647
8,1992,3,all,0.02428348
9,1992,3,all,0.0276115
10,1992,3,all,0.02399254
11,1992,3,all,0.02065187
12,1992,3,all,0.02008038
13,1992,3,all,0.02056223
14,1992,3,all,0.01991931
15,1992,3,all,0.02104892
16,1992,3,all,0.0197611
1,1993,3,all,0.02220613
2,1993,3,all,0.1019554
3,1993,3,all,0.05042183
4,1993,3,all,0.05097361
5,1993,3,all,0.03458258
6,1993,3,all,0.027804
7,1993,3,all,0.02695298
8,1993,3,all,0.02679631
9,1993,3,all,0.02122245
10,1993,3,all,0.0193354
11,1993,3,all,0.01857399
12,1993,3,all,0.02142216
13,1993,3,all,0.01835418
14,1993,3,all,0.01771668
15,1993,3,all,0.01776189
16,1993,3,all,0.01836806
1,1994,3,all,0.01190088
2,1994,3,all,0.07040398
3,1994,3,all,0.07959212
4,1994,3,all,0.07115109
5,1994,3,all,0.05885709
6,1994,3,all,0.02783103
7,1994,3,all,0.0223769
8,1994,3,all,0.02048231
9,1994,3,all,0.01963086
10,1994,3,all,0.01772941
11,1994,3,all,0.01816788
12,1994,3,all,0.01892634
13,1994,3,all,0.01742776
14,1994,3,all,0.01674742
15,1994,3,all,0.01651562
16,1994,3,all,0.01752362
1,1995,3,all,0.04592135
2,1995,3,all,0.05120535
3,1995,3,all,0.06981978
4,1995,3,all,0.06300844
5,1995,3,all,0.0542786
6,1995,3,all,0.04143229
7,1995,3,all,0.03082997
8,1995,3,all,0.03023372
9,1995,3,all,0.03011199
10,1995,3,all,0.03201982
11,1995,3,all,0.02248298
12,1995,3,all,0.02182448
13,1995,3,all,0.03921883
14,1995,3,all,0.02244992
15,1995,3,all,0.02367936
16,1995,3,all,0.02239301
1,1996,3,all,0.03335775
2,1996,3,all,0.1154488
3,1996,3,all,0.08536152
4,1996,3,all,0.05314637
5,1996,3,all,0.04482714
6,1996,3,all,0.02558688
7,1996,3,all,0.0226609
8,1996,3,all,0.01846498
9,1996,3,all,0.01636973
10,1996,3,all,0.01626053
11,1996,3,all,0.01660827
12,1996,3,all,0.01530117
13,1996,3,all,0.01514514
14,1996,3,all,0.01621696
15,1996,3,all,0.0147265
16,1996,3,all,0.0142574
1,1997,3,all,0.04735586
2,1997,3,all,0.1319258
3,1997,3,all,0.03382518
4,1997,3,all,0.08988367
5,1997,3,all,0.05701563
6,1997,3,all,0.04107985
7,1997,3,all,0.03347602
8,1997,3,all,0.0339803
9,1997,3,all,0.03136732
10,1997,3,all,0.02244145
11,1997,3,all,0.02596765
12,1997,3,all,0.02303259
13,1997,3,all,0.0235419
14,1997,3,all,0.02177176
15,1997,3,all,0.0211582
16,1997,3,all,0.0215152
1,1998,3,all,0.04658889
2,1998,3,all,0.07383568
3,1998,3,all,0.1048509
4,1998,3,all,0.07244946
5,1998,3,all,0.05957898
6,1998,3,all,0.03809744
7,1998,3,all,0.02710714
8,1998,3,all,0.02966361
9,1998,3,all,0.02645458
10,1998,3,all,0.02329198
11,1998,3,all,0.02228828
12,1998,3,all,0.02102105
13,1998,3,all,0.02058671
14,1998,3,all,0.02074915
15,1998,3,all,0.02000906
16,1998,3,all,0.01959496
1,1999,3,all,0.04266981
2,1999,3,all,0.1163521
3,1999,3,all,0.1509304
4,1999,3,all,0.07172308
5,1999,3,all,0.0599724
6,1999,3,all,0.03511601
7,1999,3,all,0.02671223
8,1999,3,all,0.02173478
9,1999,3,all,0.02564248
10,1999,3,all,0.02315945
11,1999,3,all,0.018584
12,1999,3,all,0.01970543
13,1999,3,all,0.02131119
14,1999,3,all,0.02056142
15,1999,3,all,0.02018183
16,1999,3,all,0.01828441
1,2000,3,all,0.03320046
2,2000,3,all,0.1285697
3,2000,3,all,0.1368312
4,2000,3,all,0.08402089
5,2000,3,all,0.05272724
6,2000,3,all,0.02904158
7,2000,3,all,0.02959801
8,2000,3,all,0.02330413
9,2000,3,all,0.02438587
10,2000,3,all,0.02262166
11,2000,3,all,0.02101933
12,2000,3,all,0.01986582
13,2000,3,all,0.02042772
14,2000,3,all,0.01966179
15,2000,3,all,0.01827322
16,2000,3,all,0.01919956
1,2001,3,all,0.02919237
2,2001,3,all,0.1224413
3,2001,3,all,0.06011565
4,2001,3,all,0.07077061
5,2001,3,all,0.04122235
6,2001,3,all,0.0363701
7,2001,3,all,0.03599697
8,2001,3,all,0.03539041
9,2001,3,all,0.02501038
10,2001,3,all,0.02395929
11,2001,3,all,0.0264134
12,2001,3,all,0.02678977
13,2001,3,all,0.02626993
14,2001,3,all,0.03155854
15,2001,3,all,0.02907112
16,2001,3,all,0.02687066
1,2002,3,all,0.01483279
2,2002,3,all,0.06562397
3,2002,3,all,0.05665981
4,2002,3,all,0.05191353
5,2002,3,all,0.03314146
6,2002,3,all,0.02790785
7,2002,3,all,0.03466725
8,2002,3,all,0.02627549
9,2002,3,all,0.02161743
10,2002,3,all,0.02275419
11,2002,3,all,0.02257377
12,2002,3,all,0.0247895
13,2002,3,all,0.0222696
14,2002,3,all,0.02095063
15,2002,3,all,0.02232214
16,2002,3,all,0.02489679
1,2003,3,all,0.0276348
2,2003,3,all,0.1976542
3,2003,3,all,0.07190709
4,2003,3,all,0.06924785
5,2003,3,all,0.03754566
6,2003,3,all,0.02991407
7,2003,3,all,0.02270527
8,2003,3,all,0.02160927
9,2003,3,all,0.02111915
10,2003,3,all,0.02005128
11,2003,3,all,0.0167012
12,2003,3,all,0.01725631
13,2003,3,all,0.01906543
14,2003,3,all,0.01818239
15,2003,3,all,0.0163711
16,2003,3,all,0.01600193
1,2004,3,all,0.02270501
2,2004,3,all,0.123047
3,2004,3,all,0.09000412
4,2004,3,all,0.0753979
5,2004,3,all,0.04432827
6,2004,3,all,0.02608945
7,2004,3,all,0.03028259
8,2004,3,all,0.02169713
9,2004,3,all,0.01900164
10,2004,3,all,0.01870979
11,2004,3,all,0.01907823
12,2004,3,all,0.01852351
13,2004,3,all,0.01804053
14,2004,3,all,0.017885
15,2004,3,all,0.01871839
16,2004,3,all,0.017872
1,2005,3,all,0.03499024
2,2005,3,all,0.1438353
3,2005,3,all,0.07619688
4,2005,3,all,0.09667598
5,2005,3,all,0.05787412
6,2005,3,all,0.04208033
7,2005,3,all,0.03262963
8,2005,3,all,0.02785883
9,2005,3,all,0.02629269
10,2005,3,all,0.02281861
11,2005,3,all,0.02151738
12,2005,3,all,0.02255366
13,2005,3,all,0.02185337
14,2005,3,all,0.02163982
15,2005,3,all,0.02114685
16,2005,3,all,0.02129008
1,2006,3,all,0.0234471
2,2006,3,all,0.1682946
3,2006,3,all,0.1190173
4,2006,3,all,0.09091209
5,2006,3,all,0.05719553
6,2006,3,all,0.03936367
7,2006,3,all,0.02677742
8,2006,3,all,0.02554236
9,2006,3,all,0.02281546
10,2006,3,all,0.0215742
11,2006,3,all,0.02134632
12,2006,3,all,0.0204855
13,2006,3,all,0.02018754
14,2006,3,all,0.01958026
15,2006,3,all,0.0199531
16,2006,3,all,0.01954336
1,2007,3,all,0.02412048
2,2007,3,all,0.1307885
3,2007,3,all,0.1238886
4,2007,3,all,0.09161708
5,2007,3,all,0.05689393
6,2007,3,all,0.03667868
7,2007,3,all,0.02869858
8,2007,3,all,0.02482788
9,2007,3,all,0.02333792
10,2007,3,all,0.02180054
11,2007,3,all,0.02064838
12,2007,3,all,0.0205356
13,2007,3,all,0.0207224
14,2007,3,all,0.02044277
15,2007,3,all,0.01889482
16,2007,3,all,0.01920674
1,2008,3,all,0.05519485
2,2008,3,all,0.2526725
3,2008,3,all,0.1158375
4,2008,3,all,0.09893976
5,2008,3,all,0.08210048
6,2008,3,all,0.0522438
7,2008,3,all,0.03851154
8,2008,3,all,0.03224377
9,2008,3,all,0.03062096
10,2008,3,all,0.02951769
11,2008,3,all,0.0251388
12,2008,3,all,0.02460999
13,2008,3,all,0.02538917
14,2008,3,all,0.02480053
15,2008,3,all,0.02324854
16,2008,3,all,0.02431685
1,2009,3,all,0.0262299
2,2009,3,all,0.1686955
3,2009,3,all,0.1444478
4,2009,3,all,0.1488977
5,2009,3,all,0.09702826
6,2009,3,all,0.06103172
7,2009,3,all,0.04249121
8,2009,3,all,0.0430451
9,2009,3,all,0.04459829
10,2009,3,all,0.03835348
11,2009,3,all,0.03509096
12,2009,3,all,0.03371818
13,2009,3,all,0.03287352
14,2009,3,all,0.03066007
15,2009,3,all,0.03039805
16,2009,3,all,0.03017982
1,2010,3,all,0.02189639
2,2010,3,all,0.110844
3,2010,3,all,0.1665548
4,2010,3,all,0.1017247
5,2010,3,all,0.08154897
6,2010,3,all,0.04975261
7,2010,3,all,0.03302309
8,2010,3,all,0.03125349
9,2010,3,all,0.02636761
10,2010,3,all,0.02678334
11,2010,3,all,0.02255374
12,2010,3,all,0.02330754
13,2010,3,all,0.0206422
14,2010,3,all,0.02071956
15,2010,3,all,0.01997275
16,2010,3,all,0.01998028
1,2011,3,all,0.03501275
2,2011,3,all,0.2368093
3,2011,3,all,0.1045213
4,2011,3,all,0.09665561
5,2011,3,all,0.04855231
6,2011,3,all,0.02646011
7,2011,3,all,0.02280586
8,2011,3,all,0.01843881
9,2011,3,all,0.01796417
10,2011,3,all,0.01902301
11,2011,3,all,0.01742701
12,2011,3,all,0.01874287
13,2011,3,all,0.01777143
14,2011,3,all,0.01943553
15,2011,3,all,0.01651301
16,2011,3,all,0.01545462
1,2012,3,all,0.02782894
2,2012,3,all,0.1121243
3,2012,3,all,0.1325758
4,2012,3,all,0.1072991
5,2012,3,all,0.07656034
6,2012,3,all,0.04621758
7,2012,3,all,0.03683588
8,2012,3,all,0.03765957
9,2012,3,all,0.03432573
10,2012,3,all,0.03000594
11,2012,3,all,0.02657339
12,2012,3,all,0.02494774
13,2012,3,all,0.02594548
14,2012,3,all,0.02501178
15,2012,3,all,0.02395558
16,2012,3,all,0.02414746
1,2013,3,all,0.02455517
2,2013,3,all,0.2278565
3,2013,3,all,0.1878184
4,2013,3,all,0.0676241
5,2013,3,all,0.06051047
6,2013,3,all,0.04450071
7,2013,3,all,0.03468573
8,2013,3,all,0.02815309
9,2013,3,all,0.0274257
10,2013,3,all,0.02644291
11,2013,3,all,0.02203866
12,2013,3,all,0.02254461
13,2013,3,all,0.02073068
14,2013,3,all,0.01988155
15,2013,3,all,0.02052562
16,2013,3,all,0.02052274
1,2014,3,all,0.02188894
2,2014,3,all,0.1893605
3,2014,3,all,0.114528
4,2014,3,all,0.09873794
5,2014,3,all,0.07908659
6,2014,3,all,0.04929979
7,2014,3,all,0.04072677
8,2014,3,all,0.02828039
9,2014,3,all,0.02832831
10,2014,3,all,0.02608727
11,2014,3,all,0.02408234
12,2014,3,all,0.02245333
13,2014,3,all,0.0222382
14,2014,3,all,0.02192634
15,2014,3,all,0.02093399
16,2014,3,all,0.02078827
1,2015,3,all,0.02225273
2,2015,3,all,0.1379879
3,2015,3,all,0.08057623
4,2015,3,all,0.08341867
5,2015,3,all,0.06981891
6,2015,3,all,0.04187103
7,2015,3,all,0.03460872
8,2015,3,all,0.02851915
9,2015,3,all,0.02699904
10,2015,3,all,0.02463166
11,2015,3,all,0.02249804
12,2015,3,all,0.02136629
13,2015,3,all,0.02187157
14,2015,3,all,0.02028129
15,2015,3,all,0.01911214
16,2015,3,all,0.0198012
1,2016,3,all,0.04144349
2,2016,3,all,0.175556
3,2016,3,all,0.1364505
4,2016,3,all,0.1333656
5,2016,3,all,0.1110359
6,2016,3,all,0.07530729
7,2016,3,all,0.05695617
8,2016,3,all,0.04581454
9,2016,3,all,0.03904399
10,2016,3,all,0.03558162
11,2016,3,all,0.03210828
12,2016,3,all,0.03014058
13,2016,3,all,0.03005446
14,2016,3,all,0.03064094
15,2016,3,all,0.02863321
16,2016,3,all,0.02812596
1,2017,3,all,0.03978879
2,2017,3,all,0.2704837
3,2017,3,all,0.1623519
4,2017,3,all,0.1289301
5,2017,3,all,0.08217257
6,2017,3,all,0.05563798
7,2017,3,all,0.04118586
8,2017,3,all,0.03889703
9,2017,3,all,0.03022961
10,2017,3,all,0.02790855
11,2017,3,all,0.02523821
12,2017,3,all,0.02391707
13,2017,3,all,0.02504365
14,2017,3,all,0.02776568
15,2017,3,all,0.02533352
16,2017,3,all,0.02522665
1,2018,3,all,0.03170816
2,2018,3,all,0.2773474
3,2018,3,all,0.1082269
4,2018,3,all,0.1280779
5,2018,3,all,0.0759731
6,2018,3,all,0.04875512
7,2018,3,all,0.03526898
8,2018,3,all,0.0303454
9,2018,3,all,0.02669901
10,2018,3,all,0.02175206
11,2018,3,all,0.0208063
12,2018,3,all,0.02419681
13,2018,3,all,0.0198358
14,2018,3,all,0.01988997
15,2018,3,all,0.01898457
16,2018,3,all,0.0200067
1,2019,3,all,0.03547623
2,2019,3,all,0.1941499
3,2019,3,all,0.1209131
4,2019,3,all,0.1049354
5,2019,3,all,0.0966115
6,2019,3,all,0.0650767
7,2019,3,all,0.04705548
8,2019,3,all,0.0389319
9,2019,3,all,0.03682106
10,2019,3,all,0.03377973
11,2019,3,all,0.03176429
12,2019,3,all,0.03008955
13,2019,3,all,0.02981151
14,2019,3,all,0.02638376
15,2019,3,all,0.02689045
16,2019,3,all,0.02798914
1,2020,3,all,0.03711873
2,2020,3,all,0.316819
3,2020,3,all,0.257289
4,2020,3,all,0.1824242
5,2020,3,all,0.09686039
6,2020,3,all,0.06877417
7,2020,3,all,0.05209802
8,2020,3,all,0.04228028
9,2020,3,all,0.04149502
10,2020,3,all,0.03637777
11,2020,3,all,0.03491596
12,2020,3,all,0.03395146
13,2020,3,all,0.03326335
14,2020,3,all,0.03283089
15,2020,3,all,0.03258581
16,2020,3,all,0.03088259
1,2021,3,all,0.03640775
2,2021,3,all,0.665329
3,2021,3,all,0.1721683
4,2021,3,all,0.06157368
5,2021,3,all,0.08529201
6,2021,3,all,0.05892337
7,2021,3,all,0.04099289
8,2021,3,all,0.03086385
9,2021,3,all,0.02009027
10,2021,3,all,0.0203679
11,2021,3,all,0.01974442
12,2021,3,all,0.02344246
13,2021,3,all,0.02234065
14,2021,3,all,0.02305153
15,2021,3,all,0.02228626
16,2021,3,all,0.02285536
1,2022,3,all,0.04777871
2,2022,3,all,0.2516524
3,2022,3,all,0.1973025
4,2022,3,all,0.1390949
5,2022,3,all,0.04041394
6,2022,3,all,0.05627691
7,2022,3,all,0.04050928
8,2022,3,all,0.02050845
9,2022,3,all,0.03023519
10,2022,3,all,0.03058078
11,2022,3,all,0.0268023
12,2022,3,all,0.0247077
13,2022,3,all,0.01829859
14,2022,3,all,0.0201913
15,2022,3,all,0.02047631
16,2022,3,all,0.0241283
1,2023,3,all,0.03521039
2,2023,3,all,0.1708517
3,2023,3,all,0.1307551
4,2023,3,all,0.08173884
5,2023,3,all,0.07995711
6,2023,3,all,0.05434234
7,2023,3,all,0.04158239
8,2023,3,all,0.03360828
9,2023,3,all,0.02899184
10,2023,3,all,0.02735755
11,2023,3,all,0.02464301
12,2023,3,all,0.02244213
13,2023,3,all,0.02377978
14,2023,3,all,0.02385185
15,2023,3,all,0.02296346
16,2023,3,all,0.02193579
1,2024,3,all,0.03066513
2,2024,3,all,0.2072283
3,2024,3,all,0.3011052
4,2024,3,all,0.135654
5,2024,3,all,0.1181829
6,2024,3,all,0.08735797
7,2024,3,all,0.05339001
8,2024,3,all,0.03373203
9,2024,3,all,0.03308303
10,2024,3,all,0.03024171
11,2024,3,all,0.02614187
12,2024,3,all,0.02579619
13,2024,3,all,0.02143435
14,2024,3,all,0.02630447
15,2024,3,all,0.02597062
16,2024,3,all,0.02346374
1,1972,4,all,0.001143009
2,1972,4,all,0.01238523
3,1972,4,all,0.007885722
4,1972,4,all,0.008621591
5,1972,4,all,0.005670385
6,1972,4,all,0.003504435
7,1972,4,all,0.002787724
8,1972,4,all,0.003125508
9,1972,4,all,0.002470374
10,1972,4,all,0.002350527
11,1972,4,all,0.002365279
12,1972,4,all,0.002606738
13,1972,4,all,0.002160087
14,1972,4,all,0.002210465
15,1972,4,all,0.002266152
16,1972,4,all,0.002190217
1,1973,4,all,0.001348104
2,1973,4,all,0.006497673
3,1973,4,all,0.01198353
4,1973,4,all,0.01617158
5,1973,4,all,0.0135492
6,1973,4,all,0.007039992
7,1973,4,all,0.004811145
8,1973,4,all,0.00571407
9,1973,4,all,0.005534566
10,1973,4,all,0.004400196
11,1973,4,all,0.003970585
12,1973,4,all,0.004678539
13,1973,4,all,0.004600649
14,1973,4,all,0.004211926
15,1973,4,all,0.004014166
16,1973,4,all,0.004274194
1,1974,4,all,0.00123695
2,1974,4,all,0.03004492
3,1974,4,all,0.0413216
4,1974,4,all,0.01525487
5,1974,4,all,0.006554991
6,1974,4,all,0.005005138
7,1974,4,all,0.00432663
8,1974,4,all,0.004968317
9,1974,4,all,0.00440081
10,1974,4,all,0.004101469
11,1974,4,all,0.003916964
12,1974,4,all,0.004170693
13,1974,4,all,0.003742907
14,1974,4,all,0.003814183
15,1974,4,all,0.003795034
16,1974,4,all,0.003748357
1,1975,4,all,0.0008352622
2,1975,4,all,0.007096427
3,1975,4,all,0.008847074
4,1975,4,all,0.008961437
5,1975,4,all,0.00683637
6,1975,4,all,0.004584709
7,1975,4,all,0.005820039
8,1975,4,all,0.005213317
9,1975,4,all,0.003099805
10,1975,4,all,0.0029635
11,1975,4,all,0.003582992
12,1975,4,all,0.003969537
13,1975,4,all,0.003663515
14,1975,4,all,0.003420069
15,1975,4,all,0.003348977
16,1975,4,all,0.003477428
1,1976,4,all,0.00149621
2,1976,4,all,0.01744021
3,1976,4,all,0.01843671
4,1976,4,all,0.01892095
5,1976,4,all,0.01011292
6,1976,4,all,0.00552323
7,1976,4,all,0.005795675
8,1976,4,all,0.004817048
9,1976,4,all,0.004703807
10,1976,4,all,0.004512023
11,1976,4,all,0.004464213
12,1976,4,all,0.004566103
13,1976,4,all,0.004177257
14,1976,4,all,0.004150345
15,1976,4,all,0.004114806
16,1976,4,all,0.004199723
1,1977,4,all,0.001983906
2,1977,4,all,0.02373263
3,1977,4,all,0.02513222
4,1977,4,all,0.02210821
5,1977,4,all,0.01381588
6,1977,4,all,0.01027374
7,1977,4,all,0.00809926
8,1977,4,all,0.007537233
9,1977,4,all,0.006516714
10,1977,4,all,0.006960525
11,1977,4,all,0.005873494
12,1977,4,all,0.006561504
13,1977,4,all,0.005763406
14,1977,4,all,0.006381984
15,1977,4,all,0.005928826
16,1977,4,all,0.006184046
1,1978,4,all,0.002237192
2,1978,4,all,0.01471001
3,1978,4,all,0.03831201
4,1978,4,all,0.02373496
5,1978,4,all,0.01278231
6,1978,4,all,0.008889169
7,1978,4,all,0.007467049
8,1978,4,all,0.006130437
9,1978,4,all,0.005540425
10,1978,4,all,0.005899461
11,1978,4,all,0.005370077
12,1978,4,all,0.005536618
13,1978,4,all,0.005012968
14,1978,4,all,0.004203984
15,1978,4,all,0.004671274
16,1978,4,all,0.004523654
1,1979,4,all,0.001469849
2,1979,4,all,0.01708454
3,1979,4,all,0.03142499
4,1979,4,all,0.01971413
5,1979,4,all,0.01027952
6,1979,4,all,0.007400069
7,1979,4,all,0.008651705
8,1979,4,all,0.00751879
9,1979,4,all,0.006044025
10,1979,4,all,0.005585239
11,1979,4,all,0.006032543
12,1979,4,all,0.006005415
13,1979,4,all,0.005189098
14,1979,4,all,0.005480017
15,1979,4,all,0.005566201
16,1979,4,all,0.005214648
1,1980,4,all,0.002321221
2,1980,4,all,0.02805546
3,1980,4,all,0.049286
4,1980,4,all,0.03087854
5,1980,4,all,0.02110956
6,1980,4,all,0.01632345
7,1980,4,all,0.01248626
8,1980,4,all,0.01076385
9,1980,4,all,0.009357991
10,1980,4,all,0.009355426
11,1980,4,all,0.01009512
12,1980,4,all,0.00959558
13,1980,4,all,0.008645599
14,1980,4,all,0.008564827
15,1980,4,all,0.009148154
16,1980,4,all,0.008666376
1,1981,4,all,0.003446586
2,1981,4,all,0.01869668
3,1981,4,all,0.02755355
4,1981,4,all,0.02102207
5,1981,4,all,0.02257751
6,1981,4,all,0.01494423
7,1981,4,all,0.00971561
8,1981,4,all,0.009593785
9,1981,4,all,0.008661788
10,1981,4,all,0.008391315
11,1981,4,all,0.008056313
12,1981,4,all,0.007922506
13,1981,4,all,0.007575145
14,1981,4,all,0.007739065
15,1981,4,all,0.007764481
16,1981,4,all,0.007458332
1,1982,4,all,0.003522658
2,1982,4,all,0.04373171
3,1982,4,all,0.03224844
4,1982,4,all,0.02587224
5,1982,4,all,0.02695758
6,1982,4,all,0.0167289
7,1982,4,all,0.01345684
8,1982,4,all,0.01070441
9,1982,4,all,0.01042826
10,1982,4,all,0.00986426
11,1982,4,all,0.0103447
12,1982,4,all,0.01028082
13,1982,4,all,0.009257204
14,1982,4,all,0.009169681
15,1982,4,all,0.009408021
16,1982,4,all,0.009263703
1,1983,4,all,0.004872729
2,1983,4,all,0.03626411
3,1983,4,all,0.02601275
4,1983,4,all,0.03028865
5,1983,4,all,0.03615734
6,1983,4,all,0.02621407
7,1983,4,all,0.0127359
8,1983,4,all,0.01236295
9,1983,4,all,0.01527682
10,1983,4,all,0.01277969
11,1983,4,all,0.01050362
12,1983,4,all,0.01129611
13,1983,4,all,0.01201959
14,1983,4,all,0.01188128
15,1983,4,all,0.01098672
16,1983,4,all,0.01140693
1,1984,4,all,0.003543103
2,1984,4,all,0.06882407
3,1984,4,all,0.06604527
4,1984,4,all,0.0288844
5,1984,4,all,0.02875485
6,1984,4,all,0.01894959
7,1984,4,all,0.01566666
8,1984,4,all,0.009773628
9,1984,4,all,0.0114947
10,1984,4,all,0.01060137
11,1984,4,all,0.01162671
12,1984,4,all,0.009170306
13,1984,4,all,0.009829429
14,1984,4,all,0.00963353
15,1984,4,all,0.01005759
16,1984,4,all,0.009384918
1,1985,4,all,0.003126028
2,1985,4,all,0.02180069
3,1985,4,all,0.04674634
4,1985,4,all,0.04166313
5,1985,4,all,0.02368521
6,1985,4,all,0.02080755
7,1985,4,all,0.01854963
8,1985,4,all,0.01389407
9,1985,4,all,0.01170589
10,1985,4,all,0.01067764
11,1985,4,all,0.01037684
12,1985,4,all,0.01260252
13,1985,4,all,0.01024057
14,1985,4,all,0.0108788
15,1985,4,all,0.01031376
16,1985,4,all,0.01091641
1,1986,4,all,0.003609705
2,1986,4,all,0.04017402
3,1986,4,all,0.07994201
4,1986,4,all,0.0318068
5,1986,4,all,0.0288383
6,1986,4,all,0.01864579
7,1986,4,all,0.01415225
8,1986,4,all,0.01417582
9,1986,4,all,0.01105116
10,1986,4,all,0.01199868
11,1986,4,all,0.01093677
12,1986,4,all,0.01192334
13,1986,4,all,0.009601371
14,1986,4,all,0.009994529
15,1986,4,all,0.01072773
16,1986,4,all,0.01045808
1,1987,4,all,0.005932632
2,1987,4,all,0.04913217
3,1987,4,all,0.04117389
4,1987,4,all,0.03273828
5,1987,4,all,0.01974075
6,1987,4,all,0.01491831
7,1987,4,all,0.01302485
8,1987,4,all,0.01457782
9,1987,4,all,0.009356947
10,1987,4,all,0.008437527
11,1987,4,all,0.01135138
12,1987,4,all,0.0130338
13,1987,4,all,0.008748997
14,1987,4,all,0.01091543
15,1987,4,all,0.009394617
16,1987,4,all,0.01013457
1,1988,4,all,0.002389488
2,1988,4,all,0.03833216
3,1988,4,all,0.05129777
4,1988,4,all,0.03132088
5,1988,4,all,0.02837098
6,1988,4,all,0.0206077
7,1988,4,all,0.01191807
8,1988,4,all,0.01141332
9,1988,4,all,0.009860867
10,1988,4,all,0.009738887
11,1988,4,all,0.01010783
12,1988,4,all,0.01080311
13,1988,4,all,0.008985333
14,1988,4,all,0.008609807
15,1988,4,all,0.009770705
16,1988,4,all,0.00963017
1,1989,4,all,0.021067
2,1989,4,all,0.0814015
3,1989,4,all,0.07870528
4,1989,4,all,0.03572668
5,1989,4,all,0.032651
6,1989,4,all,0.04609139
7,1989,4,all,0.03905412
8,1989,4,all,0.02073776
9,1989,4,all,0.0293368
10,1989,4,all,0.01849271
11,1989,4,all,0.01755263
12,1989,4,all,0.01708854
13,1989,4,all,0.01602977
14,1989,4,all,0.01645956
15,1989,4,all,0.01929779
16,1989,4,all,0.01716518
1,1990,4,all,0.01020223
2,1990,4,all,0.110018
3,1990,4,all,0.08787379
4,1990,4,all,0.04907777
5,1990,4,all,0.05557491
6,1990,4,all,0.02964003
7,1990,4,all,0.01986123
8,1990,4,all,0.01745067
9,1990,4,all,0.01876196
10,1990,4,all,0.02229468
11,1990,4,all,0.0220937
12,1990,4,all,0.01868751
13,1990,4,all,0.02074203
14,1990,4,all,0.01738407
15,1990,4,all,0.01695307
16,1990,4,all,0.01721012
1,1991,4,all,0.04756584
2,1991,4,all,0.1012018
3,1991,4,all,0.0675558
4,1991,4,all,0.04912124
5,1991,4,all,0.07518315
6,1991,4,all,0.07443347
7,1991,4,all,0.04574866
8,1991,4,all,0.0303585
9,1991,4,all,0.03081952
10,1991,4,all,0.02690855
11,1991,4,all,0.0253884
12,1991,4,all,0.02438434
13,1991,4,all,0.0239691
14,1991,4,all,0.03171979
15,1991,4,all,0.03292916
16,1991,4,all,0.02766149
1,1992,4,all,0.01424911
2,1992,4,all,0.0861498
3,1992,4,all,0.1018609
4,1992,4,all,0.1362661
5,1992,4,all,0.1000666
6,1992,4,all,0.0461947
7,1992,4,all,0.02686743
8,1992,4,all,0.02402073
9,1992,4,all,0.03027835
10,1992,4,all,0.03267143
11,1992,4,all,0.02809118
12,1992,4,all,0.02481537
13,1992,4,all,0.02622244
14,1992,4,all,0.02448434
15,1992,4,all,0.02394348
16,1992,4,all,0.0257879
1,1993,4,all,0.01389849
2,1993,4,all,0.09038857
3,1993,4,all,0.0645902
4,1993,4,all,0.06006816
5,1993,4,all,0.04041476
6,1993,4,all,0.02154322
7,1993,4,all,0.02582295
8,1993,4,all,0.02220377
9,1993,4,all,0.01774764
10,1993,4,all,0.01771451
11,1993,4,all,0.01897126
12,1993,4,all,0.01865441
13,1993,4,all,0.01651889
14,1993,4,all,0.01558869
15,1993,4,all,0.01590971
16,1993,4,all,0.01576078
1,1994,4,all,0.007792269
2,1994,4,all,0.08475166
3,1994,4,all,0.07530931
4,1994,4,all,0.08227408
5,1994,4,all,0.0533886
6,1994,4,all,0.0397768
7,1994,4,all,0.0249392
8,1994,4,all,0.02288183
9,1994,4,all,0.02075785
10,1994,4,all,0.01930896
11,1994,4,all,0.01951145
12,1994,4,all,0.019037
13,1994,4,all,0.0183332
14,1994,4,all,0.01812271
15,1994,4,all,0.01821094
16,1994,4,all,0.01781951
1,1995,4,all,0.00707989
2,1995,4,all,0.1509912
3,1995,4,all,0.06997422
4,1995,4,all,0.0676436
5,1995,4,all,0.05599052
6,1995,4,all,0.05048915
7,1995,4,all,0.03739016
8,1995,4,all,0.02728977
9,1995,4,all,0.02813795
10,1995,4,all,0.02643036
11,1995,4,all,0.02711097
12,1995,4,all,0.02350709
13,1995,4,all,0.02616366
14,1995,4,all,0.03004195
15,1995,4,all,0.02186144
16,1995,4,all,0.02182594
1,1996,4,all,0.01032926
2,1996,4,all,0.1059475
3,1996,4,all,0.1038273
4,1996,4,all,0.06607124
5,1996,4,all,0.03888671
6,1996,4,all,0.03070852
7,1996,4,all,0.0230644
8,1996,4,all,0.0186743
9,1996,4,all,0.01719377
10,1996,4,all,0.01494225
11,1996,4,all,0.01597519
12,1996,4,all,0.01701005
13,1996,4,all,0.01513634
14,1996,4,all,0.01473881
15,1996,4,all,0.01649494
16,1996,4,all,0.01504582
1,1997,4,all,0.007159023
2,1997,4,all,0.1343661
3,1997,4,all,0.09585823
4,1997,4,all,0.05924955
5,1997,4,all,0.04961553
6,1997,4,all,0.02989279
7,1997,4,all,0.02583909
8,1997,4,all,0.02238692
9,1997,4,all,0.02026315
10,1997,4,all,0.01760166
11,1997,4,all,0.02012184
12,1997,4,all,0.01676948
13,1997,4,all,0.01794158
14,1997,4,all,0.01671889
15,1997,4,all,0.01728027
16,1997,4,all,0.0166817
1,1998,4,all,0.01158482
2,1998,4,all,0.1224015
3,1998,4,all,0.09171809
4,1998,4,all,0.06792781
5,1998,4,all,0.04571137
6,1998,4,all,0.02728318
7,1998,4,all,0.02519434
8,1998,4,all,0.02803001
9,1998,4,all,0.01953851
10,1998,4,all,0.01857099
11,1998,4,all,0.01874706
12,1998,4,all,0.01854803
13,1998,4,all,0.0187521
14,1998,4,all,0.01655576
15,1998,4,all,0.01999855
16,1998,4,all,0.01691926
1,1999,4,all,0.01524561
2,1999,4,all,0.0874261
3,1999,4,all,0.07464735
4,1999,4,all,0.1094632
5,1999,4,all,0.04712254
6,1999,4,all,0.03744389
7,1999,4,all,0.02912427
8,1999,4,all,0.02376055
9,1999,4,all,0.02208728
10,1999,4,all,0.01972839
11,1999,4,all,0.01936317
12,1999,4,all,0.01906967
13,1999,4,all,0.01916673
14,1999,4,all,0.01866725
15,1999,4,all,0.01863322
16,1999,4,all,0.01851551
1,2000,4,all,0.01969414
2,2000,4,all,0.09548487
3,2000,4,all,0.08715336
4,2000,4,all,0.1237047
5,2000,4,all,0.0594638
6,2000,4,all,0.02710761
7,2000,4,all,0.03599683
8,2000,4,all,0.02825244
9,2000,4,all,0.03114997
10,2000,4,all,0.02108879
11,2000,4,all,0.02330516
12,2000,4,all,0.02239706
13,2000,4,all,0.0240128
14,2000,4,all,0.01876539
15,2000,4,all,0.02011429
16,2000,4,all,0.02183221
1,2001,4,all,0.01869577
2,2001,4,all,0.1051558
3,2001,4,all,0.08288249
4,2001,4,all,0.09636281
5,2001,4,all,0.04774588
6,2001,4,all,0.04240367
7,2001,4,all,0.03634319
8,2001,4,all,0.02648036
9,2001,4,all,0.02653055
10,2001,4,all,0.02732614
11,2001,4,all,0.02267877
12,2001,4,all,0.02115078
13,2001,4,all,0.02105248
14,2001,4,all,0.02011003
15,2001,4,all,0.02091469
16,2001,4,all,0.02059121
1,2002,4,all,0.007535762
2,2002,4,all,0.07595229
3,2002,4,all,0.0690037
4,2002,4,all,0.07156592
5,2002,4,all,0.0533653
6,2002,4,all,0.03219315
7,2002,4,all,0.02916633
8,2002,4,all,0.03577904
9,2002,4,all,0.02884285
10,2002,4,all,0.02863808
11,2002,4,all,0.02971017
12,2002,4,all,0.02710351
13,2002,4,all,0.02918419
14,2002,4,all,0.02948375
15,2002,4,all,0.02604406
16,2002,4,all,0.02907668
1,2003,4,all,0.03625125
2,2003,4,all,0.1834569
3,2003,4,all,0.0789686
4,2003,4,all,0.08842659
5,2003,4,all,0.0688491
6,2003,4,all,0.03698508
7,2003,4,all,0.03114599
8,2003,4,all,0.02804135
9,2003,4,all,0.0277067
10,2003,4,all,0.02696492
11,2003,4,all,0.02674248
12,2003,4,all,0.02603692
13,2003,4,all,0.02530019
14,2003,4,all,0.02950448
15,2003,4,all,0.0290366
16,2003,4,all,0.0257055
1,2004,4,all,0.02092771
2,2004,4,all,0.129271
3,2004,4,all,0.1203274
4,2004,4,all,0.06996008
5,2004,4,all,0.04261642
6,2004,4,all,0.02971695
7,2004,4,all,0.01970196
8,2004,4,all,0.02468244
9,2004,4,all,0.02054736
10,2004,4,all,0.01782573
11,2004,4,all,0.01761956
12,2004,4,all,0.01797632
13,2004,4,all,0.0178267
14,2004,4,all,0.01758871
15,2004,4,all,0.01758152
16,2004,4,all,0.01807248
1,2005,4,all,0.02263122
2,2005,4,all,0.1760801
3,2005,4,all,0.2123453
4,2005,4,all,0.08968546
5,2005,4,all,0.06684448
6,2005,4,all,0.04438837
7,2005,4,all,0.03618611
8,2005,4,all,0.03662043
9,2005,4,all,0.03115397
10,2005,4,all,0.02987172
11,2005,4,all,0.02501843
12,2005,4,all,0.03098501
13,2005,4,all,0.03035354
14,2005,4,all,0.02683833
15,2005,4,all,0.02598797
16,2005,4,all,0.02731186
1,2006,4,all,0.01982552
2,2006,4,all,0.1678683
3,2006,4,all,0.1128866
4,2006,4,all,0.1027059
5,2006,4,all,0.05933236
6,2006,4,all,0.03594088
7,2006,4,all,0.03087823
8,2006,4,all,0.02571987
9,2006,4,all,0.02453359
10,2006,4,all,0.02351978
11,2006,4,all,0.02301552
12,2006,4,all,0.0220335
13,2006,4,all,0.02213933
14,2006,4,all,0.02151178
15,2006,4,all,0.02204385
16,2006,4,all,0.02130583
1,2007,4,all,0.04653959
2,2007,4,all,0.1340491
3,2007,4,all,0.1518687
4,2007,4,all,0.1081573
5,2007,4,all,0.06499063
6,2007,4,all,0.0428704
7,2007,4,all,0.03065115
8,2007,4,all,0.02688838
9,2007,4,all,0.02475621
10,2007,4,all,0.02264845
11,2007,4,all,0.02230267
12,2007,4,all,0.02190399
13,2007,4,all,0.02136889
14,2007,4,all,0.02144245
15,2007,4,all,0.02119279
16,2007,4,all,0.02042958
1,2008,4,all,0.04765641
2,2008,4,all,0.2092272
3,2008,4,all,0.1859064
4,2008,4,all,0.1209204
5,2008,4,all,0.0748135
6,2008,4,all,0.06548625
7,2008,4,all,0.04682956
8,2008,4,all,0.03953117
9,2008,4,all,0.03571092
10,2008,4,all,0.03514057
11,2008,4,all,0.03369507
12,2008,4,all,0.02980865
13,2008,4,all,0.02979189
14,2008,4,all,0.02977404
15,2008,4,all,0.02996952
16,2008,4,all,0.02934532
1,2009,4,all,0.02245899
2,2009,4,all,0.1472495
3,2009,4,all,0.170181
4,2009,4,all,0.1163702
5,2009,4,all,0.0808292
6,2009,4,all,0.05193296
7,2009,4,all,0.03876747
8,2009,4,all,0.02968565
9,2009,4,all,0.03172383
10,2009,4,all,0.03275146
11,2009,4,all,0.03017059
12,2009,4,all,0.02870471
13,2009,4,all,0.02809973
14,2009,4,all,0.02854608
15,2009,4,all,0.02750546
16,2009,4,all,0.02657285
1,2010,4,all,0.03172156
2,2010,4,all,0.1635912
3,2010,4,all,0.1884678
4,2010,4,all,0.1540039
5,2010,4,all,0.07857399
6,2010,4,all,0.05789238
7,2010,4,all,0.04374101
8,2010,4,all,0.03512653
9,2010,4,all,0.03704101
10,2010,4,all,0.03134083
11,2010,4,all,0.03349591
12,2010,4,all,0.0322575
13,2010,4,all,0.03162069
14,2010,4,all,0.0303446
15,2010,4,all,0.02996436
16,2010,4,all,0.02969848
1,2011,4,all,0.0237956
2,2011,4,all,0.2501568
3,2011,4,all,0.2227796
4,2011,4,all,0.1289516
5,2011,4,all,0.09389876
6,2011,4,all,0.05634459
7,2011,4,all,0.03782537
8,2011,4,all,0.03418393
9,2011,4,all,0.03178699
10,2011,4,all,0.03164551
11,2011,4,all,0.03133583
12,2011,4,all,0.02963449
13,2011,4,all,0.03164916
14,2011,4,all,0.02961354
15,2011,4,all,0.03107791
16,2011,4,all,0.02945905
1,2012,4,all,0.01361161
2,2012,4,all,0.1375927
3,2012,4,all,0.1484681
4,2012,4,all,0.1254438
5,2012,4,all,0.06591157
6,2012,4,all,0.0412938
7,2012,4,all,0.02918381
8,2012,4,all,0.0262677
9,2012,4,all,0.02742622
10,2012,4,all,0.02544905
11,2012,4,all,0.02345229
12,2012,4,all,0.02300649
13,2012,4,all,0.0226973
14,2012,4,all,0.02319812
15,2012,4,all,0.02298924
16,2012,4,all,0.02281263
1,2013,4,all,0.01975171
2,2013,4,all,0.1766458
3,2013,4,all,0.221431
4,2013,4,all,0.1695543
5,2013,4,all,0.05262279
6,2013,4,all,0.04737656
7,2013,4,all,0.04031857
8,2013,4,all,0.03592015
9,2013,4,all,0.03070314
10,2013,4,all,0.02913267
11,2013,4,all,0.02761273
12,2013,4,all,0.02549302
13,2013,4,all,0.02733937
14,2013,4,all,0.02663962
15,2013,4,all,0.02578619
16,2013,4,all,0.02614334
1,2014,4,all,0.01502843
2,2014,4,all,0.1667622
3,2014,4,all,0.1483962
4,2014,4,all,0.122853
5,2014,4,all,0.07942904
6,2014,4,all,0.06234385
7,2014,4,all,0.04159021
8,2014,4,all,0.03655935
9,2014,4,all,0.02543225
10,2014,4,all,0.02893793
11,2014,4,all,0.02743528
12,2014,4,all,0.02591198
13,2014,4,all,0.02424236
14,2014,4,all,0.02470774
15,2014,4,all,0.02443685
16,2014,4,all,0.02369882
1,2015,4,all,0.04470948
2,2015,4,all,0.1282295
3,2015,4,all,0.1272723
4,2015,4,all,0.1085114
5,2015,4,all,0.07768492
6,2015,4,all,0.05132273
7,2015,4,all,0.03451705
8,2015,4,all,0.02927436
9,2015,4,all,0.02580591
10,2015,4,all,0.02472952
11,2015,4,all,0.02373891
12,2015,4,all,0.02226596
13,2015,4,all,0.0215492
14,2015,4,all,0.02197118
15,2015,4,all,0.02079612
16,2015,4,all,0.02048526
1,2016,4,all,0.03685069
2,2016,4,all,0.2138749
3,2016,4,all,0.1728413
4,2016,4,all,0.1230473
5,2016,4,all,0.08324085
6,2016,4,all,0.05124786
7,2016,4,all,0.04186213
8,2016,4,all,0.03122546
9,2016,4,all,0.02843756
10,2016,4,all,0.02748624
11,2016,4,all,0.03076255
12,2016,4,all,0.0276552
13,2016,4,all,0.02601582
14,2016,4,all,0.02522957
15,2016,4,all,0.02660732
16,2016,4,all,0.02449081
1,2017,4,all,0.01544379
2,2017,4,all,0.1928194
3,2017,4,all,0.2140421
4,2017,4,all,0.1557574
5,2017,4,all,0.09623839
6,2017,4,all,0.06112398
7,2017,4,all,0.04533496
8,2017,4,all,0.03646965
9,2017,4,all,0.0345342
10,2017,4,all,0.03067466
11,2017,4,all,0.02997381
12,2017,4,all,0.02776739
13,2017,4,all,0.02719139
14,2017,4,all,0.02718123
15,2017,4,all,0.02845392
16,2017,4,all,0.02692781
1,2018,4,all,0.01784817
2,2018,4,all,0.2017274
3,2018,4,all,0.1859233
4,2018,4,all,0.1389938
5,2018,4,all,0.08145116
6,2018,4,all,0.05315378
7,2018,4,all,0.0404178
8,2018,4,all,0.03393141
9,2018,4,all,0.03072545
10,2018,4,all,0.02850375
11,2018,4,all,0.02648163
12,2018,4,all,0.02576754
13,2018,4,all,0.02647779
14,2018,4,all,0.02498455
15,2018,4,all,0.02492832
16,2018,4,all,0.02473329
1,2019,4,all,0.07904911
2,2019,4,all,0.2278214
3,2019,4,all,0.1324544
4,2019,4,all,0.111764
5,2019,4,all,0.06786667
6,2019,4,all,0.05766878
7,2019,4,all,0.04242008
8,2019,4,all,0.03416181
9,2019,4,all,0.03120159
10,2019,4,all,0.03143811
11,2019,4,all,0.03029794
12,2019,4,all,0.02977846
13,2019,4,all,0.02813422
14,2019,4,all,0.02839159
15,2019,4,all,0.02500141
16,2019,4,all,0.0269821
1,2020,4,all,0.01261965
2,2020,4,all,0.2231944
3,2020,4,all,0.3426601
4,2020,4,all,0.2261682
5,2020,4,all,0.1248625
6,2020,4,all,0.07504114
7,2020,4,all,0.05791887
8,2020,4,all,0.04870008
9,2020,4,all,0.04490112
10,2020,4,all,0.04279372
11,2020,4,all,0.03985939
12,2020,4,all,0.03920029
13,2020,4,all,0.03850177
14,2020,4,all,0.03763953
15,2020,4,all,0.03719642
16,2020,4,all,0.03627108
1,2021,4,all,0.01465079
2,2021,4,all,0.1861992
3,2021,4,all,0.3359868
4,2021,4,all,0.231049
5,2021,4,all,0.05324318
6,2021,4,all,0.06540993
7,2021,4,all,0.05150373
8,2021,4,all,0.03907301
9,2021,4,all,0.03362883
10,2021,4,all,0.02353611
11,2021,4,all,0.02557943
12,2021,4,all,0.0258013
13,2021,4,all,0.03010639
14,2021,4,all,0.0290764
15,2021,4,all,0.02938319
16,2021,4,all,0.02947568
1,2022,4,all,0.01324341
2,2022,4,all,0.1923106
3,2022,4,all,0.2355947
4,2022,4,all,0.1585571
5,2022,4,all,0.08342945
6,2022,4,all,0.02979709
7,2022,4,all,0.05384104
8,2022,4,all,0.04850561
9,2022,4,all,0.02266236
10,2022,4,all,0.03563073
11,2022,4,all,0.03618027
12,2022,4,all,0.03189702
13,2022,4,all,0.03032321
14,2022,4,all,0.0238487
15,2022,4,all,0.02612515
16,2022,4,all,0.02921824
1,2023,4,all,0.008919959
2,2023,4,all,0.1813548
3,2023,4,all,0.1422997
4,2023,4,all,0.1645262
5,2023,4,all,0.07211881
6,2023,4,all,0.06593392
7,2023,4,all,0.05007319
8,2023,4,all,0.04298767
9,2023,4,all,0.03800434
10,2023,4,all,0.03661931
11,2023,4,all,0.03429264
12,2023,4,all,0.03217063
13,2023,4,all,0.03089268
14,2023,4,all,0.03170988
15,2023,4,all,0.03115191
16,2023,4,all,0.03027307
1,2024,4,all,0.00814247
2,2024,4,all,0.1419614
3,2024,4,all,0.2394193
4,2024,4,all,0.1768572
5,2024,4,all,0.07275516
6,2024,4,all,0.06636597
7,2024,4,all,0.0625262
8,2024,4,all,0.05022868
9,2024,4,all,0.03858888
10,2024,4,all,0.03739449
11,2024,4,all,0.03741677
12,2024,4,all,0.03377819
13,2024,4,all,0.03363651
14,2024,4,all,0.02933298
15,2024,4,all,0.03489388
16,2024,4,all,0.0320146
